R_peak_fit,t_peak_fit,t_onset_fit,t_mean_fit,duration,shape,fitted_emission,prior,time,emission,integral,Type,comp,Channel_number,intensity1,Totalbio,Leaf3,d1_time
6.55743985418808,8.830136955554657,4.321910294302397,15.133419881602661,10.811509587300264,0.583015986356998,5.771913096067811e-30,0.09588210743770209,-1.0,-0.6508894191151965,97.91158815952231,w,TMTT,54,6,3.44,0.89,10.5
6.55743985418808,8.830136955554657,4.321910294302397,15.133419881602661,10.811509587300264,0.583015986356998,7.913021193019726e-28,-0.025544024021363132,-0.5,-0.28339680941359824,97.91158815952231,w,TMTT,54,6,3.44,0.89,10.5
6.55743985418808,8.830136955554657,4.321910294302397,15.133419881602661,10.811509587300264,0.583015986356998,1.0848379620240157e-25,-0.06874018786302705,0.0,-0.5180480316534674,97.91158815952231,w,TMTT,54,6,3.44,0.89,10.5
6.55743985418808,8.830136955554657,4.321910294302397,15.133419881602661,10.811509587300264,0.583015986356998,1.487261786795882e-23,0.538295556933627,0.5,-0.06678207806003572,97.91158815952231,w,TMTT,54,6,3.44,0.89,10.5
6.55743985418808,8.830136955554657,4.321910294302397,15.133419881602661,10.811509587300264,0.583015986356998,2.038965910020674e-21,0.0509343703267916,1.0,-0.012829233319838151,97.91158815952231,w,TMTT,54,6,3.44,0.89,10.5
6.55743985418808,8.830136955554657,4.321910294302397,15.133419881602661,10.811509587300264,0.583015986356998,2.795326296374964e-19,0.21238411083865572,1.5,0.2839873631956621,97.91158815952231,w,TMTT,54,6,3.44,0.89,10.5
6.55743985418808,8.830136955554657,4.321910294302397,15.133419881602661,10.811509587300264,0.583015986356998,3.8322607867881165e-17,-0.00468536038120998,2.0,0.28306415382618,97.91158815952231,w,TMTT,54,6,3.44,0.89,10.5
6.55743985418808,8.830136955554657,4.321910294302397,15.133419881602661,10.811509587300264,0.583015986356998,5.2538491051119955e-15,0.152748938272262,2.5,0.17581523054345444,97.91158815952231,w,TMTT,54,6,3.44,0.89,10.5
6.55743985418808,8.830136955554657,4.321910294302397,15.133419881602661,10.811509587300264,0.583015986356998,7.20276685557328e-13,0.5584507067256235,3.0,0.016311640692933504,97.91158815952231,w,TMTT,54,6,3.44,0.89,10.5
6.55743985418808,8.830136955554657,4.321910294302397,15.133419881602661,10.811509587300264,0.583015986356998,9.872012201227345e-11,0.5602354314055518,3.5,0.45797432252124104,97.91158815952231,w,TMTT,54,6,3.44,0.89,10.5
6.55743985418808,8.830136955554657,4.321910294302397,15.133419881602661,10.811509587300264,0.583015986356998,1.3017143440384482e-08,1.1706311021763378,4.0,0.8013739007310712,97.91158815952231,w,TMTT,54,6,3.44,0.89,10.5
6.55743985418808,8.830136955554657,4.321910294302397,15.133419881602661,10.811509587300264,0.583015986356998,1.105964681765689,1.7245184664436701,4.5,0.966734738778009,97.91158815952231,w,TMTT,54,6,3.44,0.89,10.5
6.55743985418808,8.830136955554657,4.321910294302397,15.133419881602661,10.811509587300264,0.583015986356998,3.102509533830928,2.7481857636436824,5.0,3.2561348879189738,97.91158815952231,w,TMTT,54,6,3.44,0.89,10.5
6.55743985418808,8.830136955554657,4.321910294302397,15.133419881602661,10.811509587300264,0.583015986356998,4.259193838346909,3.9753968723155397,5.5,3.3317192001663654,97.91158815952231,w,TMTT,54,6,3.44,0.89,10.5
6.55743985418808,8.830136955554657,4.321910294302397,15.133419881602661,10.811509587300264,0.583015986356998,5.067161922223704,4.676160912932492,6.0,3.4945414982793928,97.91158815952231,w,TMTT,54,6,3.44,0.89,10.5
6.55743985418808,8.830136955554657,4.321910294302397,15.133419881602661,10.811509587300264,0.583015986356998,5.640544722476802,6.326919885786663,6.5,6.112272735441952,97.91158815952231,w,TMTT,54,6,3.44,0.89,10.5
6.55743985418808,8.830136955554657,4.321910294302397,15.133419881602661,10.811509587300264,0.583015986356998,6.04034318299263,5.488915796963156,7.0,4.42013673158967,97.91158815952231,w,TMTT,54,6,3.44,0.89,10.5
6.55743985418808,8.830136955554657,4.321910294302397,15.133419881602661,10.811509587300264,0.583015986356998,6.306404963967673,7.046516868015929,7.5,8.1967998177351,97.91158815952231,w,TMTT,54,6,3.44,0.89,10.5
6.55743985418808,8.830136955554657,4.321910294302397,15.133419881602661,10.811509587300264,0.583015986356998,6.467211079908328,6.915306559609596,8.0,6.589091006535086,97.91158815952231,w,TMTT,54,6,3.44,0.89,10.5
6.55743985418808,8.830136955554657,4.321910294302397,15.133419881602661,10.811509587300264,0.583015986356998,6.5442280820485585,7.696487758992792,8.5,7.74597962919683,97.91158815952231,w,TMTT,54,6,3.44,0.89,10.5
6.55743985418808,8.830136955554657,4.321910294302397,15.133419881602661,10.811509587300264,0.583015986356998,6.55419286736921,7.35025584078902,9.0,6.324144968688436,97.91158815952231,w,TMTT,54,6,3.44,0.89,10.5
6.55743985418808,8.830136955554657,4.321910294302397,15.133419881602661,10.811509587300264,0.583015986356998,6.510453420770359,8.059559788773209,9.5,7.052728650221391,97.91158815952231,w,TMTT,54,6,3.44,0.89,10.5
6.55743985418808,8.830136955554657,4.321910294302397,15.133419881602661,10.811509587300264,0.583015986356998,6.423821997207942,6.717249368450816,10.0,6.864380937338019,97.91158815952231,w,TMTT,54,6,3.44,0.89,10.5
6.55743985418808,8.830136955554657,4.321910294302397,15.133419881602661,10.811509587300264,0.583015986356998,6.303152380174014,5.827714391952477,10.5,7.257117113928734,97.91158815952231,w,TMTT,54,6,3.44,0.89,10.5
6.55743985418808,8.830136955554657,4.321910294302397,15.133419881602661,10.811509587300264,0.583015986356998,6.155749464037169,6.002713072650429,11.0,6.024219716609796,97.91158815952231,w,TMTT,54,6,3.44,0.89,10.5
6.55743985418808,8.830136955554657,4.321910294302397,15.133419881602661,10.811509587300264,0.583015986356998,5.987670953954258,4.445067321507414,11.5,4.325627781937987,97.91158815952231,w,TMTT,54,6,3.44,0.89,10.5
6.55743985418808,8.830136955554657,4.321910294302397,15.133419881602661,10.811509587300264,0.583015986356998,5.803956332995154,5.11549308553278,12.0,6.255211300579514,97.91158815952231,w,TMTT,54,6,3.44,0.89,10.5
6.55743985418808,8.830136955554657,4.321910294302397,15.133419881602661,10.811509587300264,0.583015986356998,5.60880485323358,4.550783034795955,12.5,3.430003692989206,97.91158815952231,w,TMTT,54,6,3.44,0.89,10.5
6.55743985418808,8.830136955554657,4.321910294302397,15.133419881602661,10.811509587300264,0.583015986356998,5.405716617519882,5.4348545682580065,13.0,5.971993896716385,97.91158815952231,w,TMTT,54,6,3.44,0.89,10.5
6.55743985418808,8.830136955554657,4.321910294302397,15.133419881602661,10.811509587300264,0.583015986356998,5.197606192581561,4.6004200525579435,13.5,4.839727665853228,97.91158815952231,w,TMTT,54,6,3.44,0.89,10.5
6.55743985418808,8.830136955554657,4.321910294302397,15.133419881602661,10.811509587300264,0.583015986356998,4.986895297433662,4.797424872136601,14.0,4.878037251337026,97.91158815952231,w,TMTT,54,6,3.44,0.89,10.5
6.55743985418808,8.830136955554657,4.321910294302397,15.133419881602661,10.811509587300264,0.583015986356998,4.775589232851026,4.231002107842345,14.5,4.410330588341284,97.91158815952231,w,TMTT,54,6,3.44,0.89,10.5
6.55743985418808,8.830136955554657,4.321910294302397,15.133419881602661,10.811509587300264,0.583015986356998,4.56534046175491,4.095075595121527,15.0,4.356137460139968,97.91158815952231,w,TMTT,54,6,3.44,0.89,10.5
6.55743985418808,8.830136955554657,4.321910294302397,15.133419881602661,10.811509587300264,0.583015986356998,4.357501887341564,4.628696127327316,15.5,4.779664250903436,97.91158815952231,w,TMTT,54,6,3.44,0.89,10.5
6.55743985418808,8.830136955554657,4.321910294302397,15.133419881602661,10.811509587300264,0.583015986356998,4.153171768065572,3.6140421018162483,16.0,4.5848890611212605,97.91158815952231,w,TMTT,54,6,3.44,0.89,10.5
6.55743985418808,8.830136955554657,4.321910294302397,15.133419881602661,10.811509587300264,0.583015986356998,3.9532317711574825,4.0421010102500485,16.5,3.960364315950287,97.91158815952231,w,TMTT,54,6,3.44,0.89,10.5
6.55743985418808,8.830136955554657,4.321910294302397,15.133419881602661,10.811509587300264,0.583015986356998,3.758379345189124,3.137646927556165,17.0,3.9354369040986485,97.91158815952231,w,TMTT,54,6,3.44,0.89,10.5
6.55743985418808,8.830136955554657,4.321910294302397,15.133419881602661,10.811509587300264,0.583015986356998,3.569155352131858,3.6393257782763424,17.5,3.137534526484769,97.91158815952231,w,TMTT,54,6,3.44,0.89,10.5
6.55743985418808,8.830136955554657,4.321910294302397,15.133419881602661,10.811509587300264,0.583015986356998,3.385967716963325,3.1356484871526584,18.0,2.9174546204517493,97.91158815952231,w,TMTT,54,6,3.44,0.89,10.5
6.55743985418808,8.830136955554657,4.321910294302397,15.133419881602661,10.811509587300264,0.583015986356998,3.2091117122501616,3.5267830546312786,18.5,3.304879523385768,97.91158815952231,w,TMTT,54,6,3.44,0.89,10.5
6.55743985418808,8.830136955554657,4.321910294302397,15.133419881602661,10.811509587300264,0.583015986356998,3.038787385243078,3.1204090137527207,19.0,1.9496648309899394,97.91158815952231,w,TMTT,54,6,3.44,0.89,10.5
6.55743985418808,8.830136955554657,4.321910294302397,15.133419881602661,10.811509587300264,0.583015986356998,2.87511454809808,3.183264761548134,19.5,3.654997596482922,97.91158815952231,w,TMTT,54,6,3.44,0.89,10.5
6.55743985418808,8.830136955554657,4.321910294302397,15.133419881602661,10.811509587300264,0.583015986356998,2.718145682319564,2.689363223994567,20.0,4.243027810330048,97.91158815952231,w,TMTT,54,6,3.44,0.89,10.5
6.55743985418808,8.830136955554657,4.321910294302397,15.133419881602661,10.811509587300264,0.583015986356998,2.5678770523633725,2.1692141295697898,20.5,3.4269858620043516,97.91158815952231,w,TMTT,54,6,3.44,0.89,10.5
6.55743985418808,8.830136955554657,4.321910294302397,15.133419881602661,10.811509587300264,0.583015986356998,2.424258277559492,2.7810583108379605,21.0,3.474045867558575,97.91158815952231,w,TMTT,54,6,3.44,0.89,10.5
6.55743985418808,8.830136955554657,4.321910294302397,15.133419881602661,10.811509587300264,0.583015986356998,2.287200573888716,2.186463348177383,21.5,2.5751829170693252,97.91158815952231,w,TMTT,54,6,3.44,0.89,10.5
6.55743985418808,8.830136955554657,4.321910294302397,15.133419881602661,10.811509587300264,0.583015986356998,2.1565838459924307,2.825456009986895,22.0,3.212306624698636,97.91158815952231,w,TMTT,54,6,3.44,0.89,10.5
6.021622472324623,8.065494784624425,4.320300683251859,14.023108150270911,9.702807467019053,0.6140092324718481,4.873973960984865e-29,0.08331363658347185,-1.0,0.35185097986815095,80.78948129771568,w,TMTT,62,6,3.13,0.92,10.5
6.021622472324623,8.065494784624425,4.320300683251859,14.023108150270911,9.702807467019053,0.6140092324718481,6.651305836176778e-27,-0.02984259094858277,-0.5,0.03315662366604055,80.78948129771568,w,TMTT,62,6,3.13,0.92,10.5
6.021622472324623,8.065494784624425,4.320300683251859,14.023108150270911,9.702807467019053,0.6140092324718481,9.076755370564164e-25,-0.05271140668746205,0.0,0.1841979786005279,80.78948129771568,w,TMTT,62,6,3.13,0.92,10.5
6.021622472324623,8.065494784624425,4.320300683251859,14.023108150270911,9.702807467019053,0.6140092324718481,1.2386663624600723e-22,0.3682500200904863,0.5,-0.1555259897206396,80.78948129771568,w,TMTT,62,6,3.13,0.92,10.5
6.021622472324623,8.065494784624425,4.320300683251859,14.023108150270911,9.702807467019053,0.6140092324718481,1.6903555233688068e-20,-0.02048118346224953,1.0,0.2617878508633859,80.78948129771568,w,TMTT,62,6,3.13,0.92,10.5
6.021622472324623,8.065494784624425,4.320300683251859,14.023108150270911,9.702807467019053,0.6140092324718481,2.3067565907796616e-18,0.17503675143316227,1.5,0.12971391117522815,80.78948129771568,w,TMTT,62,6,3.13,0.92,10.5
6.021622472324623,8.065494784624425,4.320300683251859,14.023108150270911,9.702807467019053,0.6140092324718481,3.147933020658811e-16,-0.0867397300236406,2.0,0.20599905000759838,80.78948129771568,w,TMTT,62,6,3.13,0.92,10.5
6.021622472324623,8.065494784624425,4.320300683251859,14.023108150270911,9.702807467019053,0.6140092324718481,4.295850815220375e-14,0.1320683863874973,2.5,0.13259834479420865,80.78948129771568,w,TMTT,62,6,3.13,0.92,10.5
6.021622472324623,8.065494784624425,4.320300683251859,14.023108150270911,9.702807467019053,0.6140092324718481,5.8623549210860305e-12,0.39454472300630505,3.0,0.4463824219578369,80.78948129771568,w,TMTT,62,6,3.13,0.92,10.5
6.021622472324623,8.065494784624425,4.320300683251859,14.023108150270911,9.702807467019053,0.6140092324718481,7.997932166341089e-10,0.4783970774827183,3.5,1.1727797383611098,80.78948129771568,w,TMTT,62,6,3.13,0.92,10.5
6.021622472324623,8.065494784624425,4.320300683251859,14.023108150270911,9.702807467019053,0.6140092324718481,1.049107264439451e-07,1.0918364986949793,4.0,1.4338185571495838,80.78948129771568,w,TMTT,62,6,3.13,0.92,10.5
6.021622472324623,8.065494784624425,4.320300683251859,14.023108150270911,9.702807467019053,0.6140092324718481,1.3927563405905528,1.4566409132467024,4.5,2.0284768314991313,80.78948129771568,w,TMTT,62,6,3.13,0.92,10.5
6.021622472324623,8.065494784624425,4.320300683251859,14.023108150270911,9.702807467019053,0.6140092324718481,3.4417074793696436,2.3716252900753334,5.0,3.0057988504126167,80.78948129771568,w,TMTT,62,6,3.13,0.92,10.5
6.021622472324623,8.065494784624425,4.320300683251859,14.023108150270911,9.702807467019053,0.6140092324718481,4.480614265721132,3.4470431566478084,5.5,3.8823069443899523,80.78948129771568,w,TMTT,62,6,3.13,0.92,10.5
6.021622472324623,8.065494784624425,4.320300683251859,14.023108150270911,9.702807467019053,0.6140092324718481,5.1447389135082595,4.0626173796619724,6.0,5.165946830719838,80.78948129771568,w,TMTT,62,6,3.13,0.92,10.5
6.021622472324623,8.065494784624425,4.320300683251859,14.023108150270911,9.702807467019053,0.6140092324718481,5.572559809772643,5.535417313248071,6.5,6.9728996548627435,80.78948129771568,w,TMTT,62,6,3.13,0.92,10.5
6.021622472324623,8.065494784624425,4.320300683251859,14.023108150270911,9.702807467019053,0.6140092324718481,5.83429568746641,4.77526978919965,7.0,6.557489129882791,80.78948129771568,w,TMTT,62,6,3.13,0.92,10.5
6.021622472324623,8.065494784624425,4.320300683251859,14.023108150270911,9.702807467019053,0.6140092324718481,5.973758813637006,6.1132917537746865,7.5,6.545871117067846,80.78948129771568,w,TMTT,62,6,3.13,0.92,10.5
6.021622472324623,8.065494784624425,4.320300683251859,14.023108150270911,9.702807467019053,0.6140092324718481,6.021036833735706,6.008642961001906,8.0,6.514186980830783,80.78948129771568,w,TMTT,62,6,3.13,0.92,10.5
6.021622472324623,8.065494784624425,4.320300683251859,14.023108150270911,9.702807467019053,0.6140092324718481,5.998006630471232,6.5973786294898344,8.5,7.527028090405649,80.78948129771568,w,TMTT,62,6,3.13,0.92,10.5
6.021622472324623,8.065494784624425,4.320300683251859,14.023108150270911,9.702807467019053,0.6140092324718481,5.921168758208202,6.338138074514854,9.0,5.616784870999103,80.78948129771568,w,TMTT,62,6,3.13,0.92,10.5
6.021622472324623,8.065494784624425,4.320300683251859,14.023108150270911,9.702807467019053,0.6140092324718481,5.803277568179802,7.000597175140831,9.5,6.908693212246118,80.78948129771568,w,TMTT,62,6,3.13,0.92,10.5
6.021622472324623,8.065494784624425,4.320300683251859,14.023108150270911,9.702807467019053,0.6140092324718481,5.654358231246644,5.783102885417861,10.0,6.745455372013447,80.78948129771568,w,TMTT,62,6,3.13,0.92,10.5
6.021622472324623,8.065494784624425,4.320300683251859,14.023108150270911,9.702807467019053,0.6140092324718481,5.4823814593250395,4.998110918060579,10.5,1.9471275092701175,80.78948129771568,w,TMTT,62,6,3.13,0.92,10.5
6.021622472324623,8.065494784624425,4.320300683251859,14.023108150270911,9.702807467019053,0.6140092324718481,5.293732945844862,5.170663741900374,11.0,5.616802511023299,80.78948129771568,w,TMTT,62,6,3.13,0.92,10.5
6.021622472324623,8.065494784624425,4.320300683251859,14.023108150270911,9.702807467019053,0.6140092324718481,5.093552459599488,3.8278296659958984,11.5,3.161446101890018,80.78948129771568,w,TMTT,62,6,3.13,0.92,10.5
6.021622472324623,8.065494784624425,4.320300683251859,14.023108150270911,9.702807467019053,0.6140092324718481,4.885986225471397,4.385805452482865,12.0,1.9640009918221528,80.78948129771568,w,TMTT,62,6,3.13,0.92,10.5
6.021622472324623,8.065494784624425,4.320300683251859,14.023108150270911,9.702807467019053,0.6140092324718481,4.674379351502212,3.9803398849283713,12.5,2.030666875580324,80.78948129771568,w,TMTT,62,6,3.13,0.92,10.5
6.021622472324623,8.065494784624425,4.320300683251859,14.023108150270911,9.702807467019053,0.6140092324718481,4.461425445430752,4.7399507837087596,13.0,5.291514676924529,80.78948129771568,w,TMTT,62,6,3.13,0.92,10.5
6.021622472324623,8.065494784624425,4.320300683251859,14.023108150270911,9.702807467019053,0.6140092324718481,4.249284820011196,4.016044975599787,13.5,4.686569466261801,80.78948129771568,w,TMTT,62,6,3.13,0.92,10.5
6.021622472324623,8.065494784624425,4.320300683251859,14.023108150270911,9.702807467019053,0.6140092324718481,4.03967911449027,4.201844213534082,14.0,4.334043665459769,80.78948129771568,w,TMTT,62,6,3.13,0.92,10.5
6.021622472324623,8.065494784624425,4.320300683251859,14.023108150270911,9.702807467019053,0.6140092324718481,3.8339678590724375,3.613683009229989,14.5,2.230549286231052,80.78948129771568,w,TMTT,62,6,3.13,0.92,10.5
6.021622472324623,8.065494784624425,4.320300683251859,14.023108150270911,9.702807467019053,0.6140092324718481,3.6332109811746642,3.5714753342707577,15.0,4.249386537896471,80.78948129771568,w,TMTT,62,6,3.13,0.92,10.5
6.021622472324623,8.065494784624425,4.320300683251859,14.023108150270911,9.702807467019053,0.6140092324718481,3.438220209307214,3.931581331312663,15.5,3.206455883299203,80.78948129771568,w,TMTT,62,6,3.13,0.92,10.5
6.021622472324623,8.065494784624425,4.320300683251859,14.023108150270911,9.702807467019053,0.6140092324718481,3.249601601027943,3.121692488999847,16.0,2.785067987755545,80.78948129771568,w,TMTT,62,6,3.13,0.92,10.5
6.021622472324623,8.065494784624425,4.320300683251859,14.023108150270911,9.702807467019053,0.6140092324718481,3.0677909001043635,3.478188101088192,16.5,3.774924864090651,80.78948129771568,w,TMTT,62,6,3.13,0.92,10.5
6.021622472324623,8.065494784624425,4.320300683251859,14.023108150270911,9.702807467019053,0.6140092324718481,2.893083048060477,2.6835386246774533,17.0,2.1968256691083203,80.78948129771568,w,TMTT,62,6,3.13,0.92,10.5
6.021622472324623,8.065494784624425,4.320300683251859,14.023108150270911,9.702807467019053,0.6140092324718481,2.725656893426608,3.139501466003117,17.5,3.0650937423041675,80.78948129771568,w,TMTT,62,6,3.13,0.92,10.5
6.021622472324623,8.065494784624425,4.320300683251859,14.023108150270911,9.702807467019053,0.6140092324718481,2.5655959295646387,2.6390344676192776,18.0,2.791653625512673,80.78948129771568,w,TMTT,62,6,3.13,0.92,10.5
6.021622472324623,8.065494784624425,4.320300683251859,14.023108150270911,9.702807467019053,0.6140092324718481,2.412905729489298,3.0868988933008774,18.5,2.981605512285448,80.78948129771568,w,TMTT,62,6,3.13,0.92,10.5
6.021622472324623,8.065494784624425,4.320300683251859,14.023108150270911,9.702807467019053,0.6140092324718481,2.2675286202527714,2.6661567492265834,19.0,3.2087781062150253,80.78948129771568,w,TMTT,62,6,3.13,0.92,10.5
6.021622472324623,8.065494784624425,4.320300683251859,14.023108150270911,9.702807467019053,0.6140092324718481,2.1293560408012246,2.7271098351657668,19.5,2.8740714216877423,80.78948129771568,w,TMTT,62,6,3.13,0.92,10.5
6.021622472324623,8.065494784624425,4.320300683251859,14.023108150270911,9.702807467019053,0.6140092324718481,1.998238949040629,2.277258455319753,20.0,1.0470839824262002,80.78948129771568,w,TMTT,62,6,3.13,0.92,10.5
6.021622472324623,8.065494784624425,4.320300683251859,14.023108150270911,9.702807467019053,0.6140092324718481,1.8739965813086221,1.905972922122292,20.5,2.5169263945104228,80.78948129771568,w,TMTT,62,6,3.13,0.92,10.5
6.021622472324623,8.065494784624425,4.320300683251859,14.023108150270911,9.702807467019053,0.6140092324718481,1.7564238169741266,2.342053309923977,21.0,2.228616836614796,80.78948129771568,w,TMTT,62,6,3.13,0.92,10.5
6.021622472324623,8.065494784624425,4.320300683251859,14.023108150270911,9.702807467019053,0.6140092324718481,1.6452973598255594,1.9116305499176365,21.5,1.0953973944431457,80.78948129771568,w,TMTT,62,6,3.13,0.92,10.5
6.021622472324623,8.065494784624425,4.320300683251859,14.023108150270911,9.702807467019053,0.6140092324718481,1.540380914266335,2.3815126906586035,22.0,1.8690089743577931,80.78948129771568,w,TMTT,62,6,3.13,0.92,10.5
6.017289150550836,8.853071205956901,3.737597453196318,13.123584810835016,9.385987357638697,0.45498821191172795,2.3908837194243564e-32,0.07873388975454992,-1.0,0.3538169041712468,75.47164500859044,w,TMTT,67,6,2.97,0.84,10.5
6.017289150550836,8.853071205956901,3.737597453196318,13.123584810835016,9.385987357638697,0.45498821191172795,3.1563330697617646e-30,-0.0273155372788354,-0.5,-0.4986709395117105,75.47164500859044,w,TMTT,67,6,2.97,0.84,10.5
6.017289150550836,8.853071205956901,3.737597453196318,13.123584810835016,9.385987357638697,0.45498821191172795,4.1668435676455e-28,-0.05071035027652926,0.0,-0.11077564422414526,75.47164500859044,w,TMTT,67,6,2.97,0.84,10.5
6.017289150550836,8.853071205956901,3.737597453196318,13.123584810835016,9.385987357638697,0.45498821191172795,5.50087235202305e-26,0.3601482134447057,0.5,0.8583664083848644,75.47164500859044,w,TMTT,67,6,2.97,0.84,10.5
6.017289150550836,8.853071205956901,3.737597453196318,13.123584810835016,9.385987357638697,0.45498821191172795,7.261994875010707e-24,-0.01155453072403309,1.0,-0.23194932616887645,75.47164500859044,w,TMTT,67,6,2.97,0.84,10.5
6.017289150550836,8.853071205956901,3.737597453196318,13.123584810835016,9.385987357638697,0.45498821191172795,9.58694661135376e-22,0.16659752411445827,1.5,0.24848227167975165,75.47164500859044,w,TMTT,67,6,2.97,0.84,10.5
6.017289150550836,8.853071205956901,3.737597453196318,13.123584810835016,9.385987357638697,0.45498821191172795,1.265623899952329e-19,-0.07202334462231696,2.0,-0.09319101286551941,75.47164500859044,w,TMTT,67,6,2.97,0.84,10.5
6.017289150550836,8.853071205956901,3.737597453196318,13.123584810835016,9.385987357638697,0.45498821191172795,1.670810586791722e-17,0.12490504932724222,2.5,-0.08523536640921278,75.47164500859044,w,TMTT,67,6,2.97,0.84,10.5
6.017289150550836,8.853071205956901,3.737597453196318,13.123584810835016,9.385987357638697,0.45498821191172795,2.204355258911671e-15,0.38394357023386533,3.0,0.18668856864331373,75.47164500859044,w,TMTT,67,6,2.97,0.84,10.5
6.017289150550836,8.853071205956901,3.737597453196318,13.123584810835016,9.385987357638697,0.45498821191172795,2.66432913522868e-13,0.4532529298738158,3.5,1.4317337714307765,75.47164500859044,w,TMTT,67,6,2.97,0.84,10.5
6.017289150550836,8.853071205956901,3.737597453196318,13.123584810835016,9.385987357638697,0.45498821191172795,0.4981932459841225,1.0231294270320062,4.0,1.3533839035883832,75.47164500859044,w,TMTT,67,6,2.97,0.84,10.5
6.017289150550836,8.853071205956901,3.737597453196318,13.123584810835016,9.385987357638697,0.45498821191172795,1.7045393878023345,1.3821060715729392,4.5,1.256200932788735,75.47164500859044,w,TMTT,67,6,2.97,0.84,10.5
6.017289150550836,8.853071205956901,3.737597453196318,13.123584810835016,9.385987357638697,0.45498821191172795,2.775345500262575,2.244022564282114,5.0,3.4436320572514054,75.47164500859044,w,TMTT,67,6,2.97,0.84,10.5
6.017289150550836,8.853071205956901,3.737597453196318,13.123584810835016,9.385987357638697,0.45498821191172795,3.681704349577875,3.2595976505012967,5.5,2.3026358545088774,75.47164500859044,w,TMTT,67,6,2.97,0.84,10.5
6.017289150550836,8.853071205956901,3.737597453196318,13.123584810835016,9.385987357638697,0.45498821191172795,4.416989803411055,3.8407390554604284,6.0,4.727915301643962,75.47164500859044,w,TMTT,67,6,2.97,0.84,10.5
6.017289150550836,8.853071205956901,3.737597453196318,13.123584810835016,9.385987357638697,0.45498821191172795,4.990605151961145,5.228435993545229,6.5,5.071373094929346,75.47164500859044,w,TMTT,67,6,2.97,0.84,10.5
6.017289150550836,8.853071205956901,3.737597453196318,13.123584810835016,9.385987357638697,0.45498821191172795,5.418152088480514,4.513683923860398,7.0,2.9661002883701197,75.47164500859044,w,TMTT,67,6,2.97,0.84,10.5
6.017289150550836,8.853071205956901,3.737597453196318,13.123584810835016,9.385987357638697,0.45498821191172795,5.717205844860416,5.780481393033941,7.5,5.506259146037571,75.47164500859044,w,TMTT,67,6,2.97,0.84,10.5
6.017289150550836,8.853071205956901,3.737597453196318,13.123584810835016,9.385987357638697,0.45498821191172795,5.905366041794999,5.680415741459338,8.0,5.569696619296175,75.47164500859044,w,TMTT,67,6,2.97,0.84,10.5
6.017289150550836,8.853071205956901,3.737597453196318,13.123584810835016,9.385987357638697,0.45498821191172795,5.999314396389511,6.247891886811783,8.5,6.845287824388386,75.47164500859044,w,TMTT,67,6,2.97,0.84,10.5
6.017289150550836,8.853071205956901,3.737597453196318,13.123584810835016,9.385987357638697,0.45498821191172795,6.014372426609345,5.997775867932139,9.0,6.680587988105346,75.47164500859044,w,TMTT,67,6,2.97,0.84,10.5
6.017289150550836,8.853071205956901,3.737597453196318,13.123584810835016,9.385987357638697,0.45498821191172795,5.96432526628002,6.618463921090155,9.5,7.521611438188544,75.47164500859044,w,TMTT,67,6,2.97,0.84,10.5
6.017289150550836,8.853071205956901,3.737597453196318,13.123584810835016,9.385987357638697,0.45498821191172795,5.86139217625569,5.4736652198520295,10.0,4.274163762161164,75.47164500859044,w,TMTT,67,6,2.97,0.84,10.5
6.017289150550836,8.853071205956901,3.737597453196318,13.123584810835016,9.385987357638697,0.45498821191172795,5.716278361372563,4.73301311301186,10.5,5.45631547457758,75.47164500859044,w,TMTT,67,6,2.97,0.84,10.5
6.017289150550836,8.853071205956901,3.737597453196318,13.123584810835016,9.385987357638697,0.45498821191172795,5.5382705281266675,4.893659546128353,11.0,3.5650650639918413,75.47164500859044,w,TMTT,67,6,2.97,0.84,10.5
6.017289150550836,8.853071205956901,3.737597453196318,13.123584810835016,9.385987357638697,0.45498821191172795,5.335353928392175,3.622890631072759,11.5,2.4810623619681564,75.47164500859044,w,TMTT,67,6,2.97,0.84,10.5
6.017289150550836,8.853071205956901,3.737597453196318,13.123584810835016,9.385987357638697,0.45498821191172795,5.114337493225651,4.153361128905423,12.0,5.575209565285023,75.47164500859044,w,TMTT,67,6,2.97,0.84,10.5
6.017289150550836,8.853071205956901,3.737597453196318,13.123584810835016,9.385987357638697,0.45498821191172795,4.880978984922023,3.759728103869179,12.5,5.482568379216019,75.47164500859044,w,TMTT,67,6,2.97,0.84,10.5
6.017289150550836,8.853071205956901,3.737597453196318,13.123584810835016,9.385987357638697,0.45498821191172795,4.64010538566473,4.47888329081825,13.0,4.630978657250617,75.47164500859044,w,TMTT,67,6,2.97,0.84,10.5
6.017289150550836,8.853071205956901,3.737597453196318,13.123584810835016,9.385987357638697,0.45498821191172795,4.39572581344253,3.7943816489344377,13.5,4.131863003060024,75.47164500859044,w,TMTT,67,6,2.97,0.84,10.5
6.017289150550836,8.853071205956901,3.737597453196318,13.123584810835016,9.385987357638697,0.45498821191172795,4.151135575328727,3.9682620918778397,14.0,3.3387498057880074,75.47164500859044,w,TMTT,67,6,2.97,0.84,10.5
6.017289150550836,8.853071205956901,3.737597453196318,13.123584810835016,9.385987357638697,0.45498821191172795,3.9090108102000856,3.4238482381020083,14.5,4.028216621704843,75.47164500859044,w,TMTT,67,6,2.97,0.84,10.5
6.017289150550836,8.853071205956901,3.737597453196318,13.123584810835016,9.385987357638697,0.45498821191172795,3.6714937062040347,3.3747583352008945,15.0,3.55996214268344,75.47164500859044,w,TMTT,67,6,2.97,0.84,10.5
6.017289150550836,8.853071205956901,3.737597453196318,13.123584810835016,9.385987357638697,0.45498821191172795,3.440268608982955,3.7277302458990156,15.5,3.9145007944721844,75.47164500859044,w,TMTT,67,6,2.97,0.84,10.5
6.017289150550836,8.853071205956901,3.737597453196318,13.123584810835016,9.385987357638697,0.45498821191172795,3.216629533288739,2.9533947228275914,16.0,1.8725647236226088,75.47164500859044,w,TMTT,67,6,2.97,0.84,10.5
6.017289150550836,8.853071205956901,3.737597453196318,13.123584810835016,9.385987357638697,0.45498821191172795,3.0015396981401,3.292287306269228,16.5,3.0826395687633963,75.47164500859044,w,TMTT,67,6,2.97,0.84,10.5
6.017289150550836,8.853071205956901,3.737597453196318,13.123584810835016,9.385987357638697,0.45498821191172795,2.795683754090686,2.542105044812471,17.0,1.9781765267042655,75.47164500859044,w,TMTT,67,6,2.97,0.84,10.5
6.017289150550836,8.853071205956901,3.737597453196318,13.123584810835016,9.385987357638697,0.45498821191172795,2.5995133807432924,2.9707345081795125,17.5,2.648012156074811,75.47164500859044,w,TMTT,67,6,2.97,0.84,10.5
6.017289150550836,8.853071205956901,3.737597453196318,13.123584810835016,9.385987357638697,0.45498821191172795,2.4132869171554354,2.505208930721879,18.0,2.407741258065941,75.47164500859044,w,TMTT,67,6,2.97,0.84,10.5
6.017289150550836,8.853071205956901,3.737597453196318,13.123584810835016,9.385987357638697,0.45498821191172795,2.237103656672344,2.9155353817955185,18.5,2.8075520159121217,75.47164500859044,w,TMTT,67,6,2.97,0.84,10.5
6.017289150550836,8.853071205956901,3.737597453196318,13.123584810835016,9.385987357638697,0.45498821191172795,2.070933397462201,2.5259636005042183,19.0,2.9343474514487125,75.47164500859044,w,TMTT,67,6,2.97,0.84,10.5
6.017289150550836,8.853071205956901,3.737597453196318,13.123584810835016,9.385987357638697,0.45498821191172795,1.9146417950341166,2.582820087207635,19.5,1.6870752506801507,75.47164500859044,w,TMTT,67,6,2.97,0.84,10.5
6.017289150550836,8.853071205956901,3.737597453196318,13.123584810835016,9.385987357638697,0.45498821191172795,1.7680120162865416,2.16004649194358,20.0,1.8842708213857087,75.47164500859044,w,TMTT,67,6,2.97,0.84,10.5
6.017289150550836,8.853071205956901,3.737597453196318,13.123584810835016,9.385987357638697,0.45498821191172795,1.630763148162065,1.7992759582109525,20.5,1.3971556179136977,75.47164500859044,w,TMTT,67,6,2.97,0.84,10.5
6.017289150550836,8.853071205956901,3.737597453196318,13.123584810835016,9.385987357638697,0.45498821191172795,1.5025657690744694,2.223103229358432,21.0,2.699072497617559,75.47164500859044,w,TMTT,67,6,2.97,0.84,10.5
6.017289150550836,8.853071205956901,3.737597453196318,13.123584810835016,9.385987357638697,0.45498821191172795,1.3830550487363298,1.8057539946429515,21.5,1.5140828839766183,75.47164500859044,w,TMTT,67,6,2.97,0.84,10.5
6.017289150550836,8.853071205956901,3.737597453196318,13.123584810835016,9.385987357638697,0.45498821191172795,1.2718417023182536,2.2603004490540792,22.0,2.5081357210769752,75.47164500859044,w,TMTT,67,6,2.97,0.84,10.5
5.241421744485393,8.360817496784566,4.84937422173219,13.987454053992472,9.138079832260281,0.6157351063342781,2.866054692524721e-31,0.06923616155959533,-1.0,0.31400520489841355,66.22853783618216,w,TMTT,86,6,3.44,0.99,10.5
5.241421744485393,8.360817496784566,4.84937422173219,13.987454053992472,9.138079832260281,0.6157351063342781,3.8919222673061033e-29,-0.02504583410058192,-0.5,0.16538390566706568,66.22853783618216,w,TMTT,86,6,3.44,0.99,10.5
5.241421744485393,8.360817496784566,4.84937422173219,13.987454053992472,9.138079832260281,0.6157351063342781,5.284986003323602e-27,-0.04357724476275404,0.0,0.3475850502878495,66.22853783618216,w,TMTT,86,6,3.44,0.99,10.5
5.241421744485393,8.360817496784566,4.84937422173219,13.987454053992472,9.138079832260281,0.6157351063342781,7.176679064214612e-25,0.3028153158314468,0.5,0.7520052548146273,66.22853783618216,w,TMTT,86,6,3.44,0.99,10.5
5.241421744485393,8.360817496784566,4.84937422173219,13.987454053992472,9.138079832260281,0.6157351063342781,9.745479431420672e-23,-0.01910801906969098,1.0,-0.18407879917896133,66.22853783618216,w,TMTT,86,6,3.44,0.99,10.5
5.241421744485393,8.360817496784566,4.84937422173219,13.987454053992472,9.138079832260281,0.6157351063342781,1.3233748994269226e-20,0.14515338675919082,1.5,0.5777675865772043,66.22853783618216,w,TMTT,86,6,3.44,0.99,10.5
5.241421744485393,8.360817496784566,4.84937422173219,13.987454053992472,9.138079832260281,0.6157351063342781,1.7970599976703036e-18,-0.07474871626926474,2.0,-0.07395791975454985,66.22853783618216,w,TMTT,86,6,3.44,0.99,10.5
5.241421744485393,8.360817496784566,4.84937422173219,13.987454053992472,9.138079832260281,0.6157351063342781,2.440294610715173e-16,0.10973121029066135,2.5,0.6187767436231287,66.22853783618216,w,TMTT,86,6,3.44,0.99,10.5
5.241421744485393,8.360817496784566,4.84937422173219,13.987454053992472,9.138079832260281,0.6157351063342781,3.313766785858208e-14,0.3249500745377426,3.0,0.48970525232105494,66.22853783618216,w,TMTT,86,6,3.44,0.99,10.5
5.241421744485393,8.360817496784566,4.84937422173219,13.987454053992472,9.138079832260281,0.6157351063342781,4.4998810050417165e-12,0.3972881772237148,3.5,-0.3093083091563714,66.22853783618216,w,TMTT,86,6,3.44,0.99,10.5
5.241421744485393,8.360817496784566,4.84937422173219,13.987454053992472,9.138079832260281,0.6157351063342781,6.109313360518715e-10,0.9097491182785247,4.0,1.2933853179103232,66.22853783618216,w,TMTT,86,6,3.44,0.99,10.5
5.241421744485393,8.360817496784566,4.84937422173219,13.987454053992472,9.138079832260281,0.6157351063342781,8.053054698568281e-08,1.2091521699113779,4.5,1.4539514110164944,66.22853783618216,w,TMTT,86,6,3.44,0.99,10.5
5.241421744485393,8.360817496784566,4.84937422173219,13.987454053992472,9.138079832260281,0.6157351063342781,1.0924477932474268,1.9703469794802664,5.0,0.31359996998116246,66.22853783618216,w,TMTT,86,6,3.44,0.99,10.5
5.241421744485393,8.360817496784566,4.84937422173219,13.987454053992472,9.138079832260281,0.6157351063342781,3.0387499013056702,2.8643355591493487,5.5,4.101525388671845,66.22853783618216,w,TMTT,86,6,3.44,0.99,10.5
5.241421744485393,8.360817496784566,4.84937422173219,13.987454053992472,9.138079832260281,0.6157351063342781,3.974376251742334,3.3761063857097593,6.0,2.4892317295803617,66.22853783618216,w,TMTT,86,6,3.44,0.99,10.5
5.241421744485393,8.360817496784566,4.84937422173219,13.987454053992472,9.138079832260281,0.6157351063342781,4.5549353181588135,4.60127512808014,6.5,4.77242413908482,66.22853783618216,w,TMTT,86,6,3.44,0.99,10.5
5.241421744485393,8.360817496784566,4.84937422173219,13.987454053992472,9.138079832260281,0.6157351063342781,4.915931939856944,3.968543817051074,7.0,3.0346826446902684,66.22853783618216,w,TMTT,86,6,3.44,0.99,10.5
5.241421744485393,8.360817496784566,4.84937422173219,13.987454053992472,9.138079832260281,0.6157351063342781,5.1247052727800675,5.079972563617835,7.5,5.508033309169067,66.22853783618216,w,TMTT,86,6,3.44,0.99,10.5
5.241421744485393,8.360817496784566,4.84937422173219,13.987454053992472,9.138079832260281,0.6157351063342781,5.222903504597466,4.993309126094411,8.0,5.850410161565178,66.22853783618216,w,TMTT,86,6,3.44,0.99,10.5
5.241421744485393,8.360817496784566,4.84937422173219,13.987454053992472,9.138079832260281,0.6157351063342781,5.238918753445088,5.479656630405706,8.5,4.75284823305179,66.22853783618216,w,TMTT,86,6,3.44,0.99,10.5
5.241421744485393,8.360817496784566,4.84937422173219,13.987454053992472,9.138079832260281,0.6157351063342781,5.193244709317577,5.26556419964726,9.0,5.153981984484536,66.22853783618216,w,TMTT,86,6,3.44,0.99,10.5
5.241421744485393,8.360817496784566,4.84937422173219,13.987454053992472,9.138079832260281,0.6157351063342781,5.1012194159589965,5.817570465859973,9.5,6.551777180606292,66.22853783618216,w,TMTT,86,6,3.44,0.99,10.5
5.241421744485393,8.360817496784566,4.84937422173219,13.987454053992472,9.138079832260281,0.6157351063342781,4.974599627535785,4.804156298132995,10.0,4.4628275683061664,66.22853783618216,w,TMTT,86,6,3.44,0.99,10.5
5.241421744485393,8.360817496784566,4.84937422173219,13.987454053992472,9.138079832260281,0.6157351063342781,4.822542152045409,4.151421679448634,10.5,5.212315964221433,66.22853783618216,w,TMTT,86,6,3.44,0.99,10.5
5.241421744485393,8.360817496784566,4.84937422173219,13.987454053992472,9.138079832260281,0.6157351063342781,4.652254553541351,4.295477965303633,11.0,4.509150228917787,66.22853783618216,w,TMTT,86,6,3.44,0.99,10.5
5.241421744485393,8.360817496784566,4.84937422173219,13.987454053992472,9.138079832260281,0.6157351063342781,4.469447615422868,3.1798962677376283,11.5,4.00070010149023,66.22853783618216,w,TMTT,86,6,3.44,0.99,10.5
5.241421744485393,8.360817496784566,4.84937422173219,13.987454053992472,9.138079832260281,0.6157351063342781,4.278661876983709,3.6427938584906934,12.0,4.390515095945957,66.22853783618216,w,TMTT,86,6,3.44,0.99,10.5
5.241421744485393,8.360817496784566,4.84937422173219,13.987454053992472,9.138079832260281,0.6157351063342781,4.083510334886423,3.3085921761295207,12.5,3.9844972720213936,66.22853783618216,w,TMTT,86,6,3.44,0.99,10.5
5.241421744485393,8.360817496784566,4.84937422173219,13.987454053992472,9.138079832260281,0.6157351063342781,3.886863133076535,3.939568946901942,13.0,3.9511949451619275,66.22853783618216,w,TMTT,86,6,3.44,0.99,10.5
5.241421744485393,8.360817496784566,4.84937422173219,13.987454053992472,9.138079832260281,0.6157351063342781,3.690990799519786,3.3380243579438607,13.5,1.792249200075968,66.22853783618216,w,TMTT,86,6,3.44,0.99,10.5
5.241421744485393,8.360817496784566,4.84937422173219,13.987454053992472,9.138079832260281,0.6157351063342781,3.4976770540513846,3.4928991814035037,14.0,3.093814858900897,66.22853783618216,w,TMTT,86,6,3.44,0.99,10.5
5.241421744485393,8.360817496784566,4.84937422173219,13.987454053992472,9.138079832260281,0.6157351063342781,3.308308768226227,3.0010278685277414,14.5,4.202889651638621,66.22853783618216,w,TMTT,86,6,3.44,0.99,10.5
5.241421744485393,8.360817496784566,4.84937422173219,13.987454053992472,9.138079832260281,0.6157351063342781,3.1239484381067664,2.968400846500997,15.0,1.8698446125760941,66.22853783618216,w,TMTT,86,6,3.44,0.99,10.5
5.241421744485393,8.360817496784566,4.84937422173219,13.987454053992472,9.138079832260281,0.6157351063342781,2.9453930544642497,3.2643159287889674,15.5,2.2687207001309133,66.22853783618216,w,TMTT,86,6,3.44,0.99,10.5
5.241421744485393,8.360817496784566,4.84937422173219,13.987454053992472,9.138079832260281,0.6157351063342781,2.773222245492735,2.5935954337220313,16.0,3.343675326073577,66.22853783618216,w,TMTT,86,6,3.44,0.99,10.5
5.241421744485393,8.360817496784566,4.84937422173219,13.987454053992472,9.138079832260281,0.6157351063342781,2.6078378599841825,2.889352658572863,16.5,2.1745788773249717,66.22853783618216,w,TMTT,86,6,3.44,0.99,10.5
5.241421744485393,8.360817496784566,4.84937422173219,13.987454053992472,9.138079832260281,0.6157351063342781,2.44949665254802,2.228699083861933,17.0,1.9114660477177077,66.22853783618216,w,TMTT,86,6,3.44,0.99,10.5
5.241421744485393,8.360817496784566,4.84937422173219,13.987454053992472,9.138079832260281,0.6157351063342781,2.2983373626994434,2.6082608741604334,17.5,3.1802739023157827,66.22853783618216,w,TMTT,86,6,3.44,0.99,10.5
5.241421744485393,8.360817496784566,4.84937422173219,13.987454053992472,9.138079832260281,0.6157351063342781,2.1544032048445914,2.190335515641184,18.0,2.066460609947254,66.22853783618216,w,TMTT,86,6,3.44,0.99,10.5
5.241421744485393,8.360817496784566,4.84937422173219,13.987454053992472,9.138079832260281,0.6157351063342781,2.0176605787149304,2.5660046828946235,18.5,2.916239850093935,66.22853783618216,w,TMTT,86,6,3.44,0.99,10.5
5.241421744485393,8.360817496784566,4.84937422173219,13.987454053992472,9.138079832260281,0.6157351063342781,1.8880146509111737,2.2141768272670075,19.0,1.465705495516045,66.22853783618216,w,TMTT,86,6,3.44,0.99,10.5
5.241421744485393,8.360817496784566,4.84937422173219,13.987454053992472,9.138079832260281,0.6157351063342781,1.7653223349645357,2.265034594730568,19.5,2.2480916767850165,66.22853783618216,w,TMTT,86,6,3.44,0.99,10.5
5.241421744485393,8.360817496784566,4.84937422173219,13.987454053992472,9.138079832260281,0.6157351063342781,1.6494031006082992,1.8905307118559203,20.0,2.2758438544541004,66.22853783618216,w,TMTT,86,6,3.44,0.99,10.5
5.241421744485393,8.360817496784566,4.84937422173219,13.987454053992472,9.138079832260281,0.6157351063342781,1.5400479662712705,1.5845869427180235,20.5,-0.3359613329553342,66.22853783618216,w,TMTT,86,6,3.44,0.99,10.5
5.241421744485393,8.360817496784566,4.84937422173219,13.987454053992472,9.138079832260281,0.6157351063342781,1.437026967437911,1.94389663064304,21.0,1.4901991125954364,66.22853783618216,w,TMTT,86,6,3.44,0.99,10.5
5.241421744485393,8.360817496784566,4.84937422173219,13.987454053992472,9.138079832260281,0.6157351063342781,1.3400953439964924,1.5889875643579314,21.5,2.234135809323994,66.22853783618216,w,TMTT,86,6,3.44,0.99,10.5
5.241421744485393,8.360817496784566,4.84937422173219,13.987454053992472,9.138079832260281,0.6157351063342781,1.248998649429363,1.976716678452063,22.0,1.9658653609819798,66.22853783618216,w,TMTT,86,6,3.44,0.99,10.5
4.948314627120305,8.8056954334155,4.290457922796737,14.76672502398318,10.476267101186444,0.5690032082031002,2.3025187484499738e-30,0.07108534807231215,-1.0,-0.057630604204919944,71.49495107642065,w,TMTT,95,6,3.32,1.01,10.5
4.948314627120305,8.8056954334155,4.290457922796737,14.76672502398318,10.476267101186444,0.5690032082031002,3.142300950291845e-28,-0.017071968383926994,-0.5,-0.4716294702757465,71.49495107642065,w,TMTT,95,6,3.32,1.01,10.5
4.948314627120305,8.8056954334155,4.290457922796737,14.76672502398318,10.476267101186444,0.5690032082031002,4.288371275522565e-26,-0.05285686629991204,0.0,0.22216177738787385,71.49495107642065,w,TMTT,95,6,3.32,1.01,10.5
4.948314627120305,8.8056954334155,4.290457922796737,14.76672502398318,10.476267101186444,0.5690032082031002,5.8524401346787054e-24,0.4246882887212102,0.5,0.3798524041645994,71.49495107642065,w,TMTT,95,6,3.32,1.01,10.5
4.948314627120305,8.8056954334155,4.290457922796737,14.76672502398318,10.476267101186444,0.5690032082031002,7.986961326202852e-22,0.05420540284054093,1.0,0.3257432939696047,71.49495107642065,w,TMTT,95,6,3.32,1.01,10.5
4.948314627120305,8.8056954334155,4.290457922796737,14.76672502398318,10.476267101186444,0.5690032082031002,1.0899992098717e-19,0.15995378453523446,1.5,0.21854340939586042,71.49495107642065,w,TMTT,95,6,3.32,1.01,10.5
4.948314627120305,8.8056954334155,4.290457922796737,14.76672502398318,10.476267101186444,0.5690032082031002,1.487547302239722e-17,0.017495567637372922,2.0,0.2671952256911595,71.49495107642065,w,TMTT,95,6,3.32,1.01,10.5
4.948314627120305,8.8056954334155,4.290457922796737,14.76672502398318,10.476267101186444,0.5690032082031002,2.0300904072068385e-15,0.11345023059689141,2.5,0.47209257174262803,71.49495107642065,w,TMTT,95,6,3.32,1.01,10.5
4.948314627120305,8.8056954334155,4.290457922796737,14.76672502398318,10.476267101186444,0.5690032082031002,2.7705048066664273e-13,0.4374097268414074,3.0,0.5248224832549867,71.49495107642065,w,TMTT,95,6,3.32,1.01,10.5
4.948314627120305,8.8056954334155,4.290457922796737,14.76672502398318,10.476267101186444,0.5690032082031002,3.779586967483654e-11,0.4177920814614058,3.5,-0.6241425521730212,71.49495107642065,w,TMTT,95,6,3.32,1.01,10.5
4.948314627120305,8.8056954334155,4.290457922796737,14.76672502398318,10.476267101186444,0.5690032082031002,4.892047527783458e-09,0.8495964782426773,4.0,-0.3420684220874527,71.49495107642065,w,TMTT,95,6,3.32,1.01,10.5
4.948314627120305,8.8056954334155,4.290457922796737,14.76672502398318,10.476267101186444,0.5690032082031002,0.886668204401029,1.2902416768676253,4.5,0.780072838722293,71.49495107642065,w,TMTT,95,6,3.32,1.01,10.5
4.948314627120305,8.8056954334155,4.290457922796737,14.76672502398318,10.476267101186444,0.5690032082031002,2.3045802528677757,2.0433552298666453,5.0,2.5155729695536295,71.49495107642065,w,TMTT,95,6,3.32,1.01,10.5
4.948314627120305,8.8056954334155,4.290457922796737,14.76672502398318,10.476267101186444,0.5690032082031002,3.1767384373750147,2.9516870443306247,5.5,2.6432573389877048,71.49495107642065,w,TMTT,95,6,3.32,1.01,10.5
4.948314627120305,8.8056954334155,4.290457922796737,14.76672502398318,10.476267101186444,0.5690032082031002,3.7963915681090485,3.469985647319864,6.0,3.0115895184874892,71.49495107642065,w,TMTT,95,6,3.32,1.01,10.5
4.948314627120305,8.8056954334155,4.290457922796737,14.76672502398318,10.476267101186444,0.5690032082031002,4.23975935819285,4.685137918767678,6.5,3.9266153687308636,71.49495107642065,w,TMTT,95,6,3.32,1.01,10.5
4.948314627120305,8.8056954334155,4.290457922796737,14.76672502398318,10.476267101186444,0.5690032082031002,4.5500845476964615,4.071445186359798,7.0,5.320738469290303,71.49495107642065,w,TMTT,95,6,3.32,1.01,10.5
4.948314627120305,8.8056954334155,4.290457922796737,14.76672502398318,10.476267101186444,0.5690032082031002,4.756644036456079,5.231168154905576,7.5,4.6528059367563275,71.49495107642065,w,TMTT,95,6,3.32,1.01,10.5
4.948314627120305,8.8056954334155,4.290457922796737,14.76672502398318,10.476267101186444,0.5690032082031002,4.880898624976603,5.13142255099845,8.0,4.571595514998928,71.49495107642065,w,TMTT,95,6,3.32,1.01,10.5
4.948314627120305,8.8056954334155,4.290457922796737,14.76672502398318,10.476267101186444,0.5690032082031002,4.9393240636558495,5.734003340963206,8.5,4.898380485220621,71.49495107642065,w,TMTT,95,6,3.32,1.01,10.5
4.948314627120305,8.8056954334155,4.290457922796737,14.76672502398318,10.476267101186444,0.5690032082031002,4.944941739417923,5.466498293654558,9.0,5.957456089677262,71.49495107642065,w,TMTT,95,6,3.32,1.01,10.5
4.948314627120305,8.8056954334155,4.290457922796737,14.76672502398318,10.476267101186444,0.5690032082031002,4.908241208168848,5.981091970242716,9.5,5.714545959271258,71.49495107642065,w,TMTT,95,6,3.32,1.01,10.5
4.948314627120305,8.8056954334155,4.290457922796737,14.76672502398318,10.476267101186444,0.5690032082031002,4.837781836677895,4.998055320080914,10.0,5.52174525167565,71.49495107642065,w,TMTT,95,6,3.32,1.01,10.5
4.948314627120305,8.8056954334155,4.290457922796737,14.76672502398318,10.476267101186444,0.5690032082031002,4.740609130894583,4.341052888424108,10.5,3.9544938414732527,71.49495107642065,w,TMTT,95,6,3.32,1.01,10.5
4.948314627120305,8.8056954334155,4.290457922796737,14.76672502398318,10.476267101186444,0.5690032082031002,4.622556229990932,4.465694369393773,11.0,4.896496536538398,71.49495107642065,w,TMTT,95,6,3.32,1.01,10.5
4.948314627120305,8.8056954334155,4.290457922796737,14.76672502398318,10.476267101186444,0.5690032082031002,4.488470100359495,3.3071528296961636,11.5,4.671594545841989,71.49495107642065,w,TMTT,95,6,3.32,1.01,10.5
4.948314627120305,8.8056954334155,4.290457922796737,14.76672502398318,10.476267101186444,0.5690032082031002,4.342386020165476,3.8108875823028043,12.0,3.2471353266922374,71.49495107642065,w,TMTT,95,6,3.32,1.01,10.5
4.948314627120305,8.8056954334155,4.290457922796737,14.76672502398318,10.476267101186444,0.5690032082031002,4.187665174547162,3.3701650206129004,12.5,3.7074583904136436,71.49495107642065,w,TMTT,95,6,3.32,1.01,10.5
4.948314627120305,8.8056954334155,4.290457922796737,14.76672502398318,10.476267101186444,0.5690032082031002,4.027105086243175,4.028363710349861,13.0,3.500579813919535,71.49495107642065,w,TMTT,95,6,3.32,1.01,10.5
4.948314627120305,8.8056954334155,4.290457922796737,14.76672502398318,10.476267101186444,0.5690032082031002,3.863029505643332,3.4088871199255752,13.5,3.6040466702091862,71.49495107642065,w,TMTT,95,6,3.32,1.01,10.5
4.948314627120305,8.8056954334155,4.290457922796737,14.76672502398318,10.476267101186444,0.5690032082031002,3.6973624201249606,3.551352993307725,14.0,4.397365715094095,71.49495107642065,w,TMTT,95,6,3.32,1.01,10.5
4.948314627120305,8.8056954334155,4.290457922796737,14.76672502398318,10.476267101186444,0.5690032082031002,3.53168955404365,3.1554685242496086,14.5,3.0215535724368143,71.49495107642065,w,TMTT,95,6,3.32,1.01,10.5
4.948314627120305,8.8056954334155,4.290457922796737,14.76672502398318,10.476267101186444,0.5690032082031002,3.367309858941884,3.035292148054501,15.0,3.6309535875076273,71.49495107642065,w,TMTT,95,6,3.32,1.01,10.5
4.948314627120305,8.8056954334155,4.290457922796737,14.76672502398318,10.476267101186444,0.5690032082031002,3.20527888722359,3.457613076878692,15.5,3.8358931081458363,71.49495107642065,w,TMTT,95,6,3.32,1.01,10.5
4.948314627120305,8.8056954334155,4.290457922796737,14.76672502398318,10.476267101186444,0.5690032082031002,3.0464455103716603,2.686438566331193,16.0,2.706266659592866,71.49495107642065,w,TMTT,95,6,3.32,1.01,10.5
4.948314627120305,8.8056954334155,4.290457922796737,14.76672502398318,10.476267101186444,0.5690032082031002,2.8914831278671476,3.0080075227211838,16.5,3.777103030493947,71.49495107642065,w,TMTT,95,6,3.32,1.01,10.5
4.948314627120305,8.8056954334155,4.290457922796737,14.76672502398318,10.476267101186444,0.5690032082031002,2.740916278889172,2.33909329314093,17.0,2.089813368470157,71.49495107642065,w,TMTT,95,6,3.32,1.01,10.5
4.948314627120305,8.8056954334155,4.290457922796737,14.76672502398318,10.476267101186444,0.5690032082031002,2.5951433917418987,2.706258723758312,17.5,2.188351188290937,71.49495107642065,w,TMTT,95,6,3.32,1.01,10.5
4.948314627120305,8.8056954334155,4.290457922796737,14.76672502398318,10.476267101186444,0.5690032082031002,2.454456269737175,2.348492785361553,18.0,3.010930399966153,71.49495107642065,w,TMTT,95,6,3.32,1.01,10.5
4.948314627120305,8.8056954334155,4.290457922796737,14.76672502398318,10.476267101186444,0.5690032082031002,2.3190568059754724,2.6112492419460542,18.5,2.529342756737028,71.49495107642065,w,TMTT,95,6,3.32,1.01,10.5
4.948314627120305,8.8056954334155,4.290457922796737,14.76672502398318,10.476267101186444,0.5690032082031002,2.1890713354455036,2.3269136558853427,19.0,3.194465952521243,71.49495107642065,w,TMTT,95,6,3.32,1.01,10.5
4.948314627120305,8.8056954334155,4.290457922796737,14.76672502398318,10.476267101186444,0.5690032082031002,2.0645629656553344,2.371942787344461,19.5,2.7272519825163677,71.49495107642065,w,TMTT,95,6,3.32,1.01,10.5
4.948314627120305,8.8056954334155,4.290457922796737,14.76672502398318,10.476267101186444,0.5690032082031002,1.9455421726794113,2.010712913006104,20.0,0.654175223533088,71.49495107642065,w,TMTT,95,6,3.32,1.01,10.5
4.948314627120305,8.8056954334155,4.290457922796737,14.76672502398318,10.476267101186444,0.5690032082031002,1.8319759051707767,1.6042115484840447,20.5,1.8699371845089243,71.49495107642065,w,TMTT,95,6,3.32,1.01,10.5
4.948314627120305,8.8056954334155,4.290457922796737,14.76672502398318,10.476267101186444,0.5690032082031002,1.7237954023992712,2.082540818817958,21.0,2.105577921432788,71.49495107642065,w,TMTT,95,6,3.32,1.01,10.5
4.948314627120305,8.8056954334155,4.290457922796737,14.76672502398318,10.476267101186444,0.5690032082031002,1.6209029021171164,1.619385358161416,21.5,1.3434582122824712,71.49495107642065,w,TMTT,95,6,3.32,1.01,10.5
4.948314627120305,8.8056954334155,4.290457922796737,14.76672502398318,10.476267101186444,0.5690032082031002,1.523177388788598,2.1152614244662327,22.0,2.1987184643868694,71.49495107642065,w,TMTT,95,6,3.32,1.01,10.5
6.55743985418808,8.830136955554657,4.321910294302397,15.133419881602661,10.811509587300264,0.583015986356998,5.771913096067811e-30,0.09588210743770209,-1.0,-0.6508894191151965,97.91158815952231,w10,TMTT,102,16,3.44,0.89,10.5
6.55743985418808,8.830136955554657,4.321910294302397,15.133419881602661,10.811509587300264,0.583015986356998,7.913021193019726e-28,-0.025544024021363132,-0.5,-0.28339680941359824,97.91158815952231,w10,TMTT,102,16,3.44,0.89,10.5
6.55743985418808,8.830136955554657,4.321910294302397,15.133419881602661,10.811509587300264,0.583015986356998,1.0848379620240157e-25,-0.06874018786302705,0.0,-0.5180480316534674,97.91158815952231,w10,TMTT,102,16,3.44,0.89,10.5
6.55743985418808,8.830136955554657,4.321910294302397,15.133419881602661,10.811509587300264,0.583015986356998,1.487261786795882e-23,0.538295556933627,0.5,-0.06678207806003572,97.91158815952231,w10,TMTT,102,16,3.44,0.89,10.5
6.55743985418808,8.830136955554657,4.321910294302397,15.133419881602661,10.811509587300264,0.583015986356998,2.038965910020674e-21,0.0509343703267916,1.0,-0.012829233319838151,97.91158815952231,w10,TMTT,102,16,3.44,0.89,10.5
6.55743985418808,8.830136955554657,4.321910294302397,15.133419881602661,10.811509587300264,0.583015986356998,2.795326296374964e-19,0.21238411083865572,1.5,0.2839873631956621,97.91158815952231,w10,TMTT,102,16,3.44,0.89,10.5
6.55743985418808,8.830136955554657,4.321910294302397,15.133419881602661,10.811509587300264,0.583015986356998,3.8322607867881165e-17,-0.00468536038120998,2.0,0.28306415382618,97.91158815952231,w10,TMTT,102,16,3.44,0.89,10.5
6.55743985418808,8.830136955554657,4.321910294302397,15.133419881602661,10.811509587300264,0.583015986356998,5.2538491051119955e-15,0.152748938272262,2.5,0.17581523054345444,97.91158815952231,w10,TMTT,102,16,3.44,0.89,10.5
6.55743985418808,8.830136955554657,4.321910294302397,15.133419881602661,10.811509587300264,0.583015986356998,7.20276685557328e-13,0.5584507067256235,3.0,0.016311640692933504,97.91158815952231,w10,TMTT,102,16,3.44,0.89,10.5
6.55743985418808,8.830136955554657,4.321910294302397,15.133419881602661,10.811509587300264,0.583015986356998,9.872012201227345e-11,0.5602354314055518,3.5,0.45797432252124104,97.91158815952231,w10,TMTT,102,16,3.44,0.89,10.5
6.55743985418808,8.830136955554657,4.321910294302397,15.133419881602661,10.811509587300264,0.583015986356998,1.3017143440384482e-08,1.1706311021763378,4.0,0.8013739007310712,97.91158815952231,w10,TMTT,102,16,3.44,0.89,10.5
6.55743985418808,8.830136955554657,4.321910294302397,15.133419881602661,10.811509587300264,0.583015986356998,1.105964681765689,1.7245184664436701,4.5,0.966734738778009,97.91158815952231,w10,TMTT,102,16,3.44,0.89,10.5
6.55743985418808,8.830136955554657,4.321910294302397,15.133419881602661,10.811509587300264,0.583015986356998,3.102509533830928,2.7481857636436824,5.0,3.2561348879189738,97.91158815952231,w10,TMTT,102,16,3.44,0.89,10.5
6.55743985418808,8.830136955554657,4.321910294302397,15.133419881602661,10.811509587300264,0.583015986356998,4.259193838346909,3.9753968723155397,5.5,3.3317192001663654,97.91158815952231,w10,TMTT,102,16,3.44,0.89,10.5
6.55743985418808,8.830136955554657,4.321910294302397,15.133419881602661,10.811509587300264,0.583015986356998,5.067161922223704,4.676160912932492,6.0,3.4945414982793928,97.91158815952231,w10,TMTT,102,16,3.44,0.89,10.5
6.55743985418808,8.830136955554657,4.321910294302397,15.133419881602661,10.811509587300264,0.583015986356998,5.640544722476802,6.326919885786663,6.5,6.112272735441952,97.91158815952231,w10,TMTT,102,16,3.44,0.89,10.5
6.55743985418808,8.830136955554657,4.321910294302397,15.133419881602661,10.811509587300264,0.583015986356998,6.04034318299263,5.488915796963156,7.0,4.42013673158967,97.91158815952231,w10,TMTT,102,16,3.44,0.89,10.5
6.55743985418808,8.830136955554657,4.321910294302397,15.133419881602661,10.811509587300264,0.583015986356998,6.306404963967673,7.046516868015929,7.5,8.1967998177351,97.91158815952231,w10,TMTT,102,16,3.44,0.89,10.5
6.55743985418808,8.830136955554657,4.321910294302397,15.133419881602661,10.811509587300264,0.583015986356998,6.467211079908328,6.915306559609596,8.0,6.589091006535086,97.91158815952231,w10,TMTT,102,16,3.44,0.89,10.5
6.55743985418808,8.830136955554657,4.321910294302397,15.133419881602661,10.811509587300264,0.583015986356998,6.5442280820485585,7.696487758992792,8.5,7.74597962919683,97.91158815952231,w10,TMTT,102,16,3.44,0.89,10.5
6.55743985418808,8.830136955554657,4.321910294302397,15.133419881602661,10.811509587300264,0.583015986356998,6.55419286736921,7.35025584078902,9.0,6.324144968688436,97.91158815952231,w10,TMTT,102,16,3.44,0.89,10.5
6.55743985418808,8.830136955554657,4.321910294302397,15.133419881602661,10.811509587300264,0.583015986356998,6.510453420770359,8.059559788773209,9.5,7.052728650221391,97.91158815952231,w10,TMTT,102,16,3.44,0.89,10.5
6.55743985418808,8.830136955554657,4.321910294302397,15.133419881602661,10.811509587300264,0.583015986356998,6.423821997207942,6.717249368450816,10.0,6.864380937338019,97.91158815952231,w10,TMTT,102,16,3.44,0.89,10.5
6.55743985418808,8.830136955554657,4.321910294302397,15.133419881602661,10.811509587300264,0.583015986356998,6.303152380174014,5.827714391952477,10.5,7.257117113928734,97.91158815952231,w10,TMTT,102,16,3.44,0.89,10.5
6.55743985418808,8.830136955554657,4.321910294302397,15.133419881602661,10.811509587300264,0.583015986356998,6.155749464037169,6.002713072650429,11.0,6.024219716609796,97.91158815952231,w10,TMTT,102,16,3.44,0.89,10.5
6.55743985418808,8.830136955554657,4.321910294302397,15.133419881602661,10.811509587300264,0.583015986356998,5.987670953954258,4.445067321507414,11.5,4.325627781937987,97.91158815952231,w10,TMTT,102,16,3.44,0.89,10.5
6.55743985418808,8.830136955554657,4.321910294302397,15.133419881602661,10.811509587300264,0.583015986356998,5.803956332995154,5.11549308553278,12.0,6.255211300579514,97.91158815952231,w10,TMTT,102,16,3.44,0.89,10.5
6.55743985418808,8.830136955554657,4.321910294302397,15.133419881602661,10.811509587300264,0.583015986356998,5.60880485323358,4.550783034795955,12.5,3.430003692989206,97.91158815952231,w10,TMTT,102,16,3.44,0.89,10.5
6.55743985418808,8.830136955554657,4.321910294302397,15.133419881602661,10.811509587300264,0.583015986356998,5.405716617519882,5.4348545682580065,13.0,5.971993896716385,97.91158815952231,w10,TMTT,102,16,3.44,0.89,10.5
6.55743985418808,8.830136955554657,4.321910294302397,15.133419881602661,10.811509587300264,0.583015986356998,5.197606192581561,4.6004200525579435,13.5,4.839727665853228,97.91158815952231,w10,TMTT,102,16,3.44,0.89,10.5
6.55743985418808,8.830136955554657,4.321910294302397,15.133419881602661,10.811509587300264,0.583015986356998,4.986895297433662,4.797424872136601,14.0,4.878037251337026,97.91158815952231,w10,TMTT,102,16,3.44,0.89,10.5
6.55743985418808,8.830136955554657,4.321910294302397,15.133419881602661,10.811509587300264,0.583015986356998,4.775589232851026,4.231002107842345,14.5,4.410330588341284,97.91158815952231,w10,TMTT,102,16,3.44,0.89,10.5
6.55743985418808,8.830136955554657,4.321910294302397,15.133419881602661,10.811509587300264,0.583015986356998,4.56534046175491,4.095075595121527,15.0,4.356137460139968,97.91158815952231,w10,TMTT,102,16,3.44,0.89,10.5
6.55743985418808,8.830136955554657,4.321910294302397,15.133419881602661,10.811509587300264,0.583015986356998,4.357501887341564,4.628696127327316,15.5,4.779664250903436,97.91158815952231,w10,TMTT,102,16,3.44,0.89,10.5
6.55743985418808,8.830136955554657,4.321910294302397,15.133419881602661,10.811509587300264,0.583015986356998,4.153171768065572,3.6140421018162483,16.0,4.5848890611212605,97.91158815952231,w10,TMTT,102,16,3.44,0.89,10.5
6.55743985418808,8.830136955554657,4.321910294302397,15.133419881602661,10.811509587300264,0.583015986356998,3.9532317711574825,4.0421010102500485,16.5,3.960364315950287,97.91158815952231,w10,TMTT,102,16,3.44,0.89,10.5
6.55743985418808,8.830136955554657,4.321910294302397,15.133419881602661,10.811509587300264,0.583015986356998,3.758379345189124,3.137646927556165,17.0,3.9354369040986485,97.91158815952231,w10,TMTT,102,16,3.44,0.89,10.5
6.55743985418808,8.830136955554657,4.321910294302397,15.133419881602661,10.811509587300264,0.583015986356998,3.569155352131858,3.6393257782763424,17.5,3.137534526484769,97.91158815952231,w10,TMTT,102,16,3.44,0.89,10.5
6.55743985418808,8.830136955554657,4.321910294302397,15.133419881602661,10.811509587300264,0.583015986356998,3.385967716963325,3.1356484871526584,18.0,2.9174546204517493,97.91158815952231,w10,TMTT,102,16,3.44,0.89,10.5
6.55743985418808,8.830136955554657,4.321910294302397,15.133419881602661,10.811509587300264,0.583015986356998,3.2091117122501616,3.5267830546312786,18.5,3.304879523385768,97.91158815952231,w10,TMTT,102,16,3.44,0.89,10.5
6.55743985418808,8.830136955554657,4.321910294302397,15.133419881602661,10.811509587300264,0.583015986356998,3.038787385243078,3.1204090137527207,19.0,1.9496648309899394,97.91158815952231,w10,TMTT,102,16,3.44,0.89,10.5
6.55743985418808,8.830136955554657,4.321910294302397,15.133419881602661,10.811509587300264,0.583015986356998,2.87511454809808,3.183264761548134,19.5,3.654997596482922,97.91158815952231,w10,TMTT,102,16,3.44,0.89,10.5
6.55743985418808,8.830136955554657,4.321910294302397,15.133419881602661,10.811509587300264,0.583015986356998,2.718145682319564,2.689363223994567,20.0,4.243027810330048,97.91158815952231,w10,TMTT,102,16,3.44,0.89,10.5
6.55743985418808,8.830136955554657,4.321910294302397,15.133419881602661,10.811509587300264,0.583015986356998,2.5678770523633725,2.1692141295697898,20.5,3.4269858620043516,97.91158815952231,w10,TMTT,102,16,3.44,0.89,10.5
6.55743985418808,8.830136955554657,4.321910294302397,15.133419881602661,10.811509587300264,0.583015986356998,2.424258277559492,2.7810583108379605,21.0,3.474045867558575,97.91158815952231,w10,TMTT,102,16,3.44,0.89,10.5
6.55743985418808,8.830136955554657,4.321910294302397,15.133419881602661,10.811509587300264,0.583015986356998,2.287200573888716,2.186463348177383,21.5,2.5751829170693252,97.91158815952231,w10,TMTT,102,16,3.44,0.89,10.5
6.55743985418808,8.830136955554657,4.321910294302397,15.133419881602661,10.811509587300264,0.583015986356998,2.1565838459924307,2.825456009986895,22.0,3.212306624698636,97.91158815952231,w10,TMTT,102,16,3.44,0.89,10.5
6.021622472324623,8.065494784624425,4.320300683251859,14.023108150270911,9.702807467019053,0.6140092324718481,4.873973960984865e-29,0.08331363658347185,-1.0,0.35185097986815095,80.78948129771568,w10,TMTT,103,16,3.13,0.92,10.5
6.021622472324623,8.065494784624425,4.320300683251859,14.023108150270911,9.702807467019053,0.6140092324718481,6.651305836176778e-27,-0.02984259094858277,-0.5,0.03315662366604055,80.78948129771568,w10,TMTT,103,16,3.13,0.92,10.5
6.021622472324623,8.065494784624425,4.320300683251859,14.023108150270911,9.702807467019053,0.6140092324718481,9.076755370564164e-25,-0.05271140668746205,0.0,0.1841979786005279,80.78948129771568,w10,TMTT,103,16,3.13,0.92,10.5
6.021622472324623,8.065494784624425,4.320300683251859,14.023108150270911,9.702807467019053,0.6140092324718481,1.2386663624600723e-22,0.3682500200904863,0.5,-0.1555259897206396,80.78948129771568,w10,TMTT,103,16,3.13,0.92,10.5
6.021622472324623,8.065494784624425,4.320300683251859,14.023108150270911,9.702807467019053,0.6140092324718481,1.6903555233688068e-20,-0.02048118346224953,1.0,0.2617878508633859,80.78948129771568,w10,TMTT,103,16,3.13,0.92,10.5
6.021622472324623,8.065494784624425,4.320300683251859,14.023108150270911,9.702807467019053,0.6140092324718481,2.3067565907796616e-18,0.17503675143316227,1.5,0.12971391117522815,80.78948129771568,w10,TMTT,103,16,3.13,0.92,10.5
6.021622472324623,8.065494784624425,4.320300683251859,14.023108150270911,9.702807467019053,0.6140092324718481,3.147933020658811e-16,-0.0867397300236406,2.0,0.20599905000759838,80.78948129771568,w10,TMTT,103,16,3.13,0.92,10.5
6.021622472324623,8.065494784624425,4.320300683251859,14.023108150270911,9.702807467019053,0.6140092324718481,4.295850815220375e-14,0.1320683863874973,2.5,0.13259834479420865,80.78948129771568,w10,TMTT,103,16,3.13,0.92,10.5
6.021622472324623,8.065494784624425,4.320300683251859,14.023108150270911,9.702807467019053,0.6140092324718481,5.8623549210860305e-12,0.39454472300630505,3.0,0.4463824219578369,80.78948129771568,w10,TMTT,103,16,3.13,0.92,10.5
6.021622472324623,8.065494784624425,4.320300683251859,14.023108150270911,9.702807467019053,0.6140092324718481,7.997932166341089e-10,0.4783970774827183,3.5,1.1727797383611098,80.78948129771568,w10,TMTT,103,16,3.13,0.92,10.5
6.021622472324623,8.065494784624425,4.320300683251859,14.023108150270911,9.702807467019053,0.6140092324718481,1.049107264439451e-07,1.0918364986949793,4.0,1.4338185571495838,80.78948129771568,w10,TMTT,103,16,3.13,0.92,10.5
6.021622472324623,8.065494784624425,4.320300683251859,14.023108150270911,9.702807467019053,0.6140092324718481,1.3927563405905528,1.4566409132467024,4.5,2.0284768314991313,80.78948129771568,w10,TMTT,103,16,3.13,0.92,10.5
6.021622472324623,8.065494784624425,4.320300683251859,14.023108150270911,9.702807467019053,0.6140092324718481,3.4417074793696436,2.3716252900753334,5.0,3.0057988504126167,80.78948129771568,w10,TMTT,103,16,3.13,0.92,10.5
6.021622472324623,8.065494784624425,4.320300683251859,14.023108150270911,9.702807467019053,0.6140092324718481,4.480614265721132,3.4470431566478084,5.5,3.8823069443899523,80.78948129771568,w10,TMTT,103,16,3.13,0.92,10.5
6.021622472324623,8.065494784624425,4.320300683251859,14.023108150270911,9.702807467019053,0.6140092324718481,5.1447389135082595,4.0626173796619724,6.0,5.165946830719838,80.78948129771568,w10,TMTT,103,16,3.13,0.92,10.5
6.021622472324623,8.065494784624425,4.320300683251859,14.023108150270911,9.702807467019053,0.6140092324718481,5.572559809772643,5.535417313248071,6.5,6.9728996548627435,80.78948129771568,w10,TMTT,103,16,3.13,0.92,10.5
6.021622472324623,8.065494784624425,4.320300683251859,14.023108150270911,9.702807467019053,0.6140092324718481,5.83429568746641,4.77526978919965,7.0,6.557489129882791,80.78948129771568,w10,TMTT,103,16,3.13,0.92,10.5
6.021622472324623,8.065494784624425,4.320300683251859,14.023108150270911,9.702807467019053,0.6140092324718481,5.973758813637006,6.1132917537746865,7.5,6.545871117067846,80.78948129771568,w10,TMTT,103,16,3.13,0.92,10.5
6.021622472324623,8.065494784624425,4.320300683251859,14.023108150270911,9.702807467019053,0.6140092324718481,6.021036833735706,6.008642961001906,8.0,6.514186980830783,80.78948129771568,w10,TMTT,103,16,3.13,0.92,10.5
6.021622472324623,8.065494784624425,4.320300683251859,14.023108150270911,9.702807467019053,0.6140092324718481,5.998006630471232,6.5973786294898344,8.5,7.527028090405649,80.78948129771568,w10,TMTT,103,16,3.13,0.92,10.5
6.021622472324623,8.065494784624425,4.320300683251859,14.023108150270911,9.702807467019053,0.6140092324718481,5.921168758208202,6.338138074514854,9.0,5.616784870999103,80.78948129771568,w10,TMTT,103,16,3.13,0.92,10.5
6.021622472324623,8.065494784624425,4.320300683251859,14.023108150270911,9.702807467019053,0.6140092324718481,5.803277568179802,7.000597175140831,9.5,6.908693212246118,80.78948129771568,w10,TMTT,103,16,3.13,0.92,10.5
6.021622472324623,8.065494784624425,4.320300683251859,14.023108150270911,9.702807467019053,0.6140092324718481,5.654358231246644,5.783102885417861,10.0,6.745455372013447,80.78948129771568,w10,TMTT,103,16,3.13,0.92,10.5
6.021622472324623,8.065494784624425,4.320300683251859,14.023108150270911,9.702807467019053,0.6140092324718481,5.4823814593250395,4.998110918060579,10.5,1.9471275092701175,80.78948129771568,w10,TMTT,103,16,3.13,0.92,10.5
6.021622472324623,8.065494784624425,4.320300683251859,14.023108150270911,9.702807467019053,0.6140092324718481,5.293732945844862,5.170663741900374,11.0,5.616802511023299,80.78948129771568,w10,TMTT,103,16,3.13,0.92,10.5
6.021622472324623,8.065494784624425,4.320300683251859,14.023108150270911,9.702807467019053,0.6140092324718481,5.093552459599488,3.8278296659958984,11.5,3.161446101890018,80.78948129771568,w10,TMTT,103,16,3.13,0.92,10.5
6.021622472324623,8.065494784624425,4.320300683251859,14.023108150270911,9.702807467019053,0.6140092324718481,4.885986225471397,4.385805452482865,12.0,1.9640009918221528,80.78948129771568,w10,TMTT,103,16,3.13,0.92,10.5
6.021622472324623,8.065494784624425,4.320300683251859,14.023108150270911,9.702807467019053,0.6140092324718481,4.674379351502212,3.9803398849283713,12.5,2.030666875580324,80.78948129771568,w10,TMTT,103,16,3.13,0.92,10.5
6.021622472324623,8.065494784624425,4.320300683251859,14.023108150270911,9.702807467019053,0.6140092324718481,4.461425445430752,4.7399507837087596,13.0,5.291514676924529,80.78948129771568,w10,TMTT,103,16,3.13,0.92,10.5
6.021622472324623,8.065494784624425,4.320300683251859,14.023108150270911,9.702807467019053,0.6140092324718481,4.249284820011196,4.016044975599787,13.5,4.686569466261801,80.78948129771568,w10,TMTT,103,16,3.13,0.92,10.5
6.021622472324623,8.065494784624425,4.320300683251859,14.023108150270911,9.702807467019053,0.6140092324718481,4.03967911449027,4.201844213534082,14.0,4.334043665459769,80.78948129771568,w10,TMTT,103,16,3.13,0.92,10.5
6.021622472324623,8.065494784624425,4.320300683251859,14.023108150270911,9.702807467019053,0.6140092324718481,3.8339678590724375,3.613683009229989,14.5,2.230549286231052,80.78948129771568,w10,TMTT,103,16,3.13,0.92,10.5
6.021622472324623,8.065494784624425,4.320300683251859,14.023108150270911,9.702807467019053,0.6140092324718481,3.6332109811746642,3.5714753342707577,15.0,4.249386537896471,80.78948129771568,w10,TMTT,103,16,3.13,0.92,10.5
6.021622472324623,8.065494784624425,4.320300683251859,14.023108150270911,9.702807467019053,0.6140092324718481,3.438220209307214,3.931581331312663,15.5,3.206455883299203,80.78948129771568,w10,TMTT,103,16,3.13,0.92,10.5
6.021622472324623,8.065494784624425,4.320300683251859,14.023108150270911,9.702807467019053,0.6140092324718481,3.249601601027943,3.121692488999847,16.0,2.785067987755545,80.78948129771568,w10,TMTT,103,16,3.13,0.92,10.5
6.021622472324623,8.065494784624425,4.320300683251859,14.023108150270911,9.702807467019053,0.6140092324718481,3.0677909001043635,3.478188101088192,16.5,3.774924864090651,80.78948129771568,w10,TMTT,103,16,3.13,0.92,10.5
6.021622472324623,8.065494784624425,4.320300683251859,14.023108150270911,9.702807467019053,0.6140092324718481,2.893083048060477,2.6835386246774533,17.0,2.1968256691083203,80.78948129771568,w10,TMTT,103,16,3.13,0.92,10.5
6.021622472324623,8.065494784624425,4.320300683251859,14.023108150270911,9.702807467019053,0.6140092324718481,2.725656893426608,3.139501466003117,17.5,3.0650937423041675,80.78948129771568,w10,TMTT,103,16,3.13,0.92,10.5
6.021622472324623,8.065494784624425,4.320300683251859,14.023108150270911,9.702807467019053,0.6140092324718481,2.5655959295646387,2.6390344676192776,18.0,2.791653625512673,80.78948129771568,w10,TMTT,103,16,3.13,0.92,10.5
6.021622472324623,8.065494784624425,4.320300683251859,14.023108150270911,9.702807467019053,0.6140092324718481,2.412905729489298,3.0868988933008774,18.5,2.981605512285448,80.78948129771568,w10,TMTT,103,16,3.13,0.92,10.5
6.021622472324623,8.065494784624425,4.320300683251859,14.023108150270911,9.702807467019053,0.6140092324718481,2.2675286202527714,2.6661567492265834,19.0,3.2087781062150253,80.78948129771568,w10,TMTT,103,16,3.13,0.92,10.5
6.021622472324623,8.065494784624425,4.320300683251859,14.023108150270911,9.702807467019053,0.6140092324718481,2.1293560408012246,2.7271098351657668,19.5,2.8740714216877423,80.78948129771568,w10,TMTT,103,16,3.13,0.92,10.5
6.021622472324623,8.065494784624425,4.320300683251859,14.023108150270911,9.702807467019053,0.6140092324718481,1.998238949040629,2.277258455319753,20.0,1.0470839824262002,80.78948129771568,w10,TMTT,103,16,3.13,0.92,10.5
6.021622472324623,8.065494784624425,4.320300683251859,14.023108150270911,9.702807467019053,0.6140092324718481,1.8739965813086221,1.905972922122292,20.5,2.5169263945104228,80.78948129771568,w10,TMTT,103,16,3.13,0.92,10.5
6.021622472324623,8.065494784624425,4.320300683251859,14.023108150270911,9.702807467019053,0.6140092324718481,1.7564238169741266,2.342053309923977,21.0,2.228616836614796,80.78948129771568,w10,TMTT,103,16,3.13,0.92,10.5
6.021622472324623,8.065494784624425,4.320300683251859,14.023108150270911,9.702807467019053,0.6140092324718481,1.6452973598255594,1.9116305499176365,21.5,1.0953973944431457,80.78948129771568,w10,TMTT,103,16,3.13,0.92,10.5
6.021622472324623,8.065494784624425,4.320300683251859,14.023108150270911,9.702807467019053,0.6140092324718481,1.540380914266335,2.3815126906586035,22.0,1.8690089743577931,80.78948129771568,w10,TMTT,103,16,3.13,0.92,10.5
6.017289150550836,8.853071205956901,3.737597453196318,13.123584810835016,9.385987357638697,0.45498821191172795,2.3908837194243564e-32,0.07873388975454992,-1.0,0.3538169041712468,75.47164500859044,w10,TMTT,104,16,2.97,0.84,10.5
6.017289150550836,8.853071205956901,3.737597453196318,13.123584810835016,9.385987357638697,0.45498821191172795,3.1563330697617646e-30,-0.0273155372788354,-0.5,-0.4986709395117105,75.47164500859044,w10,TMTT,104,16,2.97,0.84,10.5
6.017289150550836,8.853071205956901,3.737597453196318,13.123584810835016,9.385987357638697,0.45498821191172795,4.1668435676455e-28,-0.05071035027652926,0.0,-0.11077564422414526,75.47164500859044,w10,TMTT,104,16,2.97,0.84,10.5
6.017289150550836,8.853071205956901,3.737597453196318,13.123584810835016,9.385987357638697,0.45498821191172795,5.50087235202305e-26,0.3601482134447057,0.5,0.8583664083848644,75.47164500859044,w10,TMTT,104,16,2.97,0.84,10.5
6.017289150550836,8.853071205956901,3.737597453196318,13.123584810835016,9.385987357638697,0.45498821191172795,7.261994875010707e-24,-0.01155453072403309,1.0,-0.23194932616887645,75.47164500859044,w10,TMTT,104,16,2.97,0.84,10.5
6.017289150550836,8.853071205956901,3.737597453196318,13.123584810835016,9.385987357638697,0.45498821191172795,9.58694661135376e-22,0.16659752411445827,1.5,0.24848227167975165,75.47164500859044,w10,TMTT,104,16,2.97,0.84,10.5
6.017289150550836,8.853071205956901,3.737597453196318,13.123584810835016,9.385987357638697,0.45498821191172795,1.265623899952329e-19,-0.07202334462231696,2.0,-0.09319101286551941,75.47164500859044,w10,TMTT,104,16,2.97,0.84,10.5
6.017289150550836,8.853071205956901,3.737597453196318,13.123584810835016,9.385987357638697,0.45498821191172795,1.670810586791722e-17,0.12490504932724222,2.5,-0.08523536640921278,75.47164500859044,w10,TMTT,104,16,2.97,0.84,10.5
6.017289150550836,8.853071205956901,3.737597453196318,13.123584810835016,9.385987357638697,0.45498821191172795,2.204355258911671e-15,0.38394357023386533,3.0,0.18668856864331373,75.47164500859044,w10,TMTT,104,16,2.97,0.84,10.5
6.017289150550836,8.853071205956901,3.737597453196318,13.123584810835016,9.385987357638697,0.45498821191172795,2.66432913522868e-13,0.4532529298738158,3.5,1.4317337714307765,75.47164500859044,w10,TMTT,104,16,2.97,0.84,10.5
6.017289150550836,8.853071205956901,3.737597453196318,13.123584810835016,9.385987357638697,0.45498821191172795,0.4981932459841225,1.0231294270320062,4.0,1.3533839035883832,75.47164500859044,w10,TMTT,104,16,2.97,0.84,10.5
6.017289150550836,8.853071205956901,3.737597453196318,13.123584810835016,9.385987357638697,0.45498821191172795,1.7045393878023345,1.3821060715729392,4.5,1.256200932788735,75.47164500859044,w10,TMTT,104,16,2.97,0.84,10.5
6.017289150550836,8.853071205956901,3.737597453196318,13.123584810835016,9.385987357638697,0.45498821191172795,2.775345500262575,2.244022564282114,5.0,3.4436320572514054,75.47164500859044,w10,TMTT,104,16,2.97,0.84,10.5
6.017289150550836,8.853071205956901,3.737597453196318,13.123584810835016,9.385987357638697,0.45498821191172795,3.681704349577875,3.2595976505012967,5.5,2.3026358545088774,75.47164500859044,w10,TMTT,104,16,2.97,0.84,10.5
6.017289150550836,8.853071205956901,3.737597453196318,13.123584810835016,9.385987357638697,0.45498821191172795,4.416989803411055,3.8407390554604284,6.0,4.727915301643962,75.47164500859044,w10,TMTT,104,16,2.97,0.84,10.5
6.017289150550836,8.853071205956901,3.737597453196318,13.123584810835016,9.385987357638697,0.45498821191172795,4.990605151961145,5.228435993545229,6.5,5.071373094929346,75.47164500859044,w10,TMTT,104,16,2.97,0.84,10.5
6.017289150550836,8.853071205956901,3.737597453196318,13.123584810835016,9.385987357638697,0.45498821191172795,5.418152088480514,4.513683923860398,7.0,2.9661002883701197,75.47164500859044,w10,TMTT,104,16,2.97,0.84,10.5
6.017289150550836,8.853071205956901,3.737597453196318,13.123584810835016,9.385987357638697,0.45498821191172795,5.717205844860416,5.780481393033941,7.5,5.506259146037571,75.47164500859044,w10,TMTT,104,16,2.97,0.84,10.5
6.017289150550836,8.853071205956901,3.737597453196318,13.123584810835016,9.385987357638697,0.45498821191172795,5.905366041794999,5.680415741459338,8.0,5.569696619296175,75.47164500859044,w10,TMTT,104,16,2.97,0.84,10.5
6.017289150550836,8.853071205956901,3.737597453196318,13.123584810835016,9.385987357638697,0.45498821191172795,5.999314396389511,6.247891886811783,8.5,6.845287824388386,75.47164500859044,w10,TMTT,104,16,2.97,0.84,10.5
6.017289150550836,8.853071205956901,3.737597453196318,13.123584810835016,9.385987357638697,0.45498821191172795,6.014372426609345,5.997775867932139,9.0,6.680587988105346,75.47164500859044,w10,TMTT,104,16,2.97,0.84,10.5
6.017289150550836,8.853071205956901,3.737597453196318,13.123584810835016,9.385987357638697,0.45498821191172795,5.96432526628002,6.618463921090155,9.5,7.521611438188544,75.47164500859044,w10,TMTT,104,16,2.97,0.84,10.5
6.017289150550836,8.853071205956901,3.737597453196318,13.123584810835016,9.385987357638697,0.45498821191172795,5.86139217625569,5.4736652198520295,10.0,4.274163762161164,75.47164500859044,w10,TMTT,104,16,2.97,0.84,10.5
6.017289150550836,8.853071205956901,3.737597453196318,13.123584810835016,9.385987357638697,0.45498821191172795,5.716278361372563,4.73301311301186,10.5,5.45631547457758,75.47164500859044,w10,TMTT,104,16,2.97,0.84,10.5
6.017289150550836,8.853071205956901,3.737597453196318,13.123584810835016,9.385987357638697,0.45498821191172795,5.5382705281266675,4.893659546128353,11.0,3.5650650639918413,75.47164500859044,w10,TMTT,104,16,2.97,0.84,10.5
6.017289150550836,8.853071205956901,3.737597453196318,13.123584810835016,9.385987357638697,0.45498821191172795,5.335353928392175,3.622890631072759,11.5,2.4810623619681564,75.47164500859044,w10,TMTT,104,16,2.97,0.84,10.5
6.017289150550836,8.853071205956901,3.737597453196318,13.123584810835016,9.385987357638697,0.45498821191172795,5.114337493225651,4.153361128905423,12.0,5.575209565285023,75.47164500859044,w10,TMTT,104,16,2.97,0.84,10.5
6.017289150550836,8.853071205956901,3.737597453196318,13.123584810835016,9.385987357638697,0.45498821191172795,4.880978984922023,3.759728103869179,12.5,5.482568379216019,75.47164500859044,w10,TMTT,104,16,2.97,0.84,10.5
6.017289150550836,8.853071205956901,3.737597453196318,13.123584810835016,9.385987357638697,0.45498821191172795,4.64010538566473,4.47888329081825,13.0,4.630978657250617,75.47164500859044,w10,TMTT,104,16,2.97,0.84,10.5
6.017289150550836,8.853071205956901,3.737597453196318,13.123584810835016,9.385987357638697,0.45498821191172795,4.39572581344253,3.7943816489344377,13.5,4.131863003060024,75.47164500859044,w10,TMTT,104,16,2.97,0.84,10.5
6.017289150550836,8.853071205956901,3.737597453196318,13.123584810835016,9.385987357638697,0.45498821191172795,4.151135575328727,3.9682620918778397,14.0,3.3387498057880074,75.47164500859044,w10,TMTT,104,16,2.97,0.84,10.5
6.017289150550836,8.853071205956901,3.737597453196318,13.123584810835016,9.385987357638697,0.45498821191172795,3.9090108102000856,3.4238482381020083,14.5,4.028216621704843,75.47164500859044,w10,TMTT,104,16,2.97,0.84,10.5
6.017289150550836,8.853071205956901,3.737597453196318,13.123584810835016,9.385987357638697,0.45498821191172795,3.6714937062040347,3.3747583352008945,15.0,3.55996214268344,75.47164500859044,w10,TMTT,104,16,2.97,0.84,10.5
6.017289150550836,8.853071205956901,3.737597453196318,13.123584810835016,9.385987357638697,0.45498821191172795,3.440268608982955,3.7277302458990156,15.5,3.9145007944721844,75.47164500859044,w10,TMTT,104,16,2.97,0.84,10.5
6.017289150550836,8.853071205956901,3.737597453196318,13.123584810835016,9.385987357638697,0.45498821191172795,3.216629533288739,2.9533947228275914,16.0,1.8725647236226088,75.47164500859044,w10,TMTT,104,16,2.97,0.84,10.5
6.017289150550836,8.853071205956901,3.737597453196318,13.123584810835016,9.385987357638697,0.45498821191172795,3.0015396981401,3.292287306269228,16.5,3.0826395687633963,75.47164500859044,w10,TMTT,104,16,2.97,0.84,10.5
6.017289150550836,8.853071205956901,3.737597453196318,13.123584810835016,9.385987357638697,0.45498821191172795,2.795683754090686,2.542105044812471,17.0,1.9781765267042655,75.47164500859044,w10,TMTT,104,16,2.97,0.84,10.5
6.017289150550836,8.853071205956901,3.737597453196318,13.123584810835016,9.385987357638697,0.45498821191172795,2.5995133807432924,2.9707345081795125,17.5,2.648012156074811,75.47164500859044,w10,TMTT,104,16,2.97,0.84,10.5
6.017289150550836,8.853071205956901,3.737597453196318,13.123584810835016,9.385987357638697,0.45498821191172795,2.4132869171554354,2.505208930721879,18.0,2.407741258065941,75.47164500859044,w10,TMTT,104,16,2.97,0.84,10.5
6.017289150550836,8.853071205956901,3.737597453196318,13.123584810835016,9.385987357638697,0.45498821191172795,2.237103656672344,2.9155353817955185,18.5,2.8075520159121217,75.47164500859044,w10,TMTT,104,16,2.97,0.84,10.5
6.017289150550836,8.853071205956901,3.737597453196318,13.123584810835016,9.385987357638697,0.45498821191172795,2.070933397462201,2.5259636005042183,19.0,2.9343474514487125,75.47164500859044,w10,TMTT,104,16,2.97,0.84,10.5
6.017289150550836,8.853071205956901,3.737597453196318,13.123584810835016,9.385987357638697,0.45498821191172795,1.9146417950341166,2.582820087207635,19.5,1.6870752506801507,75.47164500859044,w10,TMTT,104,16,2.97,0.84,10.5
6.017289150550836,8.853071205956901,3.737597453196318,13.123584810835016,9.385987357638697,0.45498821191172795,1.7680120162865416,2.16004649194358,20.0,1.8842708213857087,75.47164500859044,w10,TMTT,104,16,2.97,0.84,10.5
6.017289150550836,8.853071205956901,3.737597453196318,13.123584810835016,9.385987357638697,0.45498821191172795,1.630763148162065,1.7992759582109525,20.5,1.3971556179136977,75.47164500859044,w10,TMTT,104,16,2.97,0.84,10.5
6.017289150550836,8.853071205956901,3.737597453196318,13.123584810835016,9.385987357638697,0.45498821191172795,1.5025657690744694,2.223103229358432,21.0,2.699072497617559,75.47164500859044,w10,TMTT,104,16,2.97,0.84,10.5
6.017289150550836,8.853071205956901,3.737597453196318,13.123584810835016,9.385987357638697,0.45498821191172795,1.3830550487363298,1.8057539946429515,21.5,1.5140828839766183,75.47164500859044,w10,TMTT,104,16,2.97,0.84,10.5
6.017289150550836,8.853071205956901,3.737597453196318,13.123584810835016,9.385987357638697,0.45498821191172795,1.2718417023182536,2.2603004490540792,22.0,2.5081357210769752,75.47164500859044,w10,TMTT,104,16,2.97,0.84,10.5
5.241421744485393,8.360817496784566,4.84937422173219,13.987454053992472,9.138079832260281,0.6157351063342781,2.866054692524721e-31,0.06923616155959533,-1.0,0.31400520489841355,66.22853783618216,w10,TMTT,105,16,3.44,0.99,10.5
5.241421744485393,8.360817496784566,4.84937422173219,13.987454053992472,9.138079832260281,0.6157351063342781,3.8919222673061033e-29,-0.02504583410058192,-0.5,0.16538390566706568,66.22853783618216,w10,TMTT,105,16,3.44,0.99,10.5
5.241421744485393,8.360817496784566,4.84937422173219,13.987454053992472,9.138079832260281,0.6157351063342781,5.284986003323602e-27,-0.04357724476275404,0.0,0.3475850502878495,66.22853783618216,w10,TMTT,105,16,3.44,0.99,10.5
5.241421744485393,8.360817496784566,4.84937422173219,13.987454053992472,9.138079832260281,0.6157351063342781,7.176679064214612e-25,0.3028153158314468,0.5,0.7520052548146273,66.22853783618216,w10,TMTT,105,16,3.44,0.99,10.5
5.241421744485393,8.360817496784566,4.84937422173219,13.987454053992472,9.138079832260281,0.6157351063342781,9.745479431420672e-23,-0.01910801906969098,1.0,-0.18407879917896133,66.22853783618216,w10,TMTT,105,16,3.44,0.99,10.5
5.241421744485393,8.360817496784566,4.84937422173219,13.987454053992472,9.138079832260281,0.6157351063342781,1.3233748994269226e-20,0.14515338675919082,1.5,0.5777675865772043,66.22853783618216,w10,TMTT,105,16,3.44,0.99,10.5
5.241421744485393,8.360817496784566,4.84937422173219,13.987454053992472,9.138079832260281,0.6157351063342781,1.7970599976703036e-18,-0.07474871626926474,2.0,-0.07395791975454985,66.22853783618216,w10,TMTT,105,16,3.44,0.99,10.5
5.241421744485393,8.360817496784566,4.84937422173219,13.987454053992472,9.138079832260281,0.6157351063342781,2.440294610715173e-16,0.10973121029066135,2.5,0.6187767436231287,66.22853783618216,w10,TMTT,105,16,3.44,0.99,10.5
5.241421744485393,8.360817496784566,4.84937422173219,13.987454053992472,9.138079832260281,0.6157351063342781,3.313766785858208e-14,0.3249500745377426,3.0,0.48970525232105494,66.22853783618216,w10,TMTT,105,16,3.44,0.99,10.5
5.241421744485393,8.360817496784566,4.84937422173219,13.987454053992472,9.138079832260281,0.6157351063342781,4.4998810050417165e-12,0.3972881772237148,3.5,-0.3093083091563714,66.22853783618216,w10,TMTT,105,16,3.44,0.99,10.5
5.241421744485393,8.360817496784566,4.84937422173219,13.987454053992472,9.138079832260281,0.6157351063342781,6.109313360518715e-10,0.9097491182785247,4.0,1.2933853179103232,66.22853783618216,w10,TMTT,105,16,3.44,0.99,10.5
5.241421744485393,8.360817496784566,4.84937422173219,13.987454053992472,9.138079832260281,0.6157351063342781,8.053054698568281e-08,1.2091521699113779,4.5,1.4539514110164944,66.22853783618216,w10,TMTT,105,16,3.44,0.99,10.5
5.241421744485393,8.360817496784566,4.84937422173219,13.987454053992472,9.138079832260281,0.6157351063342781,1.0924477932474268,1.9703469794802664,5.0,0.31359996998116246,66.22853783618216,w10,TMTT,105,16,3.44,0.99,10.5
5.241421744485393,8.360817496784566,4.84937422173219,13.987454053992472,9.138079832260281,0.6157351063342781,3.0387499013056702,2.8643355591493487,5.5,4.101525388671845,66.22853783618216,w10,TMTT,105,16,3.44,0.99,10.5
5.241421744485393,8.360817496784566,4.84937422173219,13.987454053992472,9.138079832260281,0.6157351063342781,3.974376251742334,3.3761063857097593,6.0,2.4892317295803617,66.22853783618216,w10,TMTT,105,16,3.44,0.99,10.5
5.241421744485393,8.360817496784566,4.84937422173219,13.987454053992472,9.138079832260281,0.6157351063342781,4.5549353181588135,4.60127512808014,6.5,4.77242413908482,66.22853783618216,w10,TMTT,105,16,3.44,0.99,10.5
5.241421744485393,8.360817496784566,4.84937422173219,13.987454053992472,9.138079832260281,0.6157351063342781,4.915931939856944,3.968543817051074,7.0,3.0346826446902684,66.22853783618216,w10,TMTT,105,16,3.44,0.99,10.5
5.241421744485393,8.360817496784566,4.84937422173219,13.987454053992472,9.138079832260281,0.6157351063342781,5.1247052727800675,5.079972563617835,7.5,5.508033309169067,66.22853783618216,w10,TMTT,105,16,3.44,0.99,10.5
5.241421744485393,8.360817496784566,4.84937422173219,13.987454053992472,9.138079832260281,0.6157351063342781,5.222903504597466,4.993309126094411,8.0,5.850410161565178,66.22853783618216,w10,TMTT,105,16,3.44,0.99,10.5
5.241421744485393,8.360817496784566,4.84937422173219,13.987454053992472,9.138079832260281,0.6157351063342781,5.238918753445088,5.479656630405706,8.5,4.75284823305179,66.22853783618216,w10,TMTT,105,16,3.44,0.99,10.5
5.241421744485393,8.360817496784566,4.84937422173219,13.987454053992472,9.138079832260281,0.6157351063342781,5.193244709317577,5.26556419964726,9.0,5.153981984484536,66.22853783618216,w10,TMTT,105,16,3.44,0.99,10.5
5.241421744485393,8.360817496784566,4.84937422173219,13.987454053992472,9.138079832260281,0.6157351063342781,5.1012194159589965,5.817570465859973,9.5,6.551777180606292,66.22853783618216,w10,TMTT,105,16,3.44,0.99,10.5
5.241421744485393,8.360817496784566,4.84937422173219,13.987454053992472,9.138079832260281,0.6157351063342781,4.974599627535785,4.804156298132995,10.0,4.4628275683061664,66.22853783618216,w10,TMTT,105,16,3.44,0.99,10.5
5.241421744485393,8.360817496784566,4.84937422173219,13.987454053992472,9.138079832260281,0.6157351063342781,4.822542152045409,4.151421679448634,10.5,5.212315964221433,66.22853783618216,w10,TMTT,105,16,3.44,0.99,10.5
5.241421744485393,8.360817496784566,4.84937422173219,13.987454053992472,9.138079832260281,0.6157351063342781,4.652254553541351,4.295477965303633,11.0,4.509150228917787,66.22853783618216,w10,TMTT,105,16,3.44,0.99,10.5
5.241421744485393,8.360817496784566,4.84937422173219,13.987454053992472,9.138079832260281,0.6157351063342781,4.469447615422868,3.1798962677376283,11.5,4.00070010149023,66.22853783618216,w10,TMTT,105,16,3.44,0.99,10.5
5.241421744485393,8.360817496784566,4.84937422173219,13.987454053992472,9.138079832260281,0.6157351063342781,4.278661876983709,3.6427938584906934,12.0,4.390515095945957,66.22853783618216,w10,TMTT,105,16,3.44,0.99,10.5
5.241421744485393,8.360817496784566,4.84937422173219,13.987454053992472,9.138079832260281,0.6157351063342781,4.083510334886423,3.3085921761295207,12.5,3.9844972720213936,66.22853783618216,w10,TMTT,105,16,3.44,0.99,10.5
5.241421744485393,8.360817496784566,4.84937422173219,13.987454053992472,9.138079832260281,0.6157351063342781,3.886863133076535,3.939568946901942,13.0,3.9511949451619275,66.22853783618216,w10,TMTT,105,16,3.44,0.99,10.5
5.241421744485393,8.360817496784566,4.84937422173219,13.987454053992472,9.138079832260281,0.6157351063342781,3.690990799519786,3.3380243579438607,13.5,1.792249200075968,66.22853783618216,w10,TMTT,105,16,3.44,0.99,10.5
5.241421744485393,8.360817496784566,4.84937422173219,13.987454053992472,9.138079832260281,0.6157351063342781,3.4976770540513846,3.4928991814035037,14.0,3.093814858900897,66.22853783618216,w10,TMTT,105,16,3.44,0.99,10.5
5.241421744485393,8.360817496784566,4.84937422173219,13.987454053992472,9.138079832260281,0.6157351063342781,3.308308768226227,3.0010278685277414,14.5,4.202889651638621,66.22853783618216,w10,TMTT,105,16,3.44,0.99,10.5
5.241421744485393,8.360817496784566,4.84937422173219,13.987454053992472,9.138079832260281,0.6157351063342781,3.1239484381067664,2.968400846500997,15.0,1.8698446125760941,66.22853783618216,w10,TMTT,105,16,3.44,0.99,10.5
5.241421744485393,8.360817496784566,4.84937422173219,13.987454053992472,9.138079832260281,0.6157351063342781,2.9453930544642497,3.2643159287889674,15.5,2.2687207001309133,66.22853783618216,w10,TMTT,105,16,3.44,0.99,10.5
5.241421744485393,8.360817496784566,4.84937422173219,13.987454053992472,9.138079832260281,0.6157351063342781,2.773222245492735,2.5935954337220313,16.0,3.343675326073577,66.22853783618216,w10,TMTT,105,16,3.44,0.99,10.5
5.241421744485393,8.360817496784566,4.84937422173219,13.987454053992472,9.138079832260281,0.6157351063342781,2.6078378599841825,2.889352658572863,16.5,2.1745788773249717,66.22853783618216,w10,TMTT,105,16,3.44,0.99,10.5
5.241421744485393,8.360817496784566,4.84937422173219,13.987454053992472,9.138079832260281,0.6157351063342781,2.44949665254802,2.228699083861933,17.0,1.9114660477177077,66.22853783618216,w10,TMTT,105,16,3.44,0.99,10.5
5.241421744485393,8.360817496784566,4.84937422173219,13.987454053992472,9.138079832260281,0.6157351063342781,2.2983373626994434,2.6082608741604334,17.5,3.1802739023157827,66.22853783618216,w10,TMTT,105,16,3.44,0.99,10.5
5.241421744485393,8.360817496784566,4.84937422173219,13.987454053992472,9.138079832260281,0.6157351063342781,2.1544032048445914,2.190335515641184,18.0,2.066460609947254,66.22853783618216,w10,TMTT,105,16,3.44,0.99,10.5
5.241421744485393,8.360817496784566,4.84937422173219,13.987454053992472,9.138079832260281,0.6157351063342781,2.0176605787149304,2.5660046828946235,18.5,2.916239850093935,66.22853783618216,w10,TMTT,105,16,3.44,0.99,10.5
5.241421744485393,8.360817496784566,4.84937422173219,13.987454053992472,9.138079832260281,0.6157351063342781,1.8880146509111737,2.2141768272670075,19.0,1.465705495516045,66.22853783618216,w10,TMTT,105,16,3.44,0.99,10.5
5.241421744485393,8.360817496784566,4.84937422173219,13.987454053992472,9.138079832260281,0.6157351063342781,1.7653223349645357,2.265034594730568,19.5,2.2480916767850165,66.22853783618216,w10,TMTT,105,16,3.44,0.99,10.5
5.241421744485393,8.360817496784566,4.84937422173219,13.987454053992472,9.138079832260281,0.6157351063342781,1.6494031006082992,1.8905307118559203,20.0,2.2758438544541004,66.22853783618216,w10,TMTT,105,16,3.44,0.99,10.5
5.241421744485393,8.360817496784566,4.84937422173219,13.987454053992472,9.138079832260281,0.6157351063342781,1.5400479662712705,1.5845869427180235,20.5,-0.3359613329553342,66.22853783618216,w10,TMTT,105,16,3.44,0.99,10.5
5.241421744485393,8.360817496784566,4.84937422173219,13.987454053992472,9.138079832260281,0.6157351063342781,1.437026967437911,1.94389663064304,21.0,1.4901991125954364,66.22853783618216,w10,TMTT,105,16,3.44,0.99,10.5
5.241421744485393,8.360817496784566,4.84937422173219,13.987454053992472,9.138079832260281,0.6157351063342781,1.3400953439964924,1.5889875643579314,21.5,2.234135809323994,66.22853783618216,w10,TMTT,105,16,3.44,0.99,10.5
5.241421744485393,8.360817496784566,4.84937422173219,13.987454053992472,9.138079832260281,0.6157351063342781,1.248998649429363,1.976716678452063,22.0,1.9658653609819798,66.22853783618216,w10,TMTT,105,16,3.44,0.99,10.5
4.948314627120305,8.8056954334155,4.290457922796737,14.76672502398318,10.476267101186444,0.5690032082031002,2.3025187484499738e-30,0.07108534807231215,-1.0,-0.057630604204919944,71.49495107642065,w10,TMTT,106,16,3.32,1.01,10.5
4.948314627120305,8.8056954334155,4.290457922796737,14.76672502398318,10.476267101186444,0.5690032082031002,3.142300950291845e-28,-0.017071968383926994,-0.5,-0.4716294702757465,71.49495107642065,w10,TMTT,106,16,3.32,1.01,10.5
4.948314627120305,8.8056954334155,4.290457922796737,14.76672502398318,10.476267101186444,0.5690032082031002,4.288371275522565e-26,-0.05285686629991204,0.0,0.22216177738787385,71.49495107642065,w10,TMTT,106,16,3.32,1.01,10.5
4.948314627120305,8.8056954334155,4.290457922796737,14.76672502398318,10.476267101186444,0.5690032082031002,5.8524401346787054e-24,0.4246882887212102,0.5,0.3798524041645994,71.49495107642065,w10,TMTT,106,16,3.32,1.01,10.5
4.948314627120305,8.8056954334155,4.290457922796737,14.76672502398318,10.476267101186444,0.5690032082031002,7.986961326202852e-22,0.05420540284054093,1.0,0.3257432939696047,71.49495107642065,w10,TMTT,106,16,3.32,1.01,10.5
4.948314627120305,8.8056954334155,4.290457922796737,14.76672502398318,10.476267101186444,0.5690032082031002,1.0899992098717e-19,0.15995378453523446,1.5,0.21854340939586042,71.49495107642065,w10,TMTT,106,16,3.32,1.01,10.5
4.948314627120305,8.8056954334155,4.290457922796737,14.76672502398318,10.476267101186444,0.5690032082031002,1.487547302239722e-17,0.017495567637372922,2.0,0.2671952256911595,71.49495107642065,w10,TMTT,106,16,3.32,1.01,10.5
4.948314627120305,8.8056954334155,4.290457922796737,14.76672502398318,10.476267101186444,0.5690032082031002,2.0300904072068385e-15,0.11345023059689141,2.5,0.47209257174262803,71.49495107642065,w10,TMTT,106,16,3.32,1.01,10.5
4.948314627120305,8.8056954334155,4.290457922796737,14.76672502398318,10.476267101186444,0.5690032082031002,2.7705048066664273e-13,0.4374097268414074,3.0,0.5248224832549867,71.49495107642065,w10,TMTT,106,16,3.32,1.01,10.5
4.948314627120305,8.8056954334155,4.290457922796737,14.76672502398318,10.476267101186444,0.5690032082031002,3.779586967483654e-11,0.4177920814614058,3.5,-0.6241425521730212,71.49495107642065,w10,TMTT,106,16,3.32,1.01,10.5
4.948314627120305,8.8056954334155,4.290457922796737,14.76672502398318,10.476267101186444,0.5690032082031002,4.892047527783458e-09,0.8495964782426773,4.0,-0.3420684220874527,71.49495107642065,w10,TMTT,106,16,3.32,1.01,10.5
4.948314627120305,8.8056954334155,4.290457922796737,14.76672502398318,10.476267101186444,0.5690032082031002,0.886668204401029,1.2902416768676253,4.5,0.780072838722293,71.49495107642065,w10,TMTT,106,16,3.32,1.01,10.5
4.948314627120305,8.8056954334155,4.290457922796737,14.76672502398318,10.476267101186444,0.5690032082031002,2.3045802528677757,2.0433552298666453,5.0,2.5155729695536295,71.49495107642065,w10,TMTT,106,16,3.32,1.01,10.5
4.948314627120305,8.8056954334155,4.290457922796737,14.76672502398318,10.476267101186444,0.5690032082031002,3.1767384373750147,2.9516870443306247,5.5,2.6432573389877048,71.49495107642065,w10,TMTT,106,16,3.32,1.01,10.5
4.948314627120305,8.8056954334155,4.290457922796737,14.76672502398318,10.476267101186444,0.5690032082031002,3.7963915681090485,3.469985647319864,6.0,3.0115895184874892,71.49495107642065,w10,TMTT,106,16,3.32,1.01,10.5
4.948314627120305,8.8056954334155,4.290457922796737,14.76672502398318,10.476267101186444,0.5690032082031002,4.23975935819285,4.685137918767678,6.5,3.9266153687308636,71.49495107642065,w10,TMTT,106,16,3.32,1.01,10.5
4.948314627120305,8.8056954334155,4.290457922796737,14.76672502398318,10.476267101186444,0.5690032082031002,4.5500845476964615,4.071445186359798,7.0,5.320738469290303,71.49495107642065,w10,TMTT,106,16,3.32,1.01,10.5
4.948314627120305,8.8056954334155,4.290457922796737,14.76672502398318,10.476267101186444,0.5690032082031002,4.756644036456079,5.231168154905576,7.5,4.6528059367563275,71.49495107642065,w10,TMTT,106,16,3.32,1.01,10.5
4.948314627120305,8.8056954334155,4.290457922796737,14.76672502398318,10.476267101186444,0.5690032082031002,4.880898624976603,5.13142255099845,8.0,4.571595514998928,71.49495107642065,w10,TMTT,106,16,3.32,1.01,10.5
4.948314627120305,8.8056954334155,4.290457922796737,14.76672502398318,10.476267101186444,0.5690032082031002,4.9393240636558495,5.734003340963206,8.5,4.898380485220621,71.49495107642065,w10,TMTT,106,16,3.32,1.01,10.5
4.948314627120305,8.8056954334155,4.290457922796737,14.76672502398318,10.476267101186444,0.5690032082031002,4.944941739417923,5.466498293654558,9.0,5.957456089677262,71.49495107642065,w10,TMTT,106,16,3.32,1.01,10.5
4.948314627120305,8.8056954334155,4.290457922796737,14.76672502398318,10.476267101186444,0.5690032082031002,4.908241208168848,5.981091970242716,9.5,5.714545959271258,71.49495107642065,w10,TMTT,106,16,3.32,1.01,10.5
4.948314627120305,8.8056954334155,4.290457922796737,14.76672502398318,10.476267101186444,0.5690032082031002,4.837781836677895,4.998055320080914,10.0,5.52174525167565,71.49495107642065,w10,TMTT,106,16,3.32,1.01,10.5
4.948314627120305,8.8056954334155,4.290457922796737,14.76672502398318,10.476267101186444,0.5690032082031002,4.740609130894583,4.341052888424108,10.5,3.9544938414732527,71.49495107642065,w10,TMTT,106,16,3.32,1.01,10.5
4.948314627120305,8.8056954334155,4.290457922796737,14.76672502398318,10.476267101186444,0.5690032082031002,4.622556229990932,4.465694369393773,11.0,4.896496536538398,71.49495107642065,w10,TMTT,106,16,3.32,1.01,10.5
4.948314627120305,8.8056954334155,4.290457922796737,14.76672502398318,10.476267101186444,0.5690032082031002,4.488470100359495,3.3071528296961636,11.5,4.671594545841989,71.49495107642065,w10,TMTT,106,16,3.32,1.01,10.5
4.948314627120305,8.8056954334155,4.290457922796737,14.76672502398318,10.476267101186444,0.5690032082031002,4.342386020165476,3.8108875823028043,12.0,3.2471353266922374,71.49495107642065,w10,TMTT,106,16,3.32,1.01,10.5
4.948314627120305,8.8056954334155,4.290457922796737,14.76672502398318,10.476267101186444,0.5690032082031002,4.187665174547162,3.3701650206129004,12.5,3.7074583904136436,71.49495107642065,w10,TMTT,106,16,3.32,1.01,10.5
4.948314627120305,8.8056954334155,4.290457922796737,14.76672502398318,10.476267101186444,0.5690032082031002,4.027105086243175,4.028363710349861,13.0,3.500579813919535,71.49495107642065,w10,TMTT,106,16,3.32,1.01,10.5
4.948314627120305,8.8056954334155,4.290457922796737,14.76672502398318,10.476267101186444,0.5690032082031002,3.863029505643332,3.4088871199255752,13.5,3.6040466702091862,71.49495107642065,w10,TMTT,106,16,3.32,1.01,10.5
4.948314627120305,8.8056954334155,4.290457922796737,14.76672502398318,10.476267101186444,0.5690032082031002,3.6973624201249606,3.551352993307725,14.0,4.397365715094095,71.49495107642065,w10,TMTT,106,16,3.32,1.01,10.5
4.948314627120305,8.8056954334155,4.290457922796737,14.76672502398318,10.476267101186444,0.5690032082031002,3.53168955404365,3.1554685242496086,14.5,3.0215535724368143,71.49495107642065,w10,TMTT,106,16,3.32,1.01,10.5
4.948314627120305,8.8056954334155,4.290457922796737,14.76672502398318,10.476267101186444,0.5690032082031002,3.367309858941884,3.035292148054501,15.0,3.6309535875076273,71.49495107642065,w10,TMTT,106,16,3.32,1.01,10.5
4.948314627120305,8.8056954334155,4.290457922796737,14.76672502398318,10.476267101186444,0.5690032082031002,3.20527888722359,3.457613076878692,15.5,3.8358931081458363,71.49495107642065,w10,TMTT,106,16,3.32,1.01,10.5
4.948314627120305,8.8056954334155,4.290457922796737,14.76672502398318,10.476267101186444,0.5690032082031002,3.0464455103716603,2.686438566331193,16.0,2.706266659592866,71.49495107642065,w10,TMTT,106,16,3.32,1.01,10.5
4.948314627120305,8.8056954334155,4.290457922796737,14.76672502398318,10.476267101186444,0.5690032082031002,2.8914831278671476,3.0080075227211838,16.5,3.777103030493947,71.49495107642065,w10,TMTT,106,16,3.32,1.01,10.5
4.948314627120305,8.8056954334155,4.290457922796737,14.76672502398318,10.476267101186444,0.5690032082031002,2.740916278889172,2.33909329314093,17.0,2.089813368470157,71.49495107642065,w10,TMTT,106,16,3.32,1.01,10.5
4.948314627120305,8.8056954334155,4.290457922796737,14.76672502398318,10.476267101186444,0.5690032082031002,2.5951433917418987,2.706258723758312,17.5,2.188351188290937,71.49495107642065,w10,TMTT,106,16,3.32,1.01,10.5
4.948314627120305,8.8056954334155,4.290457922796737,14.76672502398318,10.476267101186444,0.5690032082031002,2.454456269737175,2.348492785361553,18.0,3.010930399966153,71.49495107642065,w10,TMTT,106,16,3.32,1.01,10.5
4.948314627120305,8.8056954334155,4.290457922796737,14.76672502398318,10.476267101186444,0.5690032082031002,2.3190568059754724,2.6112492419460542,18.5,2.529342756737028,71.49495107642065,w10,TMTT,106,16,3.32,1.01,10.5
4.948314627120305,8.8056954334155,4.290457922796737,14.76672502398318,10.476267101186444,0.5690032082031002,2.1890713354455036,2.3269136558853427,19.0,3.194465952521243,71.49495107642065,w10,TMTT,106,16,3.32,1.01,10.5
4.948314627120305,8.8056954334155,4.290457922796737,14.76672502398318,10.476267101186444,0.5690032082031002,2.0645629656553344,2.371942787344461,19.5,2.7272519825163677,71.49495107642065,w10,TMTT,106,16,3.32,1.01,10.5
4.948314627120305,8.8056954334155,4.290457922796737,14.76672502398318,10.476267101186444,0.5690032082031002,1.9455421726794113,2.010712913006104,20.0,0.654175223533088,71.49495107642065,w10,TMTT,106,16,3.32,1.01,10.5
4.948314627120305,8.8056954334155,4.290457922796737,14.76672502398318,10.476267101186444,0.5690032082031002,1.8319759051707767,1.6042115484840447,20.5,1.8699371845089243,71.49495107642065,w10,TMTT,106,16,3.32,1.01,10.5
4.948314627120305,8.8056954334155,4.290457922796737,14.76672502398318,10.476267101186444,0.5690032082031002,1.7237954023992712,2.082540818817958,21.0,2.105577921432788,71.49495107642065,w10,TMTT,106,16,3.32,1.01,10.5
4.948314627120305,8.8056954334155,4.290457922796737,14.76672502398318,10.476267101186444,0.5690032082031002,1.6209029021171164,1.619385358161416,21.5,1.3434582122824712,71.49495107642065,w10,TMTT,106,16,3.32,1.01,10.5
4.948314627120305,8.8056954334155,4.290457922796737,14.76672502398318,10.476267101186444,0.5690032082031002,1.523177388788598,2.1152614244662327,22.0,2.1987184643868694,71.49495107642065,w10,TMTT,106,16,3.32,1.01,10.5
6.55743985418808,8.830136955554657,4.321910294302397,15.133419881602661,10.811509587300264,0.583015986356998,5.771913096067811e-30,0.09588210743770209,-1.0,-0.6508894191151965,97.91158815952231,w15,TMTT,107,21,3.44,0.89,10.5
6.55743985418808,8.830136955554657,4.321910294302397,15.133419881602661,10.811509587300264,0.583015986356998,7.913021193019726e-28,-0.025544024021363132,-0.5,-0.28339680941359824,97.91158815952231,w15,TMTT,107,21,3.44,0.89,10.5
6.55743985418808,8.830136955554657,4.321910294302397,15.133419881602661,10.811509587300264,0.583015986356998,1.0848379620240157e-25,-0.06874018786302705,0.0,-0.5180480316534674,97.91158815952231,w15,TMTT,107,21,3.44,0.89,10.5
6.55743985418808,8.830136955554657,4.321910294302397,15.133419881602661,10.811509587300264,0.583015986356998,1.487261786795882e-23,0.538295556933627,0.5,-0.06678207806003572,97.91158815952231,w15,TMTT,107,21,3.44,0.89,10.5
6.55743985418808,8.830136955554657,4.321910294302397,15.133419881602661,10.811509587300264,0.583015986356998,2.038965910020674e-21,0.0509343703267916,1.0,-0.012829233319838151,97.91158815952231,w15,TMTT,107,21,3.44,0.89,10.5
6.55743985418808,8.830136955554657,4.321910294302397,15.133419881602661,10.811509587300264,0.583015986356998,2.795326296374964e-19,0.21238411083865572,1.5,0.2839873631956621,97.91158815952231,w15,TMTT,107,21,3.44,0.89,10.5
6.55743985418808,8.830136955554657,4.321910294302397,15.133419881602661,10.811509587300264,0.583015986356998,3.8322607867881165e-17,-0.00468536038120998,2.0,0.28306415382618,97.91158815952231,w15,TMTT,107,21,3.44,0.89,10.5
6.55743985418808,8.830136955554657,4.321910294302397,15.133419881602661,10.811509587300264,0.583015986356998,5.2538491051119955e-15,0.152748938272262,2.5,0.17581523054345444,97.91158815952231,w15,TMTT,107,21,3.44,0.89,10.5
6.55743985418808,8.830136955554657,4.321910294302397,15.133419881602661,10.811509587300264,0.583015986356998,7.20276685557328e-13,0.5584507067256235,3.0,0.016311640692933504,97.91158815952231,w15,TMTT,107,21,3.44,0.89,10.5
6.55743985418808,8.830136955554657,4.321910294302397,15.133419881602661,10.811509587300264,0.583015986356998,9.872012201227345e-11,0.5602354314055518,3.5,0.45797432252124104,97.91158815952231,w15,TMTT,107,21,3.44,0.89,10.5
6.55743985418808,8.830136955554657,4.321910294302397,15.133419881602661,10.811509587300264,0.583015986356998,1.3017143440384482e-08,1.1706311021763378,4.0,0.8013739007310712,97.91158815952231,w15,TMTT,107,21,3.44,0.89,10.5
6.55743985418808,8.830136955554657,4.321910294302397,15.133419881602661,10.811509587300264,0.583015986356998,1.105964681765689,1.7245184664436701,4.5,0.966734738778009,97.91158815952231,w15,TMTT,107,21,3.44,0.89,10.5
6.55743985418808,8.830136955554657,4.321910294302397,15.133419881602661,10.811509587300264,0.583015986356998,3.102509533830928,2.7481857636436824,5.0,3.2561348879189738,97.91158815952231,w15,TMTT,107,21,3.44,0.89,10.5
6.55743985418808,8.830136955554657,4.321910294302397,15.133419881602661,10.811509587300264,0.583015986356998,4.259193838346909,3.9753968723155397,5.5,3.3317192001663654,97.91158815952231,w15,TMTT,107,21,3.44,0.89,10.5
6.55743985418808,8.830136955554657,4.321910294302397,15.133419881602661,10.811509587300264,0.583015986356998,5.067161922223704,4.676160912932492,6.0,3.4945414982793928,97.91158815952231,w15,TMTT,107,21,3.44,0.89,10.5
6.55743985418808,8.830136955554657,4.321910294302397,15.133419881602661,10.811509587300264,0.583015986356998,5.640544722476802,6.326919885786663,6.5,6.112272735441952,97.91158815952231,w15,TMTT,107,21,3.44,0.89,10.5
6.55743985418808,8.830136955554657,4.321910294302397,15.133419881602661,10.811509587300264,0.583015986356998,6.04034318299263,5.488915796963156,7.0,4.42013673158967,97.91158815952231,w15,TMTT,107,21,3.44,0.89,10.5
6.55743985418808,8.830136955554657,4.321910294302397,15.133419881602661,10.811509587300264,0.583015986356998,6.306404963967673,7.046516868015929,7.5,8.1967998177351,97.91158815952231,w15,TMTT,107,21,3.44,0.89,10.5
6.55743985418808,8.830136955554657,4.321910294302397,15.133419881602661,10.811509587300264,0.583015986356998,6.467211079908328,6.915306559609596,8.0,6.589091006535086,97.91158815952231,w15,TMTT,107,21,3.44,0.89,10.5
6.55743985418808,8.830136955554657,4.321910294302397,15.133419881602661,10.811509587300264,0.583015986356998,6.5442280820485585,7.696487758992792,8.5,7.74597962919683,97.91158815952231,w15,TMTT,107,21,3.44,0.89,10.5
6.55743985418808,8.830136955554657,4.321910294302397,15.133419881602661,10.811509587300264,0.583015986356998,6.55419286736921,7.35025584078902,9.0,6.324144968688436,97.91158815952231,w15,TMTT,107,21,3.44,0.89,10.5
6.55743985418808,8.830136955554657,4.321910294302397,15.133419881602661,10.811509587300264,0.583015986356998,6.510453420770359,8.059559788773209,9.5,7.052728650221391,97.91158815952231,w15,TMTT,107,21,3.44,0.89,10.5
6.55743985418808,8.830136955554657,4.321910294302397,15.133419881602661,10.811509587300264,0.583015986356998,6.423821997207942,6.717249368450816,10.0,6.864380937338019,97.91158815952231,w15,TMTT,107,21,3.44,0.89,10.5
6.55743985418808,8.830136955554657,4.321910294302397,15.133419881602661,10.811509587300264,0.583015986356998,6.303152380174014,5.827714391952477,10.5,7.257117113928734,97.91158815952231,w15,TMTT,107,21,3.44,0.89,10.5
6.55743985418808,8.830136955554657,4.321910294302397,15.133419881602661,10.811509587300264,0.583015986356998,6.155749464037169,6.002713072650429,11.0,6.024219716609796,97.91158815952231,w15,TMTT,107,21,3.44,0.89,10.5
6.55743985418808,8.830136955554657,4.321910294302397,15.133419881602661,10.811509587300264,0.583015986356998,5.987670953954258,4.445067321507414,11.5,4.325627781937987,97.91158815952231,w15,TMTT,107,21,3.44,0.89,10.5
6.55743985418808,8.830136955554657,4.321910294302397,15.133419881602661,10.811509587300264,0.583015986356998,5.803956332995154,5.11549308553278,12.0,6.255211300579514,97.91158815952231,w15,TMTT,107,21,3.44,0.89,10.5
6.55743985418808,8.830136955554657,4.321910294302397,15.133419881602661,10.811509587300264,0.583015986356998,5.60880485323358,4.550783034795955,12.5,3.430003692989206,97.91158815952231,w15,TMTT,107,21,3.44,0.89,10.5
6.55743985418808,8.830136955554657,4.321910294302397,15.133419881602661,10.811509587300264,0.583015986356998,5.405716617519882,5.4348545682580065,13.0,5.971993896716385,97.91158815952231,w15,TMTT,107,21,3.44,0.89,10.5
6.55743985418808,8.830136955554657,4.321910294302397,15.133419881602661,10.811509587300264,0.583015986356998,5.197606192581561,4.6004200525579435,13.5,4.839727665853228,97.91158815952231,w15,TMTT,107,21,3.44,0.89,10.5
6.55743985418808,8.830136955554657,4.321910294302397,15.133419881602661,10.811509587300264,0.583015986356998,4.986895297433662,4.797424872136601,14.0,4.878037251337026,97.91158815952231,w15,TMTT,107,21,3.44,0.89,10.5
6.55743985418808,8.830136955554657,4.321910294302397,15.133419881602661,10.811509587300264,0.583015986356998,4.775589232851026,4.231002107842345,14.5,4.410330588341284,97.91158815952231,w15,TMTT,107,21,3.44,0.89,10.5
6.55743985418808,8.830136955554657,4.321910294302397,15.133419881602661,10.811509587300264,0.583015986356998,4.56534046175491,4.095075595121527,15.0,4.356137460139968,97.91158815952231,w15,TMTT,107,21,3.44,0.89,10.5
6.55743985418808,8.830136955554657,4.321910294302397,15.133419881602661,10.811509587300264,0.583015986356998,4.357501887341564,4.628696127327316,15.5,4.779664250903436,97.91158815952231,w15,TMTT,107,21,3.44,0.89,10.5
6.55743985418808,8.830136955554657,4.321910294302397,15.133419881602661,10.811509587300264,0.583015986356998,4.153171768065572,3.6140421018162483,16.0,4.5848890611212605,97.91158815952231,w15,TMTT,107,21,3.44,0.89,10.5
6.55743985418808,8.830136955554657,4.321910294302397,15.133419881602661,10.811509587300264,0.583015986356998,3.9532317711574825,4.0421010102500485,16.5,3.960364315950287,97.91158815952231,w15,TMTT,107,21,3.44,0.89,10.5
6.55743985418808,8.830136955554657,4.321910294302397,15.133419881602661,10.811509587300264,0.583015986356998,3.758379345189124,3.137646927556165,17.0,3.9354369040986485,97.91158815952231,w15,TMTT,107,21,3.44,0.89,10.5
6.55743985418808,8.830136955554657,4.321910294302397,15.133419881602661,10.811509587300264,0.583015986356998,3.569155352131858,3.6393257782763424,17.5,3.137534526484769,97.91158815952231,w15,TMTT,107,21,3.44,0.89,10.5
6.55743985418808,8.830136955554657,4.321910294302397,15.133419881602661,10.811509587300264,0.583015986356998,3.385967716963325,3.1356484871526584,18.0,2.9174546204517493,97.91158815952231,w15,TMTT,107,21,3.44,0.89,10.5
6.55743985418808,8.830136955554657,4.321910294302397,15.133419881602661,10.811509587300264,0.583015986356998,3.2091117122501616,3.5267830546312786,18.5,3.304879523385768,97.91158815952231,w15,TMTT,107,21,3.44,0.89,10.5
6.55743985418808,8.830136955554657,4.321910294302397,15.133419881602661,10.811509587300264,0.583015986356998,3.038787385243078,3.1204090137527207,19.0,1.9496648309899394,97.91158815952231,w15,TMTT,107,21,3.44,0.89,10.5
6.55743985418808,8.830136955554657,4.321910294302397,15.133419881602661,10.811509587300264,0.583015986356998,2.87511454809808,3.183264761548134,19.5,3.654997596482922,97.91158815952231,w15,TMTT,107,21,3.44,0.89,10.5
6.55743985418808,8.830136955554657,4.321910294302397,15.133419881602661,10.811509587300264,0.583015986356998,2.718145682319564,2.689363223994567,20.0,4.243027810330048,97.91158815952231,w15,TMTT,107,21,3.44,0.89,10.5
6.55743985418808,8.830136955554657,4.321910294302397,15.133419881602661,10.811509587300264,0.583015986356998,2.5678770523633725,2.1692141295697898,20.5,3.4269858620043516,97.91158815952231,w15,TMTT,107,21,3.44,0.89,10.5
6.55743985418808,8.830136955554657,4.321910294302397,15.133419881602661,10.811509587300264,0.583015986356998,2.424258277559492,2.7810583108379605,21.0,3.474045867558575,97.91158815952231,w15,TMTT,107,21,3.44,0.89,10.5
6.55743985418808,8.830136955554657,4.321910294302397,15.133419881602661,10.811509587300264,0.583015986356998,2.287200573888716,2.186463348177383,21.5,2.5751829170693252,97.91158815952231,w15,TMTT,107,21,3.44,0.89,10.5
6.55743985418808,8.830136955554657,4.321910294302397,15.133419881602661,10.811509587300264,0.583015986356998,2.1565838459924307,2.825456009986895,22.0,3.212306624698636,97.91158815952231,w15,TMTT,107,21,3.44,0.89,10.5
6.021622472324623,8.065494784624425,4.320300683251859,14.023108150270911,9.702807467019053,0.6140092324718481,4.873973960984865e-29,0.08331363658347185,-1.0,0.35185097986815095,80.78948129771568,w15,TMTT,108,21,3.13,0.92,10.5
6.021622472324623,8.065494784624425,4.320300683251859,14.023108150270911,9.702807467019053,0.6140092324718481,6.651305836176778e-27,-0.02984259094858277,-0.5,0.03315662366604055,80.78948129771568,w15,TMTT,108,21,3.13,0.92,10.5
6.021622472324623,8.065494784624425,4.320300683251859,14.023108150270911,9.702807467019053,0.6140092324718481,9.076755370564164e-25,-0.05271140668746205,0.0,0.1841979786005279,80.78948129771568,w15,TMTT,108,21,3.13,0.92,10.5
6.021622472324623,8.065494784624425,4.320300683251859,14.023108150270911,9.702807467019053,0.6140092324718481,1.2386663624600723e-22,0.3682500200904863,0.5,-0.1555259897206396,80.78948129771568,w15,TMTT,108,21,3.13,0.92,10.5
6.021622472324623,8.065494784624425,4.320300683251859,14.023108150270911,9.702807467019053,0.6140092324718481,1.6903555233688068e-20,-0.02048118346224953,1.0,0.2617878508633859,80.78948129771568,w15,TMTT,108,21,3.13,0.92,10.5
6.021622472324623,8.065494784624425,4.320300683251859,14.023108150270911,9.702807467019053,0.6140092324718481,2.3067565907796616e-18,0.17503675143316227,1.5,0.12971391117522815,80.78948129771568,w15,TMTT,108,21,3.13,0.92,10.5
6.021622472324623,8.065494784624425,4.320300683251859,14.023108150270911,9.702807467019053,0.6140092324718481,3.147933020658811e-16,-0.0867397300236406,2.0,0.20599905000759838,80.78948129771568,w15,TMTT,108,21,3.13,0.92,10.5
6.021622472324623,8.065494784624425,4.320300683251859,14.023108150270911,9.702807467019053,0.6140092324718481,4.295850815220375e-14,0.1320683863874973,2.5,0.13259834479420865,80.78948129771568,w15,TMTT,108,21,3.13,0.92,10.5
6.021622472324623,8.065494784624425,4.320300683251859,14.023108150270911,9.702807467019053,0.6140092324718481,5.8623549210860305e-12,0.39454472300630505,3.0,0.4463824219578369,80.78948129771568,w15,TMTT,108,21,3.13,0.92,10.5
6.021622472324623,8.065494784624425,4.320300683251859,14.023108150270911,9.702807467019053,0.6140092324718481,7.997932166341089e-10,0.4783970774827183,3.5,1.1727797383611098,80.78948129771568,w15,TMTT,108,21,3.13,0.92,10.5
6.021622472324623,8.065494784624425,4.320300683251859,14.023108150270911,9.702807467019053,0.6140092324718481,1.049107264439451e-07,1.0918364986949793,4.0,1.4338185571495838,80.78948129771568,w15,TMTT,108,21,3.13,0.92,10.5
6.021622472324623,8.065494784624425,4.320300683251859,14.023108150270911,9.702807467019053,0.6140092324718481,1.3927563405905528,1.4566409132467024,4.5,2.0284768314991313,80.78948129771568,w15,TMTT,108,21,3.13,0.92,10.5
6.021622472324623,8.065494784624425,4.320300683251859,14.023108150270911,9.702807467019053,0.6140092324718481,3.4417074793696436,2.3716252900753334,5.0,3.0057988504126167,80.78948129771568,w15,TMTT,108,21,3.13,0.92,10.5
6.021622472324623,8.065494784624425,4.320300683251859,14.023108150270911,9.702807467019053,0.6140092324718481,4.480614265721132,3.4470431566478084,5.5,3.8823069443899523,80.78948129771568,w15,TMTT,108,21,3.13,0.92,10.5
6.021622472324623,8.065494784624425,4.320300683251859,14.023108150270911,9.702807467019053,0.6140092324718481,5.1447389135082595,4.0626173796619724,6.0,5.165946830719838,80.78948129771568,w15,TMTT,108,21,3.13,0.92,10.5
6.021622472324623,8.065494784624425,4.320300683251859,14.023108150270911,9.702807467019053,0.6140092324718481,5.572559809772643,5.535417313248071,6.5,6.9728996548627435,80.78948129771568,w15,TMTT,108,21,3.13,0.92,10.5
6.021622472324623,8.065494784624425,4.320300683251859,14.023108150270911,9.702807467019053,0.6140092324718481,5.83429568746641,4.77526978919965,7.0,6.557489129882791,80.78948129771568,w15,TMTT,108,21,3.13,0.92,10.5
6.021622472324623,8.065494784624425,4.320300683251859,14.023108150270911,9.702807467019053,0.6140092324718481,5.973758813637006,6.1132917537746865,7.5,6.545871117067846,80.78948129771568,w15,TMTT,108,21,3.13,0.92,10.5
6.021622472324623,8.065494784624425,4.320300683251859,14.023108150270911,9.702807467019053,0.6140092324718481,6.021036833735706,6.008642961001906,8.0,6.514186980830783,80.78948129771568,w15,TMTT,108,21,3.13,0.92,10.5
6.021622472324623,8.065494784624425,4.320300683251859,14.023108150270911,9.702807467019053,0.6140092324718481,5.998006630471232,6.5973786294898344,8.5,7.527028090405649,80.78948129771568,w15,TMTT,108,21,3.13,0.92,10.5
6.021622472324623,8.065494784624425,4.320300683251859,14.023108150270911,9.702807467019053,0.6140092324718481,5.921168758208202,6.338138074514854,9.0,5.616784870999103,80.78948129771568,w15,TMTT,108,21,3.13,0.92,10.5
6.021622472324623,8.065494784624425,4.320300683251859,14.023108150270911,9.702807467019053,0.6140092324718481,5.803277568179802,7.000597175140831,9.5,6.908693212246118,80.78948129771568,w15,TMTT,108,21,3.13,0.92,10.5
6.021622472324623,8.065494784624425,4.320300683251859,14.023108150270911,9.702807467019053,0.6140092324718481,5.654358231246644,5.783102885417861,10.0,6.745455372013447,80.78948129771568,w15,TMTT,108,21,3.13,0.92,10.5
6.021622472324623,8.065494784624425,4.320300683251859,14.023108150270911,9.702807467019053,0.6140092324718481,5.4823814593250395,4.998110918060579,10.5,1.9471275092701175,80.78948129771568,w15,TMTT,108,21,3.13,0.92,10.5
6.021622472324623,8.065494784624425,4.320300683251859,14.023108150270911,9.702807467019053,0.6140092324718481,5.293732945844862,5.170663741900374,11.0,5.616802511023299,80.78948129771568,w15,TMTT,108,21,3.13,0.92,10.5
6.021622472324623,8.065494784624425,4.320300683251859,14.023108150270911,9.702807467019053,0.6140092324718481,5.093552459599488,3.8278296659958984,11.5,3.161446101890018,80.78948129771568,w15,TMTT,108,21,3.13,0.92,10.5
6.021622472324623,8.065494784624425,4.320300683251859,14.023108150270911,9.702807467019053,0.6140092324718481,4.885986225471397,4.385805452482865,12.0,1.9640009918221528,80.78948129771568,w15,TMTT,108,21,3.13,0.92,10.5
6.021622472324623,8.065494784624425,4.320300683251859,14.023108150270911,9.702807467019053,0.6140092324718481,4.674379351502212,3.9803398849283713,12.5,2.030666875580324,80.78948129771568,w15,TMTT,108,21,3.13,0.92,10.5
6.021622472324623,8.065494784624425,4.320300683251859,14.023108150270911,9.702807467019053,0.6140092324718481,4.461425445430752,4.7399507837087596,13.0,5.291514676924529,80.78948129771568,w15,TMTT,108,21,3.13,0.92,10.5
6.021622472324623,8.065494784624425,4.320300683251859,14.023108150270911,9.702807467019053,0.6140092324718481,4.249284820011196,4.016044975599787,13.5,4.686569466261801,80.78948129771568,w15,TMTT,108,21,3.13,0.92,10.5
6.021622472324623,8.065494784624425,4.320300683251859,14.023108150270911,9.702807467019053,0.6140092324718481,4.03967911449027,4.201844213534082,14.0,4.334043665459769,80.78948129771568,w15,TMTT,108,21,3.13,0.92,10.5
6.021622472324623,8.065494784624425,4.320300683251859,14.023108150270911,9.702807467019053,0.6140092324718481,3.8339678590724375,3.613683009229989,14.5,2.230549286231052,80.78948129771568,w15,TMTT,108,21,3.13,0.92,10.5
6.021622472324623,8.065494784624425,4.320300683251859,14.023108150270911,9.702807467019053,0.6140092324718481,3.6332109811746642,3.5714753342707577,15.0,4.249386537896471,80.78948129771568,w15,TMTT,108,21,3.13,0.92,10.5
6.021622472324623,8.065494784624425,4.320300683251859,14.023108150270911,9.702807467019053,0.6140092324718481,3.438220209307214,3.931581331312663,15.5,3.206455883299203,80.78948129771568,w15,TMTT,108,21,3.13,0.92,10.5
6.021622472324623,8.065494784624425,4.320300683251859,14.023108150270911,9.702807467019053,0.6140092324718481,3.249601601027943,3.121692488999847,16.0,2.785067987755545,80.78948129771568,w15,TMTT,108,21,3.13,0.92,10.5
6.021622472324623,8.065494784624425,4.320300683251859,14.023108150270911,9.702807467019053,0.6140092324718481,3.0677909001043635,3.478188101088192,16.5,3.774924864090651,80.78948129771568,w15,TMTT,108,21,3.13,0.92,10.5
6.021622472324623,8.065494784624425,4.320300683251859,14.023108150270911,9.702807467019053,0.6140092324718481,2.893083048060477,2.6835386246774533,17.0,2.1968256691083203,80.78948129771568,w15,TMTT,108,21,3.13,0.92,10.5
6.021622472324623,8.065494784624425,4.320300683251859,14.023108150270911,9.702807467019053,0.6140092324718481,2.725656893426608,3.139501466003117,17.5,3.0650937423041675,80.78948129771568,w15,TMTT,108,21,3.13,0.92,10.5
6.021622472324623,8.065494784624425,4.320300683251859,14.023108150270911,9.702807467019053,0.6140092324718481,2.5655959295646387,2.6390344676192776,18.0,2.791653625512673,80.78948129771568,w15,TMTT,108,21,3.13,0.92,10.5
6.021622472324623,8.065494784624425,4.320300683251859,14.023108150270911,9.702807467019053,0.6140092324718481,2.412905729489298,3.0868988933008774,18.5,2.981605512285448,80.78948129771568,w15,TMTT,108,21,3.13,0.92,10.5
6.021622472324623,8.065494784624425,4.320300683251859,14.023108150270911,9.702807467019053,0.6140092324718481,2.2675286202527714,2.6661567492265834,19.0,3.2087781062150253,80.78948129771568,w15,TMTT,108,21,3.13,0.92,10.5
6.021622472324623,8.065494784624425,4.320300683251859,14.023108150270911,9.702807467019053,0.6140092324718481,2.1293560408012246,2.7271098351657668,19.5,2.8740714216877423,80.78948129771568,w15,TMTT,108,21,3.13,0.92,10.5
6.021622472324623,8.065494784624425,4.320300683251859,14.023108150270911,9.702807467019053,0.6140092324718481,1.998238949040629,2.277258455319753,20.0,1.0470839824262002,80.78948129771568,w15,TMTT,108,21,3.13,0.92,10.5
6.021622472324623,8.065494784624425,4.320300683251859,14.023108150270911,9.702807467019053,0.6140092324718481,1.8739965813086221,1.905972922122292,20.5,2.5169263945104228,80.78948129771568,w15,TMTT,108,21,3.13,0.92,10.5
6.021622472324623,8.065494784624425,4.320300683251859,14.023108150270911,9.702807467019053,0.6140092324718481,1.7564238169741266,2.342053309923977,21.0,2.228616836614796,80.78948129771568,w15,TMTT,108,21,3.13,0.92,10.5
6.021622472324623,8.065494784624425,4.320300683251859,14.023108150270911,9.702807467019053,0.6140092324718481,1.6452973598255594,1.9116305499176365,21.5,1.0953973944431457,80.78948129771568,w15,TMTT,108,21,3.13,0.92,10.5
6.021622472324623,8.065494784624425,4.320300683251859,14.023108150270911,9.702807467019053,0.6140092324718481,1.540380914266335,2.3815126906586035,22.0,1.8690089743577931,80.78948129771568,w15,TMTT,108,21,3.13,0.92,10.5
6.017289150550836,8.853071205956901,3.737597453196318,13.123584810835016,9.385987357638697,0.45498821191172795,2.3908837194243564e-32,0.07873388975454992,-1.0,0.3538169041712468,75.47164500859044,w15,TMTT,109,21,2.97,0.84,10.5
6.017289150550836,8.853071205956901,3.737597453196318,13.123584810835016,9.385987357638697,0.45498821191172795,3.1563330697617646e-30,-0.0273155372788354,-0.5,-0.4986709395117105,75.47164500859044,w15,TMTT,109,21,2.97,0.84,10.5
6.017289150550836,8.853071205956901,3.737597453196318,13.123584810835016,9.385987357638697,0.45498821191172795,4.1668435676455e-28,-0.05071035027652926,0.0,-0.11077564422414526,75.47164500859044,w15,TMTT,109,21,2.97,0.84,10.5
6.017289150550836,8.853071205956901,3.737597453196318,13.123584810835016,9.385987357638697,0.45498821191172795,5.50087235202305e-26,0.3601482134447057,0.5,0.8583664083848644,75.47164500859044,w15,TMTT,109,21,2.97,0.84,10.5
6.017289150550836,8.853071205956901,3.737597453196318,13.123584810835016,9.385987357638697,0.45498821191172795,7.261994875010707e-24,-0.01155453072403309,1.0,-0.23194932616887645,75.47164500859044,w15,TMTT,109,21,2.97,0.84,10.5
6.017289150550836,8.853071205956901,3.737597453196318,13.123584810835016,9.385987357638697,0.45498821191172795,9.58694661135376e-22,0.16659752411445827,1.5,0.24848227167975165,75.47164500859044,w15,TMTT,109,21,2.97,0.84,10.5
6.017289150550836,8.853071205956901,3.737597453196318,13.123584810835016,9.385987357638697,0.45498821191172795,1.265623899952329e-19,-0.07202334462231696,2.0,-0.09319101286551941,75.47164500859044,w15,TMTT,109,21,2.97,0.84,10.5
6.017289150550836,8.853071205956901,3.737597453196318,13.123584810835016,9.385987357638697,0.45498821191172795,1.670810586791722e-17,0.12490504932724222,2.5,-0.08523536640921278,75.47164500859044,w15,TMTT,109,21,2.97,0.84,10.5
6.017289150550836,8.853071205956901,3.737597453196318,13.123584810835016,9.385987357638697,0.45498821191172795,2.204355258911671e-15,0.38394357023386533,3.0,0.18668856864331373,75.47164500859044,w15,TMTT,109,21,2.97,0.84,10.5
6.017289150550836,8.853071205956901,3.737597453196318,13.123584810835016,9.385987357638697,0.45498821191172795,2.66432913522868e-13,0.4532529298738158,3.5,1.4317337714307765,75.47164500859044,w15,TMTT,109,21,2.97,0.84,10.5
6.017289150550836,8.853071205956901,3.737597453196318,13.123584810835016,9.385987357638697,0.45498821191172795,0.4981932459841225,1.0231294270320062,4.0,1.3533839035883832,75.47164500859044,w15,TMTT,109,21,2.97,0.84,10.5
6.017289150550836,8.853071205956901,3.737597453196318,13.123584810835016,9.385987357638697,0.45498821191172795,1.7045393878023345,1.3821060715729392,4.5,1.256200932788735,75.47164500859044,w15,TMTT,109,21,2.97,0.84,10.5
6.017289150550836,8.853071205956901,3.737597453196318,13.123584810835016,9.385987357638697,0.45498821191172795,2.775345500262575,2.244022564282114,5.0,3.4436320572514054,75.47164500859044,w15,TMTT,109,21,2.97,0.84,10.5
6.017289150550836,8.853071205956901,3.737597453196318,13.123584810835016,9.385987357638697,0.45498821191172795,3.681704349577875,3.2595976505012967,5.5,2.3026358545088774,75.47164500859044,w15,TMTT,109,21,2.97,0.84,10.5
6.017289150550836,8.853071205956901,3.737597453196318,13.123584810835016,9.385987357638697,0.45498821191172795,4.416989803411055,3.8407390554604284,6.0,4.727915301643962,75.47164500859044,w15,TMTT,109,21,2.97,0.84,10.5
6.017289150550836,8.853071205956901,3.737597453196318,13.123584810835016,9.385987357638697,0.45498821191172795,4.990605151961145,5.228435993545229,6.5,5.071373094929346,75.47164500859044,w15,TMTT,109,21,2.97,0.84,10.5
6.017289150550836,8.853071205956901,3.737597453196318,13.123584810835016,9.385987357638697,0.45498821191172795,5.418152088480514,4.513683923860398,7.0,2.9661002883701197,75.47164500859044,w15,TMTT,109,21,2.97,0.84,10.5
6.017289150550836,8.853071205956901,3.737597453196318,13.123584810835016,9.385987357638697,0.45498821191172795,5.717205844860416,5.780481393033941,7.5,5.506259146037571,75.47164500859044,w15,TMTT,109,21,2.97,0.84,10.5
6.017289150550836,8.853071205956901,3.737597453196318,13.123584810835016,9.385987357638697,0.45498821191172795,5.905366041794999,5.680415741459338,8.0,5.569696619296175,75.47164500859044,w15,TMTT,109,21,2.97,0.84,10.5
6.017289150550836,8.853071205956901,3.737597453196318,13.123584810835016,9.385987357638697,0.45498821191172795,5.999314396389511,6.247891886811783,8.5,6.845287824388386,75.47164500859044,w15,TMTT,109,21,2.97,0.84,10.5
6.017289150550836,8.853071205956901,3.737597453196318,13.123584810835016,9.385987357638697,0.45498821191172795,6.014372426609345,5.997775867932139,9.0,6.680587988105346,75.47164500859044,w15,TMTT,109,21,2.97,0.84,10.5
6.017289150550836,8.853071205956901,3.737597453196318,13.123584810835016,9.385987357638697,0.45498821191172795,5.96432526628002,6.618463921090155,9.5,7.521611438188544,75.47164500859044,w15,TMTT,109,21,2.97,0.84,10.5
6.017289150550836,8.853071205956901,3.737597453196318,13.123584810835016,9.385987357638697,0.45498821191172795,5.86139217625569,5.4736652198520295,10.0,4.274163762161164,75.47164500859044,w15,TMTT,109,21,2.97,0.84,10.5
6.017289150550836,8.853071205956901,3.737597453196318,13.123584810835016,9.385987357638697,0.45498821191172795,5.716278361372563,4.73301311301186,10.5,5.45631547457758,75.47164500859044,w15,TMTT,109,21,2.97,0.84,10.5
6.017289150550836,8.853071205956901,3.737597453196318,13.123584810835016,9.385987357638697,0.45498821191172795,5.5382705281266675,4.893659546128353,11.0,3.5650650639918413,75.47164500859044,w15,TMTT,109,21,2.97,0.84,10.5
6.017289150550836,8.853071205956901,3.737597453196318,13.123584810835016,9.385987357638697,0.45498821191172795,5.335353928392175,3.622890631072759,11.5,2.4810623619681564,75.47164500859044,w15,TMTT,109,21,2.97,0.84,10.5
6.017289150550836,8.853071205956901,3.737597453196318,13.123584810835016,9.385987357638697,0.45498821191172795,5.114337493225651,4.153361128905423,12.0,5.575209565285023,75.47164500859044,w15,TMTT,109,21,2.97,0.84,10.5
6.017289150550836,8.853071205956901,3.737597453196318,13.123584810835016,9.385987357638697,0.45498821191172795,4.880978984922023,3.759728103869179,12.5,5.482568379216019,75.47164500859044,w15,TMTT,109,21,2.97,0.84,10.5
6.017289150550836,8.853071205956901,3.737597453196318,13.123584810835016,9.385987357638697,0.45498821191172795,4.64010538566473,4.47888329081825,13.0,4.630978657250617,75.47164500859044,w15,TMTT,109,21,2.97,0.84,10.5
6.017289150550836,8.853071205956901,3.737597453196318,13.123584810835016,9.385987357638697,0.45498821191172795,4.39572581344253,3.7943816489344377,13.5,4.131863003060024,75.47164500859044,w15,TMTT,109,21,2.97,0.84,10.5
6.017289150550836,8.853071205956901,3.737597453196318,13.123584810835016,9.385987357638697,0.45498821191172795,4.151135575328727,3.9682620918778397,14.0,3.3387498057880074,75.47164500859044,w15,TMTT,109,21,2.97,0.84,10.5
6.017289150550836,8.853071205956901,3.737597453196318,13.123584810835016,9.385987357638697,0.45498821191172795,3.9090108102000856,3.4238482381020083,14.5,4.028216621704843,75.47164500859044,w15,TMTT,109,21,2.97,0.84,10.5
6.017289150550836,8.853071205956901,3.737597453196318,13.123584810835016,9.385987357638697,0.45498821191172795,3.6714937062040347,3.3747583352008945,15.0,3.55996214268344,75.47164500859044,w15,TMTT,109,21,2.97,0.84,10.5
6.017289150550836,8.853071205956901,3.737597453196318,13.123584810835016,9.385987357638697,0.45498821191172795,3.440268608982955,3.7277302458990156,15.5,3.9145007944721844,75.47164500859044,w15,TMTT,109,21,2.97,0.84,10.5
6.017289150550836,8.853071205956901,3.737597453196318,13.123584810835016,9.385987357638697,0.45498821191172795,3.216629533288739,2.9533947228275914,16.0,1.8725647236226088,75.47164500859044,w15,TMTT,109,21,2.97,0.84,10.5
6.017289150550836,8.853071205956901,3.737597453196318,13.123584810835016,9.385987357638697,0.45498821191172795,3.0015396981401,3.292287306269228,16.5,3.0826395687633963,75.47164500859044,w15,TMTT,109,21,2.97,0.84,10.5
6.017289150550836,8.853071205956901,3.737597453196318,13.123584810835016,9.385987357638697,0.45498821191172795,2.795683754090686,2.542105044812471,17.0,1.9781765267042655,75.47164500859044,w15,TMTT,109,21,2.97,0.84,10.5
6.017289150550836,8.853071205956901,3.737597453196318,13.123584810835016,9.385987357638697,0.45498821191172795,2.5995133807432924,2.9707345081795125,17.5,2.648012156074811,75.47164500859044,w15,TMTT,109,21,2.97,0.84,10.5
6.017289150550836,8.853071205956901,3.737597453196318,13.123584810835016,9.385987357638697,0.45498821191172795,2.4132869171554354,2.505208930721879,18.0,2.407741258065941,75.47164500859044,w15,TMTT,109,21,2.97,0.84,10.5
6.017289150550836,8.853071205956901,3.737597453196318,13.123584810835016,9.385987357638697,0.45498821191172795,2.237103656672344,2.9155353817955185,18.5,2.8075520159121217,75.47164500859044,w15,TMTT,109,21,2.97,0.84,10.5
6.017289150550836,8.853071205956901,3.737597453196318,13.123584810835016,9.385987357638697,0.45498821191172795,2.070933397462201,2.5259636005042183,19.0,2.9343474514487125,75.47164500859044,w15,TMTT,109,21,2.97,0.84,10.5
6.017289150550836,8.853071205956901,3.737597453196318,13.123584810835016,9.385987357638697,0.45498821191172795,1.9146417950341166,2.582820087207635,19.5,1.6870752506801507,75.47164500859044,w15,TMTT,109,21,2.97,0.84,10.5
6.017289150550836,8.853071205956901,3.737597453196318,13.123584810835016,9.385987357638697,0.45498821191172795,1.7680120162865416,2.16004649194358,20.0,1.8842708213857087,75.47164500859044,w15,TMTT,109,21,2.97,0.84,10.5
6.017289150550836,8.853071205956901,3.737597453196318,13.123584810835016,9.385987357638697,0.45498821191172795,1.630763148162065,1.7992759582109525,20.5,1.3971556179136977,75.47164500859044,w15,TMTT,109,21,2.97,0.84,10.5
6.017289150550836,8.853071205956901,3.737597453196318,13.123584810835016,9.385987357638697,0.45498821191172795,1.5025657690744694,2.223103229358432,21.0,2.699072497617559,75.47164500859044,w15,TMTT,109,21,2.97,0.84,10.5
6.017289150550836,8.853071205956901,3.737597453196318,13.123584810835016,9.385987357638697,0.45498821191172795,1.3830550487363298,1.8057539946429515,21.5,1.5140828839766183,75.47164500859044,w15,TMTT,109,21,2.97,0.84,10.5
6.017289150550836,8.853071205956901,3.737597453196318,13.123584810835016,9.385987357638697,0.45498821191172795,1.2718417023182536,2.2603004490540792,22.0,2.5081357210769752,75.47164500859044,w15,TMTT,109,21,2.97,0.84,10.5
5.241421744485393,8.360817496784566,4.84937422173219,13.987454053992472,9.138079832260281,0.6157351063342781,2.866054692524721e-31,0.06923616155959533,-1.0,0.31400520489841355,66.22853783618216,w15,TMTT,110,21,3.44,0.99,10.5
5.241421744485393,8.360817496784566,4.84937422173219,13.987454053992472,9.138079832260281,0.6157351063342781,3.8919222673061033e-29,-0.02504583410058192,-0.5,0.16538390566706568,66.22853783618216,w15,TMTT,110,21,3.44,0.99,10.5
5.241421744485393,8.360817496784566,4.84937422173219,13.987454053992472,9.138079832260281,0.6157351063342781,5.284986003323602e-27,-0.04357724476275404,0.0,0.3475850502878495,66.22853783618216,w15,TMTT,110,21,3.44,0.99,10.5
5.241421744485393,8.360817496784566,4.84937422173219,13.987454053992472,9.138079832260281,0.6157351063342781,7.176679064214612e-25,0.3028153158314468,0.5,0.7520052548146273,66.22853783618216,w15,TMTT,110,21,3.44,0.99,10.5
5.241421744485393,8.360817496784566,4.84937422173219,13.987454053992472,9.138079832260281,0.6157351063342781,9.745479431420672e-23,-0.01910801906969098,1.0,-0.18407879917896133,66.22853783618216,w15,TMTT,110,21,3.44,0.99,10.5
5.241421744485393,8.360817496784566,4.84937422173219,13.987454053992472,9.138079832260281,0.6157351063342781,1.3233748994269226e-20,0.14515338675919082,1.5,0.5777675865772043,66.22853783618216,w15,TMTT,110,21,3.44,0.99,10.5
5.241421744485393,8.360817496784566,4.84937422173219,13.987454053992472,9.138079832260281,0.6157351063342781,1.7970599976703036e-18,-0.07474871626926474,2.0,-0.07395791975454985,66.22853783618216,w15,TMTT,110,21,3.44,0.99,10.5
5.241421744485393,8.360817496784566,4.84937422173219,13.987454053992472,9.138079832260281,0.6157351063342781,2.440294610715173e-16,0.10973121029066135,2.5,0.6187767436231287,66.22853783618216,w15,TMTT,110,21,3.44,0.99,10.5
5.241421744485393,8.360817496784566,4.84937422173219,13.987454053992472,9.138079832260281,0.6157351063342781,3.313766785858208e-14,0.3249500745377426,3.0,0.48970525232105494,66.22853783618216,w15,TMTT,110,21,3.44,0.99,10.5
5.241421744485393,8.360817496784566,4.84937422173219,13.987454053992472,9.138079832260281,0.6157351063342781,4.4998810050417165e-12,0.3972881772237148,3.5,-0.3093083091563714,66.22853783618216,w15,TMTT,110,21,3.44,0.99,10.5
5.241421744485393,8.360817496784566,4.84937422173219,13.987454053992472,9.138079832260281,0.6157351063342781,6.109313360518715e-10,0.9097491182785247,4.0,1.2933853179103232,66.22853783618216,w15,TMTT,110,21,3.44,0.99,10.5
5.241421744485393,8.360817496784566,4.84937422173219,13.987454053992472,9.138079832260281,0.6157351063342781,8.053054698568281e-08,1.2091521699113779,4.5,1.4539514110164944,66.22853783618216,w15,TMTT,110,21,3.44,0.99,10.5
5.241421744485393,8.360817496784566,4.84937422173219,13.987454053992472,9.138079832260281,0.6157351063342781,1.0924477932474268,1.9703469794802664,5.0,0.31359996998116246,66.22853783618216,w15,TMTT,110,21,3.44,0.99,10.5
5.241421744485393,8.360817496784566,4.84937422173219,13.987454053992472,9.138079832260281,0.6157351063342781,3.0387499013056702,2.8643355591493487,5.5,4.101525388671845,66.22853783618216,w15,TMTT,110,21,3.44,0.99,10.5
5.241421744485393,8.360817496784566,4.84937422173219,13.987454053992472,9.138079832260281,0.6157351063342781,3.974376251742334,3.3761063857097593,6.0,2.4892317295803617,66.22853783618216,w15,TMTT,110,21,3.44,0.99,10.5
5.241421744485393,8.360817496784566,4.84937422173219,13.987454053992472,9.138079832260281,0.6157351063342781,4.5549353181588135,4.60127512808014,6.5,4.77242413908482,66.22853783618216,w15,TMTT,110,21,3.44,0.99,10.5
5.241421744485393,8.360817496784566,4.84937422173219,13.987454053992472,9.138079832260281,0.6157351063342781,4.915931939856944,3.968543817051074,7.0,3.0346826446902684,66.22853783618216,w15,TMTT,110,21,3.44,0.99,10.5
5.241421744485393,8.360817496784566,4.84937422173219,13.987454053992472,9.138079832260281,0.6157351063342781,5.1247052727800675,5.079972563617835,7.5,5.508033309169067,66.22853783618216,w15,TMTT,110,21,3.44,0.99,10.5
5.241421744485393,8.360817496784566,4.84937422173219,13.987454053992472,9.138079832260281,0.6157351063342781,5.222903504597466,4.993309126094411,8.0,5.850410161565178,66.22853783618216,w15,TMTT,110,21,3.44,0.99,10.5
5.241421744485393,8.360817496784566,4.84937422173219,13.987454053992472,9.138079832260281,0.6157351063342781,5.238918753445088,5.479656630405706,8.5,4.75284823305179,66.22853783618216,w15,TMTT,110,21,3.44,0.99,10.5
5.241421744485393,8.360817496784566,4.84937422173219,13.987454053992472,9.138079832260281,0.6157351063342781,5.193244709317577,5.26556419964726,9.0,5.153981984484536,66.22853783618216,w15,TMTT,110,21,3.44,0.99,10.5
5.241421744485393,8.360817496784566,4.84937422173219,13.987454053992472,9.138079832260281,0.6157351063342781,5.1012194159589965,5.817570465859973,9.5,6.551777180606292,66.22853783618216,w15,TMTT,110,21,3.44,0.99,10.5
5.241421744485393,8.360817496784566,4.84937422173219,13.987454053992472,9.138079832260281,0.6157351063342781,4.974599627535785,4.804156298132995,10.0,4.4628275683061664,66.22853783618216,w15,TMTT,110,21,3.44,0.99,10.5
5.241421744485393,8.360817496784566,4.84937422173219,13.987454053992472,9.138079832260281,0.6157351063342781,4.822542152045409,4.151421679448634,10.5,5.212315964221433,66.22853783618216,w15,TMTT,110,21,3.44,0.99,10.5
5.241421744485393,8.360817496784566,4.84937422173219,13.987454053992472,9.138079832260281,0.6157351063342781,4.652254553541351,4.295477965303633,11.0,4.509150228917787,66.22853783618216,w15,TMTT,110,21,3.44,0.99,10.5
5.241421744485393,8.360817496784566,4.84937422173219,13.987454053992472,9.138079832260281,0.6157351063342781,4.469447615422868,3.1798962677376283,11.5,4.00070010149023,66.22853783618216,w15,TMTT,110,21,3.44,0.99,10.5
5.241421744485393,8.360817496784566,4.84937422173219,13.987454053992472,9.138079832260281,0.6157351063342781,4.278661876983709,3.6427938584906934,12.0,4.390515095945957,66.22853783618216,w15,TMTT,110,21,3.44,0.99,10.5
5.241421744485393,8.360817496784566,4.84937422173219,13.987454053992472,9.138079832260281,0.6157351063342781,4.083510334886423,3.3085921761295207,12.5,3.9844972720213936,66.22853783618216,w15,TMTT,110,21,3.44,0.99,10.5
5.241421744485393,8.360817496784566,4.84937422173219,13.987454053992472,9.138079832260281,0.6157351063342781,3.886863133076535,3.939568946901942,13.0,3.9511949451619275,66.22853783618216,w15,TMTT,110,21,3.44,0.99,10.5
5.241421744485393,8.360817496784566,4.84937422173219,13.987454053992472,9.138079832260281,0.6157351063342781,3.690990799519786,3.3380243579438607,13.5,1.792249200075968,66.22853783618216,w15,TMTT,110,21,3.44,0.99,10.5
5.241421744485393,8.360817496784566,4.84937422173219,13.987454053992472,9.138079832260281,0.6157351063342781,3.4976770540513846,3.4928991814035037,14.0,3.093814858900897,66.22853783618216,w15,TMTT,110,21,3.44,0.99,10.5
5.241421744485393,8.360817496784566,4.84937422173219,13.987454053992472,9.138079832260281,0.6157351063342781,3.308308768226227,3.0010278685277414,14.5,4.202889651638621,66.22853783618216,w15,TMTT,110,21,3.44,0.99,10.5
5.241421744485393,8.360817496784566,4.84937422173219,13.987454053992472,9.138079832260281,0.6157351063342781,3.1239484381067664,2.968400846500997,15.0,1.8698446125760941,66.22853783618216,w15,TMTT,110,21,3.44,0.99,10.5
5.241421744485393,8.360817496784566,4.84937422173219,13.987454053992472,9.138079832260281,0.6157351063342781,2.9453930544642497,3.2643159287889674,15.5,2.2687207001309133,66.22853783618216,w15,TMTT,110,21,3.44,0.99,10.5
5.241421744485393,8.360817496784566,4.84937422173219,13.987454053992472,9.138079832260281,0.6157351063342781,2.773222245492735,2.5935954337220313,16.0,3.343675326073577,66.22853783618216,w15,TMTT,110,21,3.44,0.99,10.5
5.241421744485393,8.360817496784566,4.84937422173219,13.987454053992472,9.138079832260281,0.6157351063342781,2.6078378599841825,2.889352658572863,16.5,2.1745788773249717,66.22853783618216,w15,TMTT,110,21,3.44,0.99,10.5
5.241421744485393,8.360817496784566,4.84937422173219,13.987454053992472,9.138079832260281,0.6157351063342781,2.44949665254802,2.228699083861933,17.0,1.9114660477177077,66.22853783618216,w15,TMTT,110,21,3.44,0.99,10.5
5.241421744485393,8.360817496784566,4.84937422173219,13.987454053992472,9.138079832260281,0.6157351063342781,2.2983373626994434,2.6082608741604334,17.5,3.1802739023157827,66.22853783618216,w15,TMTT,110,21,3.44,0.99,10.5
5.241421744485393,8.360817496784566,4.84937422173219,13.987454053992472,9.138079832260281,0.6157351063342781,2.1544032048445914,2.190335515641184,18.0,2.066460609947254,66.22853783618216,w15,TMTT,110,21,3.44,0.99,10.5
5.241421744485393,8.360817496784566,4.84937422173219,13.987454053992472,9.138079832260281,0.6157351063342781,2.0176605787149304,2.5660046828946235,18.5,2.916239850093935,66.22853783618216,w15,TMTT,110,21,3.44,0.99,10.5
5.241421744485393,8.360817496784566,4.84937422173219,13.987454053992472,9.138079832260281,0.6157351063342781,1.8880146509111737,2.2141768272670075,19.0,1.465705495516045,66.22853783618216,w15,TMTT,110,21,3.44,0.99,10.5
5.241421744485393,8.360817496784566,4.84937422173219,13.987454053992472,9.138079832260281,0.6157351063342781,1.7653223349645357,2.265034594730568,19.5,2.2480916767850165,66.22853783618216,w15,TMTT,110,21,3.44,0.99,10.5
5.241421744485393,8.360817496784566,4.84937422173219,13.987454053992472,9.138079832260281,0.6157351063342781,1.6494031006082992,1.8905307118559203,20.0,2.2758438544541004,66.22853783618216,w15,TMTT,110,21,3.44,0.99,10.5
5.241421744485393,8.360817496784566,4.84937422173219,13.987454053992472,9.138079832260281,0.6157351063342781,1.5400479662712705,1.5845869427180235,20.5,-0.3359613329553342,66.22853783618216,w15,TMTT,110,21,3.44,0.99,10.5
5.241421744485393,8.360817496784566,4.84937422173219,13.987454053992472,9.138079832260281,0.6157351063342781,1.437026967437911,1.94389663064304,21.0,1.4901991125954364,66.22853783618216,w15,TMTT,110,21,3.44,0.99,10.5
5.241421744485393,8.360817496784566,4.84937422173219,13.987454053992472,9.138079832260281,0.6157351063342781,1.3400953439964924,1.5889875643579314,21.5,2.234135809323994,66.22853783618216,w15,TMTT,110,21,3.44,0.99,10.5
5.241421744485393,8.360817496784566,4.84937422173219,13.987454053992472,9.138079832260281,0.6157351063342781,1.248998649429363,1.976716678452063,22.0,1.9658653609819798,66.22853783618216,w15,TMTT,110,21,3.44,0.99,10.5
4.948314627120305,8.8056954334155,4.290457922796737,14.76672502398318,10.476267101186444,0.5690032082031002,2.3025187484499738e-30,0.07108534807231215,-1.0,-0.057630604204919944,71.49495107642065,w15,TMTT,111,21,3.32,1.01,10.5
4.948314627120305,8.8056954334155,4.290457922796737,14.76672502398318,10.476267101186444,0.5690032082031002,3.142300950291845e-28,-0.017071968383926994,-0.5,-0.4716294702757465,71.49495107642065,w15,TMTT,111,21,3.32,1.01,10.5
4.948314627120305,8.8056954334155,4.290457922796737,14.76672502398318,10.476267101186444,0.5690032082031002,4.288371275522565e-26,-0.05285686629991204,0.0,0.22216177738787385,71.49495107642065,w15,TMTT,111,21,3.32,1.01,10.5
4.948314627120305,8.8056954334155,4.290457922796737,14.76672502398318,10.476267101186444,0.5690032082031002,5.8524401346787054e-24,0.4246882887212102,0.5,0.3798524041645994,71.49495107642065,w15,TMTT,111,21,3.32,1.01,10.5
4.948314627120305,8.8056954334155,4.290457922796737,14.76672502398318,10.476267101186444,0.5690032082031002,7.986961326202852e-22,0.05420540284054093,1.0,0.3257432939696047,71.49495107642065,w15,TMTT,111,21,3.32,1.01,10.5
4.948314627120305,8.8056954334155,4.290457922796737,14.76672502398318,10.476267101186444,0.5690032082031002,1.0899992098717e-19,0.15995378453523446,1.5,0.21854340939586042,71.49495107642065,w15,TMTT,111,21,3.32,1.01,10.5
4.948314627120305,8.8056954334155,4.290457922796737,14.76672502398318,10.476267101186444,0.5690032082031002,1.487547302239722e-17,0.017495567637372922,2.0,0.2671952256911595,71.49495107642065,w15,TMTT,111,21,3.32,1.01,10.5
4.948314627120305,8.8056954334155,4.290457922796737,14.76672502398318,10.476267101186444,0.5690032082031002,2.0300904072068385e-15,0.11345023059689141,2.5,0.47209257174262803,71.49495107642065,w15,TMTT,111,21,3.32,1.01,10.5
4.948314627120305,8.8056954334155,4.290457922796737,14.76672502398318,10.476267101186444,0.5690032082031002,2.7705048066664273e-13,0.4374097268414074,3.0,0.5248224832549867,71.49495107642065,w15,TMTT,111,21,3.32,1.01,10.5
4.948314627120305,8.8056954334155,4.290457922796737,14.76672502398318,10.476267101186444,0.5690032082031002,3.779586967483654e-11,0.4177920814614058,3.5,-0.6241425521730212,71.49495107642065,w15,TMTT,111,21,3.32,1.01,10.5
4.948314627120305,8.8056954334155,4.290457922796737,14.76672502398318,10.476267101186444,0.5690032082031002,4.892047527783458e-09,0.8495964782426773,4.0,-0.3420684220874527,71.49495107642065,w15,TMTT,111,21,3.32,1.01,10.5
4.948314627120305,8.8056954334155,4.290457922796737,14.76672502398318,10.476267101186444,0.5690032082031002,0.886668204401029,1.2902416768676253,4.5,0.780072838722293,71.49495107642065,w15,TMTT,111,21,3.32,1.01,10.5
4.948314627120305,8.8056954334155,4.290457922796737,14.76672502398318,10.476267101186444,0.5690032082031002,2.3045802528677757,2.0433552298666453,5.0,2.5155729695536295,71.49495107642065,w15,TMTT,111,21,3.32,1.01,10.5
4.948314627120305,8.8056954334155,4.290457922796737,14.76672502398318,10.476267101186444,0.5690032082031002,3.1767384373750147,2.9516870443306247,5.5,2.6432573389877048,71.49495107642065,w15,TMTT,111,21,3.32,1.01,10.5
4.948314627120305,8.8056954334155,4.290457922796737,14.76672502398318,10.476267101186444,0.5690032082031002,3.7963915681090485,3.469985647319864,6.0,3.0115895184874892,71.49495107642065,w15,TMTT,111,21,3.32,1.01,10.5
4.948314627120305,8.8056954334155,4.290457922796737,14.76672502398318,10.476267101186444,0.5690032082031002,4.23975935819285,4.685137918767678,6.5,3.9266153687308636,71.49495107642065,w15,TMTT,111,21,3.32,1.01,10.5
4.948314627120305,8.8056954334155,4.290457922796737,14.76672502398318,10.476267101186444,0.5690032082031002,4.5500845476964615,4.071445186359798,7.0,5.320738469290303,71.49495107642065,w15,TMTT,111,21,3.32,1.01,10.5
4.948314627120305,8.8056954334155,4.290457922796737,14.76672502398318,10.476267101186444,0.5690032082031002,4.756644036456079,5.231168154905576,7.5,4.6528059367563275,71.49495107642065,w15,TMTT,111,21,3.32,1.01,10.5
4.948314627120305,8.8056954334155,4.290457922796737,14.76672502398318,10.476267101186444,0.5690032082031002,4.880898624976603,5.13142255099845,8.0,4.571595514998928,71.49495107642065,w15,TMTT,111,21,3.32,1.01,10.5
4.948314627120305,8.8056954334155,4.290457922796737,14.76672502398318,10.476267101186444,0.5690032082031002,4.9393240636558495,5.734003340963206,8.5,4.898380485220621,71.49495107642065,w15,TMTT,111,21,3.32,1.01,10.5
4.948314627120305,8.8056954334155,4.290457922796737,14.76672502398318,10.476267101186444,0.5690032082031002,4.944941739417923,5.466498293654558,9.0,5.957456089677262,71.49495107642065,w15,TMTT,111,21,3.32,1.01,10.5
4.948314627120305,8.8056954334155,4.290457922796737,14.76672502398318,10.476267101186444,0.5690032082031002,4.908241208168848,5.981091970242716,9.5,5.714545959271258,71.49495107642065,w15,TMTT,111,21,3.32,1.01,10.5
4.948314627120305,8.8056954334155,4.290457922796737,14.76672502398318,10.476267101186444,0.5690032082031002,4.837781836677895,4.998055320080914,10.0,5.52174525167565,71.49495107642065,w15,TMTT,111,21,3.32,1.01,10.5
4.948314627120305,8.8056954334155,4.290457922796737,14.76672502398318,10.476267101186444,0.5690032082031002,4.740609130894583,4.341052888424108,10.5,3.9544938414732527,71.49495107642065,w15,TMTT,111,21,3.32,1.01,10.5
4.948314627120305,8.8056954334155,4.290457922796737,14.76672502398318,10.476267101186444,0.5690032082031002,4.622556229990932,4.465694369393773,11.0,4.896496536538398,71.49495107642065,w15,TMTT,111,21,3.32,1.01,10.5
4.948314627120305,8.8056954334155,4.290457922796737,14.76672502398318,10.476267101186444,0.5690032082031002,4.488470100359495,3.3071528296961636,11.5,4.671594545841989,71.49495107642065,w15,TMTT,111,21,3.32,1.01,10.5
4.948314627120305,8.8056954334155,4.290457922796737,14.76672502398318,10.476267101186444,0.5690032082031002,4.342386020165476,3.8108875823028043,12.0,3.2471353266922374,71.49495107642065,w15,TMTT,111,21,3.32,1.01,10.5
4.948314627120305,8.8056954334155,4.290457922796737,14.76672502398318,10.476267101186444,0.5690032082031002,4.187665174547162,3.3701650206129004,12.5,3.7074583904136436,71.49495107642065,w15,TMTT,111,21,3.32,1.01,10.5
4.948314627120305,8.8056954334155,4.290457922796737,14.76672502398318,10.476267101186444,0.5690032082031002,4.027105086243175,4.028363710349861,13.0,3.500579813919535,71.49495107642065,w15,TMTT,111,21,3.32,1.01,10.5
4.948314627120305,8.8056954334155,4.290457922796737,14.76672502398318,10.476267101186444,0.5690032082031002,3.863029505643332,3.4088871199255752,13.5,3.6040466702091862,71.49495107642065,w15,TMTT,111,21,3.32,1.01,10.5
4.948314627120305,8.8056954334155,4.290457922796737,14.76672502398318,10.476267101186444,0.5690032082031002,3.6973624201249606,3.551352993307725,14.0,4.397365715094095,71.49495107642065,w15,TMTT,111,21,3.32,1.01,10.5
4.948314627120305,8.8056954334155,4.290457922796737,14.76672502398318,10.476267101186444,0.5690032082031002,3.53168955404365,3.1554685242496086,14.5,3.0215535724368143,71.49495107642065,w15,TMTT,111,21,3.32,1.01,10.5
4.948314627120305,8.8056954334155,4.290457922796737,14.76672502398318,10.476267101186444,0.5690032082031002,3.367309858941884,3.035292148054501,15.0,3.6309535875076273,71.49495107642065,w15,TMTT,111,21,3.32,1.01,10.5
4.948314627120305,8.8056954334155,4.290457922796737,14.76672502398318,10.476267101186444,0.5690032082031002,3.20527888722359,3.457613076878692,15.5,3.8358931081458363,71.49495107642065,w15,TMTT,111,21,3.32,1.01,10.5
4.948314627120305,8.8056954334155,4.290457922796737,14.76672502398318,10.476267101186444,0.5690032082031002,3.0464455103716603,2.686438566331193,16.0,2.706266659592866,71.49495107642065,w15,TMTT,111,21,3.32,1.01,10.5
4.948314627120305,8.8056954334155,4.290457922796737,14.76672502398318,10.476267101186444,0.5690032082031002,2.8914831278671476,3.0080075227211838,16.5,3.777103030493947,71.49495107642065,w15,TMTT,111,21,3.32,1.01,10.5
4.948314627120305,8.8056954334155,4.290457922796737,14.76672502398318,10.476267101186444,0.5690032082031002,2.740916278889172,2.33909329314093,17.0,2.089813368470157,71.49495107642065,w15,TMTT,111,21,3.32,1.01,10.5
4.948314627120305,8.8056954334155,4.290457922796737,14.76672502398318,10.476267101186444,0.5690032082031002,2.5951433917418987,2.706258723758312,17.5,2.188351188290937,71.49495107642065,w15,TMTT,111,21,3.32,1.01,10.5
4.948314627120305,8.8056954334155,4.290457922796737,14.76672502398318,10.476267101186444,0.5690032082031002,2.454456269737175,2.348492785361553,18.0,3.010930399966153,71.49495107642065,w15,TMTT,111,21,3.32,1.01,10.5
4.948314627120305,8.8056954334155,4.290457922796737,14.76672502398318,10.476267101186444,0.5690032082031002,2.3190568059754724,2.6112492419460542,18.5,2.529342756737028,71.49495107642065,w15,TMTT,111,21,3.32,1.01,10.5
4.948314627120305,8.8056954334155,4.290457922796737,14.76672502398318,10.476267101186444,0.5690032082031002,2.1890713354455036,2.3269136558853427,19.0,3.194465952521243,71.49495107642065,w15,TMTT,111,21,3.32,1.01,10.5
4.948314627120305,8.8056954334155,4.290457922796737,14.76672502398318,10.476267101186444,0.5690032082031002,2.0645629656553344,2.371942787344461,19.5,2.7272519825163677,71.49495107642065,w15,TMTT,111,21,3.32,1.01,10.5
4.948314627120305,8.8056954334155,4.290457922796737,14.76672502398318,10.476267101186444,0.5690032082031002,1.9455421726794113,2.010712913006104,20.0,0.654175223533088,71.49495107642065,w15,TMTT,111,21,3.32,1.01,10.5
4.948314627120305,8.8056954334155,4.290457922796737,14.76672502398318,10.476267101186444,0.5690032082031002,1.8319759051707767,1.6042115484840447,20.5,1.8699371845089243,71.49495107642065,w15,TMTT,111,21,3.32,1.01,10.5
4.948314627120305,8.8056954334155,4.290457922796737,14.76672502398318,10.476267101186444,0.5690032082031002,1.7237954023992712,2.082540818817958,21.0,2.105577921432788,71.49495107642065,w15,TMTT,111,21,3.32,1.01,10.5
4.948314627120305,8.8056954334155,4.290457922796737,14.76672502398318,10.476267101186444,0.5690032082031002,1.6209029021171164,1.619385358161416,21.5,1.3434582122824712,71.49495107642065,w15,TMTT,111,21,3.32,1.01,10.5
4.948314627120305,8.8056954334155,4.290457922796737,14.76672502398318,10.476267101186444,0.5690032082031002,1.523177388788598,2.1152614244662327,22.0,2.1987184643868694,71.49495107642065,w15,TMTT,111,21,3.32,1.01,10.5
6.55743985418808,8.830136955554657,4.321910294302397,15.133419881602661,10.811509587300264,0.583015986356998,5.771913096067811e-30,0.09588210743770209,-1.0,-0.6508894191151965,97.91158815952231,w20,TMTT,112,26,3.44,0.89,10.5
6.55743985418808,8.830136955554657,4.321910294302397,15.133419881602661,10.811509587300264,0.583015986356998,7.913021193019726e-28,-0.025544024021363132,-0.5,-0.28339680941359824,97.91158815952231,w20,TMTT,112,26,3.44,0.89,10.5
6.55743985418808,8.830136955554657,4.321910294302397,15.133419881602661,10.811509587300264,0.583015986356998,1.0848379620240157e-25,-0.06874018786302705,0.0,-0.5180480316534674,97.91158815952231,w20,TMTT,112,26,3.44,0.89,10.5
6.55743985418808,8.830136955554657,4.321910294302397,15.133419881602661,10.811509587300264,0.583015986356998,1.487261786795882e-23,0.538295556933627,0.5,-0.06678207806003572,97.91158815952231,w20,TMTT,112,26,3.44,0.89,10.5
6.55743985418808,8.830136955554657,4.321910294302397,15.133419881602661,10.811509587300264,0.583015986356998,2.038965910020674e-21,0.0509343703267916,1.0,-0.012829233319838151,97.91158815952231,w20,TMTT,112,26,3.44,0.89,10.5
6.55743985418808,8.830136955554657,4.321910294302397,15.133419881602661,10.811509587300264,0.583015986356998,2.795326296374964e-19,0.21238411083865572,1.5,0.2839873631956621,97.91158815952231,w20,TMTT,112,26,3.44,0.89,10.5
6.55743985418808,8.830136955554657,4.321910294302397,15.133419881602661,10.811509587300264,0.583015986356998,3.8322607867881165e-17,-0.00468536038120998,2.0,0.28306415382618,97.91158815952231,w20,TMTT,112,26,3.44,0.89,10.5
6.55743985418808,8.830136955554657,4.321910294302397,15.133419881602661,10.811509587300264,0.583015986356998,5.2538491051119955e-15,0.152748938272262,2.5,0.17581523054345444,97.91158815952231,w20,TMTT,112,26,3.44,0.89,10.5
6.55743985418808,8.830136955554657,4.321910294302397,15.133419881602661,10.811509587300264,0.583015986356998,7.20276685557328e-13,0.5584507067256235,3.0,0.016311640692933504,97.91158815952231,w20,TMTT,112,26,3.44,0.89,10.5
6.55743985418808,8.830136955554657,4.321910294302397,15.133419881602661,10.811509587300264,0.583015986356998,9.872012201227345e-11,0.5602354314055518,3.5,0.45797432252124104,97.91158815952231,w20,TMTT,112,26,3.44,0.89,10.5
6.55743985418808,8.830136955554657,4.321910294302397,15.133419881602661,10.811509587300264,0.583015986356998,1.3017143440384482e-08,1.1706311021763378,4.0,0.8013739007310712,97.91158815952231,w20,TMTT,112,26,3.44,0.89,10.5
6.55743985418808,8.830136955554657,4.321910294302397,15.133419881602661,10.811509587300264,0.583015986356998,1.105964681765689,1.7245184664436701,4.5,0.966734738778009,97.91158815952231,w20,TMTT,112,26,3.44,0.89,10.5
6.55743985418808,8.830136955554657,4.321910294302397,15.133419881602661,10.811509587300264,0.583015986356998,3.102509533830928,2.7481857636436824,5.0,3.2561348879189738,97.91158815952231,w20,TMTT,112,26,3.44,0.89,10.5
6.55743985418808,8.830136955554657,4.321910294302397,15.133419881602661,10.811509587300264,0.583015986356998,4.259193838346909,3.9753968723155397,5.5,3.3317192001663654,97.91158815952231,w20,TMTT,112,26,3.44,0.89,10.5
6.55743985418808,8.830136955554657,4.321910294302397,15.133419881602661,10.811509587300264,0.583015986356998,5.067161922223704,4.676160912932492,6.0,3.4945414982793928,97.91158815952231,w20,TMTT,112,26,3.44,0.89,10.5
6.55743985418808,8.830136955554657,4.321910294302397,15.133419881602661,10.811509587300264,0.583015986356998,5.640544722476802,6.326919885786663,6.5,6.112272735441952,97.91158815952231,w20,TMTT,112,26,3.44,0.89,10.5
6.55743985418808,8.830136955554657,4.321910294302397,15.133419881602661,10.811509587300264,0.583015986356998,6.04034318299263,5.488915796963156,7.0,4.42013673158967,97.91158815952231,w20,TMTT,112,26,3.44,0.89,10.5
6.55743985418808,8.830136955554657,4.321910294302397,15.133419881602661,10.811509587300264,0.583015986356998,6.306404963967673,7.046516868015929,7.5,8.1967998177351,97.91158815952231,w20,TMTT,112,26,3.44,0.89,10.5
6.55743985418808,8.830136955554657,4.321910294302397,15.133419881602661,10.811509587300264,0.583015986356998,6.467211079908328,6.915306559609596,8.0,6.589091006535086,97.91158815952231,w20,TMTT,112,26,3.44,0.89,10.5
6.55743985418808,8.830136955554657,4.321910294302397,15.133419881602661,10.811509587300264,0.583015986356998,6.5442280820485585,7.696487758992792,8.5,7.74597962919683,97.91158815952231,w20,TMTT,112,26,3.44,0.89,10.5
6.55743985418808,8.830136955554657,4.321910294302397,15.133419881602661,10.811509587300264,0.583015986356998,6.55419286736921,7.35025584078902,9.0,6.324144968688436,97.91158815952231,w20,TMTT,112,26,3.44,0.89,10.5
6.55743985418808,8.830136955554657,4.321910294302397,15.133419881602661,10.811509587300264,0.583015986356998,6.510453420770359,8.059559788773209,9.5,7.052728650221391,97.91158815952231,w20,TMTT,112,26,3.44,0.89,10.5
6.55743985418808,8.830136955554657,4.321910294302397,15.133419881602661,10.811509587300264,0.583015986356998,6.423821997207942,6.717249368450816,10.0,6.864380937338019,97.91158815952231,w20,TMTT,112,26,3.44,0.89,10.5
6.55743985418808,8.830136955554657,4.321910294302397,15.133419881602661,10.811509587300264,0.583015986356998,6.303152380174014,5.827714391952477,10.5,7.257117113928734,97.91158815952231,w20,TMTT,112,26,3.44,0.89,10.5
6.55743985418808,8.830136955554657,4.321910294302397,15.133419881602661,10.811509587300264,0.583015986356998,6.155749464037169,6.002713072650429,11.0,6.024219716609796,97.91158815952231,w20,TMTT,112,26,3.44,0.89,10.5
6.55743985418808,8.830136955554657,4.321910294302397,15.133419881602661,10.811509587300264,0.583015986356998,5.987670953954258,4.445067321507414,11.5,4.325627781937987,97.91158815952231,w20,TMTT,112,26,3.44,0.89,10.5
6.55743985418808,8.830136955554657,4.321910294302397,15.133419881602661,10.811509587300264,0.583015986356998,5.803956332995154,5.11549308553278,12.0,6.255211300579514,97.91158815952231,w20,TMTT,112,26,3.44,0.89,10.5
6.55743985418808,8.830136955554657,4.321910294302397,15.133419881602661,10.811509587300264,0.583015986356998,5.60880485323358,4.550783034795955,12.5,3.430003692989206,97.91158815952231,w20,TMTT,112,26,3.44,0.89,10.5
6.55743985418808,8.830136955554657,4.321910294302397,15.133419881602661,10.811509587300264,0.583015986356998,5.405716617519882,5.4348545682580065,13.0,5.971993896716385,97.91158815952231,w20,TMTT,112,26,3.44,0.89,10.5
6.55743985418808,8.830136955554657,4.321910294302397,15.133419881602661,10.811509587300264,0.583015986356998,5.197606192581561,4.6004200525579435,13.5,4.839727665853228,97.91158815952231,w20,TMTT,112,26,3.44,0.89,10.5
6.55743985418808,8.830136955554657,4.321910294302397,15.133419881602661,10.811509587300264,0.583015986356998,4.986895297433662,4.797424872136601,14.0,4.878037251337026,97.91158815952231,w20,TMTT,112,26,3.44,0.89,10.5
6.55743985418808,8.830136955554657,4.321910294302397,15.133419881602661,10.811509587300264,0.583015986356998,4.775589232851026,4.231002107842345,14.5,4.410330588341284,97.91158815952231,w20,TMTT,112,26,3.44,0.89,10.5
6.55743985418808,8.830136955554657,4.321910294302397,15.133419881602661,10.811509587300264,0.583015986356998,4.56534046175491,4.095075595121527,15.0,4.356137460139968,97.91158815952231,w20,TMTT,112,26,3.44,0.89,10.5
6.55743985418808,8.830136955554657,4.321910294302397,15.133419881602661,10.811509587300264,0.583015986356998,4.357501887341564,4.628696127327316,15.5,4.779664250903436,97.91158815952231,w20,TMTT,112,26,3.44,0.89,10.5
6.55743985418808,8.830136955554657,4.321910294302397,15.133419881602661,10.811509587300264,0.583015986356998,4.153171768065572,3.6140421018162483,16.0,4.5848890611212605,97.91158815952231,w20,TMTT,112,26,3.44,0.89,10.5
6.55743985418808,8.830136955554657,4.321910294302397,15.133419881602661,10.811509587300264,0.583015986356998,3.9532317711574825,4.0421010102500485,16.5,3.960364315950287,97.91158815952231,w20,TMTT,112,26,3.44,0.89,10.5
6.55743985418808,8.830136955554657,4.321910294302397,15.133419881602661,10.811509587300264,0.583015986356998,3.758379345189124,3.137646927556165,17.0,3.9354369040986485,97.91158815952231,w20,TMTT,112,26,3.44,0.89,10.5
6.55743985418808,8.830136955554657,4.321910294302397,15.133419881602661,10.811509587300264,0.583015986356998,3.569155352131858,3.6393257782763424,17.5,3.137534526484769,97.91158815952231,w20,TMTT,112,26,3.44,0.89,10.5
6.55743985418808,8.830136955554657,4.321910294302397,15.133419881602661,10.811509587300264,0.583015986356998,3.385967716963325,3.1356484871526584,18.0,2.9174546204517493,97.91158815952231,w20,TMTT,112,26,3.44,0.89,10.5
6.55743985418808,8.830136955554657,4.321910294302397,15.133419881602661,10.811509587300264,0.583015986356998,3.2091117122501616,3.5267830546312786,18.5,3.304879523385768,97.91158815952231,w20,TMTT,112,26,3.44,0.89,10.5
6.55743985418808,8.830136955554657,4.321910294302397,15.133419881602661,10.811509587300264,0.583015986356998,3.038787385243078,3.1204090137527207,19.0,1.9496648309899394,97.91158815952231,w20,TMTT,112,26,3.44,0.89,10.5
6.55743985418808,8.830136955554657,4.321910294302397,15.133419881602661,10.811509587300264,0.583015986356998,2.87511454809808,3.183264761548134,19.5,3.654997596482922,97.91158815952231,w20,TMTT,112,26,3.44,0.89,10.5
6.55743985418808,8.830136955554657,4.321910294302397,15.133419881602661,10.811509587300264,0.583015986356998,2.718145682319564,2.689363223994567,20.0,4.243027810330048,97.91158815952231,w20,TMTT,112,26,3.44,0.89,10.5
6.55743985418808,8.830136955554657,4.321910294302397,15.133419881602661,10.811509587300264,0.583015986356998,2.5678770523633725,2.1692141295697898,20.5,3.4269858620043516,97.91158815952231,w20,TMTT,112,26,3.44,0.89,10.5
6.55743985418808,8.830136955554657,4.321910294302397,15.133419881602661,10.811509587300264,0.583015986356998,2.424258277559492,2.7810583108379605,21.0,3.474045867558575,97.91158815952231,w20,TMTT,112,26,3.44,0.89,10.5
6.55743985418808,8.830136955554657,4.321910294302397,15.133419881602661,10.811509587300264,0.583015986356998,2.287200573888716,2.186463348177383,21.5,2.5751829170693252,97.91158815952231,w20,TMTT,112,26,3.44,0.89,10.5
6.55743985418808,8.830136955554657,4.321910294302397,15.133419881602661,10.811509587300264,0.583015986356998,2.1565838459924307,2.825456009986895,22.0,3.212306624698636,97.91158815952231,w20,TMTT,112,26,3.44,0.89,10.5
6.021622472324623,8.065494784624425,4.320300683251859,14.023108150270911,9.702807467019053,0.6140092324718481,4.873973960984865e-29,0.08331363658347185,-1.0,0.35185097986815095,80.78948129771568,w20,TMTT,113,26,3.13,0.92,10.5
6.021622472324623,8.065494784624425,4.320300683251859,14.023108150270911,9.702807467019053,0.6140092324718481,6.651305836176778e-27,-0.02984259094858277,-0.5,0.03315662366604055,80.78948129771568,w20,TMTT,113,26,3.13,0.92,10.5
6.021622472324623,8.065494784624425,4.320300683251859,14.023108150270911,9.702807467019053,0.6140092324718481,9.076755370564164e-25,-0.05271140668746205,0.0,0.1841979786005279,80.78948129771568,w20,TMTT,113,26,3.13,0.92,10.5
6.021622472324623,8.065494784624425,4.320300683251859,14.023108150270911,9.702807467019053,0.6140092324718481,1.2386663624600723e-22,0.3682500200904863,0.5,-0.1555259897206396,80.78948129771568,w20,TMTT,113,26,3.13,0.92,10.5
6.021622472324623,8.065494784624425,4.320300683251859,14.023108150270911,9.702807467019053,0.6140092324718481,1.6903555233688068e-20,-0.02048118346224953,1.0,0.2617878508633859,80.78948129771568,w20,TMTT,113,26,3.13,0.92,10.5
6.021622472324623,8.065494784624425,4.320300683251859,14.023108150270911,9.702807467019053,0.6140092324718481,2.3067565907796616e-18,0.17503675143316227,1.5,0.12971391117522815,80.78948129771568,w20,TMTT,113,26,3.13,0.92,10.5
6.021622472324623,8.065494784624425,4.320300683251859,14.023108150270911,9.702807467019053,0.6140092324718481,3.147933020658811e-16,-0.0867397300236406,2.0,0.20599905000759838,80.78948129771568,w20,TMTT,113,26,3.13,0.92,10.5
6.021622472324623,8.065494784624425,4.320300683251859,14.023108150270911,9.702807467019053,0.6140092324718481,4.295850815220375e-14,0.1320683863874973,2.5,0.13259834479420865,80.78948129771568,w20,TMTT,113,26,3.13,0.92,10.5
6.021622472324623,8.065494784624425,4.320300683251859,14.023108150270911,9.702807467019053,0.6140092324718481,5.8623549210860305e-12,0.39454472300630505,3.0,0.4463824219578369,80.78948129771568,w20,TMTT,113,26,3.13,0.92,10.5
6.021622472324623,8.065494784624425,4.320300683251859,14.023108150270911,9.702807467019053,0.6140092324718481,7.997932166341089e-10,0.4783970774827183,3.5,1.1727797383611098,80.78948129771568,w20,TMTT,113,26,3.13,0.92,10.5
6.021622472324623,8.065494784624425,4.320300683251859,14.023108150270911,9.702807467019053,0.6140092324718481,1.049107264439451e-07,1.0918364986949793,4.0,1.4338185571495838,80.78948129771568,w20,TMTT,113,26,3.13,0.92,10.5
6.021622472324623,8.065494784624425,4.320300683251859,14.023108150270911,9.702807467019053,0.6140092324718481,1.3927563405905528,1.4566409132467024,4.5,2.0284768314991313,80.78948129771568,w20,TMTT,113,26,3.13,0.92,10.5
6.021622472324623,8.065494784624425,4.320300683251859,14.023108150270911,9.702807467019053,0.6140092324718481,3.4417074793696436,2.3716252900753334,5.0,3.0057988504126167,80.78948129771568,w20,TMTT,113,26,3.13,0.92,10.5
6.021622472324623,8.065494784624425,4.320300683251859,14.023108150270911,9.702807467019053,0.6140092324718481,4.480614265721132,3.4470431566478084,5.5,3.8823069443899523,80.78948129771568,w20,TMTT,113,26,3.13,0.92,10.5
6.021622472324623,8.065494784624425,4.320300683251859,14.023108150270911,9.702807467019053,0.6140092324718481,5.1447389135082595,4.0626173796619724,6.0,5.165946830719838,80.78948129771568,w20,TMTT,113,26,3.13,0.92,10.5
6.021622472324623,8.065494784624425,4.320300683251859,14.023108150270911,9.702807467019053,0.6140092324718481,5.572559809772643,5.535417313248071,6.5,6.9728996548627435,80.78948129771568,w20,TMTT,113,26,3.13,0.92,10.5
6.021622472324623,8.065494784624425,4.320300683251859,14.023108150270911,9.702807467019053,0.6140092324718481,5.83429568746641,4.77526978919965,7.0,6.557489129882791,80.78948129771568,w20,TMTT,113,26,3.13,0.92,10.5
6.021622472324623,8.065494784624425,4.320300683251859,14.023108150270911,9.702807467019053,0.6140092324718481,5.973758813637006,6.1132917537746865,7.5,6.545871117067846,80.78948129771568,w20,TMTT,113,26,3.13,0.92,10.5
6.021622472324623,8.065494784624425,4.320300683251859,14.023108150270911,9.702807467019053,0.6140092324718481,6.021036833735706,6.008642961001906,8.0,6.514186980830783,80.78948129771568,w20,TMTT,113,26,3.13,0.92,10.5
6.021622472324623,8.065494784624425,4.320300683251859,14.023108150270911,9.702807467019053,0.6140092324718481,5.998006630471232,6.5973786294898344,8.5,7.527028090405649,80.78948129771568,w20,TMTT,113,26,3.13,0.92,10.5
6.021622472324623,8.065494784624425,4.320300683251859,14.023108150270911,9.702807467019053,0.6140092324718481,5.921168758208202,6.338138074514854,9.0,5.616784870999103,80.78948129771568,w20,TMTT,113,26,3.13,0.92,10.5
6.021622472324623,8.065494784624425,4.320300683251859,14.023108150270911,9.702807467019053,0.6140092324718481,5.803277568179802,7.000597175140831,9.5,6.908693212246118,80.78948129771568,w20,TMTT,113,26,3.13,0.92,10.5
6.021622472324623,8.065494784624425,4.320300683251859,14.023108150270911,9.702807467019053,0.6140092324718481,5.654358231246644,5.783102885417861,10.0,6.745455372013447,80.78948129771568,w20,TMTT,113,26,3.13,0.92,10.5
6.021622472324623,8.065494784624425,4.320300683251859,14.023108150270911,9.702807467019053,0.6140092324718481,5.4823814593250395,4.998110918060579,10.5,1.9471275092701175,80.78948129771568,w20,TMTT,113,26,3.13,0.92,10.5
6.021622472324623,8.065494784624425,4.320300683251859,14.023108150270911,9.702807467019053,0.6140092324718481,5.293732945844862,5.170663741900374,11.0,5.616802511023299,80.78948129771568,w20,TMTT,113,26,3.13,0.92,10.5
6.021622472324623,8.065494784624425,4.320300683251859,14.023108150270911,9.702807467019053,0.6140092324718481,5.093552459599488,3.8278296659958984,11.5,3.161446101890018,80.78948129771568,w20,TMTT,113,26,3.13,0.92,10.5
6.021622472324623,8.065494784624425,4.320300683251859,14.023108150270911,9.702807467019053,0.6140092324718481,4.885986225471397,4.385805452482865,12.0,1.9640009918221528,80.78948129771568,w20,TMTT,113,26,3.13,0.92,10.5
6.021622472324623,8.065494784624425,4.320300683251859,14.023108150270911,9.702807467019053,0.6140092324718481,4.674379351502212,3.9803398849283713,12.5,2.030666875580324,80.78948129771568,w20,TMTT,113,26,3.13,0.92,10.5
6.021622472324623,8.065494784624425,4.320300683251859,14.023108150270911,9.702807467019053,0.6140092324718481,4.461425445430752,4.7399507837087596,13.0,5.291514676924529,80.78948129771568,w20,TMTT,113,26,3.13,0.92,10.5
6.021622472324623,8.065494784624425,4.320300683251859,14.023108150270911,9.702807467019053,0.6140092324718481,4.249284820011196,4.016044975599787,13.5,4.686569466261801,80.78948129771568,w20,TMTT,113,26,3.13,0.92,10.5
6.021622472324623,8.065494784624425,4.320300683251859,14.023108150270911,9.702807467019053,0.6140092324718481,4.03967911449027,4.201844213534082,14.0,4.334043665459769,80.78948129771568,w20,TMTT,113,26,3.13,0.92,10.5
6.021622472324623,8.065494784624425,4.320300683251859,14.023108150270911,9.702807467019053,0.6140092324718481,3.8339678590724375,3.613683009229989,14.5,2.230549286231052,80.78948129771568,w20,TMTT,113,26,3.13,0.92,10.5
6.021622472324623,8.065494784624425,4.320300683251859,14.023108150270911,9.702807467019053,0.6140092324718481,3.6332109811746642,3.5714753342707577,15.0,4.249386537896471,80.78948129771568,w20,TMTT,113,26,3.13,0.92,10.5
6.021622472324623,8.065494784624425,4.320300683251859,14.023108150270911,9.702807467019053,0.6140092324718481,3.438220209307214,3.931581331312663,15.5,3.206455883299203,80.78948129771568,w20,TMTT,113,26,3.13,0.92,10.5
6.021622472324623,8.065494784624425,4.320300683251859,14.023108150270911,9.702807467019053,0.6140092324718481,3.249601601027943,3.121692488999847,16.0,2.785067987755545,80.78948129771568,w20,TMTT,113,26,3.13,0.92,10.5
6.021622472324623,8.065494784624425,4.320300683251859,14.023108150270911,9.702807467019053,0.6140092324718481,3.0677909001043635,3.478188101088192,16.5,3.774924864090651,80.78948129771568,w20,TMTT,113,26,3.13,0.92,10.5
6.021622472324623,8.065494784624425,4.320300683251859,14.023108150270911,9.702807467019053,0.6140092324718481,2.893083048060477,2.6835386246774533,17.0,2.1968256691083203,80.78948129771568,w20,TMTT,113,26,3.13,0.92,10.5
6.021622472324623,8.065494784624425,4.320300683251859,14.023108150270911,9.702807467019053,0.6140092324718481,2.725656893426608,3.139501466003117,17.5,3.0650937423041675,80.78948129771568,w20,TMTT,113,26,3.13,0.92,10.5
6.021622472324623,8.065494784624425,4.320300683251859,14.023108150270911,9.702807467019053,0.6140092324718481,2.5655959295646387,2.6390344676192776,18.0,2.791653625512673,80.78948129771568,w20,TMTT,113,26,3.13,0.92,10.5
6.021622472324623,8.065494784624425,4.320300683251859,14.023108150270911,9.702807467019053,0.6140092324718481,2.412905729489298,3.0868988933008774,18.5,2.981605512285448,80.78948129771568,w20,TMTT,113,26,3.13,0.92,10.5
6.021622472324623,8.065494784624425,4.320300683251859,14.023108150270911,9.702807467019053,0.6140092324718481,2.2675286202527714,2.6661567492265834,19.0,3.2087781062150253,80.78948129771568,w20,TMTT,113,26,3.13,0.92,10.5
6.021622472324623,8.065494784624425,4.320300683251859,14.023108150270911,9.702807467019053,0.6140092324718481,2.1293560408012246,2.7271098351657668,19.5,2.8740714216877423,80.78948129771568,w20,TMTT,113,26,3.13,0.92,10.5
6.021622472324623,8.065494784624425,4.320300683251859,14.023108150270911,9.702807467019053,0.6140092324718481,1.998238949040629,2.277258455319753,20.0,1.0470839824262002,80.78948129771568,w20,TMTT,113,26,3.13,0.92,10.5
6.021622472324623,8.065494784624425,4.320300683251859,14.023108150270911,9.702807467019053,0.6140092324718481,1.8739965813086221,1.905972922122292,20.5,2.5169263945104228,80.78948129771568,w20,TMTT,113,26,3.13,0.92,10.5
6.021622472324623,8.065494784624425,4.320300683251859,14.023108150270911,9.702807467019053,0.6140092324718481,1.7564238169741266,2.342053309923977,21.0,2.228616836614796,80.78948129771568,w20,TMTT,113,26,3.13,0.92,10.5
6.021622472324623,8.065494784624425,4.320300683251859,14.023108150270911,9.702807467019053,0.6140092324718481,1.6452973598255594,1.9116305499176365,21.5,1.0953973944431457,80.78948129771568,w20,TMTT,113,26,3.13,0.92,10.5
6.021622472324623,8.065494784624425,4.320300683251859,14.023108150270911,9.702807467019053,0.6140092324718481,1.540380914266335,2.3815126906586035,22.0,1.8690089743577931,80.78948129771568,w20,TMTT,113,26,3.13,0.92,10.5
6.017289150550836,8.853071205956901,3.737597453196318,13.123584810835016,9.385987357638697,0.45498821191172795,2.3908837194243564e-32,0.07873388975454992,-1.0,0.3538169041712468,75.47164500859044,w20,TMTT,114,26,2.97,0.84,10.5
6.017289150550836,8.853071205956901,3.737597453196318,13.123584810835016,9.385987357638697,0.45498821191172795,3.1563330697617646e-30,-0.0273155372788354,-0.5,-0.4986709395117105,75.47164500859044,w20,TMTT,114,26,2.97,0.84,10.5
6.017289150550836,8.853071205956901,3.737597453196318,13.123584810835016,9.385987357638697,0.45498821191172795,4.1668435676455e-28,-0.05071035027652926,0.0,-0.11077564422414526,75.47164500859044,w20,TMTT,114,26,2.97,0.84,10.5
6.017289150550836,8.853071205956901,3.737597453196318,13.123584810835016,9.385987357638697,0.45498821191172795,5.50087235202305e-26,0.3601482134447057,0.5,0.8583664083848644,75.47164500859044,w20,TMTT,114,26,2.97,0.84,10.5
6.017289150550836,8.853071205956901,3.737597453196318,13.123584810835016,9.385987357638697,0.45498821191172795,7.261994875010707e-24,-0.01155453072403309,1.0,-0.23194932616887645,75.47164500859044,w20,TMTT,114,26,2.97,0.84,10.5
6.017289150550836,8.853071205956901,3.737597453196318,13.123584810835016,9.385987357638697,0.45498821191172795,9.58694661135376e-22,0.16659752411445827,1.5,0.24848227167975165,75.47164500859044,w20,TMTT,114,26,2.97,0.84,10.5
6.017289150550836,8.853071205956901,3.737597453196318,13.123584810835016,9.385987357638697,0.45498821191172795,1.265623899952329e-19,-0.07202334462231696,2.0,-0.09319101286551941,75.47164500859044,w20,TMTT,114,26,2.97,0.84,10.5
6.017289150550836,8.853071205956901,3.737597453196318,13.123584810835016,9.385987357638697,0.45498821191172795,1.670810586791722e-17,0.12490504932724222,2.5,-0.08523536640921278,75.47164500859044,w20,TMTT,114,26,2.97,0.84,10.5
6.017289150550836,8.853071205956901,3.737597453196318,13.123584810835016,9.385987357638697,0.45498821191172795,2.204355258911671e-15,0.38394357023386533,3.0,0.18668856864331373,75.47164500859044,w20,TMTT,114,26,2.97,0.84,10.5
6.017289150550836,8.853071205956901,3.737597453196318,13.123584810835016,9.385987357638697,0.45498821191172795,2.66432913522868e-13,0.4532529298738158,3.5,1.4317337714307765,75.47164500859044,w20,TMTT,114,26,2.97,0.84,10.5
6.017289150550836,8.853071205956901,3.737597453196318,13.123584810835016,9.385987357638697,0.45498821191172795,0.4981932459841225,1.0231294270320062,4.0,1.3533839035883832,75.47164500859044,w20,TMTT,114,26,2.97,0.84,10.5
6.017289150550836,8.853071205956901,3.737597453196318,13.123584810835016,9.385987357638697,0.45498821191172795,1.7045393878023345,1.3821060715729392,4.5,1.256200932788735,75.47164500859044,w20,TMTT,114,26,2.97,0.84,10.5
6.017289150550836,8.853071205956901,3.737597453196318,13.123584810835016,9.385987357638697,0.45498821191172795,2.775345500262575,2.244022564282114,5.0,3.4436320572514054,75.47164500859044,w20,TMTT,114,26,2.97,0.84,10.5
6.017289150550836,8.853071205956901,3.737597453196318,13.123584810835016,9.385987357638697,0.45498821191172795,3.681704349577875,3.2595976505012967,5.5,2.3026358545088774,75.47164500859044,w20,TMTT,114,26,2.97,0.84,10.5
6.017289150550836,8.853071205956901,3.737597453196318,13.123584810835016,9.385987357638697,0.45498821191172795,4.416989803411055,3.8407390554604284,6.0,4.727915301643962,75.47164500859044,w20,TMTT,114,26,2.97,0.84,10.5
6.017289150550836,8.853071205956901,3.737597453196318,13.123584810835016,9.385987357638697,0.45498821191172795,4.990605151961145,5.228435993545229,6.5,5.071373094929346,75.47164500859044,w20,TMTT,114,26,2.97,0.84,10.5
6.017289150550836,8.853071205956901,3.737597453196318,13.123584810835016,9.385987357638697,0.45498821191172795,5.418152088480514,4.513683923860398,7.0,2.9661002883701197,75.47164500859044,w20,TMTT,114,26,2.97,0.84,10.5
6.017289150550836,8.853071205956901,3.737597453196318,13.123584810835016,9.385987357638697,0.45498821191172795,5.717205844860416,5.780481393033941,7.5,5.506259146037571,75.47164500859044,w20,TMTT,114,26,2.97,0.84,10.5
6.017289150550836,8.853071205956901,3.737597453196318,13.123584810835016,9.385987357638697,0.45498821191172795,5.905366041794999,5.680415741459338,8.0,5.569696619296175,75.47164500859044,w20,TMTT,114,26,2.97,0.84,10.5
6.017289150550836,8.853071205956901,3.737597453196318,13.123584810835016,9.385987357638697,0.45498821191172795,5.999314396389511,6.247891886811783,8.5,6.845287824388386,75.47164500859044,w20,TMTT,114,26,2.97,0.84,10.5
6.017289150550836,8.853071205956901,3.737597453196318,13.123584810835016,9.385987357638697,0.45498821191172795,6.014372426609345,5.997775867932139,9.0,6.680587988105346,75.47164500859044,w20,TMTT,114,26,2.97,0.84,10.5
6.017289150550836,8.853071205956901,3.737597453196318,13.123584810835016,9.385987357638697,0.45498821191172795,5.96432526628002,6.618463921090155,9.5,7.521611438188544,75.47164500859044,w20,TMTT,114,26,2.97,0.84,10.5
6.017289150550836,8.853071205956901,3.737597453196318,13.123584810835016,9.385987357638697,0.45498821191172795,5.86139217625569,5.4736652198520295,10.0,4.274163762161164,75.47164500859044,w20,TMTT,114,26,2.97,0.84,10.5
6.017289150550836,8.853071205956901,3.737597453196318,13.123584810835016,9.385987357638697,0.45498821191172795,5.716278361372563,4.73301311301186,10.5,5.45631547457758,75.47164500859044,w20,TMTT,114,26,2.97,0.84,10.5
6.017289150550836,8.853071205956901,3.737597453196318,13.123584810835016,9.385987357638697,0.45498821191172795,5.5382705281266675,4.893659546128353,11.0,3.5650650639918413,75.47164500859044,w20,TMTT,114,26,2.97,0.84,10.5
6.017289150550836,8.853071205956901,3.737597453196318,13.123584810835016,9.385987357638697,0.45498821191172795,5.335353928392175,3.622890631072759,11.5,2.4810623619681564,75.47164500859044,w20,TMTT,114,26,2.97,0.84,10.5
6.017289150550836,8.853071205956901,3.737597453196318,13.123584810835016,9.385987357638697,0.45498821191172795,5.114337493225651,4.153361128905423,12.0,5.575209565285023,75.47164500859044,w20,TMTT,114,26,2.97,0.84,10.5
6.017289150550836,8.853071205956901,3.737597453196318,13.123584810835016,9.385987357638697,0.45498821191172795,4.880978984922023,3.759728103869179,12.5,5.482568379216019,75.47164500859044,w20,TMTT,114,26,2.97,0.84,10.5
6.017289150550836,8.853071205956901,3.737597453196318,13.123584810835016,9.385987357638697,0.45498821191172795,4.64010538566473,4.47888329081825,13.0,4.630978657250617,75.47164500859044,w20,TMTT,114,26,2.97,0.84,10.5
6.017289150550836,8.853071205956901,3.737597453196318,13.123584810835016,9.385987357638697,0.45498821191172795,4.39572581344253,3.7943816489344377,13.5,4.131863003060024,75.47164500859044,w20,TMTT,114,26,2.97,0.84,10.5
6.017289150550836,8.853071205956901,3.737597453196318,13.123584810835016,9.385987357638697,0.45498821191172795,4.151135575328727,3.9682620918778397,14.0,3.3387498057880074,75.47164500859044,w20,TMTT,114,26,2.97,0.84,10.5
6.017289150550836,8.853071205956901,3.737597453196318,13.123584810835016,9.385987357638697,0.45498821191172795,3.9090108102000856,3.4238482381020083,14.5,4.028216621704843,75.47164500859044,w20,TMTT,114,26,2.97,0.84,10.5
6.017289150550836,8.853071205956901,3.737597453196318,13.123584810835016,9.385987357638697,0.45498821191172795,3.6714937062040347,3.3747583352008945,15.0,3.55996214268344,75.47164500859044,w20,TMTT,114,26,2.97,0.84,10.5
6.017289150550836,8.853071205956901,3.737597453196318,13.123584810835016,9.385987357638697,0.45498821191172795,3.440268608982955,3.7277302458990156,15.5,3.9145007944721844,75.47164500859044,w20,TMTT,114,26,2.97,0.84,10.5
6.017289150550836,8.853071205956901,3.737597453196318,13.123584810835016,9.385987357638697,0.45498821191172795,3.216629533288739,2.9533947228275914,16.0,1.8725647236226088,75.47164500859044,w20,TMTT,114,26,2.97,0.84,10.5
6.017289150550836,8.853071205956901,3.737597453196318,13.123584810835016,9.385987357638697,0.45498821191172795,3.0015396981401,3.292287306269228,16.5,3.0826395687633963,75.47164500859044,w20,TMTT,114,26,2.97,0.84,10.5
6.017289150550836,8.853071205956901,3.737597453196318,13.123584810835016,9.385987357638697,0.45498821191172795,2.795683754090686,2.542105044812471,17.0,1.9781765267042655,75.47164500859044,w20,TMTT,114,26,2.97,0.84,10.5
6.017289150550836,8.853071205956901,3.737597453196318,13.123584810835016,9.385987357638697,0.45498821191172795,2.5995133807432924,2.9707345081795125,17.5,2.648012156074811,75.47164500859044,w20,TMTT,114,26,2.97,0.84,10.5
6.017289150550836,8.853071205956901,3.737597453196318,13.123584810835016,9.385987357638697,0.45498821191172795,2.4132869171554354,2.505208930721879,18.0,2.407741258065941,75.47164500859044,w20,TMTT,114,26,2.97,0.84,10.5
6.017289150550836,8.853071205956901,3.737597453196318,13.123584810835016,9.385987357638697,0.45498821191172795,2.237103656672344,2.9155353817955185,18.5,2.8075520159121217,75.47164500859044,w20,TMTT,114,26,2.97,0.84,10.5
6.017289150550836,8.853071205956901,3.737597453196318,13.123584810835016,9.385987357638697,0.45498821191172795,2.070933397462201,2.5259636005042183,19.0,2.9343474514487125,75.47164500859044,w20,TMTT,114,26,2.97,0.84,10.5
6.017289150550836,8.853071205956901,3.737597453196318,13.123584810835016,9.385987357638697,0.45498821191172795,1.9146417950341166,2.582820087207635,19.5,1.6870752506801507,75.47164500859044,w20,TMTT,114,26,2.97,0.84,10.5
6.017289150550836,8.853071205956901,3.737597453196318,13.123584810835016,9.385987357638697,0.45498821191172795,1.7680120162865416,2.16004649194358,20.0,1.8842708213857087,75.47164500859044,w20,TMTT,114,26,2.97,0.84,10.5
6.017289150550836,8.853071205956901,3.737597453196318,13.123584810835016,9.385987357638697,0.45498821191172795,1.630763148162065,1.7992759582109525,20.5,1.3971556179136977,75.47164500859044,w20,TMTT,114,26,2.97,0.84,10.5
6.017289150550836,8.853071205956901,3.737597453196318,13.123584810835016,9.385987357638697,0.45498821191172795,1.5025657690744694,2.223103229358432,21.0,2.699072497617559,75.47164500859044,w20,TMTT,114,26,2.97,0.84,10.5
6.017289150550836,8.853071205956901,3.737597453196318,13.123584810835016,9.385987357638697,0.45498821191172795,1.3830550487363298,1.8057539946429515,21.5,1.5140828839766183,75.47164500859044,w20,TMTT,114,26,2.97,0.84,10.5
6.017289150550836,8.853071205956901,3.737597453196318,13.123584810835016,9.385987357638697,0.45498821191172795,1.2718417023182536,2.2603004490540792,22.0,2.5081357210769752,75.47164500859044,w20,TMTT,114,26,2.97,0.84,10.5
5.241421744485393,8.360817496784566,4.84937422173219,13.987454053992472,9.138079832260281,0.6157351063342781,2.866054692524721e-31,0.06923616155959533,-1.0,0.31400520489841355,66.22853783618216,w20,TMTT,115,26,3.44,0.99,10.5
5.241421744485393,8.360817496784566,4.84937422173219,13.987454053992472,9.138079832260281,0.6157351063342781,3.8919222673061033e-29,-0.02504583410058192,-0.5,0.16538390566706568,66.22853783618216,w20,TMTT,115,26,3.44,0.99,10.5
5.241421744485393,8.360817496784566,4.84937422173219,13.987454053992472,9.138079832260281,0.6157351063342781,5.284986003323602e-27,-0.04357724476275404,0.0,0.3475850502878495,66.22853783618216,w20,TMTT,115,26,3.44,0.99,10.5
5.241421744485393,8.360817496784566,4.84937422173219,13.987454053992472,9.138079832260281,0.6157351063342781,7.176679064214612e-25,0.3028153158314468,0.5,0.7520052548146273,66.22853783618216,w20,TMTT,115,26,3.44,0.99,10.5
5.241421744485393,8.360817496784566,4.84937422173219,13.987454053992472,9.138079832260281,0.6157351063342781,9.745479431420672e-23,-0.01910801906969098,1.0,-0.18407879917896133,66.22853783618216,w20,TMTT,115,26,3.44,0.99,10.5
5.241421744485393,8.360817496784566,4.84937422173219,13.987454053992472,9.138079832260281,0.6157351063342781,1.3233748994269226e-20,0.14515338675919082,1.5,0.5777675865772043,66.22853783618216,w20,TMTT,115,26,3.44,0.99,10.5
5.241421744485393,8.360817496784566,4.84937422173219,13.987454053992472,9.138079832260281,0.6157351063342781,1.7970599976703036e-18,-0.07474871626926474,2.0,-0.07395791975454985,66.22853783618216,w20,TMTT,115,26,3.44,0.99,10.5
5.241421744485393,8.360817496784566,4.84937422173219,13.987454053992472,9.138079832260281,0.6157351063342781,2.440294610715173e-16,0.10973121029066135,2.5,0.6187767436231287,66.22853783618216,w20,TMTT,115,26,3.44,0.99,10.5
5.241421744485393,8.360817496784566,4.84937422173219,13.987454053992472,9.138079832260281,0.6157351063342781,3.313766785858208e-14,0.3249500745377426,3.0,0.48970525232105494,66.22853783618216,w20,TMTT,115,26,3.44,0.99,10.5
5.241421744485393,8.360817496784566,4.84937422173219,13.987454053992472,9.138079832260281,0.6157351063342781,4.4998810050417165e-12,0.3972881772237148,3.5,-0.3093083091563714,66.22853783618216,w20,TMTT,115,26,3.44,0.99,10.5
5.241421744485393,8.360817496784566,4.84937422173219,13.987454053992472,9.138079832260281,0.6157351063342781,6.109313360518715e-10,0.9097491182785247,4.0,1.2933853179103232,66.22853783618216,w20,TMTT,115,26,3.44,0.99,10.5
5.241421744485393,8.360817496784566,4.84937422173219,13.987454053992472,9.138079832260281,0.6157351063342781,8.053054698568281e-08,1.2091521699113779,4.5,1.4539514110164944,66.22853783618216,w20,TMTT,115,26,3.44,0.99,10.5
5.241421744485393,8.360817496784566,4.84937422173219,13.987454053992472,9.138079832260281,0.6157351063342781,1.0924477932474268,1.9703469794802664,5.0,0.31359996998116246,66.22853783618216,w20,TMTT,115,26,3.44,0.99,10.5
5.241421744485393,8.360817496784566,4.84937422173219,13.987454053992472,9.138079832260281,0.6157351063342781,3.0387499013056702,2.8643355591493487,5.5,4.101525388671845,66.22853783618216,w20,TMTT,115,26,3.44,0.99,10.5
5.241421744485393,8.360817496784566,4.84937422173219,13.987454053992472,9.138079832260281,0.6157351063342781,3.974376251742334,3.3761063857097593,6.0,2.4892317295803617,66.22853783618216,w20,TMTT,115,26,3.44,0.99,10.5
5.241421744485393,8.360817496784566,4.84937422173219,13.987454053992472,9.138079832260281,0.6157351063342781,4.5549353181588135,4.60127512808014,6.5,4.77242413908482,66.22853783618216,w20,TMTT,115,26,3.44,0.99,10.5
5.241421744485393,8.360817496784566,4.84937422173219,13.987454053992472,9.138079832260281,0.6157351063342781,4.915931939856944,3.968543817051074,7.0,3.0346826446902684,66.22853783618216,w20,TMTT,115,26,3.44,0.99,10.5
5.241421744485393,8.360817496784566,4.84937422173219,13.987454053992472,9.138079832260281,0.6157351063342781,5.1247052727800675,5.079972563617835,7.5,5.508033309169067,66.22853783618216,w20,TMTT,115,26,3.44,0.99,10.5
5.241421744485393,8.360817496784566,4.84937422173219,13.987454053992472,9.138079832260281,0.6157351063342781,5.222903504597466,4.993309126094411,8.0,5.850410161565178,66.22853783618216,w20,TMTT,115,26,3.44,0.99,10.5
5.241421744485393,8.360817496784566,4.84937422173219,13.987454053992472,9.138079832260281,0.6157351063342781,5.238918753445088,5.479656630405706,8.5,4.75284823305179,66.22853783618216,w20,TMTT,115,26,3.44,0.99,10.5
5.241421744485393,8.360817496784566,4.84937422173219,13.987454053992472,9.138079832260281,0.6157351063342781,5.193244709317577,5.26556419964726,9.0,5.153981984484536,66.22853783618216,w20,TMTT,115,26,3.44,0.99,10.5
5.241421744485393,8.360817496784566,4.84937422173219,13.987454053992472,9.138079832260281,0.6157351063342781,5.1012194159589965,5.817570465859973,9.5,6.551777180606292,66.22853783618216,w20,TMTT,115,26,3.44,0.99,10.5
5.241421744485393,8.360817496784566,4.84937422173219,13.987454053992472,9.138079832260281,0.6157351063342781,4.974599627535785,4.804156298132995,10.0,4.4628275683061664,66.22853783618216,w20,TMTT,115,26,3.44,0.99,10.5
5.241421744485393,8.360817496784566,4.84937422173219,13.987454053992472,9.138079832260281,0.6157351063342781,4.822542152045409,4.151421679448634,10.5,5.212315964221433,66.22853783618216,w20,TMTT,115,26,3.44,0.99,10.5
5.241421744485393,8.360817496784566,4.84937422173219,13.987454053992472,9.138079832260281,0.6157351063342781,4.652254553541351,4.295477965303633,11.0,4.509150228917787,66.22853783618216,w20,TMTT,115,26,3.44,0.99,10.5
5.241421744485393,8.360817496784566,4.84937422173219,13.987454053992472,9.138079832260281,0.6157351063342781,4.469447615422868,3.1798962677376283,11.5,4.00070010149023,66.22853783618216,w20,TMTT,115,26,3.44,0.99,10.5
5.241421744485393,8.360817496784566,4.84937422173219,13.987454053992472,9.138079832260281,0.6157351063342781,4.278661876983709,3.6427938584906934,12.0,4.390515095945957,66.22853783618216,w20,TMTT,115,26,3.44,0.99,10.5
5.241421744485393,8.360817496784566,4.84937422173219,13.987454053992472,9.138079832260281,0.6157351063342781,4.083510334886423,3.3085921761295207,12.5,3.9844972720213936,66.22853783618216,w20,TMTT,115,26,3.44,0.99,10.5
5.241421744485393,8.360817496784566,4.84937422173219,13.987454053992472,9.138079832260281,0.6157351063342781,3.886863133076535,3.939568946901942,13.0,3.9511949451619275,66.22853783618216,w20,TMTT,115,26,3.44,0.99,10.5
5.241421744485393,8.360817496784566,4.84937422173219,13.987454053992472,9.138079832260281,0.6157351063342781,3.690990799519786,3.3380243579438607,13.5,1.792249200075968,66.22853783618216,w20,TMTT,115,26,3.44,0.99,10.5
5.241421744485393,8.360817496784566,4.84937422173219,13.987454053992472,9.138079832260281,0.6157351063342781,3.4976770540513846,3.4928991814035037,14.0,3.093814858900897,66.22853783618216,w20,TMTT,115,26,3.44,0.99,10.5
5.241421744485393,8.360817496784566,4.84937422173219,13.987454053992472,9.138079832260281,0.6157351063342781,3.308308768226227,3.0010278685277414,14.5,4.202889651638621,66.22853783618216,w20,TMTT,115,26,3.44,0.99,10.5
5.241421744485393,8.360817496784566,4.84937422173219,13.987454053992472,9.138079832260281,0.6157351063342781,3.1239484381067664,2.968400846500997,15.0,1.8698446125760941,66.22853783618216,w20,TMTT,115,26,3.44,0.99,10.5
5.241421744485393,8.360817496784566,4.84937422173219,13.987454053992472,9.138079832260281,0.6157351063342781,2.9453930544642497,3.2643159287889674,15.5,2.2687207001309133,66.22853783618216,w20,TMTT,115,26,3.44,0.99,10.5
5.241421744485393,8.360817496784566,4.84937422173219,13.987454053992472,9.138079832260281,0.6157351063342781,2.773222245492735,2.5935954337220313,16.0,3.343675326073577,66.22853783618216,w20,TMTT,115,26,3.44,0.99,10.5
5.241421744485393,8.360817496784566,4.84937422173219,13.987454053992472,9.138079832260281,0.6157351063342781,2.6078378599841825,2.889352658572863,16.5,2.1745788773249717,66.22853783618216,w20,TMTT,115,26,3.44,0.99,10.5
5.241421744485393,8.360817496784566,4.84937422173219,13.987454053992472,9.138079832260281,0.6157351063342781,2.44949665254802,2.228699083861933,17.0,1.9114660477177077,66.22853783618216,w20,TMTT,115,26,3.44,0.99,10.5
5.241421744485393,8.360817496784566,4.84937422173219,13.987454053992472,9.138079832260281,0.6157351063342781,2.2983373626994434,2.6082608741604334,17.5,3.1802739023157827,66.22853783618216,w20,TMTT,115,26,3.44,0.99,10.5
5.241421744485393,8.360817496784566,4.84937422173219,13.987454053992472,9.138079832260281,0.6157351063342781,2.1544032048445914,2.190335515641184,18.0,2.066460609947254,66.22853783618216,w20,TMTT,115,26,3.44,0.99,10.5
5.241421744485393,8.360817496784566,4.84937422173219,13.987454053992472,9.138079832260281,0.6157351063342781,2.0176605787149304,2.5660046828946235,18.5,2.916239850093935,66.22853783618216,w20,TMTT,115,26,3.44,0.99,10.5
5.241421744485393,8.360817496784566,4.84937422173219,13.987454053992472,9.138079832260281,0.6157351063342781,1.8880146509111737,2.2141768272670075,19.0,1.465705495516045,66.22853783618216,w20,TMTT,115,26,3.44,0.99,10.5
5.241421744485393,8.360817496784566,4.84937422173219,13.987454053992472,9.138079832260281,0.6157351063342781,1.7653223349645357,2.265034594730568,19.5,2.2480916767850165,66.22853783618216,w20,TMTT,115,26,3.44,0.99,10.5
5.241421744485393,8.360817496784566,4.84937422173219,13.987454053992472,9.138079832260281,0.6157351063342781,1.6494031006082992,1.8905307118559203,20.0,2.2758438544541004,66.22853783618216,w20,TMTT,115,26,3.44,0.99,10.5
5.241421744485393,8.360817496784566,4.84937422173219,13.987454053992472,9.138079832260281,0.6157351063342781,1.5400479662712705,1.5845869427180235,20.5,-0.3359613329553342,66.22853783618216,w20,TMTT,115,26,3.44,0.99,10.5
5.241421744485393,8.360817496784566,4.84937422173219,13.987454053992472,9.138079832260281,0.6157351063342781,1.437026967437911,1.94389663064304,21.0,1.4901991125954364,66.22853783618216,w20,TMTT,115,26,3.44,0.99,10.5
5.241421744485393,8.360817496784566,4.84937422173219,13.987454053992472,9.138079832260281,0.6157351063342781,1.3400953439964924,1.5889875643579314,21.5,2.234135809323994,66.22853783618216,w20,TMTT,115,26,3.44,0.99,10.5
5.241421744485393,8.360817496784566,4.84937422173219,13.987454053992472,9.138079832260281,0.6157351063342781,1.248998649429363,1.976716678452063,22.0,1.9658653609819798,66.22853783618216,w20,TMTT,115,26,3.44,0.99,10.5
4.948314627120305,8.8056954334155,4.290457922796737,14.76672502398318,10.476267101186444,0.5690032082031002,2.3025187484499738e-30,0.07108534807231215,-1.0,-0.057630604204919944,71.49495107642065,w20,TMTT,116,26,3.32,1.01,10.5
4.948314627120305,8.8056954334155,4.290457922796737,14.76672502398318,10.476267101186444,0.5690032082031002,3.142300950291845e-28,-0.017071968383926994,-0.5,-0.4716294702757465,71.49495107642065,w20,TMTT,116,26,3.32,1.01,10.5
4.948314627120305,8.8056954334155,4.290457922796737,14.76672502398318,10.476267101186444,0.5690032082031002,4.288371275522565e-26,-0.05285686629991204,0.0,0.22216177738787385,71.49495107642065,w20,TMTT,116,26,3.32,1.01,10.5
4.948314627120305,8.8056954334155,4.290457922796737,14.76672502398318,10.476267101186444,0.5690032082031002,5.8524401346787054e-24,0.4246882887212102,0.5,0.3798524041645994,71.49495107642065,w20,TMTT,116,26,3.32,1.01,10.5
4.948314627120305,8.8056954334155,4.290457922796737,14.76672502398318,10.476267101186444,0.5690032082031002,7.986961326202852e-22,0.05420540284054093,1.0,0.3257432939696047,71.49495107642065,w20,TMTT,116,26,3.32,1.01,10.5
4.948314627120305,8.8056954334155,4.290457922796737,14.76672502398318,10.476267101186444,0.5690032082031002,1.0899992098717e-19,0.15995378453523446,1.5,0.21854340939586042,71.49495107642065,w20,TMTT,116,26,3.32,1.01,10.5
4.948314627120305,8.8056954334155,4.290457922796737,14.76672502398318,10.476267101186444,0.5690032082031002,1.487547302239722e-17,0.017495567637372922,2.0,0.2671952256911595,71.49495107642065,w20,TMTT,116,26,3.32,1.01,10.5
4.948314627120305,8.8056954334155,4.290457922796737,14.76672502398318,10.476267101186444,0.5690032082031002,2.0300904072068385e-15,0.11345023059689141,2.5,0.47209257174262803,71.49495107642065,w20,TMTT,116,26,3.32,1.01,10.5
4.948314627120305,8.8056954334155,4.290457922796737,14.76672502398318,10.476267101186444,0.5690032082031002,2.7705048066664273e-13,0.4374097268414074,3.0,0.5248224832549867,71.49495107642065,w20,TMTT,116,26,3.32,1.01,10.5
4.948314627120305,8.8056954334155,4.290457922796737,14.76672502398318,10.476267101186444,0.5690032082031002,3.779586967483654e-11,0.4177920814614058,3.5,-0.6241425521730212,71.49495107642065,w20,TMTT,116,26,3.32,1.01,10.5
4.948314627120305,8.8056954334155,4.290457922796737,14.76672502398318,10.476267101186444,0.5690032082031002,4.892047527783458e-09,0.8495964782426773,4.0,-0.3420684220874527,71.49495107642065,w20,TMTT,116,26,3.32,1.01,10.5
4.948314627120305,8.8056954334155,4.290457922796737,14.76672502398318,10.476267101186444,0.5690032082031002,0.886668204401029,1.2902416768676253,4.5,0.780072838722293,71.49495107642065,w20,TMTT,116,26,3.32,1.01,10.5
4.948314627120305,8.8056954334155,4.290457922796737,14.76672502398318,10.476267101186444,0.5690032082031002,2.3045802528677757,2.0433552298666453,5.0,2.5155729695536295,71.49495107642065,w20,TMTT,116,26,3.32,1.01,10.5
4.948314627120305,8.8056954334155,4.290457922796737,14.76672502398318,10.476267101186444,0.5690032082031002,3.1767384373750147,2.9516870443306247,5.5,2.6432573389877048,71.49495107642065,w20,TMTT,116,26,3.32,1.01,10.5
4.948314627120305,8.8056954334155,4.290457922796737,14.76672502398318,10.476267101186444,0.5690032082031002,3.7963915681090485,3.469985647319864,6.0,3.0115895184874892,71.49495107642065,w20,TMTT,116,26,3.32,1.01,10.5
4.948314627120305,8.8056954334155,4.290457922796737,14.76672502398318,10.476267101186444,0.5690032082031002,4.23975935819285,4.685137918767678,6.5,3.9266153687308636,71.49495107642065,w20,TMTT,116,26,3.32,1.01,10.5
4.948314627120305,8.8056954334155,4.290457922796737,14.76672502398318,10.476267101186444,0.5690032082031002,4.5500845476964615,4.071445186359798,7.0,5.320738469290303,71.49495107642065,w20,TMTT,116,26,3.32,1.01,10.5
4.948314627120305,8.8056954334155,4.290457922796737,14.76672502398318,10.476267101186444,0.5690032082031002,4.756644036456079,5.231168154905576,7.5,4.6528059367563275,71.49495107642065,w20,TMTT,116,26,3.32,1.01,10.5
4.948314627120305,8.8056954334155,4.290457922796737,14.76672502398318,10.476267101186444,0.5690032082031002,4.880898624976603,5.13142255099845,8.0,4.571595514998928,71.49495107642065,w20,TMTT,116,26,3.32,1.01,10.5
4.948314627120305,8.8056954334155,4.290457922796737,14.76672502398318,10.476267101186444,0.5690032082031002,4.9393240636558495,5.734003340963206,8.5,4.898380485220621,71.49495107642065,w20,TMTT,116,26,3.32,1.01,10.5
4.948314627120305,8.8056954334155,4.290457922796737,14.76672502398318,10.476267101186444,0.5690032082031002,4.944941739417923,5.466498293654558,9.0,5.957456089677262,71.49495107642065,w20,TMTT,116,26,3.32,1.01,10.5
4.948314627120305,8.8056954334155,4.290457922796737,14.76672502398318,10.476267101186444,0.5690032082031002,4.908241208168848,5.981091970242716,9.5,5.714545959271258,71.49495107642065,w20,TMTT,116,26,3.32,1.01,10.5
4.948314627120305,8.8056954334155,4.290457922796737,14.76672502398318,10.476267101186444,0.5690032082031002,4.837781836677895,4.998055320080914,10.0,5.52174525167565,71.49495107642065,w20,TMTT,116,26,3.32,1.01,10.5
4.948314627120305,8.8056954334155,4.290457922796737,14.76672502398318,10.476267101186444,0.5690032082031002,4.740609130894583,4.341052888424108,10.5,3.9544938414732527,71.49495107642065,w20,TMTT,116,26,3.32,1.01,10.5
4.948314627120305,8.8056954334155,4.290457922796737,14.76672502398318,10.476267101186444,0.5690032082031002,4.622556229990932,4.465694369393773,11.0,4.896496536538398,71.49495107642065,w20,TMTT,116,26,3.32,1.01,10.5
4.948314627120305,8.8056954334155,4.290457922796737,14.76672502398318,10.476267101186444,0.5690032082031002,4.488470100359495,3.3071528296961636,11.5,4.671594545841989,71.49495107642065,w20,TMTT,116,26,3.32,1.01,10.5
4.948314627120305,8.8056954334155,4.290457922796737,14.76672502398318,10.476267101186444,0.5690032082031002,4.342386020165476,3.8108875823028043,12.0,3.2471353266922374,71.49495107642065,w20,TMTT,116,26,3.32,1.01,10.5
4.948314627120305,8.8056954334155,4.290457922796737,14.76672502398318,10.476267101186444,0.5690032082031002,4.187665174547162,3.3701650206129004,12.5,3.7074583904136436,71.49495107642065,w20,TMTT,116,26,3.32,1.01,10.5
4.948314627120305,8.8056954334155,4.290457922796737,14.76672502398318,10.476267101186444,0.5690032082031002,4.027105086243175,4.028363710349861,13.0,3.500579813919535,71.49495107642065,w20,TMTT,116,26,3.32,1.01,10.5
4.948314627120305,8.8056954334155,4.290457922796737,14.76672502398318,10.476267101186444,0.5690032082031002,3.863029505643332,3.4088871199255752,13.5,3.6040466702091862,71.49495107642065,w20,TMTT,116,26,3.32,1.01,10.5
4.948314627120305,8.8056954334155,4.290457922796737,14.76672502398318,10.476267101186444,0.5690032082031002,3.6973624201249606,3.551352993307725,14.0,4.397365715094095,71.49495107642065,w20,TMTT,116,26,3.32,1.01,10.5
4.948314627120305,8.8056954334155,4.290457922796737,14.76672502398318,10.476267101186444,0.5690032082031002,3.53168955404365,3.1554685242496086,14.5,3.0215535724368143,71.49495107642065,w20,TMTT,116,26,3.32,1.01,10.5
4.948314627120305,8.8056954334155,4.290457922796737,14.76672502398318,10.476267101186444,0.5690032082031002,3.367309858941884,3.035292148054501,15.0,3.6309535875076273,71.49495107642065,w20,TMTT,116,26,3.32,1.01,10.5
4.948314627120305,8.8056954334155,4.290457922796737,14.76672502398318,10.476267101186444,0.5690032082031002,3.20527888722359,3.457613076878692,15.5,3.8358931081458363,71.49495107642065,w20,TMTT,116,26,3.32,1.01,10.5
4.948314627120305,8.8056954334155,4.290457922796737,14.76672502398318,10.476267101186444,0.5690032082031002,3.0464455103716603,2.686438566331193,16.0,2.706266659592866,71.49495107642065,w20,TMTT,116,26,3.32,1.01,10.5
4.948314627120305,8.8056954334155,4.290457922796737,14.76672502398318,10.476267101186444,0.5690032082031002,2.8914831278671476,3.0080075227211838,16.5,3.777103030493947,71.49495107642065,w20,TMTT,116,26,3.32,1.01,10.5
4.948314627120305,8.8056954334155,4.290457922796737,14.76672502398318,10.476267101186444,0.5690032082031002,2.740916278889172,2.33909329314093,17.0,2.089813368470157,71.49495107642065,w20,TMTT,116,26,3.32,1.01,10.5
4.948314627120305,8.8056954334155,4.290457922796737,14.76672502398318,10.476267101186444,0.5690032082031002,2.5951433917418987,2.706258723758312,17.5,2.188351188290937,71.49495107642065,w20,TMTT,116,26,3.32,1.01,10.5
4.948314627120305,8.8056954334155,4.290457922796737,14.76672502398318,10.476267101186444,0.5690032082031002,2.454456269737175,2.348492785361553,18.0,3.010930399966153,71.49495107642065,w20,TMTT,116,26,3.32,1.01,10.5
4.948314627120305,8.8056954334155,4.290457922796737,14.76672502398318,10.476267101186444,0.5690032082031002,2.3190568059754724,2.6112492419460542,18.5,2.529342756737028,71.49495107642065,w20,TMTT,116,26,3.32,1.01,10.5
4.948314627120305,8.8056954334155,4.290457922796737,14.76672502398318,10.476267101186444,0.5690032082031002,2.1890713354455036,2.3269136558853427,19.0,3.194465952521243,71.49495107642065,w20,TMTT,116,26,3.32,1.01,10.5
4.948314627120305,8.8056954334155,4.290457922796737,14.76672502398318,10.476267101186444,0.5690032082031002,2.0645629656553344,2.371942787344461,19.5,2.7272519825163677,71.49495107642065,w20,TMTT,116,26,3.32,1.01,10.5
4.948314627120305,8.8056954334155,4.290457922796737,14.76672502398318,10.476267101186444,0.5690032082031002,1.9455421726794113,2.010712913006104,20.0,0.654175223533088,71.49495107642065,w20,TMTT,116,26,3.32,1.01,10.5
4.948314627120305,8.8056954334155,4.290457922796737,14.76672502398318,10.476267101186444,0.5690032082031002,1.8319759051707767,1.6042115484840447,20.5,1.8699371845089243,71.49495107642065,w20,TMTT,116,26,3.32,1.01,10.5
4.948314627120305,8.8056954334155,4.290457922796737,14.76672502398318,10.476267101186444,0.5690032082031002,1.7237954023992712,2.082540818817958,21.0,2.105577921432788,71.49495107642065,w20,TMTT,116,26,3.32,1.01,10.5
4.948314627120305,8.8056954334155,4.290457922796737,14.76672502398318,10.476267101186444,0.5690032082031002,1.6209029021171164,1.619385358161416,21.5,1.3434582122824712,71.49495107642065,w20,TMTT,116,26,3.32,1.01,10.5
4.948314627120305,8.8056954334155,4.290457922796737,14.76672502398318,10.476267101186444,0.5690032082031002,1.523177388788598,2.1152614244662327,22.0,2.1987184643868694,71.49495107642065,w20,TMTT,116,26,3.32,1.01,10.5
6.55743985418808,8.830136955554657,4.321910294302397,15.133419881602661,10.811509587300264,0.583015986356998,5.771913096067811e-30,0.09588210743770209,-1.0,-0.6508894191151965,97.91158815952231,w25,TMTT,117,31,3.44,0.89,10.5
6.55743985418808,8.830136955554657,4.321910294302397,15.133419881602661,10.811509587300264,0.583015986356998,7.913021193019726e-28,-0.025544024021363132,-0.5,-0.28339680941359824,97.91158815952231,w25,TMTT,117,31,3.44,0.89,10.5
6.55743985418808,8.830136955554657,4.321910294302397,15.133419881602661,10.811509587300264,0.583015986356998,1.0848379620240157e-25,-0.06874018786302705,0.0,-0.5180480316534674,97.91158815952231,w25,TMTT,117,31,3.44,0.89,10.5
6.55743985418808,8.830136955554657,4.321910294302397,15.133419881602661,10.811509587300264,0.583015986356998,1.487261786795882e-23,0.538295556933627,0.5,-0.06678207806003572,97.91158815952231,w25,TMTT,117,31,3.44,0.89,10.5
6.55743985418808,8.830136955554657,4.321910294302397,15.133419881602661,10.811509587300264,0.583015986356998,2.038965910020674e-21,0.0509343703267916,1.0,-0.012829233319838151,97.91158815952231,w25,TMTT,117,31,3.44,0.89,10.5
6.55743985418808,8.830136955554657,4.321910294302397,15.133419881602661,10.811509587300264,0.583015986356998,2.795326296374964e-19,0.21238411083865572,1.5,0.2839873631956621,97.91158815952231,w25,TMTT,117,31,3.44,0.89,10.5
6.55743985418808,8.830136955554657,4.321910294302397,15.133419881602661,10.811509587300264,0.583015986356998,3.8322607867881165e-17,-0.00468536038120998,2.0,0.28306415382618,97.91158815952231,w25,TMTT,117,31,3.44,0.89,10.5
6.55743985418808,8.830136955554657,4.321910294302397,15.133419881602661,10.811509587300264,0.583015986356998,5.2538491051119955e-15,0.152748938272262,2.5,0.17581523054345444,97.91158815952231,w25,TMTT,117,31,3.44,0.89,10.5
6.55743985418808,8.830136955554657,4.321910294302397,15.133419881602661,10.811509587300264,0.583015986356998,7.20276685557328e-13,0.5584507067256235,3.0,0.016311640692933504,97.91158815952231,w25,TMTT,117,31,3.44,0.89,10.5
6.55743985418808,8.830136955554657,4.321910294302397,15.133419881602661,10.811509587300264,0.583015986356998,9.872012201227345e-11,0.5602354314055518,3.5,0.45797432252124104,97.91158815952231,w25,TMTT,117,31,3.44,0.89,10.5
6.55743985418808,8.830136955554657,4.321910294302397,15.133419881602661,10.811509587300264,0.583015986356998,1.3017143440384482e-08,1.1706311021763378,4.0,0.8013739007310712,97.91158815952231,w25,TMTT,117,31,3.44,0.89,10.5
6.55743985418808,8.830136955554657,4.321910294302397,15.133419881602661,10.811509587300264,0.583015986356998,1.105964681765689,1.7245184664436701,4.5,0.966734738778009,97.91158815952231,w25,TMTT,117,31,3.44,0.89,10.5
6.55743985418808,8.830136955554657,4.321910294302397,15.133419881602661,10.811509587300264,0.583015986356998,3.102509533830928,2.7481857636436824,5.0,3.2561348879189738,97.91158815952231,w25,TMTT,117,31,3.44,0.89,10.5
6.55743985418808,8.830136955554657,4.321910294302397,15.133419881602661,10.811509587300264,0.583015986356998,4.259193838346909,3.9753968723155397,5.5,3.3317192001663654,97.91158815952231,w25,TMTT,117,31,3.44,0.89,10.5
6.55743985418808,8.830136955554657,4.321910294302397,15.133419881602661,10.811509587300264,0.583015986356998,5.067161922223704,4.676160912932492,6.0,3.4945414982793928,97.91158815952231,w25,TMTT,117,31,3.44,0.89,10.5
6.55743985418808,8.830136955554657,4.321910294302397,15.133419881602661,10.811509587300264,0.583015986356998,5.640544722476802,6.326919885786663,6.5,6.112272735441952,97.91158815952231,w25,TMTT,117,31,3.44,0.89,10.5
6.55743985418808,8.830136955554657,4.321910294302397,15.133419881602661,10.811509587300264,0.583015986356998,6.04034318299263,5.488915796963156,7.0,4.42013673158967,97.91158815952231,w25,TMTT,117,31,3.44,0.89,10.5
6.55743985418808,8.830136955554657,4.321910294302397,15.133419881602661,10.811509587300264,0.583015986356998,6.306404963967673,7.046516868015929,7.5,8.1967998177351,97.91158815952231,w25,TMTT,117,31,3.44,0.89,10.5
6.55743985418808,8.830136955554657,4.321910294302397,15.133419881602661,10.811509587300264,0.583015986356998,6.467211079908328,6.915306559609596,8.0,6.589091006535086,97.91158815952231,w25,TMTT,117,31,3.44,0.89,10.5
6.55743985418808,8.830136955554657,4.321910294302397,15.133419881602661,10.811509587300264,0.583015986356998,6.5442280820485585,7.696487758992792,8.5,7.74597962919683,97.91158815952231,w25,TMTT,117,31,3.44,0.89,10.5
6.55743985418808,8.830136955554657,4.321910294302397,15.133419881602661,10.811509587300264,0.583015986356998,6.55419286736921,7.35025584078902,9.0,6.324144968688436,97.91158815952231,w25,TMTT,117,31,3.44,0.89,10.5
6.55743985418808,8.830136955554657,4.321910294302397,15.133419881602661,10.811509587300264,0.583015986356998,6.510453420770359,8.059559788773209,9.5,7.052728650221391,97.91158815952231,w25,TMTT,117,31,3.44,0.89,10.5
6.55743985418808,8.830136955554657,4.321910294302397,15.133419881602661,10.811509587300264,0.583015986356998,6.423821997207942,6.717249368450816,10.0,6.864380937338019,97.91158815952231,w25,TMTT,117,31,3.44,0.89,10.5
6.55743985418808,8.830136955554657,4.321910294302397,15.133419881602661,10.811509587300264,0.583015986356998,6.303152380174014,5.827714391952477,10.5,7.257117113928734,97.91158815952231,w25,TMTT,117,31,3.44,0.89,10.5
6.55743985418808,8.830136955554657,4.321910294302397,15.133419881602661,10.811509587300264,0.583015986356998,6.155749464037169,6.002713072650429,11.0,6.024219716609796,97.91158815952231,w25,TMTT,117,31,3.44,0.89,10.5
6.55743985418808,8.830136955554657,4.321910294302397,15.133419881602661,10.811509587300264,0.583015986356998,5.987670953954258,4.445067321507414,11.5,4.325627781937987,97.91158815952231,w25,TMTT,117,31,3.44,0.89,10.5
6.55743985418808,8.830136955554657,4.321910294302397,15.133419881602661,10.811509587300264,0.583015986356998,5.803956332995154,5.11549308553278,12.0,6.255211300579514,97.91158815952231,w25,TMTT,117,31,3.44,0.89,10.5
6.55743985418808,8.830136955554657,4.321910294302397,15.133419881602661,10.811509587300264,0.583015986356998,5.60880485323358,4.550783034795955,12.5,3.430003692989206,97.91158815952231,w25,TMTT,117,31,3.44,0.89,10.5
6.55743985418808,8.830136955554657,4.321910294302397,15.133419881602661,10.811509587300264,0.583015986356998,5.405716617519882,5.4348545682580065,13.0,5.971993896716385,97.91158815952231,w25,TMTT,117,31,3.44,0.89,10.5
6.55743985418808,8.830136955554657,4.321910294302397,15.133419881602661,10.811509587300264,0.583015986356998,5.197606192581561,4.6004200525579435,13.5,4.839727665853228,97.91158815952231,w25,TMTT,117,31,3.44,0.89,10.5
6.55743985418808,8.830136955554657,4.321910294302397,15.133419881602661,10.811509587300264,0.583015986356998,4.986895297433662,4.797424872136601,14.0,4.878037251337026,97.91158815952231,w25,TMTT,117,31,3.44,0.89,10.5
6.55743985418808,8.830136955554657,4.321910294302397,15.133419881602661,10.811509587300264,0.583015986356998,4.775589232851026,4.231002107842345,14.5,4.410330588341284,97.91158815952231,w25,TMTT,117,31,3.44,0.89,10.5
6.55743985418808,8.830136955554657,4.321910294302397,15.133419881602661,10.811509587300264,0.583015986356998,4.56534046175491,4.095075595121527,15.0,4.356137460139968,97.91158815952231,w25,TMTT,117,31,3.44,0.89,10.5
6.55743985418808,8.830136955554657,4.321910294302397,15.133419881602661,10.811509587300264,0.583015986356998,4.357501887341564,4.628696127327316,15.5,4.779664250903436,97.91158815952231,w25,TMTT,117,31,3.44,0.89,10.5
6.55743985418808,8.830136955554657,4.321910294302397,15.133419881602661,10.811509587300264,0.583015986356998,4.153171768065572,3.6140421018162483,16.0,4.5848890611212605,97.91158815952231,w25,TMTT,117,31,3.44,0.89,10.5
6.55743985418808,8.830136955554657,4.321910294302397,15.133419881602661,10.811509587300264,0.583015986356998,3.9532317711574825,4.0421010102500485,16.5,3.960364315950287,97.91158815952231,w25,TMTT,117,31,3.44,0.89,10.5
6.55743985418808,8.830136955554657,4.321910294302397,15.133419881602661,10.811509587300264,0.583015986356998,3.758379345189124,3.137646927556165,17.0,3.9354369040986485,97.91158815952231,w25,TMTT,117,31,3.44,0.89,10.5
6.55743985418808,8.830136955554657,4.321910294302397,15.133419881602661,10.811509587300264,0.583015986356998,3.569155352131858,3.6393257782763424,17.5,3.137534526484769,97.91158815952231,w25,TMTT,117,31,3.44,0.89,10.5
6.55743985418808,8.830136955554657,4.321910294302397,15.133419881602661,10.811509587300264,0.583015986356998,3.385967716963325,3.1356484871526584,18.0,2.9174546204517493,97.91158815952231,w25,TMTT,117,31,3.44,0.89,10.5
6.55743985418808,8.830136955554657,4.321910294302397,15.133419881602661,10.811509587300264,0.583015986356998,3.2091117122501616,3.5267830546312786,18.5,3.304879523385768,97.91158815952231,w25,TMTT,117,31,3.44,0.89,10.5
6.55743985418808,8.830136955554657,4.321910294302397,15.133419881602661,10.811509587300264,0.583015986356998,3.038787385243078,3.1204090137527207,19.0,1.9496648309899394,97.91158815952231,w25,TMTT,117,31,3.44,0.89,10.5
6.55743985418808,8.830136955554657,4.321910294302397,15.133419881602661,10.811509587300264,0.583015986356998,2.87511454809808,3.183264761548134,19.5,3.654997596482922,97.91158815952231,w25,TMTT,117,31,3.44,0.89,10.5
6.55743985418808,8.830136955554657,4.321910294302397,15.133419881602661,10.811509587300264,0.583015986356998,2.718145682319564,2.689363223994567,20.0,4.243027810330048,97.91158815952231,w25,TMTT,117,31,3.44,0.89,10.5
6.55743985418808,8.830136955554657,4.321910294302397,15.133419881602661,10.811509587300264,0.583015986356998,2.5678770523633725,2.1692141295697898,20.5,3.4269858620043516,97.91158815952231,w25,TMTT,117,31,3.44,0.89,10.5
6.55743985418808,8.830136955554657,4.321910294302397,15.133419881602661,10.811509587300264,0.583015986356998,2.424258277559492,2.7810583108379605,21.0,3.474045867558575,97.91158815952231,w25,TMTT,117,31,3.44,0.89,10.5
6.55743985418808,8.830136955554657,4.321910294302397,15.133419881602661,10.811509587300264,0.583015986356998,2.287200573888716,2.186463348177383,21.5,2.5751829170693252,97.91158815952231,w25,TMTT,117,31,3.44,0.89,10.5
6.55743985418808,8.830136955554657,4.321910294302397,15.133419881602661,10.811509587300264,0.583015986356998,2.1565838459924307,2.825456009986895,22.0,3.212306624698636,97.91158815952231,w25,TMTT,117,31,3.44,0.89,10.5
6.021622472324623,8.065494784624425,4.320300683251859,14.023108150270911,9.702807467019053,0.6140092324718481,4.873973960984865e-29,0.08331363658347185,-1.0,0.35185097986815095,80.78948129771568,w25,TMTT,118,31,3.13,0.92,10.5
6.021622472324623,8.065494784624425,4.320300683251859,14.023108150270911,9.702807467019053,0.6140092324718481,6.651305836176778e-27,-0.02984259094858277,-0.5,0.03315662366604055,80.78948129771568,w25,TMTT,118,31,3.13,0.92,10.5
6.021622472324623,8.065494784624425,4.320300683251859,14.023108150270911,9.702807467019053,0.6140092324718481,9.076755370564164e-25,-0.05271140668746205,0.0,0.1841979786005279,80.78948129771568,w25,TMTT,118,31,3.13,0.92,10.5
6.021622472324623,8.065494784624425,4.320300683251859,14.023108150270911,9.702807467019053,0.6140092324718481,1.2386663624600723e-22,0.3682500200904863,0.5,-0.1555259897206396,80.78948129771568,w25,TMTT,118,31,3.13,0.92,10.5
6.021622472324623,8.065494784624425,4.320300683251859,14.023108150270911,9.702807467019053,0.6140092324718481,1.6903555233688068e-20,-0.02048118346224953,1.0,0.2617878508633859,80.78948129771568,w25,TMTT,118,31,3.13,0.92,10.5
6.021622472324623,8.065494784624425,4.320300683251859,14.023108150270911,9.702807467019053,0.6140092324718481,2.3067565907796616e-18,0.17503675143316227,1.5,0.12971391117522815,80.78948129771568,w25,TMTT,118,31,3.13,0.92,10.5
6.021622472324623,8.065494784624425,4.320300683251859,14.023108150270911,9.702807467019053,0.6140092324718481,3.147933020658811e-16,-0.0867397300236406,2.0,0.20599905000759838,80.78948129771568,w25,TMTT,118,31,3.13,0.92,10.5
6.021622472324623,8.065494784624425,4.320300683251859,14.023108150270911,9.702807467019053,0.6140092324718481,4.295850815220375e-14,0.1320683863874973,2.5,0.13259834479420865,80.78948129771568,w25,TMTT,118,31,3.13,0.92,10.5
6.021622472324623,8.065494784624425,4.320300683251859,14.023108150270911,9.702807467019053,0.6140092324718481,5.8623549210860305e-12,0.39454472300630505,3.0,0.4463824219578369,80.78948129771568,w25,TMTT,118,31,3.13,0.92,10.5
6.021622472324623,8.065494784624425,4.320300683251859,14.023108150270911,9.702807467019053,0.6140092324718481,7.997932166341089e-10,0.4783970774827183,3.5,1.1727797383611098,80.78948129771568,w25,TMTT,118,31,3.13,0.92,10.5
6.021622472324623,8.065494784624425,4.320300683251859,14.023108150270911,9.702807467019053,0.6140092324718481,1.049107264439451e-07,1.0918364986949793,4.0,1.4338185571495838,80.78948129771568,w25,TMTT,118,31,3.13,0.92,10.5
6.021622472324623,8.065494784624425,4.320300683251859,14.023108150270911,9.702807467019053,0.6140092324718481,1.3927563405905528,1.4566409132467024,4.5,2.0284768314991313,80.78948129771568,w25,TMTT,118,31,3.13,0.92,10.5
6.021622472324623,8.065494784624425,4.320300683251859,14.023108150270911,9.702807467019053,0.6140092324718481,3.4417074793696436,2.3716252900753334,5.0,3.0057988504126167,80.78948129771568,w25,TMTT,118,31,3.13,0.92,10.5
6.021622472324623,8.065494784624425,4.320300683251859,14.023108150270911,9.702807467019053,0.6140092324718481,4.480614265721132,3.4470431566478084,5.5,3.8823069443899523,80.78948129771568,w25,TMTT,118,31,3.13,0.92,10.5
6.021622472324623,8.065494784624425,4.320300683251859,14.023108150270911,9.702807467019053,0.6140092324718481,5.1447389135082595,4.0626173796619724,6.0,5.165946830719838,80.78948129771568,w25,TMTT,118,31,3.13,0.92,10.5
6.021622472324623,8.065494784624425,4.320300683251859,14.023108150270911,9.702807467019053,0.6140092324718481,5.572559809772643,5.535417313248071,6.5,6.9728996548627435,80.78948129771568,w25,TMTT,118,31,3.13,0.92,10.5
6.021622472324623,8.065494784624425,4.320300683251859,14.023108150270911,9.702807467019053,0.6140092324718481,5.83429568746641,4.77526978919965,7.0,6.557489129882791,80.78948129771568,w25,TMTT,118,31,3.13,0.92,10.5
6.021622472324623,8.065494784624425,4.320300683251859,14.023108150270911,9.702807467019053,0.6140092324718481,5.973758813637006,6.1132917537746865,7.5,6.545871117067846,80.78948129771568,w25,TMTT,118,31,3.13,0.92,10.5
6.021622472324623,8.065494784624425,4.320300683251859,14.023108150270911,9.702807467019053,0.6140092324718481,6.021036833735706,6.008642961001906,8.0,6.514186980830783,80.78948129771568,w25,TMTT,118,31,3.13,0.92,10.5
6.021622472324623,8.065494784624425,4.320300683251859,14.023108150270911,9.702807467019053,0.6140092324718481,5.998006630471232,6.5973786294898344,8.5,7.527028090405649,80.78948129771568,w25,TMTT,118,31,3.13,0.92,10.5
6.021622472324623,8.065494784624425,4.320300683251859,14.023108150270911,9.702807467019053,0.6140092324718481,5.921168758208202,6.338138074514854,9.0,5.616784870999103,80.78948129771568,w25,TMTT,118,31,3.13,0.92,10.5
6.021622472324623,8.065494784624425,4.320300683251859,14.023108150270911,9.702807467019053,0.6140092324718481,5.803277568179802,7.000597175140831,9.5,6.908693212246118,80.78948129771568,w25,TMTT,118,31,3.13,0.92,10.5
6.021622472324623,8.065494784624425,4.320300683251859,14.023108150270911,9.702807467019053,0.6140092324718481,5.654358231246644,5.783102885417861,10.0,6.745455372013447,80.78948129771568,w25,TMTT,118,31,3.13,0.92,10.5
6.021622472324623,8.065494784624425,4.320300683251859,14.023108150270911,9.702807467019053,0.6140092324718481,5.4823814593250395,4.998110918060579,10.5,1.9471275092701175,80.78948129771568,w25,TMTT,118,31,3.13,0.92,10.5
6.021622472324623,8.065494784624425,4.320300683251859,14.023108150270911,9.702807467019053,0.6140092324718481,5.293732945844862,5.170663741900374,11.0,5.616802511023299,80.78948129771568,w25,TMTT,118,31,3.13,0.92,10.5
6.021622472324623,8.065494784624425,4.320300683251859,14.023108150270911,9.702807467019053,0.6140092324718481,5.093552459599488,3.8278296659958984,11.5,3.161446101890018,80.78948129771568,w25,TMTT,118,31,3.13,0.92,10.5
6.021622472324623,8.065494784624425,4.320300683251859,14.023108150270911,9.702807467019053,0.6140092324718481,4.885986225471397,4.385805452482865,12.0,1.9640009918221528,80.78948129771568,w25,TMTT,118,31,3.13,0.92,10.5
6.021622472324623,8.065494784624425,4.320300683251859,14.023108150270911,9.702807467019053,0.6140092324718481,4.674379351502212,3.9803398849283713,12.5,2.030666875580324,80.78948129771568,w25,TMTT,118,31,3.13,0.92,10.5
6.021622472324623,8.065494784624425,4.320300683251859,14.023108150270911,9.702807467019053,0.6140092324718481,4.461425445430752,4.7399507837087596,13.0,5.291514676924529,80.78948129771568,w25,TMTT,118,31,3.13,0.92,10.5
6.021622472324623,8.065494784624425,4.320300683251859,14.023108150270911,9.702807467019053,0.6140092324718481,4.249284820011196,4.016044975599787,13.5,4.686569466261801,80.78948129771568,w25,TMTT,118,31,3.13,0.92,10.5
6.021622472324623,8.065494784624425,4.320300683251859,14.023108150270911,9.702807467019053,0.6140092324718481,4.03967911449027,4.201844213534082,14.0,4.334043665459769,80.78948129771568,w25,TMTT,118,31,3.13,0.92,10.5
6.021622472324623,8.065494784624425,4.320300683251859,14.023108150270911,9.702807467019053,0.6140092324718481,3.8339678590724375,3.613683009229989,14.5,2.230549286231052,80.78948129771568,w25,TMTT,118,31,3.13,0.92,10.5
6.021622472324623,8.065494784624425,4.320300683251859,14.023108150270911,9.702807467019053,0.6140092324718481,3.6332109811746642,3.5714753342707577,15.0,4.249386537896471,80.78948129771568,w25,TMTT,118,31,3.13,0.92,10.5
6.021622472324623,8.065494784624425,4.320300683251859,14.023108150270911,9.702807467019053,0.6140092324718481,3.438220209307214,3.931581331312663,15.5,3.206455883299203,80.78948129771568,w25,TMTT,118,31,3.13,0.92,10.5
6.021622472324623,8.065494784624425,4.320300683251859,14.023108150270911,9.702807467019053,0.6140092324718481,3.249601601027943,3.121692488999847,16.0,2.785067987755545,80.78948129771568,w25,TMTT,118,31,3.13,0.92,10.5
6.021622472324623,8.065494784624425,4.320300683251859,14.023108150270911,9.702807467019053,0.6140092324718481,3.0677909001043635,3.478188101088192,16.5,3.774924864090651,80.78948129771568,w25,TMTT,118,31,3.13,0.92,10.5
6.021622472324623,8.065494784624425,4.320300683251859,14.023108150270911,9.702807467019053,0.6140092324718481,2.893083048060477,2.6835386246774533,17.0,2.1968256691083203,80.78948129771568,w25,TMTT,118,31,3.13,0.92,10.5
6.021622472324623,8.065494784624425,4.320300683251859,14.023108150270911,9.702807467019053,0.6140092324718481,2.725656893426608,3.139501466003117,17.5,3.0650937423041675,80.78948129771568,w25,TMTT,118,31,3.13,0.92,10.5
6.021622472324623,8.065494784624425,4.320300683251859,14.023108150270911,9.702807467019053,0.6140092324718481,2.5655959295646387,2.6390344676192776,18.0,2.791653625512673,80.78948129771568,w25,TMTT,118,31,3.13,0.92,10.5
6.021622472324623,8.065494784624425,4.320300683251859,14.023108150270911,9.702807467019053,0.6140092324718481,2.412905729489298,3.0868988933008774,18.5,2.981605512285448,80.78948129771568,w25,TMTT,118,31,3.13,0.92,10.5
6.021622472324623,8.065494784624425,4.320300683251859,14.023108150270911,9.702807467019053,0.6140092324718481,2.2675286202527714,2.6661567492265834,19.0,3.2087781062150253,80.78948129771568,w25,TMTT,118,31,3.13,0.92,10.5
6.021622472324623,8.065494784624425,4.320300683251859,14.023108150270911,9.702807467019053,0.6140092324718481,2.1293560408012246,2.7271098351657668,19.5,2.8740714216877423,80.78948129771568,w25,TMTT,118,31,3.13,0.92,10.5
6.021622472324623,8.065494784624425,4.320300683251859,14.023108150270911,9.702807467019053,0.6140092324718481,1.998238949040629,2.277258455319753,20.0,1.0470839824262002,80.78948129771568,w25,TMTT,118,31,3.13,0.92,10.5
6.021622472324623,8.065494784624425,4.320300683251859,14.023108150270911,9.702807467019053,0.6140092324718481,1.8739965813086221,1.905972922122292,20.5,2.5169263945104228,80.78948129771568,w25,TMTT,118,31,3.13,0.92,10.5
6.021622472324623,8.065494784624425,4.320300683251859,14.023108150270911,9.702807467019053,0.6140092324718481,1.7564238169741266,2.342053309923977,21.0,2.228616836614796,80.78948129771568,w25,TMTT,118,31,3.13,0.92,10.5
6.021622472324623,8.065494784624425,4.320300683251859,14.023108150270911,9.702807467019053,0.6140092324718481,1.6452973598255594,1.9116305499176365,21.5,1.0953973944431457,80.78948129771568,w25,TMTT,118,31,3.13,0.92,10.5
6.021622472324623,8.065494784624425,4.320300683251859,14.023108150270911,9.702807467019053,0.6140092324718481,1.540380914266335,2.3815126906586035,22.0,1.8690089743577931,80.78948129771568,w25,TMTT,118,31,3.13,0.92,10.5
6.017289150550836,8.853071205956901,3.737597453196318,13.123584810835016,9.385987357638697,0.45498821191172795,2.3908837194243564e-32,0.07873388975454992,-1.0,0.3538169041712468,75.47164500859044,w25,TMTT,119,31,2.97,0.84,10.5
6.017289150550836,8.853071205956901,3.737597453196318,13.123584810835016,9.385987357638697,0.45498821191172795,3.1563330697617646e-30,-0.0273155372788354,-0.5,-0.4986709395117105,75.47164500859044,w25,TMTT,119,31,2.97,0.84,10.5
6.017289150550836,8.853071205956901,3.737597453196318,13.123584810835016,9.385987357638697,0.45498821191172795,4.1668435676455e-28,-0.05071035027652926,0.0,-0.11077564422414526,75.47164500859044,w25,TMTT,119,31,2.97,0.84,10.5
6.017289150550836,8.853071205956901,3.737597453196318,13.123584810835016,9.385987357638697,0.45498821191172795,5.50087235202305e-26,0.3601482134447057,0.5,0.8583664083848644,75.47164500859044,w25,TMTT,119,31,2.97,0.84,10.5
6.017289150550836,8.853071205956901,3.737597453196318,13.123584810835016,9.385987357638697,0.45498821191172795,7.261994875010707e-24,-0.01155453072403309,1.0,-0.23194932616887645,75.47164500859044,w25,TMTT,119,31,2.97,0.84,10.5
6.017289150550836,8.853071205956901,3.737597453196318,13.123584810835016,9.385987357638697,0.45498821191172795,9.58694661135376e-22,0.16659752411445827,1.5,0.24848227167975165,75.47164500859044,w25,TMTT,119,31,2.97,0.84,10.5
6.017289150550836,8.853071205956901,3.737597453196318,13.123584810835016,9.385987357638697,0.45498821191172795,1.265623899952329e-19,-0.07202334462231696,2.0,-0.09319101286551941,75.47164500859044,w25,TMTT,119,31,2.97,0.84,10.5
6.017289150550836,8.853071205956901,3.737597453196318,13.123584810835016,9.385987357638697,0.45498821191172795,1.670810586791722e-17,0.12490504932724222,2.5,-0.08523536640921278,75.47164500859044,w25,TMTT,119,31,2.97,0.84,10.5
6.017289150550836,8.853071205956901,3.737597453196318,13.123584810835016,9.385987357638697,0.45498821191172795,2.204355258911671e-15,0.38394357023386533,3.0,0.18668856864331373,75.47164500859044,w25,TMTT,119,31,2.97,0.84,10.5
6.017289150550836,8.853071205956901,3.737597453196318,13.123584810835016,9.385987357638697,0.45498821191172795,2.66432913522868e-13,0.4532529298738158,3.5,1.4317337714307765,75.47164500859044,w25,TMTT,119,31,2.97,0.84,10.5
6.017289150550836,8.853071205956901,3.737597453196318,13.123584810835016,9.385987357638697,0.45498821191172795,0.4981932459841225,1.0231294270320062,4.0,1.3533839035883832,75.47164500859044,w25,TMTT,119,31,2.97,0.84,10.5
6.017289150550836,8.853071205956901,3.737597453196318,13.123584810835016,9.385987357638697,0.45498821191172795,1.7045393878023345,1.3821060715729392,4.5,1.256200932788735,75.47164500859044,w25,TMTT,119,31,2.97,0.84,10.5
6.017289150550836,8.853071205956901,3.737597453196318,13.123584810835016,9.385987357638697,0.45498821191172795,2.775345500262575,2.244022564282114,5.0,3.4436320572514054,75.47164500859044,w25,TMTT,119,31,2.97,0.84,10.5
6.017289150550836,8.853071205956901,3.737597453196318,13.123584810835016,9.385987357638697,0.45498821191172795,3.681704349577875,3.2595976505012967,5.5,2.3026358545088774,75.47164500859044,w25,TMTT,119,31,2.97,0.84,10.5
6.017289150550836,8.853071205956901,3.737597453196318,13.123584810835016,9.385987357638697,0.45498821191172795,4.416989803411055,3.8407390554604284,6.0,4.727915301643962,75.47164500859044,w25,TMTT,119,31,2.97,0.84,10.5
6.017289150550836,8.853071205956901,3.737597453196318,13.123584810835016,9.385987357638697,0.45498821191172795,4.990605151961145,5.228435993545229,6.5,5.071373094929346,75.47164500859044,w25,TMTT,119,31,2.97,0.84,10.5
6.017289150550836,8.853071205956901,3.737597453196318,13.123584810835016,9.385987357638697,0.45498821191172795,5.418152088480514,4.513683923860398,7.0,2.9661002883701197,75.47164500859044,w25,TMTT,119,31,2.97,0.84,10.5
6.017289150550836,8.853071205956901,3.737597453196318,13.123584810835016,9.385987357638697,0.45498821191172795,5.717205844860416,5.780481393033941,7.5,5.506259146037571,75.47164500859044,w25,TMTT,119,31,2.97,0.84,10.5
6.017289150550836,8.853071205956901,3.737597453196318,13.123584810835016,9.385987357638697,0.45498821191172795,5.905366041794999,5.680415741459338,8.0,5.569696619296175,75.47164500859044,w25,TMTT,119,31,2.97,0.84,10.5
6.017289150550836,8.853071205956901,3.737597453196318,13.123584810835016,9.385987357638697,0.45498821191172795,5.999314396389511,6.247891886811783,8.5,6.845287824388386,75.47164500859044,w25,TMTT,119,31,2.97,0.84,10.5
6.017289150550836,8.853071205956901,3.737597453196318,13.123584810835016,9.385987357638697,0.45498821191172795,6.014372426609345,5.997775867932139,9.0,6.680587988105346,75.47164500859044,w25,TMTT,119,31,2.97,0.84,10.5
6.017289150550836,8.853071205956901,3.737597453196318,13.123584810835016,9.385987357638697,0.45498821191172795,5.96432526628002,6.618463921090155,9.5,7.521611438188544,75.47164500859044,w25,TMTT,119,31,2.97,0.84,10.5
6.017289150550836,8.853071205956901,3.737597453196318,13.123584810835016,9.385987357638697,0.45498821191172795,5.86139217625569,5.4736652198520295,10.0,4.274163762161164,75.47164500859044,w25,TMTT,119,31,2.97,0.84,10.5
6.017289150550836,8.853071205956901,3.737597453196318,13.123584810835016,9.385987357638697,0.45498821191172795,5.716278361372563,4.73301311301186,10.5,5.45631547457758,75.47164500859044,w25,TMTT,119,31,2.97,0.84,10.5
6.017289150550836,8.853071205956901,3.737597453196318,13.123584810835016,9.385987357638697,0.45498821191172795,5.5382705281266675,4.893659546128353,11.0,3.5650650639918413,75.47164500859044,w25,TMTT,119,31,2.97,0.84,10.5
6.017289150550836,8.853071205956901,3.737597453196318,13.123584810835016,9.385987357638697,0.45498821191172795,5.335353928392175,3.622890631072759,11.5,2.4810623619681564,75.47164500859044,w25,TMTT,119,31,2.97,0.84,10.5
6.017289150550836,8.853071205956901,3.737597453196318,13.123584810835016,9.385987357638697,0.45498821191172795,5.114337493225651,4.153361128905423,12.0,5.575209565285023,75.47164500859044,w25,TMTT,119,31,2.97,0.84,10.5
6.017289150550836,8.853071205956901,3.737597453196318,13.123584810835016,9.385987357638697,0.45498821191172795,4.880978984922023,3.759728103869179,12.5,5.482568379216019,75.47164500859044,w25,TMTT,119,31,2.97,0.84,10.5
6.017289150550836,8.853071205956901,3.737597453196318,13.123584810835016,9.385987357638697,0.45498821191172795,4.64010538566473,4.47888329081825,13.0,4.630978657250617,75.47164500859044,w25,TMTT,119,31,2.97,0.84,10.5
6.017289150550836,8.853071205956901,3.737597453196318,13.123584810835016,9.385987357638697,0.45498821191172795,4.39572581344253,3.7943816489344377,13.5,4.131863003060024,75.47164500859044,w25,TMTT,119,31,2.97,0.84,10.5
6.017289150550836,8.853071205956901,3.737597453196318,13.123584810835016,9.385987357638697,0.45498821191172795,4.151135575328727,3.9682620918778397,14.0,3.3387498057880074,75.47164500859044,w25,TMTT,119,31,2.97,0.84,10.5
6.017289150550836,8.853071205956901,3.737597453196318,13.123584810835016,9.385987357638697,0.45498821191172795,3.9090108102000856,3.4238482381020083,14.5,4.028216621704843,75.47164500859044,w25,TMTT,119,31,2.97,0.84,10.5
6.017289150550836,8.853071205956901,3.737597453196318,13.123584810835016,9.385987357638697,0.45498821191172795,3.6714937062040347,3.3747583352008945,15.0,3.55996214268344,75.47164500859044,w25,TMTT,119,31,2.97,0.84,10.5
6.017289150550836,8.853071205956901,3.737597453196318,13.123584810835016,9.385987357638697,0.45498821191172795,3.440268608982955,3.7277302458990156,15.5,3.9145007944721844,75.47164500859044,w25,TMTT,119,31,2.97,0.84,10.5
6.017289150550836,8.853071205956901,3.737597453196318,13.123584810835016,9.385987357638697,0.45498821191172795,3.216629533288739,2.9533947228275914,16.0,1.8725647236226088,75.47164500859044,w25,TMTT,119,31,2.97,0.84,10.5
6.017289150550836,8.853071205956901,3.737597453196318,13.123584810835016,9.385987357638697,0.45498821191172795,3.0015396981401,3.292287306269228,16.5,3.0826395687633963,75.47164500859044,w25,TMTT,119,31,2.97,0.84,10.5
6.017289150550836,8.853071205956901,3.737597453196318,13.123584810835016,9.385987357638697,0.45498821191172795,2.795683754090686,2.542105044812471,17.0,1.9781765267042655,75.47164500859044,w25,TMTT,119,31,2.97,0.84,10.5
6.017289150550836,8.853071205956901,3.737597453196318,13.123584810835016,9.385987357638697,0.45498821191172795,2.5995133807432924,2.9707345081795125,17.5,2.648012156074811,75.47164500859044,w25,TMTT,119,31,2.97,0.84,10.5
6.017289150550836,8.853071205956901,3.737597453196318,13.123584810835016,9.385987357638697,0.45498821191172795,2.4132869171554354,2.505208930721879,18.0,2.407741258065941,75.47164500859044,w25,TMTT,119,31,2.97,0.84,10.5
6.017289150550836,8.853071205956901,3.737597453196318,13.123584810835016,9.385987357638697,0.45498821191172795,2.237103656672344,2.9155353817955185,18.5,2.8075520159121217,75.47164500859044,w25,TMTT,119,31,2.97,0.84,10.5
6.017289150550836,8.853071205956901,3.737597453196318,13.123584810835016,9.385987357638697,0.45498821191172795,2.070933397462201,2.5259636005042183,19.0,2.9343474514487125,75.47164500859044,w25,TMTT,119,31,2.97,0.84,10.5
6.017289150550836,8.853071205956901,3.737597453196318,13.123584810835016,9.385987357638697,0.45498821191172795,1.9146417950341166,2.582820087207635,19.5,1.6870752506801507,75.47164500859044,w25,TMTT,119,31,2.97,0.84,10.5
6.017289150550836,8.853071205956901,3.737597453196318,13.123584810835016,9.385987357638697,0.45498821191172795,1.7680120162865416,2.16004649194358,20.0,1.8842708213857087,75.47164500859044,w25,TMTT,119,31,2.97,0.84,10.5
6.017289150550836,8.853071205956901,3.737597453196318,13.123584810835016,9.385987357638697,0.45498821191172795,1.630763148162065,1.7992759582109525,20.5,1.3971556179136977,75.47164500859044,w25,TMTT,119,31,2.97,0.84,10.5
6.017289150550836,8.853071205956901,3.737597453196318,13.123584810835016,9.385987357638697,0.45498821191172795,1.5025657690744694,2.223103229358432,21.0,2.699072497617559,75.47164500859044,w25,TMTT,119,31,2.97,0.84,10.5
6.017289150550836,8.853071205956901,3.737597453196318,13.123584810835016,9.385987357638697,0.45498821191172795,1.3830550487363298,1.8057539946429515,21.5,1.5140828839766183,75.47164500859044,w25,TMTT,119,31,2.97,0.84,10.5
6.017289150550836,8.853071205956901,3.737597453196318,13.123584810835016,9.385987357638697,0.45498821191172795,1.2718417023182536,2.2603004490540792,22.0,2.5081357210769752,75.47164500859044,w25,TMTT,119,31,2.97,0.84,10.5
5.241421744485393,8.360817496784566,4.84937422173219,13.987454053992472,9.138079832260281,0.6157351063342781,2.866054692524721e-31,0.06923616155959533,-1.0,0.31400520489841355,66.22853783618216,w25,TMTT,120,31,3.44,0.99,10.5
5.241421744485393,8.360817496784566,4.84937422173219,13.987454053992472,9.138079832260281,0.6157351063342781,3.8919222673061033e-29,-0.02504583410058192,-0.5,0.16538390566706568,66.22853783618216,w25,TMTT,120,31,3.44,0.99,10.5
5.241421744485393,8.360817496784566,4.84937422173219,13.987454053992472,9.138079832260281,0.6157351063342781,5.284986003323602e-27,-0.04357724476275404,0.0,0.3475850502878495,66.22853783618216,w25,TMTT,120,31,3.44,0.99,10.5
5.241421744485393,8.360817496784566,4.84937422173219,13.987454053992472,9.138079832260281,0.6157351063342781,7.176679064214612e-25,0.3028153158314468,0.5,0.7520052548146273,66.22853783618216,w25,TMTT,120,31,3.44,0.99,10.5
5.241421744485393,8.360817496784566,4.84937422173219,13.987454053992472,9.138079832260281,0.6157351063342781,9.745479431420672e-23,-0.01910801906969098,1.0,-0.18407879917896133,66.22853783618216,w25,TMTT,120,31,3.44,0.99,10.5
5.241421744485393,8.360817496784566,4.84937422173219,13.987454053992472,9.138079832260281,0.6157351063342781,1.3233748994269226e-20,0.14515338675919082,1.5,0.5777675865772043,66.22853783618216,w25,TMTT,120,31,3.44,0.99,10.5
5.241421744485393,8.360817496784566,4.84937422173219,13.987454053992472,9.138079832260281,0.6157351063342781,1.7970599976703036e-18,-0.07474871626926474,2.0,-0.07395791975454985,66.22853783618216,w25,TMTT,120,31,3.44,0.99,10.5
5.241421744485393,8.360817496784566,4.84937422173219,13.987454053992472,9.138079832260281,0.6157351063342781,2.440294610715173e-16,0.10973121029066135,2.5,0.6187767436231287,66.22853783618216,w25,TMTT,120,31,3.44,0.99,10.5
5.241421744485393,8.360817496784566,4.84937422173219,13.987454053992472,9.138079832260281,0.6157351063342781,3.313766785858208e-14,0.3249500745377426,3.0,0.48970525232105494,66.22853783618216,w25,TMTT,120,31,3.44,0.99,10.5
5.241421744485393,8.360817496784566,4.84937422173219,13.987454053992472,9.138079832260281,0.6157351063342781,4.4998810050417165e-12,0.3972881772237148,3.5,-0.3093083091563714,66.22853783618216,w25,TMTT,120,31,3.44,0.99,10.5
5.241421744485393,8.360817496784566,4.84937422173219,13.987454053992472,9.138079832260281,0.6157351063342781,6.109313360518715e-10,0.9097491182785247,4.0,1.2933853179103232,66.22853783618216,w25,TMTT,120,31,3.44,0.99,10.5
5.241421744485393,8.360817496784566,4.84937422173219,13.987454053992472,9.138079832260281,0.6157351063342781,8.053054698568281e-08,1.2091521699113779,4.5,1.4539514110164944,66.22853783618216,w25,TMTT,120,31,3.44,0.99,10.5
5.241421744485393,8.360817496784566,4.84937422173219,13.987454053992472,9.138079832260281,0.6157351063342781,1.0924477932474268,1.9703469794802664,5.0,0.31359996998116246,66.22853783618216,w25,TMTT,120,31,3.44,0.99,10.5
5.241421744485393,8.360817496784566,4.84937422173219,13.987454053992472,9.138079832260281,0.6157351063342781,3.0387499013056702,2.8643355591493487,5.5,4.101525388671845,66.22853783618216,w25,TMTT,120,31,3.44,0.99,10.5
5.241421744485393,8.360817496784566,4.84937422173219,13.987454053992472,9.138079832260281,0.6157351063342781,3.974376251742334,3.3761063857097593,6.0,2.4892317295803617,66.22853783618216,w25,TMTT,120,31,3.44,0.99,10.5
5.241421744485393,8.360817496784566,4.84937422173219,13.987454053992472,9.138079832260281,0.6157351063342781,4.5549353181588135,4.60127512808014,6.5,4.77242413908482,66.22853783618216,w25,TMTT,120,31,3.44,0.99,10.5
5.241421744485393,8.360817496784566,4.84937422173219,13.987454053992472,9.138079832260281,0.6157351063342781,4.915931939856944,3.968543817051074,7.0,3.0346826446902684,66.22853783618216,w25,TMTT,120,31,3.44,0.99,10.5
5.241421744485393,8.360817496784566,4.84937422173219,13.987454053992472,9.138079832260281,0.6157351063342781,5.1247052727800675,5.079972563617835,7.5,5.508033309169067,66.22853783618216,w25,TMTT,120,31,3.44,0.99,10.5
5.241421744485393,8.360817496784566,4.84937422173219,13.987454053992472,9.138079832260281,0.6157351063342781,5.222903504597466,4.993309126094411,8.0,5.850410161565178,66.22853783618216,w25,TMTT,120,31,3.44,0.99,10.5
5.241421744485393,8.360817496784566,4.84937422173219,13.987454053992472,9.138079832260281,0.6157351063342781,5.238918753445088,5.479656630405706,8.5,4.75284823305179,66.22853783618216,w25,TMTT,120,31,3.44,0.99,10.5
5.241421744485393,8.360817496784566,4.84937422173219,13.987454053992472,9.138079832260281,0.6157351063342781,5.193244709317577,5.26556419964726,9.0,5.153981984484536,66.22853783618216,w25,TMTT,120,31,3.44,0.99,10.5
5.241421744485393,8.360817496784566,4.84937422173219,13.987454053992472,9.138079832260281,0.6157351063342781,5.1012194159589965,5.817570465859973,9.5,6.551777180606292,66.22853783618216,w25,TMTT,120,31,3.44,0.99,10.5
5.241421744485393,8.360817496784566,4.84937422173219,13.987454053992472,9.138079832260281,0.6157351063342781,4.974599627535785,4.804156298132995,10.0,4.4628275683061664,66.22853783618216,w25,TMTT,120,31,3.44,0.99,10.5
5.241421744485393,8.360817496784566,4.84937422173219,13.987454053992472,9.138079832260281,0.6157351063342781,4.822542152045409,4.151421679448634,10.5,5.212315964221433,66.22853783618216,w25,TMTT,120,31,3.44,0.99,10.5
5.241421744485393,8.360817496784566,4.84937422173219,13.987454053992472,9.138079832260281,0.6157351063342781,4.652254553541351,4.295477965303633,11.0,4.509150228917787,66.22853783618216,w25,TMTT,120,31,3.44,0.99,10.5
5.241421744485393,8.360817496784566,4.84937422173219,13.987454053992472,9.138079832260281,0.6157351063342781,4.469447615422868,3.1798962677376283,11.5,4.00070010149023,66.22853783618216,w25,TMTT,120,31,3.44,0.99,10.5
5.241421744485393,8.360817496784566,4.84937422173219,13.987454053992472,9.138079832260281,0.6157351063342781,4.278661876983709,3.6427938584906934,12.0,4.390515095945957,66.22853783618216,w25,TMTT,120,31,3.44,0.99,10.5
5.241421744485393,8.360817496784566,4.84937422173219,13.987454053992472,9.138079832260281,0.6157351063342781,4.083510334886423,3.3085921761295207,12.5,3.9844972720213936,66.22853783618216,w25,TMTT,120,31,3.44,0.99,10.5
5.241421744485393,8.360817496784566,4.84937422173219,13.987454053992472,9.138079832260281,0.6157351063342781,3.886863133076535,3.939568946901942,13.0,3.9511949451619275,66.22853783618216,w25,TMTT,120,31,3.44,0.99,10.5
5.241421744485393,8.360817496784566,4.84937422173219,13.987454053992472,9.138079832260281,0.6157351063342781,3.690990799519786,3.3380243579438607,13.5,1.792249200075968,66.22853783618216,w25,TMTT,120,31,3.44,0.99,10.5
5.241421744485393,8.360817496784566,4.84937422173219,13.987454053992472,9.138079832260281,0.6157351063342781,3.4976770540513846,3.4928991814035037,14.0,3.093814858900897,66.22853783618216,w25,TMTT,120,31,3.44,0.99,10.5
5.241421744485393,8.360817496784566,4.84937422173219,13.987454053992472,9.138079832260281,0.6157351063342781,3.308308768226227,3.0010278685277414,14.5,4.202889651638621,66.22853783618216,w25,TMTT,120,31,3.44,0.99,10.5
5.241421744485393,8.360817496784566,4.84937422173219,13.987454053992472,9.138079832260281,0.6157351063342781,3.1239484381067664,2.968400846500997,15.0,1.8698446125760941,66.22853783618216,w25,TMTT,120,31,3.44,0.99,10.5
5.241421744485393,8.360817496784566,4.84937422173219,13.987454053992472,9.138079832260281,0.6157351063342781,2.9453930544642497,3.2643159287889674,15.5,2.2687207001309133,66.22853783618216,w25,TMTT,120,31,3.44,0.99,10.5
5.241421744485393,8.360817496784566,4.84937422173219,13.987454053992472,9.138079832260281,0.6157351063342781,2.773222245492735,2.5935954337220313,16.0,3.343675326073577,66.22853783618216,w25,TMTT,120,31,3.44,0.99,10.5
5.241421744485393,8.360817496784566,4.84937422173219,13.987454053992472,9.138079832260281,0.6157351063342781,2.6078378599841825,2.889352658572863,16.5,2.1745788773249717,66.22853783618216,w25,TMTT,120,31,3.44,0.99,10.5
5.241421744485393,8.360817496784566,4.84937422173219,13.987454053992472,9.138079832260281,0.6157351063342781,2.44949665254802,2.228699083861933,17.0,1.9114660477177077,66.22853783618216,w25,TMTT,120,31,3.44,0.99,10.5
5.241421744485393,8.360817496784566,4.84937422173219,13.987454053992472,9.138079832260281,0.6157351063342781,2.2983373626994434,2.6082608741604334,17.5,3.1802739023157827,66.22853783618216,w25,TMTT,120,31,3.44,0.99,10.5
5.241421744485393,8.360817496784566,4.84937422173219,13.987454053992472,9.138079832260281,0.6157351063342781,2.1544032048445914,2.190335515641184,18.0,2.066460609947254,66.22853783618216,w25,TMTT,120,31,3.44,0.99,10.5
5.241421744485393,8.360817496784566,4.84937422173219,13.987454053992472,9.138079832260281,0.6157351063342781,2.0176605787149304,2.5660046828946235,18.5,2.916239850093935,66.22853783618216,w25,TMTT,120,31,3.44,0.99,10.5
5.241421744485393,8.360817496784566,4.84937422173219,13.987454053992472,9.138079832260281,0.6157351063342781,1.8880146509111737,2.2141768272670075,19.0,1.465705495516045,66.22853783618216,w25,TMTT,120,31,3.44,0.99,10.5
5.241421744485393,8.360817496784566,4.84937422173219,13.987454053992472,9.138079832260281,0.6157351063342781,1.7653223349645357,2.265034594730568,19.5,2.2480916767850165,66.22853783618216,w25,TMTT,120,31,3.44,0.99,10.5
5.241421744485393,8.360817496784566,4.84937422173219,13.987454053992472,9.138079832260281,0.6157351063342781,1.6494031006082992,1.8905307118559203,20.0,2.2758438544541004,66.22853783618216,w25,TMTT,120,31,3.44,0.99,10.5
5.241421744485393,8.360817496784566,4.84937422173219,13.987454053992472,9.138079832260281,0.6157351063342781,1.5400479662712705,1.5845869427180235,20.5,-0.3359613329553342,66.22853783618216,w25,TMTT,120,31,3.44,0.99,10.5
5.241421744485393,8.360817496784566,4.84937422173219,13.987454053992472,9.138079832260281,0.6157351063342781,1.437026967437911,1.94389663064304,21.0,1.4901991125954364,66.22853783618216,w25,TMTT,120,31,3.44,0.99,10.5
5.241421744485393,8.360817496784566,4.84937422173219,13.987454053992472,9.138079832260281,0.6157351063342781,1.3400953439964924,1.5889875643579314,21.5,2.234135809323994,66.22853783618216,w25,TMTT,120,31,3.44,0.99,10.5
5.241421744485393,8.360817496784566,4.84937422173219,13.987454053992472,9.138079832260281,0.6157351063342781,1.248998649429363,1.976716678452063,22.0,1.9658653609819798,66.22853783618216,w25,TMTT,120,31,3.44,0.99,10.5
4.948314627120305,8.8056954334155,4.290457922796737,14.76672502398318,10.476267101186444,0.5690032082031002,2.3025187484499738e-30,0.07108534807231215,-1.0,-0.057630604204919944,71.49495107642065,w25,TMTT,121,31,3.32,1.01,10.5
4.948314627120305,8.8056954334155,4.290457922796737,14.76672502398318,10.476267101186444,0.5690032082031002,3.142300950291845e-28,-0.017071968383926994,-0.5,-0.4716294702757465,71.49495107642065,w25,TMTT,121,31,3.32,1.01,10.5
4.948314627120305,8.8056954334155,4.290457922796737,14.76672502398318,10.476267101186444,0.5690032082031002,4.288371275522565e-26,-0.05285686629991204,0.0,0.22216177738787385,71.49495107642065,w25,TMTT,121,31,3.32,1.01,10.5
4.948314627120305,8.8056954334155,4.290457922796737,14.76672502398318,10.476267101186444,0.5690032082031002,5.8524401346787054e-24,0.4246882887212102,0.5,0.3798524041645994,71.49495107642065,w25,TMTT,121,31,3.32,1.01,10.5
4.948314627120305,8.8056954334155,4.290457922796737,14.76672502398318,10.476267101186444,0.5690032082031002,7.986961326202852e-22,0.05420540284054093,1.0,0.3257432939696047,71.49495107642065,w25,TMTT,121,31,3.32,1.01,10.5
4.948314627120305,8.8056954334155,4.290457922796737,14.76672502398318,10.476267101186444,0.5690032082031002,1.0899992098717e-19,0.15995378453523446,1.5,0.21854340939586042,71.49495107642065,w25,TMTT,121,31,3.32,1.01,10.5
4.948314627120305,8.8056954334155,4.290457922796737,14.76672502398318,10.476267101186444,0.5690032082031002,1.487547302239722e-17,0.017495567637372922,2.0,0.2671952256911595,71.49495107642065,w25,TMTT,121,31,3.32,1.01,10.5
4.948314627120305,8.8056954334155,4.290457922796737,14.76672502398318,10.476267101186444,0.5690032082031002,2.0300904072068385e-15,0.11345023059689141,2.5,0.47209257174262803,71.49495107642065,w25,TMTT,121,31,3.32,1.01,10.5
4.948314627120305,8.8056954334155,4.290457922796737,14.76672502398318,10.476267101186444,0.5690032082031002,2.7705048066664273e-13,0.4374097268414074,3.0,0.5248224832549867,71.49495107642065,w25,TMTT,121,31,3.32,1.01,10.5
4.948314627120305,8.8056954334155,4.290457922796737,14.76672502398318,10.476267101186444,0.5690032082031002,3.779586967483654e-11,0.4177920814614058,3.5,-0.6241425521730212,71.49495107642065,w25,TMTT,121,31,3.32,1.01,10.5
4.948314627120305,8.8056954334155,4.290457922796737,14.76672502398318,10.476267101186444,0.5690032082031002,4.892047527783458e-09,0.8495964782426773,4.0,-0.3420684220874527,71.49495107642065,w25,TMTT,121,31,3.32,1.01,10.5
4.948314627120305,8.8056954334155,4.290457922796737,14.76672502398318,10.476267101186444,0.5690032082031002,0.886668204401029,1.2902416768676253,4.5,0.780072838722293,71.49495107642065,w25,TMTT,121,31,3.32,1.01,10.5
4.948314627120305,8.8056954334155,4.290457922796737,14.76672502398318,10.476267101186444,0.5690032082031002,2.3045802528677757,2.0433552298666453,5.0,2.5155729695536295,71.49495107642065,w25,TMTT,121,31,3.32,1.01,10.5
4.948314627120305,8.8056954334155,4.290457922796737,14.76672502398318,10.476267101186444,0.5690032082031002,3.1767384373750147,2.9516870443306247,5.5,2.6432573389877048,71.49495107642065,w25,TMTT,121,31,3.32,1.01,10.5
4.948314627120305,8.8056954334155,4.290457922796737,14.76672502398318,10.476267101186444,0.5690032082031002,3.7963915681090485,3.469985647319864,6.0,3.0115895184874892,71.49495107642065,w25,TMTT,121,31,3.32,1.01,10.5
4.948314627120305,8.8056954334155,4.290457922796737,14.76672502398318,10.476267101186444,0.5690032082031002,4.23975935819285,4.685137918767678,6.5,3.9266153687308636,71.49495107642065,w25,TMTT,121,31,3.32,1.01,10.5
4.948314627120305,8.8056954334155,4.290457922796737,14.76672502398318,10.476267101186444,0.5690032082031002,4.5500845476964615,4.071445186359798,7.0,5.320738469290303,71.49495107642065,w25,TMTT,121,31,3.32,1.01,10.5
4.948314627120305,8.8056954334155,4.290457922796737,14.76672502398318,10.476267101186444,0.5690032082031002,4.756644036456079,5.231168154905576,7.5,4.6528059367563275,71.49495107642065,w25,TMTT,121,31,3.32,1.01,10.5
4.948314627120305,8.8056954334155,4.290457922796737,14.76672502398318,10.476267101186444,0.5690032082031002,4.880898624976603,5.13142255099845,8.0,4.571595514998928,71.49495107642065,w25,TMTT,121,31,3.32,1.01,10.5
4.948314627120305,8.8056954334155,4.290457922796737,14.76672502398318,10.476267101186444,0.5690032082031002,4.9393240636558495,5.734003340963206,8.5,4.898380485220621,71.49495107642065,w25,TMTT,121,31,3.32,1.01,10.5
4.948314627120305,8.8056954334155,4.290457922796737,14.76672502398318,10.476267101186444,0.5690032082031002,4.944941739417923,5.466498293654558,9.0,5.957456089677262,71.49495107642065,w25,TMTT,121,31,3.32,1.01,10.5
4.948314627120305,8.8056954334155,4.290457922796737,14.76672502398318,10.476267101186444,0.5690032082031002,4.908241208168848,5.981091970242716,9.5,5.714545959271258,71.49495107642065,w25,TMTT,121,31,3.32,1.01,10.5
4.948314627120305,8.8056954334155,4.290457922796737,14.76672502398318,10.476267101186444,0.5690032082031002,4.837781836677895,4.998055320080914,10.0,5.52174525167565,71.49495107642065,w25,TMTT,121,31,3.32,1.01,10.5
4.948314627120305,8.8056954334155,4.290457922796737,14.76672502398318,10.476267101186444,0.5690032082031002,4.740609130894583,4.341052888424108,10.5,3.9544938414732527,71.49495107642065,w25,TMTT,121,31,3.32,1.01,10.5
4.948314627120305,8.8056954334155,4.290457922796737,14.76672502398318,10.476267101186444,0.5690032082031002,4.622556229990932,4.465694369393773,11.0,4.896496536538398,71.49495107642065,w25,TMTT,121,31,3.32,1.01,10.5
4.948314627120305,8.8056954334155,4.290457922796737,14.76672502398318,10.476267101186444,0.5690032082031002,4.488470100359495,3.3071528296961636,11.5,4.671594545841989,71.49495107642065,w25,TMTT,121,31,3.32,1.01,10.5
4.948314627120305,8.8056954334155,4.290457922796737,14.76672502398318,10.476267101186444,0.5690032082031002,4.342386020165476,3.8108875823028043,12.0,3.2471353266922374,71.49495107642065,w25,TMTT,121,31,3.32,1.01,10.5
4.948314627120305,8.8056954334155,4.290457922796737,14.76672502398318,10.476267101186444,0.5690032082031002,4.187665174547162,3.3701650206129004,12.5,3.7074583904136436,71.49495107642065,w25,TMTT,121,31,3.32,1.01,10.5
4.948314627120305,8.8056954334155,4.290457922796737,14.76672502398318,10.476267101186444,0.5690032082031002,4.027105086243175,4.028363710349861,13.0,3.500579813919535,71.49495107642065,w25,TMTT,121,31,3.32,1.01,10.5
4.948314627120305,8.8056954334155,4.290457922796737,14.76672502398318,10.476267101186444,0.5690032082031002,3.863029505643332,3.4088871199255752,13.5,3.6040466702091862,71.49495107642065,w25,TMTT,121,31,3.32,1.01,10.5
4.948314627120305,8.8056954334155,4.290457922796737,14.76672502398318,10.476267101186444,0.5690032082031002,3.6973624201249606,3.551352993307725,14.0,4.397365715094095,71.49495107642065,w25,TMTT,121,31,3.32,1.01,10.5
4.948314627120305,8.8056954334155,4.290457922796737,14.76672502398318,10.476267101186444,0.5690032082031002,3.53168955404365,3.1554685242496086,14.5,3.0215535724368143,71.49495107642065,w25,TMTT,121,31,3.32,1.01,10.5
4.948314627120305,8.8056954334155,4.290457922796737,14.76672502398318,10.476267101186444,0.5690032082031002,3.367309858941884,3.035292148054501,15.0,3.6309535875076273,71.49495107642065,w25,TMTT,121,31,3.32,1.01,10.5
4.948314627120305,8.8056954334155,4.290457922796737,14.76672502398318,10.476267101186444,0.5690032082031002,3.20527888722359,3.457613076878692,15.5,3.8358931081458363,71.49495107642065,w25,TMTT,121,31,3.32,1.01,10.5
4.948314627120305,8.8056954334155,4.290457922796737,14.76672502398318,10.476267101186444,0.5690032082031002,3.0464455103716603,2.686438566331193,16.0,2.706266659592866,71.49495107642065,w25,TMTT,121,31,3.32,1.01,10.5
4.948314627120305,8.8056954334155,4.290457922796737,14.76672502398318,10.476267101186444,0.5690032082031002,2.8914831278671476,3.0080075227211838,16.5,3.777103030493947,71.49495107642065,w25,TMTT,121,31,3.32,1.01,10.5
4.948314627120305,8.8056954334155,4.290457922796737,14.76672502398318,10.476267101186444,0.5690032082031002,2.740916278889172,2.33909329314093,17.0,2.089813368470157,71.49495107642065,w25,TMTT,121,31,3.32,1.01,10.5
4.948314627120305,8.8056954334155,4.290457922796737,14.76672502398318,10.476267101186444,0.5690032082031002,2.5951433917418987,2.706258723758312,17.5,2.188351188290937,71.49495107642065,w25,TMTT,121,31,3.32,1.01,10.5
4.948314627120305,8.8056954334155,4.290457922796737,14.76672502398318,10.476267101186444,0.5690032082031002,2.454456269737175,2.348492785361553,18.0,3.010930399966153,71.49495107642065,w25,TMTT,121,31,3.32,1.01,10.5
4.948314627120305,8.8056954334155,4.290457922796737,14.76672502398318,10.476267101186444,0.5690032082031002,2.3190568059754724,2.6112492419460542,18.5,2.529342756737028,71.49495107642065,w25,TMTT,121,31,3.32,1.01,10.5
4.948314627120305,8.8056954334155,4.290457922796737,14.76672502398318,10.476267101186444,0.5690032082031002,2.1890713354455036,2.3269136558853427,19.0,3.194465952521243,71.49495107642065,w25,TMTT,121,31,3.32,1.01,10.5
4.948314627120305,8.8056954334155,4.290457922796737,14.76672502398318,10.476267101186444,0.5690032082031002,2.0645629656553344,2.371942787344461,19.5,2.7272519825163677,71.49495107642065,w25,TMTT,121,31,3.32,1.01,10.5
4.948314627120305,8.8056954334155,4.290457922796737,14.76672502398318,10.476267101186444,0.5690032082031002,1.9455421726794113,2.010712913006104,20.0,0.654175223533088,71.49495107642065,w25,TMTT,121,31,3.32,1.01,10.5
4.948314627120305,8.8056954334155,4.290457922796737,14.76672502398318,10.476267101186444,0.5690032082031002,1.8319759051707767,1.6042115484840447,20.5,1.8699371845089243,71.49495107642065,w25,TMTT,121,31,3.32,1.01,10.5
4.948314627120305,8.8056954334155,4.290457922796737,14.76672502398318,10.476267101186444,0.5690032082031002,1.7237954023992712,2.082540818817958,21.0,2.105577921432788,71.49495107642065,w25,TMTT,121,31,3.32,1.01,10.5
4.948314627120305,8.8056954334155,4.290457922796737,14.76672502398318,10.476267101186444,0.5690032082031002,1.6209029021171164,1.619385358161416,21.5,1.3434582122824712,71.49495107642065,w25,TMTT,121,31,3.32,1.01,10.5
4.948314627120305,8.8056954334155,4.290457922796737,14.76672502398318,10.476267101186444,0.5690032082031002,1.523177388788598,2.1152614244662327,22.0,2.1987184643868694,71.49495107642065,w25,TMTT,121,31,3.32,1.01,10.5
6.55743985418808,8.830136955554657,4.321910294302397,15.133419881602661,10.811509587300264,0.583015986356998,5.771913096067811e-30,0.09588210743770209,-1.0,-0.6508894191151965,97.91158815952231,w30,TMTT,122,36,3.44,0.89,10.5
6.55743985418808,8.830136955554657,4.321910294302397,15.133419881602661,10.811509587300264,0.583015986356998,7.913021193019726e-28,-0.025544024021363132,-0.5,-0.28339680941359824,97.91158815952231,w30,TMTT,122,36,3.44,0.89,10.5
6.55743985418808,8.830136955554657,4.321910294302397,15.133419881602661,10.811509587300264,0.583015986356998,1.0848379620240157e-25,-0.06874018786302705,0.0,-0.5180480316534674,97.91158815952231,w30,TMTT,122,36,3.44,0.89,10.5
6.55743985418808,8.830136955554657,4.321910294302397,15.133419881602661,10.811509587300264,0.583015986356998,1.487261786795882e-23,0.538295556933627,0.5,-0.06678207806003572,97.91158815952231,w30,TMTT,122,36,3.44,0.89,10.5
6.55743985418808,8.830136955554657,4.321910294302397,15.133419881602661,10.811509587300264,0.583015986356998,2.038965910020674e-21,0.0509343703267916,1.0,-0.012829233319838151,97.91158815952231,w30,TMTT,122,36,3.44,0.89,10.5
6.55743985418808,8.830136955554657,4.321910294302397,15.133419881602661,10.811509587300264,0.583015986356998,2.795326296374964e-19,0.21238411083865572,1.5,0.2839873631956621,97.91158815952231,w30,TMTT,122,36,3.44,0.89,10.5
6.55743985418808,8.830136955554657,4.321910294302397,15.133419881602661,10.811509587300264,0.583015986356998,3.8322607867881165e-17,-0.00468536038120998,2.0,0.28306415382618,97.91158815952231,w30,TMTT,122,36,3.44,0.89,10.5
6.55743985418808,8.830136955554657,4.321910294302397,15.133419881602661,10.811509587300264,0.583015986356998,5.2538491051119955e-15,0.152748938272262,2.5,0.17581523054345444,97.91158815952231,w30,TMTT,122,36,3.44,0.89,10.5
6.55743985418808,8.830136955554657,4.321910294302397,15.133419881602661,10.811509587300264,0.583015986356998,7.20276685557328e-13,0.5584507067256235,3.0,0.016311640692933504,97.91158815952231,w30,TMTT,122,36,3.44,0.89,10.5
6.55743985418808,8.830136955554657,4.321910294302397,15.133419881602661,10.811509587300264,0.583015986356998,9.872012201227345e-11,0.5602354314055518,3.5,0.45797432252124104,97.91158815952231,w30,TMTT,122,36,3.44,0.89,10.5
6.55743985418808,8.830136955554657,4.321910294302397,15.133419881602661,10.811509587300264,0.583015986356998,1.3017143440384482e-08,1.1706311021763378,4.0,0.8013739007310712,97.91158815952231,w30,TMTT,122,36,3.44,0.89,10.5
6.55743985418808,8.830136955554657,4.321910294302397,15.133419881602661,10.811509587300264,0.583015986356998,1.105964681765689,1.7245184664436701,4.5,0.966734738778009,97.91158815952231,w30,TMTT,122,36,3.44,0.89,10.5
6.55743985418808,8.830136955554657,4.321910294302397,15.133419881602661,10.811509587300264,0.583015986356998,3.102509533830928,2.7481857636436824,5.0,3.2561348879189738,97.91158815952231,w30,TMTT,122,36,3.44,0.89,10.5
6.55743985418808,8.830136955554657,4.321910294302397,15.133419881602661,10.811509587300264,0.583015986356998,4.259193838346909,3.9753968723155397,5.5,3.3317192001663654,97.91158815952231,w30,TMTT,122,36,3.44,0.89,10.5
6.55743985418808,8.830136955554657,4.321910294302397,15.133419881602661,10.811509587300264,0.583015986356998,5.067161922223704,4.676160912932492,6.0,3.4945414982793928,97.91158815952231,w30,TMTT,122,36,3.44,0.89,10.5
6.55743985418808,8.830136955554657,4.321910294302397,15.133419881602661,10.811509587300264,0.583015986356998,5.640544722476802,6.326919885786663,6.5,6.112272735441952,97.91158815952231,w30,TMTT,122,36,3.44,0.89,10.5
6.55743985418808,8.830136955554657,4.321910294302397,15.133419881602661,10.811509587300264,0.583015986356998,6.04034318299263,5.488915796963156,7.0,4.42013673158967,97.91158815952231,w30,TMTT,122,36,3.44,0.89,10.5
6.55743985418808,8.830136955554657,4.321910294302397,15.133419881602661,10.811509587300264,0.583015986356998,6.306404963967673,7.046516868015929,7.5,8.1967998177351,97.91158815952231,w30,TMTT,122,36,3.44,0.89,10.5
6.55743985418808,8.830136955554657,4.321910294302397,15.133419881602661,10.811509587300264,0.583015986356998,6.467211079908328,6.915306559609596,8.0,6.589091006535086,97.91158815952231,w30,TMTT,122,36,3.44,0.89,10.5
6.55743985418808,8.830136955554657,4.321910294302397,15.133419881602661,10.811509587300264,0.583015986356998,6.5442280820485585,7.696487758992792,8.5,7.74597962919683,97.91158815952231,w30,TMTT,122,36,3.44,0.89,10.5
6.55743985418808,8.830136955554657,4.321910294302397,15.133419881602661,10.811509587300264,0.583015986356998,6.55419286736921,7.35025584078902,9.0,6.324144968688436,97.91158815952231,w30,TMTT,122,36,3.44,0.89,10.5
6.55743985418808,8.830136955554657,4.321910294302397,15.133419881602661,10.811509587300264,0.583015986356998,6.510453420770359,8.059559788773209,9.5,7.052728650221391,97.91158815952231,w30,TMTT,122,36,3.44,0.89,10.5
6.55743985418808,8.830136955554657,4.321910294302397,15.133419881602661,10.811509587300264,0.583015986356998,6.423821997207942,6.717249368450816,10.0,6.864380937338019,97.91158815952231,w30,TMTT,122,36,3.44,0.89,10.5
6.55743985418808,8.830136955554657,4.321910294302397,15.133419881602661,10.811509587300264,0.583015986356998,6.303152380174014,5.827714391952477,10.5,7.257117113928734,97.91158815952231,w30,TMTT,122,36,3.44,0.89,10.5
6.55743985418808,8.830136955554657,4.321910294302397,15.133419881602661,10.811509587300264,0.583015986356998,6.155749464037169,6.002713072650429,11.0,6.024219716609796,97.91158815952231,w30,TMTT,122,36,3.44,0.89,10.5
6.55743985418808,8.830136955554657,4.321910294302397,15.133419881602661,10.811509587300264,0.583015986356998,5.987670953954258,4.445067321507414,11.5,4.325627781937987,97.91158815952231,w30,TMTT,122,36,3.44,0.89,10.5
6.55743985418808,8.830136955554657,4.321910294302397,15.133419881602661,10.811509587300264,0.583015986356998,5.803956332995154,5.11549308553278,12.0,6.255211300579514,97.91158815952231,w30,TMTT,122,36,3.44,0.89,10.5
6.55743985418808,8.830136955554657,4.321910294302397,15.133419881602661,10.811509587300264,0.583015986356998,5.60880485323358,4.550783034795955,12.5,3.430003692989206,97.91158815952231,w30,TMTT,122,36,3.44,0.89,10.5
6.55743985418808,8.830136955554657,4.321910294302397,15.133419881602661,10.811509587300264,0.583015986356998,5.405716617519882,5.4348545682580065,13.0,5.971993896716385,97.91158815952231,w30,TMTT,122,36,3.44,0.89,10.5
6.55743985418808,8.830136955554657,4.321910294302397,15.133419881602661,10.811509587300264,0.583015986356998,5.197606192581561,4.6004200525579435,13.5,4.839727665853228,97.91158815952231,w30,TMTT,122,36,3.44,0.89,10.5
6.55743985418808,8.830136955554657,4.321910294302397,15.133419881602661,10.811509587300264,0.583015986356998,4.986895297433662,4.797424872136601,14.0,4.878037251337026,97.91158815952231,w30,TMTT,122,36,3.44,0.89,10.5
6.55743985418808,8.830136955554657,4.321910294302397,15.133419881602661,10.811509587300264,0.583015986356998,4.775589232851026,4.231002107842345,14.5,4.410330588341284,97.91158815952231,w30,TMTT,122,36,3.44,0.89,10.5
6.55743985418808,8.830136955554657,4.321910294302397,15.133419881602661,10.811509587300264,0.583015986356998,4.56534046175491,4.095075595121527,15.0,4.356137460139968,97.91158815952231,w30,TMTT,122,36,3.44,0.89,10.5
6.55743985418808,8.830136955554657,4.321910294302397,15.133419881602661,10.811509587300264,0.583015986356998,4.357501887341564,4.628696127327316,15.5,4.779664250903436,97.91158815952231,w30,TMTT,122,36,3.44,0.89,10.5
6.55743985418808,8.830136955554657,4.321910294302397,15.133419881602661,10.811509587300264,0.583015986356998,4.153171768065572,3.6140421018162483,16.0,4.5848890611212605,97.91158815952231,w30,TMTT,122,36,3.44,0.89,10.5
6.55743985418808,8.830136955554657,4.321910294302397,15.133419881602661,10.811509587300264,0.583015986356998,3.9532317711574825,4.0421010102500485,16.5,3.960364315950287,97.91158815952231,w30,TMTT,122,36,3.44,0.89,10.5
6.55743985418808,8.830136955554657,4.321910294302397,15.133419881602661,10.811509587300264,0.583015986356998,3.758379345189124,3.137646927556165,17.0,3.9354369040986485,97.91158815952231,w30,TMTT,122,36,3.44,0.89,10.5
6.55743985418808,8.830136955554657,4.321910294302397,15.133419881602661,10.811509587300264,0.583015986356998,3.569155352131858,3.6393257782763424,17.5,3.137534526484769,97.91158815952231,w30,TMTT,122,36,3.44,0.89,10.5
6.55743985418808,8.830136955554657,4.321910294302397,15.133419881602661,10.811509587300264,0.583015986356998,3.385967716963325,3.1356484871526584,18.0,2.9174546204517493,97.91158815952231,w30,TMTT,122,36,3.44,0.89,10.5
6.55743985418808,8.830136955554657,4.321910294302397,15.133419881602661,10.811509587300264,0.583015986356998,3.2091117122501616,3.5267830546312786,18.5,3.304879523385768,97.91158815952231,w30,TMTT,122,36,3.44,0.89,10.5
6.55743985418808,8.830136955554657,4.321910294302397,15.133419881602661,10.811509587300264,0.583015986356998,3.038787385243078,3.1204090137527207,19.0,1.9496648309899394,97.91158815952231,w30,TMTT,122,36,3.44,0.89,10.5
6.55743985418808,8.830136955554657,4.321910294302397,15.133419881602661,10.811509587300264,0.583015986356998,2.87511454809808,3.183264761548134,19.5,3.654997596482922,97.91158815952231,w30,TMTT,122,36,3.44,0.89,10.5
6.55743985418808,8.830136955554657,4.321910294302397,15.133419881602661,10.811509587300264,0.583015986356998,2.718145682319564,2.689363223994567,20.0,4.243027810330048,97.91158815952231,w30,TMTT,122,36,3.44,0.89,10.5
6.55743985418808,8.830136955554657,4.321910294302397,15.133419881602661,10.811509587300264,0.583015986356998,2.5678770523633725,2.1692141295697898,20.5,3.4269858620043516,97.91158815952231,w30,TMTT,122,36,3.44,0.89,10.5
6.55743985418808,8.830136955554657,4.321910294302397,15.133419881602661,10.811509587300264,0.583015986356998,2.424258277559492,2.7810583108379605,21.0,3.474045867558575,97.91158815952231,w30,TMTT,122,36,3.44,0.89,10.5
6.55743985418808,8.830136955554657,4.321910294302397,15.133419881602661,10.811509587300264,0.583015986356998,2.287200573888716,2.186463348177383,21.5,2.5751829170693252,97.91158815952231,w30,TMTT,122,36,3.44,0.89,10.5
6.55743985418808,8.830136955554657,4.321910294302397,15.133419881602661,10.811509587300264,0.583015986356998,2.1565838459924307,2.825456009986895,22.0,3.212306624698636,97.91158815952231,w30,TMTT,122,36,3.44,0.89,10.5
6.021622472324623,8.065494784624425,4.320300683251859,14.023108150270911,9.702807467019053,0.6140092324718481,4.873973960984865e-29,0.08331363658347185,-1.0,0.35185097986815095,80.78948129771568,w30,TMTT,123,36,3.13,0.92,10.5
6.021622472324623,8.065494784624425,4.320300683251859,14.023108150270911,9.702807467019053,0.6140092324718481,6.651305836176778e-27,-0.02984259094858277,-0.5,0.03315662366604055,80.78948129771568,w30,TMTT,123,36,3.13,0.92,10.5
6.021622472324623,8.065494784624425,4.320300683251859,14.023108150270911,9.702807467019053,0.6140092324718481,9.076755370564164e-25,-0.05271140668746205,0.0,0.1841979786005279,80.78948129771568,w30,TMTT,123,36,3.13,0.92,10.5
6.021622472324623,8.065494784624425,4.320300683251859,14.023108150270911,9.702807467019053,0.6140092324718481,1.2386663624600723e-22,0.3682500200904863,0.5,-0.1555259897206396,80.78948129771568,w30,TMTT,123,36,3.13,0.92,10.5
6.021622472324623,8.065494784624425,4.320300683251859,14.023108150270911,9.702807467019053,0.6140092324718481,1.6903555233688068e-20,-0.02048118346224953,1.0,0.2617878508633859,80.78948129771568,w30,TMTT,123,36,3.13,0.92,10.5
6.021622472324623,8.065494784624425,4.320300683251859,14.023108150270911,9.702807467019053,0.6140092324718481,2.3067565907796616e-18,0.17503675143316227,1.5,0.12971391117522815,80.78948129771568,w30,TMTT,123,36,3.13,0.92,10.5
6.021622472324623,8.065494784624425,4.320300683251859,14.023108150270911,9.702807467019053,0.6140092324718481,3.147933020658811e-16,-0.0867397300236406,2.0,0.20599905000759838,80.78948129771568,w30,TMTT,123,36,3.13,0.92,10.5
6.021622472324623,8.065494784624425,4.320300683251859,14.023108150270911,9.702807467019053,0.6140092324718481,4.295850815220375e-14,0.1320683863874973,2.5,0.13259834479420865,80.78948129771568,w30,TMTT,123,36,3.13,0.92,10.5
6.021622472324623,8.065494784624425,4.320300683251859,14.023108150270911,9.702807467019053,0.6140092324718481,5.8623549210860305e-12,0.39454472300630505,3.0,0.4463824219578369,80.78948129771568,w30,TMTT,123,36,3.13,0.92,10.5
6.021622472324623,8.065494784624425,4.320300683251859,14.023108150270911,9.702807467019053,0.6140092324718481,7.997932166341089e-10,0.4783970774827183,3.5,1.1727797383611098,80.78948129771568,w30,TMTT,123,36,3.13,0.92,10.5
6.021622472324623,8.065494784624425,4.320300683251859,14.023108150270911,9.702807467019053,0.6140092324718481,1.049107264439451e-07,1.0918364986949793,4.0,1.4338185571495838,80.78948129771568,w30,TMTT,123,36,3.13,0.92,10.5
6.021622472324623,8.065494784624425,4.320300683251859,14.023108150270911,9.702807467019053,0.6140092324718481,1.3927563405905528,1.4566409132467024,4.5,2.0284768314991313,80.78948129771568,w30,TMTT,123,36,3.13,0.92,10.5
6.021622472324623,8.065494784624425,4.320300683251859,14.023108150270911,9.702807467019053,0.6140092324718481,3.4417074793696436,2.3716252900753334,5.0,3.0057988504126167,80.78948129771568,w30,TMTT,123,36,3.13,0.92,10.5
6.021622472324623,8.065494784624425,4.320300683251859,14.023108150270911,9.702807467019053,0.6140092324718481,4.480614265721132,3.4470431566478084,5.5,3.8823069443899523,80.78948129771568,w30,TMTT,123,36,3.13,0.92,10.5
6.021622472324623,8.065494784624425,4.320300683251859,14.023108150270911,9.702807467019053,0.6140092324718481,5.1447389135082595,4.0626173796619724,6.0,5.165946830719838,80.78948129771568,w30,TMTT,123,36,3.13,0.92,10.5
6.021622472324623,8.065494784624425,4.320300683251859,14.023108150270911,9.702807467019053,0.6140092324718481,5.572559809772643,5.535417313248071,6.5,6.9728996548627435,80.78948129771568,w30,TMTT,123,36,3.13,0.92,10.5
6.021622472324623,8.065494784624425,4.320300683251859,14.023108150270911,9.702807467019053,0.6140092324718481,5.83429568746641,4.77526978919965,7.0,6.557489129882791,80.78948129771568,w30,TMTT,123,36,3.13,0.92,10.5
6.021622472324623,8.065494784624425,4.320300683251859,14.023108150270911,9.702807467019053,0.6140092324718481,5.973758813637006,6.1132917537746865,7.5,6.545871117067846,80.78948129771568,w30,TMTT,123,36,3.13,0.92,10.5
6.021622472324623,8.065494784624425,4.320300683251859,14.023108150270911,9.702807467019053,0.6140092324718481,6.021036833735706,6.008642961001906,8.0,6.514186980830783,80.78948129771568,w30,TMTT,123,36,3.13,0.92,10.5
6.021622472324623,8.065494784624425,4.320300683251859,14.023108150270911,9.702807467019053,0.6140092324718481,5.998006630471232,6.5973786294898344,8.5,7.527028090405649,80.78948129771568,w30,TMTT,123,36,3.13,0.92,10.5
6.021622472324623,8.065494784624425,4.320300683251859,14.023108150270911,9.702807467019053,0.6140092324718481,5.921168758208202,6.338138074514854,9.0,5.616784870999103,80.78948129771568,w30,TMTT,123,36,3.13,0.92,10.5
6.021622472324623,8.065494784624425,4.320300683251859,14.023108150270911,9.702807467019053,0.6140092324718481,5.803277568179802,7.000597175140831,9.5,6.908693212246118,80.78948129771568,w30,TMTT,123,36,3.13,0.92,10.5
6.021622472324623,8.065494784624425,4.320300683251859,14.023108150270911,9.702807467019053,0.6140092324718481,5.654358231246644,5.783102885417861,10.0,6.745455372013447,80.78948129771568,w30,TMTT,123,36,3.13,0.92,10.5
6.021622472324623,8.065494784624425,4.320300683251859,14.023108150270911,9.702807467019053,0.6140092324718481,5.4823814593250395,4.998110918060579,10.5,1.9471275092701175,80.78948129771568,w30,TMTT,123,36,3.13,0.92,10.5
6.021622472324623,8.065494784624425,4.320300683251859,14.023108150270911,9.702807467019053,0.6140092324718481,5.293732945844862,5.170663741900374,11.0,5.616802511023299,80.78948129771568,w30,TMTT,123,36,3.13,0.92,10.5
6.021622472324623,8.065494784624425,4.320300683251859,14.023108150270911,9.702807467019053,0.6140092324718481,5.093552459599488,3.8278296659958984,11.5,3.161446101890018,80.78948129771568,w30,TMTT,123,36,3.13,0.92,10.5
6.021622472324623,8.065494784624425,4.320300683251859,14.023108150270911,9.702807467019053,0.6140092324718481,4.885986225471397,4.385805452482865,12.0,1.9640009918221528,80.78948129771568,w30,TMTT,123,36,3.13,0.92,10.5
6.021622472324623,8.065494784624425,4.320300683251859,14.023108150270911,9.702807467019053,0.6140092324718481,4.674379351502212,3.9803398849283713,12.5,2.030666875580324,80.78948129771568,w30,TMTT,123,36,3.13,0.92,10.5
6.021622472324623,8.065494784624425,4.320300683251859,14.023108150270911,9.702807467019053,0.6140092324718481,4.461425445430752,4.7399507837087596,13.0,5.291514676924529,80.78948129771568,w30,TMTT,123,36,3.13,0.92,10.5
6.021622472324623,8.065494784624425,4.320300683251859,14.023108150270911,9.702807467019053,0.6140092324718481,4.249284820011196,4.016044975599787,13.5,4.686569466261801,80.78948129771568,w30,TMTT,123,36,3.13,0.92,10.5
6.021622472324623,8.065494784624425,4.320300683251859,14.023108150270911,9.702807467019053,0.6140092324718481,4.03967911449027,4.201844213534082,14.0,4.334043665459769,80.78948129771568,w30,TMTT,123,36,3.13,0.92,10.5
6.021622472324623,8.065494784624425,4.320300683251859,14.023108150270911,9.702807467019053,0.6140092324718481,3.8339678590724375,3.613683009229989,14.5,2.230549286231052,80.78948129771568,w30,TMTT,123,36,3.13,0.92,10.5
6.021622472324623,8.065494784624425,4.320300683251859,14.023108150270911,9.702807467019053,0.6140092324718481,3.6332109811746642,3.5714753342707577,15.0,4.249386537896471,80.78948129771568,w30,TMTT,123,36,3.13,0.92,10.5
6.021622472324623,8.065494784624425,4.320300683251859,14.023108150270911,9.702807467019053,0.6140092324718481,3.438220209307214,3.931581331312663,15.5,3.206455883299203,80.78948129771568,w30,TMTT,123,36,3.13,0.92,10.5
6.021622472324623,8.065494784624425,4.320300683251859,14.023108150270911,9.702807467019053,0.6140092324718481,3.249601601027943,3.121692488999847,16.0,2.785067987755545,80.78948129771568,w30,TMTT,123,36,3.13,0.92,10.5
6.021622472324623,8.065494784624425,4.320300683251859,14.023108150270911,9.702807467019053,0.6140092324718481,3.0677909001043635,3.478188101088192,16.5,3.774924864090651,80.78948129771568,w30,TMTT,123,36,3.13,0.92,10.5
6.021622472324623,8.065494784624425,4.320300683251859,14.023108150270911,9.702807467019053,0.6140092324718481,2.893083048060477,2.6835386246774533,17.0,2.1968256691083203,80.78948129771568,w30,TMTT,123,36,3.13,0.92,10.5
6.021622472324623,8.065494784624425,4.320300683251859,14.023108150270911,9.702807467019053,0.6140092324718481,2.725656893426608,3.139501466003117,17.5,3.0650937423041675,80.78948129771568,w30,TMTT,123,36,3.13,0.92,10.5
6.021622472324623,8.065494784624425,4.320300683251859,14.023108150270911,9.702807467019053,0.6140092324718481,2.5655959295646387,2.6390344676192776,18.0,2.791653625512673,80.78948129771568,w30,TMTT,123,36,3.13,0.92,10.5
6.021622472324623,8.065494784624425,4.320300683251859,14.023108150270911,9.702807467019053,0.6140092324718481,2.412905729489298,3.0868988933008774,18.5,2.981605512285448,80.78948129771568,w30,TMTT,123,36,3.13,0.92,10.5
6.021622472324623,8.065494784624425,4.320300683251859,14.023108150270911,9.702807467019053,0.6140092324718481,2.2675286202527714,2.6661567492265834,19.0,3.2087781062150253,80.78948129771568,w30,TMTT,123,36,3.13,0.92,10.5
6.021622472324623,8.065494784624425,4.320300683251859,14.023108150270911,9.702807467019053,0.6140092324718481,2.1293560408012246,2.7271098351657668,19.5,2.8740714216877423,80.78948129771568,w30,TMTT,123,36,3.13,0.92,10.5
6.021622472324623,8.065494784624425,4.320300683251859,14.023108150270911,9.702807467019053,0.6140092324718481,1.998238949040629,2.277258455319753,20.0,1.0470839824262002,80.78948129771568,w30,TMTT,123,36,3.13,0.92,10.5
6.021622472324623,8.065494784624425,4.320300683251859,14.023108150270911,9.702807467019053,0.6140092324718481,1.8739965813086221,1.905972922122292,20.5,2.5169263945104228,80.78948129771568,w30,TMTT,123,36,3.13,0.92,10.5
6.021622472324623,8.065494784624425,4.320300683251859,14.023108150270911,9.702807467019053,0.6140092324718481,1.7564238169741266,2.342053309923977,21.0,2.228616836614796,80.78948129771568,w30,TMTT,123,36,3.13,0.92,10.5
6.021622472324623,8.065494784624425,4.320300683251859,14.023108150270911,9.702807467019053,0.6140092324718481,1.6452973598255594,1.9116305499176365,21.5,1.0953973944431457,80.78948129771568,w30,TMTT,123,36,3.13,0.92,10.5
6.021622472324623,8.065494784624425,4.320300683251859,14.023108150270911,9.702807467019053,0.6140092324718481,1.540380914266335,2.3815126906586035,22.0,1.8690089743577931,80.78948129771568,w30,TMTT,123,36,3.13,0.92,10.5
6.017289150550836,8.853071205956901,3.737597453196318,13.123584810835016,9.385987357638697,0.45498821191172795,2.3908837194243564e-32,0.07873388975454992,-1.0,0.3538169041712468,75.47164500859044,w30,TMTT,124,36,2.97,0.84,10.5
6.017289150550836,8.853071205956901,3.737597453196318,13.123584810835016,9.385987357638697,0.45498821191172795,3.1563330697617646e-30,-0.0273155372788354,-0.5,-0.4986709395117105,75.47164500859044,w30,TMTT,124,36,2.97,0.84,10.5
6.017289150550836,8.853071205956901,3.737597453196318,13.123584810835016,9.385987357638697,0.45498821191172795,4.1668435676455e-28,-0.05071035027652926,0.0,-0.11077564422414526,75.47164500859044,w30,TMTT,124,36,2.97,0.84,10.5
6.017289150550836,8.853071205956901,3.737597453196318,13.123584810835016,9.385987357638697,0.45498821191172795,5.50087235202305e-26,0.3601482134447057,0.5,0.8583664083848644,75.47164500859044,w30,TMTT,124,36,2.97,0.84,10.5
6.017289150550836,8.853071205956901,3.737597453196318,13.123584810835016,9.385987357638697,0.45498821191172795,7.261994875010707e-24,-0.01155453072403309,1.0,-0.23194932616887645,75.47164500859044,w30,TMTT,124,36,2.97,0.84,10.5
6.017289150550836,8.853071205956901,3.737597453196318,13.123584810835016,9.385987357638697,0.45498821191172795,9.58694661135376e-22,0.16659752411445827,1.5,0.24848227167975165,75.47164500859044,w30,TMTT,124,36,2.97,0.84,10.5
6.017289150550836,8.853071205956901,3.737597453196318,13.123584810835016,9.385987357638697,0.45498821191172795,1.265623899952329e-19,-0.07202334462231696,2.0,-0.09319101286551941,75.47164500859044,w30,TMTT,124,36,2.97,0.84,10.5
6.017289150550836,8.853071205956901,3.737597453196318,13.123584810835016,9.385987357638697,0.45498821191172795,1.670810586791722e-17,0.12490504932724222,2.5,-0.08523536640921278,75.47164500859044,w30,TMTT,124,36,2.97,0.84,10.5
6.017289150550836,8.853071205956901,3.737597453196318,13.123584810835016,9.385987357638697,0.45498821191172795,2.204355258911671e-15,0.38394357023386533,3.0,0.18668856864331373,75.47164500859044,w30,TMTT,124,36,2.97,0.84,10.5
6.017289150550836,8.853071205956901,3.737597453196318,13.123584810835016,9.385987357638697,0.45498821191172795,2.66432913522868e-13,0.4532529298738158,3.5,1.4317337714307765,75.47164500859044,w30,TMTT,124,36,2.97,0.84,10.5
6.017289150550836,8.853071205956901,3.737597453196318,13.123584810835016,9.385987357638697,0.45498821191172795,0.4981932459841225,1.0231294270320062,4.0,1.3533839035883832,75.47164500859044,w30,TMTT,124,36,2.97,0.84,10.5
6.017289150550836,8.853071205956901,3.737597453196318,13.123584810835016,9.385987357638697,0.45498821191172795,1.7045393878023345,1.3821060715729392,4.5,1.256200932788735,75.47164500859044,w30,TMTT,124,36,2.97,0.84,10.5
6.017289150550836,8.853071205956901,3.737597453196318,13.123584810835016,9.385987357638697,0.45498821191172795,2.775345500262575,2.244022564282114,5.0,3.4436320572514054,75.47164500859044,w30,TMTT,124,36,2.97,0.84,10.5
6.017289150550836,8.853071205956901,3.737597453196318,13.123584810835016,9.385987357638697,0.45498821191172795,3.681704349577875,3.2595976505012967,5.5,2.3026358545088774,75.47164500859044,w30,TMTT,124,36,2.97,0.84,10.5
6.017289150550836,8.853071205956901,3.737597453196318,13.123584810835016,9.385987357638697,0.45498821191172795,4.416989803411055,3.8407390554604284,6.0,4.727915301643962,75.47164500859044,w30,TMTT,124,36,2.97,0.84,10.5
6.017289150550836,8.853071205956901,3.737597453196318,13.123584810835016,9.385987357638697,0.45498821191172795,4.990605151961145,5.228435993545229,6.5,5.071373094929346,75.47164500859044,w30,TMTT,124,36,2.97,0.84,10.5
6.017289150550836,8.853071205956901,3.737597453196318,13.123584810835016,9.385987357638697,0.45498821191172795,5.418152088480514,4.513683923860398,7.0,2.9661002883701197,75.47164500859044,w30,TMTT,124,36,2.97,0.84,10.5
6.017289150550836,8.853071205956901,3.737597453196318,13.123584810835016,9.385987357638697,0.45498821191172795,5.717205844860416,5.780481393033941,7.5,5.506259146037571,75.47164500859044,w30,TMTT,124,36,2.97,0.84,10.5
6.017289150550836,8.853071205956901,3.737597453196318,13.123584810835016,9.385987357638697,0.45498821191172795,5.905366041794999,5.680415741459338,8.0,5.569696619296175,75.47164500859044,w30,TMTT,124,36,2.97,0.84,10.5
6.017289150550836,8.853071205956901,3.737597453196318,13.123584810835016,9.385987357638697,0.45498821191172795,5.999314396389511,6.247891886811783,8.5,6.845287824388386,75.47164500859044,w30,TMTT,124,36,2.97,0.84,10.5
6.017289150550836,8.853071205956901,3.737597453196318,13.123584810835016,9.385987357638697,0.45498821191172795,6.014372426609345,5.997775867932139,9.0,6.680587988105346,75.47164500859044,w30,TMTT,124,36,2.97,0.84,10.5
6.017289150550836,8.853071205956901,3.737597453196318,13.123584810835016,9.385987357638697,0.45498821191172795,5.96432526628002,6.618463921090155,9.5,7.521611438188544,75.47164500859044,w30,TMTT,124,36,2.97,0.84,10.5
6.017289150550836,8.853071205956901,3.737597453196318,13.123584810835016,9.385987357638697,0.45498821191172795,5.86139217625569,5.4736652198520295,10.0,4.274163762161164,75.47164500859044,w30,TMTT,124,36,2.97,0.84,10.5
6.017289150550836,8.853071205956901,3.737597453196318,13.123584810835016,9.385987357638697,0.45498821191172795,5.716278361372563,4.73301311301186,10.5,5.45631547457758,75.47164500859044,w30,TMTT,124,36,2.97,0.84,10.5
6.017289150550836,8.853071205956901,3.737597453196318,13.123584810835016,9.385987357638697,0.45498821191172795,5.5382705281266675,4.893659546128353,11.0,3.5650650639918413,75.47164500859044,w30,TMTT,124,36,2.97,0.84,10.5
6.017289150550836,8.853071205956901,3.737597453196318,13.123584810835016,9.385987357638697,0.45498821191172795,5.335353928392175,3.622890631072759,11.5,2.4810623619681564,75.47164500859044,w30,TMTT,124,36,2.97,0.84,10.5
6.017289150550836,8.853071205956901,3.737597453196318,13.123584810835016,9.385987357638697,0.45498821191172795,5.114337493225651,4.153361128905423,12.0,5.575209565285023,75.47164500859044,w30,TMTT,124,36,2.97,0.84,10.5
6.017289150550836,8.853071205956901,3.737597453196318,13.123584810835016,9.385987357638697,0.45498821191172795,4.880978984922023,3.759728103869179,12.5,5.482568379216019,75.47164500859044,w30,TMTT,124,36,2.97,0.84,10.5
6.017289150550836,8.853071205956901,3.737597453196318,13.123584810835016,9.385987357638697,0.45498821191172795,4.64010538566473,4.47888329081825,13.0,4.630978657250617,75.47164500859044,w30,TMTT,124,36,2.97,0.84,10.5
6.017289150550836,8.853071205956901,3.737597453196318,13.123584810835016,9.385987357638697,0.45498821191172795,4.39572581344253,3.7943816489344377,13.5,4.131863003060024,75.47164500859044,w30,TMTT,124,36,2.97,0.84,10.5
6.017289150550836,8.853071205956901,3.737597453196318,13.123584810835016,9.385987357638697,0.45498821191172795,4.151135575328727,3.9682620918778397,14.0,3.3387498057880074,75.47164500859044,w30,TMTT,124,36,2.97,0.84,10.5
6.017289150550836,8.853071205956901,3.737597453196318,13.123584810835016,9.385987357638697,0.45498821191172795,3.9090108102000856,3.4238482381020083,14.5,4.028216621704843,75.47164500859044,w30,TMTT,124,36,2.97,0.84,10.5
6.017289150550836,8.853071205956901,3.737597453196318,13.123584810835016,9.385987357638697,0.45498821191172795,3.6714937062040347,3.3747583352008945,15.0,3.55996214268344,75.47164500859044,w30,TMTT,124,36,2.97,0.84,10.5
6.017289150550836,8.853071205956901,3.737597453196318,13.123584810835016,9.385987357638697,0.45498821191172795,3.440268608982955,3.7277302458990156,15.5,3.9145007944721844,75.47164500859044,w30,TMTT,124,36,2.97,0.84,10.5
6.017289150550836,8.853071205956901,3.737597453196318,13.123584810835016,9.385987357638697,0.45498821191172795,3.216629533288739,2.9533947228275914,16.0,1.8725647236226088,75.47164500859044,w30,TMTT,124,36,2.97,0.84,10.5
6.017289150550836,8.853071205956901,3.737597453196318,13.123584810835016,9.385987357638697,0.45498821191172795,3.0015396981401,3.292287306269228,16.5,3.0826395687633963,75.47164500859044,w30,TMTT,124,36,2.97,0.84,10.5
6.017289150550836,8.853071205956901,3.737597453196318,13.123584810835016,9.385987357638697,0.45498821191172795,2.795683754090686,2.542105044812471,17.0,1.9781765267042655,75.47164500859044,w30,TMTT,124,36,2.97,0.84,10.5
6.017289150550836,8.853071205956901,3.737597453196318,13.123584810835016,9.385987357638697,0.45498821191172795,2.5995133807432924,2.9707345081795125,17.5,2.648012156074811,75.47164500859044,w30,TMTT,124,36,2.97,0.84,10.5
6.017289150550836,8.853071205956901,3.737597453196318,13.123584810835016,9.385987357638697,0.45498821191172795,2.4132869171554354,2.505208930721879,18.0,2.407741258065941,75.47164500859044,w30,TMTT,124,36,2.97,0.84,10.5
6.017289150550836,8.853071205956901,3.737597453196318,13.123584810835016,9.385987357638697,0.45498821191172795,2.237103656672344,2.9155353817955185,18.5,2.8075520159121217,75.47164500859044,w30,TMTT,124,36,2.97,0.84,10.5
6.017289150550836,8.853071205956901,3.737597453196318,13.123584810835016,9.385987357638697,0.45498821191172795,2.070933397462201,2.5259636005042183,19.0,2.9343474514487125,75.47164500859044,w30,TMTT,124,36,2.97,0.84,10.5
6.017289150550836,8.853071205956901,3.737597453196318,13.123584810835016,9.385987357638697,0.45498821191172795,1.9146417950341166,2.582820087207635,19.5,1.6870752506801507,75.47164500859044,w30,TMTT,124,36,2.97,0.84,10.5
6.017289150550836,8.853071205956901,3.737597453196318,13.123584810835016,9.385987357638697,0.45498821191172795,1.7680120162865416,2.16004649194358,20.0,1.8842708213857087,75.47164500859044,w30,TMTT,124,36,2.97,0.84,10.5
6.017289150550836,8.853071205956901,3.737597453196318,13.123584810835016,9.385987357638697,0.45498821191172795,1.630763148162065,1.7992759582109525,20.5,1.3971556179136977,75.47164500859044,w30,TMTT,124,36,2.97,0.84,10.5
6.017289150550836,8.853071205956901,3.737597453196318,13.123584810835016,9.385987357638697,0.45498821191172795,1.5025657690744694,2.223103229358432,21.0,2.699072497617559,75.47164500859044,w30,TMTT,124,36,2.97,0.84,10.5
6.017289150550836,8.853071205956901,3.737597453196318,13.123584810835016,9.385987357638697,0.45498821191172795,1.3830550487363298,1.8057539946429515,21.5,1.5140828839766183,75.47164500859044,w30,TMTT,124,36,2.97,0.84,10.5
6.017289150550836,8.853071205956901,3.737597453196318,13.123584810835016,9.385987357638697,0.45498821191172795,1.2718417023182536,2.2603004490540792,22.0,2.5081357210769752,75.47164500859044,w30,TMTT,124,36,2.97,0.84,10.5
5.241421744485393,8.360817496784566,4.84937422173219,13.987454053992472,9.138079832260281,0.6157351063342781,2.866054692524721e-31,0.06923616155959533,-1.0,0.31400520489841355,66.22853783618216,w30,TMTT,125,36,3.44,0.99,10.5
5.241421744485393,8.360817496784566,4.84937422173219,13.987454053992472,9.138079832260281,0.6157351063342781,3.8919222673061033e-29,-0.02504583410058192,-0.5,0.16538390566706568,66.22853783618216,w30,TMTT,125,36,3.44,0.99,10.5
5.241421744485393,8.360817496784566,4.84937422173219,13.987454053992472,9.138079832260281,0.6157351063342781,5.284986003323602e-27,-0.04357724476275404,0.0,0.3475850502878495,66.22853783618216,w30,TMTT,125,36,3.44,0.99,10.5
5.241421744485393,8.360817496784566,4.84937422173219,13.987454053992472,9.138079832260281,0.6157351063342781,7.176679064214612e-25,0.3028153158314468,0.5,0.7520052548146273,66.22853783618216,w30,TMTT,125,36,3.44,0.99,10.5
5.241421744485393,8.360817496784566,4.84937422173219,13.987454053992472,9.138079832260281,0.6157351063342781,9.745479431420672e-23,-0.01910801906969098,1.0,-0.18407879917896133,66.22853783618216,w30,TMTT,125,36,3.44,0.99,10.5
5.241421744485393,8.360817496784566,4.84937422173219,13.987454053992472,9.138079832260281,0.6157351063342781,1.3233748994269226e-20,0.14515338675919082,1.5,0.5777675865772043,66.22853783618216,w30,TMTT,125,36,3.44,0.99,10.5
5.241421744485393,8.360817496784566,4.84937422173219,13.987454053992472,9.138079832260281,0.6157351063342781,1.7970599976703036e-18,-0.07474871626926474,2.0,-0.07395791975454985,66.22853783618216,w30,TMTT,125,36,3.44,0.99,10.5
5.241421744485393,8.360817496784566,4.84937422173219,13.987454053992472,9.138079832260281,0.6157351063342781,2.440294610715173e-16,0.10973121029066135,2.5,0.6187767436231287,66.22853783618216,w30,TMTT,125,36,3.44,0.99,10.5
5.241421744485393,8.360817496784566,4.84937422173219,13.987454053992472,9.138079832260281,0.6157351063342781,3.313766785858208e-14,0.3249500745377426,3.0,0.48970525232105494,66.22853783618216,w30,TMTT,125,36,3.44,0.99,10.5
5.241421744485393,8.360817496784566,4.84937422173219,13.987454053992472,9.138079832260281,0.6157351063342781,4.4998810050417165e-12,0.3972881772237148,3.5,-0.3093083091563714,66.22853783618216,w30,TMTT,125,36,3.44,0.99,10.5
5.241421744485393,8.360817496784566,4.84937422173219,13.987454053992472,9.138079832260281,0.6157351063342781,6.109313360518715e-10,0.9097491182785247,4.0,1.2933853179103232,66.22853783618216,w30,TMTT,125,36,3.44,0.99,10.5
5.241421744485393,8.360817496784566,4.84937422173219,13.987454053992472,9.138079832260281,0.6157351063342781,8.053054698568281e-08,1.2091521699113779,4.5,1.4539514110164944,66.22853783618216,w30,TMTT,125,36,3.44,0.99,10.5
5.241421744485393,8.360817496784566,4.84937422173219,13.987454053992472,9.138079832260281,0.6157351063342781,1.0924477932474268,1.9703469794802664,5.0,0.31359996998116246,66.22853783618216,w30,TMTT,125,36,3.44,0.99,10.5
5.241421744485393,8.360817496784566,4.84937422173219,13.987454053992472,9.138079832260281,0.6157351063342781,3.0387499013056702,2.8643355591493487,5.5,4.101525388671845,66.22853783618216,w30,TMTT,125,36,3.44,0.99,10.5
5.241421744485393,8.360817496784566,4.84937422173219,13.987454053992472,9.138079832260281,0.6157351063342781,3.974376251742334,3.3761063857097593,6.0,2.4892317295803617,66.22853783618216,w30,TMTT,125,36,3.44,0.99,10.5
5.241421744485393,8.360817496784566,4.84937422173219,13.987454053992472,9.138079832260281,0.6157351063342781,4.5549353181588135,4.60127512808014,6.5,4.77242413908482,66.22853783618216,w30,TMTT,125,36,3.44,0.99,10.5
5.241421744485393,8.360817496784566,4.84937422173219,13.987454053992472,9.138079832260281,0.6157351063342781,4.915931939856944,3.968543817051074,7.0,3.0346826446902684,66.22853783618216,w30,TMTT,125,36,3.44,0.99,10.5
5.241421744485393,8.360817496784566,4.84937422173219,13.987454053992472,9.138079832260281,0.6157351063342781,5.1247052727800675,5.079972563617835,7.5,5.508033309169067,66.22853783618216,w30,TMTT,125,36,3.44,0.99,10.5
5.241421744485393,8.360817496784566,4.84937422173219,13.987454053992472,9.138079832260281,0.6157351063342781,5.222903504597466,4.993309126094411,8.0,5.850410161565178,66.22853783618216,w30,TMTT,125,36,3.44,0.99,10.5
5.241421744485393,8.360817496784566,4.84937422173219,13.987454053992472,9.138079832260281,0.6157351063342781,5.238918753445088,5.479656630405706,8.5,4.75284823305179,66.22853783618216,w30,TMTT,125,36,3.44,0.99,10.5
5.241421744485393,8.360817496784566,4.84937422173219,13.987454053992472,9.138079832260281,0.6157351063342781,5.193244709317577,5.26556419964726,9.0,5.153981984484536,66.22853783618216,w30,TMTT,125,36,3.44,0.99,10.5
5.241421744485393,8.360817496784566,4.84937422173219,13.987454053992472,9.138079832260281,0.6157351063342781,5.1012194159589965,5.817570465859973,9.5,6.551777180606292,66.22853783618216,w30,TMTT,125,36,3.44,0.99,10.5
5.241421744485393,8.360817496784566,4.84937422173219,13.987454053992472,9.138079832260281,0.6157351063342781,4.974599627535785,4.804156298132995,10.0,4.4628275683061664,66.22853783618216,w30,TMTT,125,36,3.44,0.99,10.5
5.241421744485393,8.360817496784566,4.84937422173219,13.987454053992472,9.138079832260281,0.6157351063342781,4.822542152045409,4.151421679448634,10.5,5.212315964221433,66.22853783618216,w30,TMTT,125,36,3.44,0.99,10.5
5.241421744485393,8.360817496784566,4.84937422173219,13.987454053992472,9.138079832260281,0.6157351063342781,4.652254553541351,4.295477965303633,11.0,4.509150228917787,66.22853783618216,w30,TMTT,125,36,3.44,0.99,10.5
5.241421744485393,8.360817496784566,4.84937422173219,13.987454053992472,9.138079832260281,0.6157351063342781,4.469447615422868,3.1798962677376283,11.5,4.00070010149023,66.22853783618216,w30,TMTT,125,36,3.44,0.99,10.5
5.241421744485393,8.360817496784566,4.84937422173219,13.987454053992472,9.138079832260281,0.6157351063342781,4.278661876983709,3.6427938584906934,12.0,4.390515095945957,66.22853783618216,w30,TMTT,125,36,3.44,0.99,10.5
5.241421744485393,8.360817496784566,4.84937422173219,13.987454053992472,9.138079832260281,0.6157351063342781,4.083510334886423,3.3085921761295207,12.5,3.9844972720213936,66.22853783618216,w30,TMTT,125,36,3.44,0.99,10.5
5.241421744485393,8.360817496784566,4.84937422173219,13.987454053992472,9.138079832260281,0.6157351063342781,3.886863133076535,3.939568946901942,13.0,3.9511949451619275,66.22853783618216,w30,TMTT,125,36,3.44,0.99,10.5
5.241421744485393,8.360817496784566,4.84937422173219,13.987454053992472,9.138079832260281,0.6157351063342781,3.690990799519786,3.3380243579438607,13.5,1.792249200075968,66.22853783618216,w30,TMTT,125,36,3.44,0.99,10.5
5.241421744485393,8.360817496784566,4.84937422173219,13.987454053992472,9.138079832260281,0.6157351063342781,3.4976770540513846,3.4928991814035037,14.0,3.093814858900897,66.22853783618216,w30,TMTT,125,36,3.44,0.99,10.5
5.241421744485393,8.360817496784566,4.84937422173219,13.987454053992472,9.138079832260281,0.6157351063342781,3.308308768226227,3.0010278685277414,14.5,4.202889651638621,66.22853783618216,w30,TMTT,125,36,3.44,0.99,10.5
5.241421744485393,8.360817496784566,4.84937422173219,13.987454053992472,9.138079832260281,0.6157351063342781,3.1239484381067664,2.968400846500997,15.0,1.8698446125760941,66.22853783618216,w30,TMTT,125,36,3.44,0.99,10.5
5.241421744485393,8.360817496784566,4.84937422173219,13.987454053992472,9.138079832260281,0.6157351063342781,2.9453930544642497,3.2643159287889674,15.5,2.2687207001309133,66.22853783618216,w30,TMTT,125,36,3.44,0.99,10.5
5.241421744485393,8.360817496784566,4.84937422173219,13.987454053992472,9.138079832260281,0.6157351063342781,2.773222245492735,2.5935954337220313,16.0,3.343675326073577,66.22853783618216,w30,TMTT,125,36,3.44,0.99,10.5
5.241421744485393,8.360817496784566,4.84937422173219,13.987454053992472,9.138079832260281,0.6157351063342781,2.6078378599841825,2.889352658572863,16.5,2.1745788773249717,66.22853783618216,w30,TMTT,125,36,3.44,0.99,10.5
5.241421744485393,8.360817496784566,4.84937422173219,13.987454053992472,9.138079832260281,0.6157351063342781,2.44949665254802,2.228699083861933,17.0,1.9114660477177077,66.22853783618216,w30,TMTT,125,36,3.44,0.99,10.5
5.241421744485393,8.360817496784566,4.84937422173219,13.987454053992472,9.138079832260281,0.6157351063342781,2.2983373626994434,2.6082608741604334,17.5,3.1802739023157827,66.22853783618216,w30,TMTT,125,36,3.44,0.99,10.5
5.241421744485393,8.360817496784566,4.84937422173219,13.987454053992472,9.138079832260281,0.6157351063342781,2.1544032048445914,2.190335515641184,18.0,2.066460609947254,66.22853783618216,w30,TMTT,125,36,3.44,0.99,10.5
5.241421744485393,8.360817496784566,4.84937422173219,13.987454053992472,9.138079832260281,0.6157351063342781,2.0176605787149304,2.5660046828946235,18.5,2.916239850093935,66.22853783618216,w30,TMTT,125,36,3.44,0.99,10.5
5.241421744485393,8.360817496784566,4.84937422173219,13.987454053992472,9.138079832260281,0.6157351063342781,1.8880146509111737,2.2141768272670075,19.0,1.465705495516045,66.22853783618216,w30,TMTT,125,36,3.44,0.99,10.5
5.241421744485393,8.360817496784566,4.84937422173219,13.987454053992472,9.138079832260281,0.6157351063342781,1.7653223349645357,2.265034594730568,19.5,2.2480916767850165,66.22853783618216,w30,TMTT,125,36,3.44,0.99,10.5
5.241421744485393,8.360817496784566,4.84937422173219,13.987454053992472,9.138079832260281,0.6157351063342781,1.6494031006082992,1.8905307118559203,20.0,2.2758438544541004,66.22853783618216,w30,TMTT,125,36,3.44,0.99,10.5
5.241421744485393,8.360817496784566,4.84937422173219,13.987454053992472,9.138079832260281,0.6157351063342781,1.5400479662712705,1.5845869427180235,20.5,-0.3359613329553342,66.22853783618216,w30,TMTT,125,36,3.44,0.99,10.5
5.241421744485393,8.360817496784566,4.84937422173219,13.987454053992472,9.138079832260281,0.6157351063342781,1.437026967437911,1.94389663064304,21.0,1.4901991125954364,66.22853783618216,w30,TMTT,125,36,3.44,0.99,10.5
5.241421744485393,8.360817496784566,4.84937422173219,13.987454053992472,9.138079832260281,0.6157351063342781,1.3400953439964924,1.5889875643579314,21.5,2.234135809323994,66.22853783618216,w30,TMTT,125,36,3.44,0.99,10.5
5.241421744485393,8.360817496784566,4.84937422173219,13.987454053992472,9.138079832260281,0.6157351063342781,1.248998649429363,1.976716678452063,22.0,1.9658653609819798,66.22853783618216,w30,TMTT,125,36,3.44,0.99,10.5
4.948314627120305,8.8056954334155,4.290457922796737,14.76672502398318,10.476267101186444,0.5690032082031002,2.3025187484499738e-30,0.07108534807231215,-1.0,-0.057630604204919944,71.49495107642065,w30,TMTT,126,36,3.32,1.01,10.5
4.948314627120305,8.8056954334155,4.290457922796737,14.76672502398318,10.476267101186444,0.5690032082031002,3.142300950291845e-28,-0.017071968383926994,-0.5,-0.4716294702757465,71.49495107642065,w30,TMTT,126,36,3.32,1.01,10.5
4.948314627120305,8.8056954334155,4.290457922796737,14.76672502398318,10.476267101186444,0.5690032082031002,4.288371275522565e-26,-0.05285686629991204,0.0,0.22216177738787385,71.49495107642065,w30,TMTT,126,36,3.32,1.01,10.5
4.948314627120305,8.8056954334155,4.290457922796737,14.76672502398318,10.476267101186444,0.5690032082031002,5.8524401346787054e-24,0.4246882887212102,0.5,0.3798524041645994,71.49495107642065,w30,TMTT,126,36,3.32,1.01,10.5
4.948314627120305,8.8056954334155,4.290457922796737,14.76672502398318,10.476267101186444,0.5690032082031002,7.986961326202852e-22,0.05420540284054093,1.0,0.3257432939696047,71.49495107642065,w30,TMTT,126,36,3.32,1.01,10.5
4.948314627120305,8.8056954334155,4.290457922796737,14.76672502398318,10.476267101186444,0.5690032082031002,1.0899992098717e-19,0.15995378453523446,1.5,0.21854340939586042,71.49495107642065,w30,TMTT,126,36,3.32,1.01,10.5
4.948314627120305,8.8056954334155,4.290457922796737,14.76672502398318,10.476267101186444,0.5690032082031002,1.487547302239722e-17,0.017495567637372922,2.0,0.2671952256911595,71.49495107642065,w30,TMTT,126,36,3.32,1.01,10.5
4.948314627120305,8.8056954334155,4.290457922796737,14.76672502398318,10.476267101186444,0.5690032082031002,2.0300904072068385e-15,0.11345023059689141,2.5,0.47209257174262803,71.49495107642065,w30,TMTT,126,36,3.32,1.01,10.5
4.948314627120305,8.8056954334155,4.290457922796737,14.76672502398318,10.476267101186444,0.5690032082031002,2.7705048066664273e-13,0.4374097268414074,3.0,0.5248224832549867,71.49495107642065,w30,TMTT,126,36,3.32,1.01,10.5
4.948314627120305,8.8056954334155,4.290457922796737,14.76672502398318,10.476267101186444,0.5690032082031002,3.779586967483654e-11,0.4177920814614058,3.5,-0.6241425521730212,71.49495107642065,w30,TMTT,126,36,3.32,1.01,10.5
4.948314627120305,8.8056954334155,4.290457922796737,14.76672502398318,10.476267101186444,0.5690032082031002,4.892047527783458e-09,0.8495964782426773,4.0,-0.3420684220874527,71.49495107642065,w30,TMTT,126,36,3.32,1.01,10.5
4.948314627120305,8.8056954334155,4.290457922796737,14.76672502398318,10.476267101186444,0.5690032082031002,0.886668204401029,1.2902416768676253,4.5,0.780072838722293,71.49495107642065,w30,TMTT,126,36,3.32,1.01,10.5
4.948314627120305,8.8056954334155,4.290457922796737,14.76672502398318,10.476267101186444,0.5690032082031002,2.3045802528677757,2.0433552298666453,5.0,2.5155729695536295,71.49495107642065,w30,TMTT,126,36,3.32,1.01,10.5
4.948314627120305,8.8056954334155,4.290457922796737,14.76672502398318,10.476267101186444,0.5690032082031002,3.1767384373750147,2.9516870443306247,5.5,2.6432573389877048,71.49495107642065,w30,TMTT,126,36,3.32,1.01,10.5
4.948314627120305,8.8056954334155,4.290457922796737,14.76672502398318,10.476267101186444,0.5690032082031002,3.7963915681090485,3.469985647319864,6.0,3.0115895184874892,71.49495107642065,w30,TMTT,126,36,3.32,1.01,10.5
4.948314627120305,8.8056954334155,4.290457922796737,14.76672502398318,10.476267101186444,0.5690032082031002,4.23975935819285,4.685137918767678,6.5,3.9266153687308636,71.49495107642065,w30,TMTT,126,36,3.32,1.01,10.5
4.948314627120305,8.8056954334155,4.290457922796737,14.76672502398318,10.476267101186444,0.5690032082031002,4.5500845476964615,4.071445186359798,7.0,5.320738469290303,71.49495107642065,w30,TMTT,126,36,3.32,1.01,10.5
4.948314627120305,8.8056954334155,4.290457922796737,14.76672502398318,10.476267101186444,0.5690032082031002,4.756644036456079,5.231168154905576,7.5,4.6528059367563275,71.49495107642065,w30,TMTT,126,36,3.32,1.01,10.5
4.948314627120305,8.8056954334155,4.290457922796737,14.76672502398318,10.476267101186444,0.5690032082031002,4.880898624976603,5.13142255099845,8.0,4.571595514998928,71.49495107642065,w30,TMTT,126,36,3.32,1.01,10.5
4.948314627120305,8.8056954334155,4.290457922796737,14.76672502398318,10.476267101186444,0.5690032082031002,4.9393240636558495,5.734003340963206,8.5,4.898380485220621,71.49495107642065,w30,TMTT,126,36,3.32,1.01,10.5
4.948314627120305,8.8056954334155,4.290457922796737,14.76672502398318,10.476267101186444,0.5690032082031002,4.944941739417923,5.466498293654558,9.0,5.957456089677262,71.49495107642065,w30,TMTT,126,36,3.32,1.01,10.5
4.948314627120305,8.8056954334155,4.290457922796737,14.76672502398318,10.476267101186444,0.5690032082031002,4.908241208168848,5.981091970242716,9.5,5.714545959271258,71.49495107642065,w30,TMTT,126,36,3.32,1.01,10.5
4.948314627120305,8.8056954334155,4.290457922796737,14.76672502398318,10.476267101186444,0.5690032082031002,4.837781836677895,4.998055320080914,10.0,5.52174525167565,71.49495107642065,w30,TMTT,126,36,3.32,1.01,10.5
4.948314627120305,8.8056954334155,4.290457922796737,14.76672502398318,10.476267101186444,0.5690032082031002,4.740609130894583,4.341052888424108,10.5,3.9544938414732527,71.49495107642065,w30,TMTT,126,36,3.32,1.01,10.5
4.948314627120305,8.8056954334155,4.290457922796737,14.76672502398318,10.476267101186444,0.5690032082031002,4.622556229990932,4.465694369393773,11.0,4.896496536538398,71.49495107642065,w30,TMTT,126,36,3.32,1.01,10.5
4.948314627120305,8.8056954334155,4.290457922796737,14.76672502398318,10.476267101186444,0.5690032082031002,4.488470100359495,3.3071528296961636,11.5,4.671594545841989,71.49495107642065,w30,TMTT,126,36,3.32,1.01,10.5
4.948314627120305,8.8056954334155,4.290457922796737,14.76672502398318,10.476267101186444,0.5690032082031002,4.342386020165476,3.8108875823028043,12.0,3.2471353266922374,71.49495107642065,w30,TMTT,126,36,3.32,1.01,10.5
4.948314627120305,8.8056954334155,4.290457922796737,14.76672502398318,10.476267101186444,0.5690032082031002,4.187665174547162,3.3701650206129004,12.5,3.7074583904136436,71.49495107642065,w30,TMTT,126,36,3.32,1.01,10.5
4.948314627120305,8.8056954334155,4.290457922796737,14.76672502398318,10.476267101186444,0.5690032082031002,4.027105086243175,4.028363710349861,13.0,3.500579813919535,71.49495107642065,w30,TMTT,126,36,3.32,1.01,10.5
4.948314627120305,8.8056954334155,4.290457922796737,14.76672502398318,10.476267101186444,0.5690032082031002,3.863029505643332,3.4088871199255752,13.5,3.6040466702091862,71.49495107642065,w30,TMTT,126,36,3.32,1.01,10.5
4.948314627120305,8.8056954334155,4.290457922796737,14.76672502398318,10.476267101186444,0.5690032082031002,3.6973624201249606,3.551352993307725,14.0,4.397365715094095,71.49495107642065,w30,TMTT,126,36,3.32,1.01,10.5
4.948314627120305,8.8056954334155,4.290457922796737,14.76672502398318,10.476267101186444,0.5690032082031002,3.53168955404365,3.1554685242496086,14.5,3.0215535724368143,71.49495107642065,w30,TMTT,126,36,3.32,1.01,10.5
4.948314627120305,8.8056954334155,4.290457922796737,14.76672502398318,10.476267101186444,0.5690032082031002,3.367309858941884,3.035292148054501,15.0,3.6309535875076273,71.49495107642065,w30,TMTT,126,36,3.32,1.01,10.5
4.948314627120305,8.8056954334155,4.290457922796737,14.76672502398318,10.476267101186444,0.5690032082031002,3.20527888722359,3.457613076878692,15.5,3.8358931081458363,71.49495107642065,w30,TMTT,126,36,3.32,1.01,10.5
4.948314627120305,8.8056954334155,4.290457922796737,14.76672502398318,10.476267101186444,0.5690032082031002,3.0464455103716603,2.686438566331193,16.0,2.706266659592866,71.49495107642065,w30,TMTT,126,36,3.32,1.01,10.5
4.948314627120305,8.8056954334155,4.290457922796737,14.76672502398318,10.476267101186444,0.5690032082031002,2.8914831278671476,3.0080075227211838,16.5,3.777103030493947,71.49495107642065,w30,TMTT,126,36,3.32,1.01,10.5
4.948314627120305,8.8056954334155,4.290457922796737,14.76672502398318,10.476267101186444,0.5690032082031002,2.740916278889172,2.33909329314093,17.0,2.089813368470157,71.49495107642065,w30,TMTT,126,36,3.32,1.01,10.5
4.948314627120305,8.8056954334155,4.290457922796737,14.76672502398318,10.476267101186444,0.5690032082031002,2.5951433917418987,2.706258723758312,17.5,2.188351188290937,71.49495107642065,w30,TMTT,126,36,3.32,1.01,10.5
4.948314627120305,8.8056954334155,4.290457922796737,14.76672502398318,10.476267101186444,0.5690032082031002,2.454456269737175,2.348492785361553,18.0,3.010930399966153,71.49495107642065,w30,TMTT,126,36,3.32,1.01,10.5
4.948314627120305,8.8056954334155,4.290457922796737,14.76672502398318,10.476267101186444,0.5690032082031002,2.3190568059754724,2.6112492419460542,18.5,2.529342756737028,71.49495107642065,w30,TMTT,126,36,3.32,1.01,10.5
4.948314627120305,8.8056954334155,4.290457922796737,14.76672502398318,10.476267101186444,0.5690032082031002,2.1890713354455036,2.3269136558853427,19.0,3.194465952521243,71.49495107642065,w30,TMTT,126,36,3.32,1.01,10.5
4.948314627120305,8.8056954334155,4.290457922796737,14.76672502398318,10.476267101186444,0.5690032082031002,2.0645629656553344,2.371942787344461,19.5,2.7272519825163677,71.49495107642065,w30,TMTT,126,36,3.32,1.01,10.5
4.948314627120305,8.8056954334155,4.290457922796737,14.76672502398318,10.476267101186444,0.5690032082031002,1.9455421726794113,2.010712913006104,20.0,0.654175223533088,71.49495107642065,w30,TMTT,126,36,3.32,1.01,10.5
4.948314627120305,8.8056954334155,4.290457922796737,14.76672502398318,10.476267101186444,0.5690032082031002,1.8319759051707767,1.6042115484840447,20.5,1.8699371845089243,71.49495107642065,w30,TMTT,126,36,3.32,1.01,10.5
4.948314627120305,8.8056954334155,4.290457922796737,14.76672502398318,10.476267101186444,0.5690032082031002,1.7237954023992712,2.082540818817958,21.0,2.105577921432788,71.49495107642065,w30,TMTT,126,36,3.32,1.01,10.5
4.948314627120305,8.8056954334155,4.290457922796737,14.76672502398318,10.476267101186444,0.5690032082031002,1.6209029021171164,1.619385358161416,21.5,1.3434582122824712,71.49495107642065,w30,TMTT,126,36,3.32,1.01,10.5
4.948314627120305,8.8056954334155,4.290457922796737,14.76672502398318,10.476267101186444,0.5690032082031002,1.523177388788598,2.1152614244662327,22.0,2.1987184643868694,71.49495107642065,w30,TMTT,126,36,3.32,1.01,10.5
7.0126513770251275,8.734498517348372,4.5494999703600545,14.72192249089928,10.172422520539225,0.5885937161439813,1.9815995342755477e-26,-0.06874018786302705,0.0,-0.5180480316534674,98.5591052436452,w35,TMTT,127,41,3.44,0.89,10.5
7.0126513770251275,8.734498517348372,4.5494999703600545,14.72192249089928,10.172422520539225,0.5885937161439813,5.042332156325232e-20,0.21238411083865572,1.5,0.2839873631956621,98.5591052436452,w35,TMTT,127,41,3.44,0.89,10.5
7.0126513770251275,8.734498517348372,4.5494999703600545,14.72192249089928,10.172422520539225,0.5885937161439813,1.28305989146337e-13,0.5584507067256235,3.0,0.016311640692933504,98.5591052436452,w35,TMTT,127,41,3.44,0.89,10.5
7.0126513770251275,8.734498517348372,4.5494999703600545,14.72192249089928,10.172422520539225,0.5885937161439813,2.725144891289785,2.7481857636436824,5.0,3.2561348879189738,98.5591052436452,w35,TMTT,127,41,3.44,0.89,10.5
7.0126513770251275,8.734498517348372,4.5494999703600545,14.72192249089928,10.172422520539225,0.5885937161439813,5.279337758855308,4.676160912932492,6.0,3.4945414982793928,98.5591052436452,w35,TMTT,127,41,3.44,0.89,10.5
7.0126513770251275,8.734498517348372,4.5494999703600545,14.72192249089928,10.172422520539225,0.5885937161439813,6.750303165842687,7.046516868015929,7.5,8.1967998177351,98.5591052436452,w35,TMTT,127,41,3.44,0.89,10.5
7.0126513770251275,8.734498517348372,4.5494999703600545,14.72192249089928,10.172422520539225,0.5885937161439813,6.927494080169788,6.915306559609596,8.0,6.589091006535086,98.5591052436452,w35,TMTT,127,41,3.44,0.89,10.5
7.0126513770251275,8.734498517348372,4.5494999703600545,14.72192249089928,10.172422520539225,0.5885937161439813,7.004661046198984,7.696487758992792,8.5,7.74597962919683,98.5591052436452,w35,TMTT,127,41,3.44,0.89,10.5
7.0126513770251275,8.734498517348372,4.5494999703600545,14.72192249089928,10.172422520539225,0.5885937161439813,6.939834759491115,8.059559788773209,9.5,7.052728650221391,98.5591052436452,w35,TMTT,127,41,3.44,0.89,10.5
7.0126513770251275,8.734498517348372,4.5494999703600545,14.72192249089928,10.172422520539225,0.5885937161439813,6.499642788827045,6.002713072650429,11.0,6.024219716609796,98.5591052436452,w35,TMTT,127,41,3.44,0.89,10.5
7.0126513770251275,8.734498517348372,4.5494999703600545,14.72192249089928,10.172422520539225,0.5885937161439813,6.082815928704295,5.11549308553278,12.0,6.255211300579514,98.5591052436452,w35,TMTT,127,41,3.44,0.89,10.5
7.0126513770251275,8.734498517348372,4.5494999703600545,14.72192249089928,10.172422520539225,0.5885937161439813,5.620843536902828,5.4348545682580065,13.0,5.971993896716385,98.5591052436452,w35,TMTT,127,41,3.44,0.89,10.5
7.0126513770251275,8.734498517348372,4.5494999703600545,14.72192249089928,10.172422520539225,0.5885937161439813,5.143010769626,4.797424872136601,14.0,4.878037251337026,98.5591052436452,w35,TMTT,127,41,3.44,0.89,10.5
7.0126513770251275,8.734498517348372,4.5494999703600545,14.72192249089928,10.172422520539225,0.5885937161439813,4.904560707335714,4.231002107842345,14.5,4.410330588341284,98.5591052436452,w35,TMTT,127,41,3.44,0.89,10.5
7.0126513770251275,8.734498517348372,4.5494999703600545,14.72192249089928,10.172422520539225,0.5885937161439813,4.6689085276563045,4.095075595121527,15.0,4.356137460139968,98.5591052436452,w35,TMTT,127,41,3.44,0.89,10.5
7.0126513770251275,8.734498517348372,4.5494999703600545,14.72192249089928,10.172422520539225,0.5885937161439813,3.991422496699784,4.0421010102500485,16.5,3.960364315950287,98.5591052436452,w35,TMTT,127,41,3.44,0.89,10.5
7.0126513770251275,8.734498517348372,4.5494999703600545,14.72192249089928,10.172422520539225,0.5885937161439813,3.3745783650516445,3.1356484871526584,18.0,2.9174546204517493,98.5591052436452,w35,TMTT,127,41,3.44,0.89,10.5
7.0126513770251275,8.734498517348372,4.5494999703600545,14.72192249089928,10.172422520539225,0.5885937161439813,2.662141761234142,2.689363223994567,20.0,4.243027810330048,98.5591052436452,w35,TMTT,127,41,3.44,0.89,10.5
7.0126513770251275,8.734498517348372,4.5494999703600545,14.72192249089928,10.172422520539225,0.5885937161439813,2.35360799942201,2.7810583108379605,21.0,3.474045867558575,98.5591052436452,w35,TMTT,127,41,3.44,0.89,10.5
7.0126513770251275,8.734498517348372,4.5494999703600545,14.72192249089928,10.172422520539225,0.5885937161439813,2.21083247194787,2.186463348177383,21.5,2.5751829170693252,98.5591052436452,w35,TMTT,127,41,3.44,0.89,10.5
6.345892279121038,8.150918467672723,4.633240348743324,13.656950773740778,9.023710424997454,0.6101738693670026,3.852445872284867e-26,-0.05271140668746205,0.0,0.1841979786005279,79.18003405942534,w35,TMTT,128,41,3.13,0.92,10.5
6.345892279121038,8.150918467672723,4.633240348743324,13.656950773740778,9.023710424997454,0.6101738693670026,9.590463336745714e-20,0.17503675143316227,1.5,0.12971391117522815,79.18003405942534,w35,TMTT,128,41,3.13,0.92,10.5
6.345892279121038,8.150918467672723,4.633240348743324,13.656950773740778,9.023710424997454,0.6101738693670026,2.387495701151966e-13,0.39454472300630505,3.0,0.4463824219578369,79.18003405942534,w35,TMTT,128,41,3.13,0.92,10.5
6.345892279121038,8.150918467672723,4.633240348743324,13.656950773740778,9.023710424997454,0.6101738693670026,2.5868787533760007,2.3716252900753334,5.0,3.0057988504126167,79.18003405942534,w35,TMTT,128,41,3.13,0.92,10.5
6.345892279121038,8.150918467672723,4.633240348743324,13.656950773740778,9.023710424997454,0.6101738693670026,5.126823721467212,4.0626173796619724,6.0,5.165946830719838,79.18003405942534,w35,TMTT,128,41,3.13,0.92,10.5
6.345892279121038,8.150918467672723,4.633240348743324,13.656950773740778,9.023710424997454,0.6101738693670026,6.26701773226874,6.1132917537746865,7.5,6.545871117067846,79.18003405942534,w35,TMTT,128,41,3.13,0.92,10.5
6.345892279121038,8.150918467672723,4.633240348743324,13.656950773740778,9.023710424997454,0.6101738693670026,6.342051929814032,6.008642961001906,8.0,6.514186980830783,79.18003405942534,w35,TMTT,128,41,3.13,0.92,10.5
6.345892279121038,8.150918467672723,4.633240348743324,13.656950773740778,9.023710424997454,0.6101738693670026,6.327186699981855,6.5973786294898344,8.5,7.527028090405649,79.18003405942534,w35,TMTT,128,41,3.13,0.92,10.5
6.345892279121038,8.150918467672723,4.633240348743324,13.656950773740778,9.023710424997454,0.6101738693670026,6.1115828175257745,7.000597175140831,9.5,6.908693212246118,79.18003405942534,w35,TMTT,128,41,3.13,0.92,10.5
6.345892279121038,8.150918467672723,4.633240348743324,13.656950773740778,9.023710424997454,0.6101738693670026,5.5256424311968235,5.170663741900374,11.0,5.616802511023299,79.18003405942534,w35,TMTT,128,41,3.13,0.92,10.5
6.345892279121038,8.150918467672723,4.633240348743324,13.656950773740778,9.023710424997454,0.6101738693670026,5.058067970333865,4.385805452482865,12.0,1.9640009918221528,79.18003405942534,w35,TMTT,128,41,3.13,0.92,10.5
6.345892279121038,8.150918467672723,4.633240348743324,13.656950773740778,9.023710424997454,0.6101738693670026,4.575369493237773,4.7399507837087596,13.0,5.291514676924529,79.18003405942534,w35,TMTT,128,41,3.13,0.92,10.5
6.345892279121038,8.150918467672723,4.633240348743324,13.656950773740778,9.023710424997454,0.6101738693670026,4.1008655006997285,4.201844213534082,14.0,4.334043665459769,79.18003405942534,w35,TMTT,128,41,3.13,0.92,10.5
6.345892279121038,8.150918467672723,4.633240348743324,13.656950773740778,9.023710424997454,0.6101738693670026,3.871387240765162,3.613683009229989,14.5,2.230549286231052,79.18003405942534,w35,TMTT,128,41,3.13,0.92,10.5
6.345892279121038,8.150918467672723,4.633240348743324,13.656950773740778,9.023710424997454,0.6101738693670026,3.6487513955151454,3.5714753342707577,15.0,4.249386537896471,79.18003405942534,w35,TMTT,128,41,3.13,0.92,10.5
6.345892279121038,8.150918467672723,4.633240348743324,13.656950773740778,9.023710424997454,0.6101738693670026,3.0291809978990822,3.478188101088192,16.5,3.774924864090651,79.18003405942534,w35,TMTT,128,41,3.13,0.92,10.5
6.345892279121038,8.150918467672723,4.633240348743324,13.656950773740778,9.023710424997454,0.6101738693670026,2.489070220754712,2.6390344676192776,18.0,2.791653625512673,79.18003405942534,w35,TMTT,128,41,3.13,0.92,10.5
6.345892279121038,8.150918467672723,4.633240348743324,13.656950773740778,9.023710424997454,0.6101738693670026,1.8922253143188117,2.277258455319753,20.0,1.0470839824262002,79.18003405942534,w35,TMTT,128,41,3.13,0.92,10.5
6.345892279121038,8.150918467672723,4.633240348743324,13.656950773740778,9.023710424997454,0.6101738693670026,1.6428179536944874,2.342053309923977,21.0,2.228616836614796,79.18003405942534,w35,TMTT,128,41,3.13,0.92,10.5
6.345892279121038,8.150918467672723,4.633240348743324,13.656950773740778,9.023710424997454,0.6101738693670026,1.5293286803471782,1.9116305499176365,21.5,1.0953973944431457,79.18003405942534,w35,TMTT,128,41,3.13,0.92,10.5
6.017289150550836,8.394042441657875,4.450437728562448,13.868153777013092,9.417716048450643,0.581256783193818,3.047599390827812e-26,-0.05071035027652926,0.0,-0.11077564422414526,78.25223941993228,w35,TMTT,129,41,2.97,0.84,10.5
6.017289150550836,8.394042441657875,4.450437728562448,13.868153777013092,9.417716048450643,0.581256783193818,7.574797046111276e-20,0.16659752411445827,1.5,0.24848227167975165,78.25223941993228,w35,TMTT,129,41,2.97,0.84,10.5
6.017289150550836,8.394042441657875,4.450437728562448,13.868153777013092,9.417716048450643,0.581256783193818,1.88271206677147e-13,0.38394357023386533,3.0,0.18668856864331373,78.25223941993228,w35,TMTT,129,41,2.97,0.84,10.5
6.017289150550836,8.394042441657875,4.450437728562448,13.868153777013092,9.417716048450643,0.581256783193818,2.6934559653181833,2.244022564282114,5.0,3.4436320572514054,78.25223941993228,w35,TMTT,129,41,2.97,0.84,10.5
6.017289150550836,8.394042441657875,4.450437728562448,13.868153777013092,9.417716048450643,0.581256783193818,4.75418031864525,3.8407390554604284,6.0,4.727915301643962,78.25223941993228,w35,TMTT,129,41,2.97,0.84,10.5
6.017289150550836,8.394042441657875,4.450437728562448,13.868153777013092,9.417716048450643,0.581256783193818,5.886981701511865,5.780481393033941,7.5,5.506259146037571,78.25223941993228,w35,TMTT,129,41,2.97,0.84,10.5
6.017289150550836,8.394042441657875,4.450437728562448,13.868153777013092,9.417716048450643,0.581256783193818,5.994135255398197,5.680415741459338,8.0,5.569696619296175,78.25223941993228,w35,TMTT,129,41,2.97,0.84,10.5
6.017289150550836,8.394042441657875,4.450437728562448,13.868153777013092,9.417716048450643,0.581256783193818,6.0157521328346375,6.247891886811783,8.5,6.845287824388386,78.25223941993228,w35,TMTT,129,41,2.97,0.84,10.5
6.017289150550836,8.394042441657875,4.450437728562448,13.868153777013092,9.417716048450643,0.581256783193818,5.874921006090834,6.618463921090155,9.5,7.521611438188544,78.25223941993228,w35,TMTT,129,41,2.97,0.84,10.5
6.017289150550836,8.394042441657875,4.450437728562448,13.868153777013092,9.417716048450643,0.581256783193818,5.387340105175895,4.893659546128353,11.0,3.5650650639918413,78.25223941993228,w35,TMTT,129,41,2.97,0.84,10.5
6.017289150550836,8.394042441657875,4.450437728562448,13.868153777013092,9.417716048450643,0.581256783193818,4.971580354312097,4.153361128905423,12.0,5.575209565285023,78.25223941993228,w35,TMTT,129,41,2.97,0.84,10.5
6.017289150550836,8.394042441657875,4.450437728562448,13.868153777013092,9.417716048450643,0.581256783193818,4.529773236320475,4.47888329081825,13.0,4.630978657250617,78.25223941993228,w35,TMTT,129,41,2.97,0.84,10.5
6.017289150550836,8.394042441657875,4.450437728562448,13.868153777013092,9.417716048450643,0.581256783193818,4.086472589096024,3.9682620918778397,14.0,3.3387498057880074,78.25223941993228,w35,TMTT,129,41,2.97,0.84,10.5
6.017289150550836,8.394042441657875,4.450437728562448,13.868153777013092,9.417716048450643,0.581256783193818,3.869434439803991,3.4238482381020083,14.5,4.028216621704843,78.25223941993228,w35,TMTT,129,41,2.97,0.84,10.5
6.017289150550836,8.394042441657875,4.450437728562448,13.868153777013092,9.417716048450643,0.581256783193818,3.6573873294051573,3.3747583352008945,15.0,3.55996214268344,78.25223941993228,w35,TMTT,129,41,2.97,0.84,10.5
6.017289150550836,8.394042441657875,4.450437728562448,13.868153777013092,9.417716048450643,0.581256783193818,3.0602791419177984,3.292287306269228,16.5,3.0826395687633963,78.25223941993228,w35,TMTT,129,41,2.97,0.84,10.5
6.017289150550836,8.394042441657875,4.450437728562448,13.868153777013092,9.417716048450643,0.581256783193818,2.5320058555258944,2.505208930721879,18.0,2.407741258065941,78.25223941993228,w35,TMTT,129,41,2.97,0.84,10.5
6.017289150550836,8.394042441657875,4.450437728562448,13.868153777013092,9.417716048450643,0.581256783193818,1.9402959262893138,2.16004649194358,20.0,1.8842708213857087,78.25223941993228,w35,TMTT,129,41,2.97,0.84,10.5
6.017289150550836,8.394042441657875,4.450437728562448,13.868153777013092,9.417716048450643,0.581256783193818,1.6905663008909941,2.223103229358432,21.0,2.699072497617559,78.25223941993228,w35,TMTT,129,41,2.97,0.84,10.5
6.017289150550836,8.394042441657875,4.450437728562448,13.868153777013092,9.417716048450643,0.581256783193818,1.5764373385018942,1.8057539946429515,21.5,1.5140828839766183,78.25223941993228,w35,TMTT,129,41,2.97,0.84,10.5
5.4715913552228415,7.812174655248716,5.847616858542278,15.308714758018281,9.461097899476004,0.7923541413924864,1.2512481926177335e-27,-0.04357724476275404,0.0,0.3475850502878495,68.44914162688926,w35,TMTT,130,41,3.44,0.99,10.5
5.4715913552228415,7.812174655248716,5.847616858542278,15.308714758018281,9.461097899476004,0.7923541413924864,3.348587927218309e-21,0.14515338675919082,1.5,0.5777675865772043,68.44914162688926,w35,TMTT,130,41,3.44,0.99,10.5
5.4715913552228415,7.812174655248716,5.847616858542278,15.308714758018281,9.461097899476004,0.7923541413924864,8.961484358150093e-15,0.3249500745377426,3.0,0.48970525232105494,68.44914162688926,w35,TMTT,130,41,3.44,0.99,10.5
5.4715913552228415,7.812174655248716,5.847616858542278,15.308714758018281,9.461097899476004,0.7923541413924864,3.328999956210518e-06,1.9703469794802664,5.0,0.31359996998116246,68.44914162688926,w35,TMTT,130,41,3.44,0.99,10.5
5.4715913552228415,7.812174655248716,5.847616858542278,15.308714758018281,9.461097899476004,0.7923541413924864,2.927656864228285,3.3761063857097593,6.0,2.4892317295803617,68.44914162688926,w35,TMTT,130,41,3.44,0.99,10.5
5.4715913552228415,7.812174655248716,5.847616858542278,15.308714758018281,9.461097899476004,0.7923541413924864,5.4513455992244255,5.079972563617835,7.5,5.508033309169067,68.44914162688926,w35,TMTT,130,41,3.44,0.99,10.5
5.4715913552228415,7.812174655248716,5.847616858542278,15.308714758018281,9.461097899476004,0.7923541413924864,5.465431298461707,4.993309126094411,8.0,5.850410161565178,68.44914162688926,w35,TMTT,130,41,3.44,0.99,10.5
5.4715913552228415,7.812174655248716,5.847616858542278,15.308714758018281,9.461097899476004,0.7923541413924864,5.400469272004418,5.479656630405706,8.5,4.75284823305179,68.44914162688926,w35,TMTT,130,41,3.44,0.99,10.5
5.4715913552228415,7.812174655248716,5.847616858542278,15.308714758018281,9.461097899476004,0.7923541413924864,5.1393683606157206,5.817570465859973,9.5,6.551777180606292,68.44914162688926,w35,TMTT,130,41,3.44,0.99,10.5
5.4715913552228415,7.812174655248716,5.847616858542278,15.308714758018281,9.461097899476004,0.7923541413924864,4.604379948684669,4.295477965303633,11.0,4.509150228917787,68.44914162688926,w35,TMTT,130,41,3.44,0.99,10.5
5.4715913552228415,7.812174655248716,5.847616858542278,15.308714758018281,9.461097899476004,0.7923541413924864,4.221108321145913,3.6427938584906934,12.0,4.390515095945957,68.44914162688926,w35,TMTT,130,41,3.44,0.99,10.5
5.4715913552228415,7.812174655248716,5.847616858542278,15.308714758018281,9.461097899476004,0.7923541413924864,3.842683625274449,3.939568946901942,13.0,3.9511949451619275,68.44914162688926,w35,TMTT,130,41,3.44,0.99,10.5
5.4715913552228415,7.812174655248716,5.847616858542278,15.308714758018281,9.461097899476004,0.7923541413924864,3.4801338829580017,3.4928991814035037,14.0,3.093814858900897,68.44914162688926,w35,TMTT,130,41,3.44,0.99,10.5
5.4715913552228415,7.812174655248716,5.847616858542278,15.308714758018281,9.461097899476004,0.7923541413924864,3.3067718256633856,3.0010278685277414,14.5,4.202889651638621,68.44914162688926,w35,TMTT,130,41,3.44,0.99,10.5
5.4715913552228415,7.812174655248716,5.847616858542278,15.308714758018281,9.461097899476004,0.7923541413924864,3.139292666400089,2.968400846500997,15.0,1.8698446125760941,68.44914162688926,w35,TMTT,130,41,3.44,0.99,10.5
5.4715913552228415,7.812174655248716,5.847616858542278,15.308714758018281,9.461097899476004,0.7923541413924864,2.6742746076149984,2.889352658572863,16.5,2.1745788773249717,68.44914162688926,w35,TMTT,130,41,3.44,0.99,10.5
5.4715913552228415,7.812174655248716,5.847616858542278,15.308714758018281,9.461097899476004,0.7923541413924864,2.2662134067469264,2.190335515641184,18.0,2.066460609947254,68.44914162688926,w35,TMTT,130,41,3.44,0.99,10.5
5.4715913552228415,7.812174655248716,5.847616858542278,15.308714758018281,9.461097899476004,0.7923541413924864,1.806240759123474,1.8905307118559203,20.0,2.2758438544541004,68.44914162688926,w35,TMTT,130,41,3.44,0.99,10.5
5.4715913552228415,7.812174655248716,5.847616858542278,15.308714758018281,9.461097899476004,0.7923541413924864,1.6092127915165426,1.94389663064304,21.0,1.4901991125954364,68.44914162688926,w35,TMTT,130,41,3.44,0.99,10.5
5.4715913552228415,7.812174655248716,5.847616858542278,15.308714758018281,9.461097899476004,0.7923541413924864,1.518245830617604,1.5889875643579314,21.5,2.234135809323994,68.44914162688926,w35,TMTT,130,41,3.44,0.99,10.5
5.06272827701774,8.888853784106491,4.294890131874586,14.300464037881117,10.005573906006532,0.5408595553450398,5.176547873085915e-27,-0.05285686629991204,0.0,0.22216177738787385,69.55664032714574,w35,TMTT,131,41,3.32,1.01,10.5
5.06272827701774,8.888853784106491,4.294890131874586,14.300464037881117,10.005573906006532,0.5408595553450398,1.2825636488306159e-20,0.15995378453523446,1.5,0.21854340939586042,69.55664032714574,w35,TMTT,131,41,3.32,1.01,10.5
5.06272827701774,8.888853784106491,4.294890131874586,14.300464037881117,10.005573906006532,0.5408595553450398,3.17772701139557e-14,0.4374097268414074,3.0,0.5248224832549867,69.55664032714574,w35,TMTT,131,41,3.32,1.01,10.5
5.06272827701774,8.888853784106491,4.294890131874586,14.300464037881117,10.005573906006532,0.5408595553450398,2.114195627157786,2.0433552298666453,5.0,2.5155729695536295,69.55664032714574,w35,TMTT,131,41,3.32,1.01,10.5
5.06272827701774,8.888853784106491,4.294890131874586,14.300464037881117,10.005573906006532,0.5408595553450398,3.7223885555674383,3.469985647319864,6.0,3.0115895184874892,69.55664032714574,w35,TMTT,131,41,3.32,1.01,10.5
5.06272827701774,8.888853784106491,4.294890131874586,14.300464037881117,10.005573906006532,0.5408595553450398,4.8208217306388095,5.231168154905576,7.5,4.6528059367563275,69.55664032714574,w35,TMTT,131,41,3.32,1.01,10.5
5.06272827701774,8.888853784106491,4.294890131874586,14.300464037881117,10.005573906006532,0.5408595553450398,4.970964231028064,5.13142255099845,8.0,4.571595514998928,69.55664032714574,w35,TMTT,131,41,3.32,1.01,10.5
5.06272827701774,8.888853784106491,4.294890131874586,14.300464037881117,10.005573906006532,0.5408595553450398,5.046430402791801,5.734003340963206,8.5,4.898380485220621,69.55664032714574,w35,TMTT,131,41,3.32,1.01,10.5
5.06272827701774,8.888853784106491,4.294890131874586,14.300464037881117,10.005573906006532,0.5408595553450398,5.027886901995586,5.981091970242716,9.5,5.714545959271258,69.55664032714574,w35,TMTT,131,41,3.32,1.01,10.5
5.06272827701774,8.888853784106491,4.294890131874586,14.300464037881117,10.005573906006532,0.5408595553450398,4.724616445569233,4.465694369393773,11.0,4.896496536538398,69.55664032714574,w35,TMTT,131,41,3.32,1.01,10.5
5.06272827701774,8.888853784106491,4.294890131874586,14.300464037881117,10.005573906006532,0.5408595553450398,4.419420422938895,3.8108875823028043,12.0,3.2471353266922374,69.55664032714574,w35,TMTT,131,41,3.32,1.01,10.5
5.06272827701774,8.888853784106491,4.294890131874586,14.300464037881117,10.005573906006532,0.5408595553450398,4.074752554406805,4.028363710349861,13.0,3.500579813919535,69.55664032714574,w35,TMTT,131,41,3.32,1.01,10.5
5.06272827701774,8.888853784106491,4.294890131874586,14.300464037881117,10.005573906006532,0.5408595553450398,3.714835781473231,3.551352993307725,14.0,4.397365715094095,69.55664032714574,w35,TMTT,131,41,3.32,1.01,10.5
5.06272827701774,8.888853784106491,4.294890131874586,14.300464037881117,10.005573906006532,0.5408595553450398,3.534551213806005,3.1554685242496086,14.5,3.0215535724368143,69.55664032714574,w35,TMTT,131,41,3.32,1.01,10.5
5.06272827701774,8.888853784106491,4.294890131874586,14.300464037881117,10.005573906006532,0.5408595553450398,3.3561615671701706,3.035292148054501,15.0,3.6309535875076273,69.55664032714574,w35,TMTT,131,41,3.32,1.01,10.5
5.06272827701774,8.888853784106491,4.294890131874586,14.300464037881117,10.005573906006532,0.5408595553450398,2.843217996215542,3.0080075227211838,16.5,3.777103030493947,69.55664032714574,w35,TMTT,131,41,3.32,1.01,10.5
5.06272827701774,8.888853784106491,4.294890131874586,14.300464037881117,10.005573906006532,0.5408595553450398,2.3777511240883356,2.348492785361553,18.0,3.010930399966153,69.55664032714574,w35,TMTT,131,41,3.32,1.01,10.5
5.06272827701774,8.888853784106491,4.294890131874586,14.300464037881117,10.005573906006532,0.5408595553450398,1.8445134071812928,2.010712913006104,20.0,0.654175223533088,69.55664032714574,w35,TMTT,131,41,3.32,1.01,10.5
5.06272827701774,8.888853784106491,4.294890131874586,14.300464037881117,10.005573906006532,0.5408595553450398,1.615798905119733,2.082540818817958,21.0,2.105577921432788,69.55664032714574,w35,TMTT,131,41,3.32,1.01,10.5
5.06272827701774,8.888853784106491,4.294890131874586,14.300464037881117,10.005573906006532,0.5408595553450398,1.510546335054404,1.619385358161416,21.5,1.3434582122824712,69.55664032714574,w35,TMTT,131,41,3.32,1.01,10.5
7.0126513770251275,8.734498517348372,4.5494999703600545,14.72192249089928,10.172422520539225,0.5885937161439813,1.9815995342755477e-26,-0.06874018786302705,0.0,-0.5180480316534674,98.5591052436452,w40,TMTT,132,46,3.44,0.89,10.5
7.0126513770251275,8.734498517348372,4.5494999703600545,14.72192249089928,10.172422520539225,0.5885937161439813,5.042332156325232e-20,0.21238411083865572,1.5,0.2839873631956621,98.5591052436452,w40,TMTT,132,46,3.44,0.89,10.5
7.0126513770251275,8.734498517348372,4.5494999703600545,14.72192249089928,10.172422520539225,0.5885937161439813,1.28305989146337e-13,0.5584507067256235,3.0,0.016311640692933504,98.5591052436452,w40,TMTT,132,46,3.44,0.89,10.5
7.0126513770251275,8.734498517348372,4.5494999703600545,14.72192249089928,10.172422520539225,0.5885937161439813,2.725144891289785,2.7481857636436824,5.0,3.2561348879189738,98.5591052436452,w40,TMTT,132,46,3.44,0.89,10.5
7.0126513770251275,8.734498517348372,4.5494999703600545,14.72192249089928,10.172422520539225,0.5885937161439813,5.279337758855308,4.676160912932492,6.0,3.4945414982793928,98.5591052436452,w40,TMTT,132,46,3.44,0.89,10.5
7.0126513770251275,8.734498517348372,4.5494999703600545,14.72192249089928,10.172422520539225,0.5885937161439813,6.750303165842687,7.046516868015929,7.5,8.1967998177351,98.5591052436452,w40,TMTT,132,46,3.44,0.89,10.5
7.0126513770251275,8.734498517348372,4.5494999703600545,14.72192249089928,10.172422520539225,0.5885937161439813,6.927494080169788,6.915306559609596,8.0,6.589091006535086,98.5591052436452,w40,TMTT,132,46,3.44,0.89,10.5
7.0126513770251275,8.734498517348372,4.5494999703600545,14.72192249089928,10.172422520539225,0.5885937161439813,7.004661046198984,7.696487758992792,8.5,7.74597962919683,98.5591052436452,w40,TMTT,132,46,3.44,0.89,10.5
7.0126513770251275,8.734498517348372,4.5494999703600545,14.72192249089928,10.172422520539225,0.5885937161439813,6.939834759491115,8.059559788773209,9.5,7.052728650221391,98.5591052436452,w40,TMTT,132,46,3.44,0.89,10.5
7.0126513770251275,8.734498517348372,4.5494999703600545,14.72192249089928,10.172422520539225,0.5885937161439813,6.499642788827045,6.002713072650429,11.0,6.024219716609796,98.5591052436452,w40,TMTT,132,46,3.44,0.89,10.5
7.0126513770251275,8.734498517348372,4.5494999703600545,14.72192249089928,10.172422520539225,0.5885937161439813,6.082815928704295,5.11549308553278,12.0,6.255211300579514,98.5591052436452,w40,TMTT,132,46,3.44,0.89,10.5
7.0126513770251275,8.734498517348372,4.5494999703600545,14.72192249089928,10.172422520539225,0.5885937161439813,5.620843536902828,5.4348545682580065,13.0,5.971993896716385,98.5591052436452,w40,TMTT,132,46,3.44,0.89,10.5
7.0126513770251275,8.734498517348372,4.5494999703600545,14.72192249089928,10.172422520539225,0.5885937161439813,5.143010769626,4.797424872136601,14.0,4.878037251337026,98.5591052436452,w40,TMTT,132,46,3.44,0.89,10.5
7.0126513770251275,8.734498517348372,4.5494999703600545,14.72192249089928,10.172422520539225,0.5885937161439813,4.904560707335714,4.231002107842345,14.5,4.410330588341284,98.5591052436452,w40,TMTT,132,46,3.44,0.89,10.5
7.0126513770251275,8.734498517348372,4.5494999703600545,14.72192249089928,10.172422520539225,0.5885937161439813,4.6689085276563045,4.095075595121527,15.0,4.356137460139968,98.5591052436452,w40,TMTT,132,46,3.44,0.89,10.5
7.0126513770251275,8.734498517348372,4.5494999703600545,14.72192249089928,10.172422520539225,0.5885937161439813,3.991422496699784,4.0421010102500485,16.5,3.960364315950287,98.5591052436452,w40,TMTT,132,46,3.44,0.89,10.5
7.0126513770251275,8.734498517348372,4.5494999703600545,14.72192249089928,10.172422520539225,0.5885937161439813,3.3745783650516445,3.1356484871526584,18.0,2.9174546204517493,98.5591052436452,w40,TMTT,132,46,3.44,0.89,10.5
7.0126513770251275,8.734498517348372,4.5494999703600545,14.72192249089928,10.172422520539225,0.5885937161439813,2.662141761234142,2.689363223994567,20.0,4.243027810330048,98.5591052436452,w40,TMTT,132,46,3.44,0.89,10.5
7.0126513770251275,8.734498517348372,4.5494999703600545,14.72192249089928,10.172422520539225,0.5885937161439813,2.35360799942201,2.7810583108379605,21.0,3.474045867558575,98.5591052436452,w40,TMTT,132,46,3.44,0.89,10.5
7.0126513770251275,8.734498517348372,4.5494999703600545,14.72192249089928,10.172422520539225,0.5885937161439813,2.21083247194787,2.186463348177383,21.5,2.5751829170693252,98.5591052436452,w40,TMTT,132,46,3.44,0.89,10.5
6.345892279121038,8.150918467672723,4.633240348743324,13.656950773740778,9.023710424997454,0.6101738693670026,3.852445872284867e-26,-0.05271140668746205,0.0,0.1841979786005279,79.18003405942534,w40,TMTT,133,46,3.13,0.92,10.5
6.345892279121038,8.150918467672723,4.633240348743324,13.656950773740778,9.023710424997454,0.6101738693670026,9.590463336745714e-20,0.17503675143316227,1.5,0.12971391117522815,79.18003405942534,w40,TMTT,133,46,3.13,0.92,10.5
6.345892279121038,8.150918467672723,4.633240348743324,13.656950773740778,9.023710424997454,0.6101738693670026,2.387495701151966e-13,0.39454472300630505,3.0,0.4463824219578369,79.18003405942534,w40,TMTT,133,46,3.13,0.92,10.5
6.345892279121038,8.150918467672723,4.633240348743324,13.656950773740778,9.023710424997454,0.6101738693670026,2.5868787533760007,2.3716252900753334,5.0,3.0057988504126167,79.18003405942534,w40,TMTT,133,46,3.13,0.92,10.5
6.345892279121038,8.150918467672723,4.633240348743324,13.656950773740778,9.023710424997454,0.6101738693670026,5.126823721467212,4.0626173796619724,6.0,5.165946830719838,79.18003405942534,w40,TMTT,133,46,3.13,0.92,10.5
6.345892279121038,8.150918467672723,4.633240348743324,13.656950773740778,9.023710424997454,0.6101738693670026,6.26701773226874,6.1132917537746865,7.5,6.545871117067846,79.18003405942534,w40,TMTT,133,46,3.13,0.92,10.5
6.345892279121038,8.150918467672723,4.633240348743324,13.656950773740778,9.023710424997454,0.6101738693670026,6.342051929814032,6.008642961001906,8.0,6.514186980830783,79.18003405942534,w40,TMTT,133,46,3.13,0.92,10.5
6.345892279121038,8.150918467672723,4.633240348743324,13.656950773740778,9.023710424997454,0.6101738693670026,6.327186699981855,6.5973786294898344,8.5,7.527028090405649,79.18003405942534,w40,TMTT,133,46,3.13,0.92,10.5
6.345892279121038,8.150918467672723,4.633240348743324,13.656950773740778,9.023710424997454,0.6101738693670026,6.1115828175257745,7.000597175140831,9.5,6.908693212246118,79.18003405942534,w40,TMTT,133,46,3.13,0.92,10.5
6.345892279121038,8.150918467672723,4.633240348743324,13.656950773740778,9.023710424997454,0.6101738693670026,5.5256424311968235,5.170663741900374,11.0,5.616802511023299,79.18003405942534,w40,TMTT,133,46,3.13,0.92,10.5
6.345892279121038,8.150918467672723,4.633240348743324,13.656950773740778,9.023710424997454,0.6101738693670026,5.058067970333865,4.385805452482865,12.0,1.9640009918221528,79.18003405942534,w40,TMTT,133,46,3.13,0.92,10.5
6.345892279121038,8.150918467672723,4.633240348743324,13.656950773740778,9.023710424997454,0.6101738693670026,4.575369493237773,4.7399507837087596,13.0,5.291514676924529,79.18003405942534,w40,TMTT,133,46,3.13,0.92,10.5
6.345892279121038,8.150918467672723,4.633240348743324,13.656950773740778,9.023710424997454,0.6101738693670026,4.1008655006997285,4.201844213534082,14.0,4.334043665459769,79.18003405942534,w40,TMTT,133,46,3.13,0.92,10.5
6.345892279121038,8.150918467672723,4.633240348743324,13.656950773740778,9.023710424997454,0.6101738693670026,3.871387240765162,3.613683009229989,14.5,2.230549286231052,79.18003405942534,w40,TMTT,133,46,3.13,0.92,10.5
6.345892279121038,8.150918467672723,4.633240348743324,13.656950773740778,9.023710424997454,0.6101738693670026,3.6487513955151454,3.5714753342707577,15.0,4.249386537896471,79.18003405942534,w40,TMTT,133,46,3.13,0.92,10.5
6.345892279121038,8.150918467672723,4.633240348743324,13.656950773740778,9.023710424997454,0.6101738693670026,3.0291809978990822,3.478188101088192,16.5,3.774924864090651,79.18003405942534,w40,TMTT,133,46,3.13,0.92,10.5
6.345892279121038,8.150918467672723,4.633240348743324,13.656950773740778,9.023710424997454,0.6101738693670026,2.489070220754712,2.6390344676192776,18.0,2.791653625512673,79.18003405942534,w40,TMTT,133,46,3.13,0.92,10.5
6.345892279121038,8.150918467672723,4.633240348743324,13.656950773740778,9.023710424997454,0.6101738693670026,1.8922253143188117,2.277258455319753,20.0,1.0470839824262002,79.18003405942534,w40,TMTT,133,46,3.13,0.92,10.5
6.345892279121038,8.150918467672723,4.633240348743324,13.656950773740778,9.023710424997454,0.6101738693670026,1.6428179536944874,2.342053309923977,21.0,2.228616836614796,79.18003405942534,w40,TMTT,133,46,3.13,0.92,10.5
6.345892279121038,8.150918467672723,4.633240348743324,13.656950773740778,9.023710424997454,0.6101738693670026,1.5293286803471782,1.9116305499176365,21.5,1.0953973944431457,79.18003405942534,w40,TMTT,133,46,3.13,0.92,10.5
6.017289150550836,8.394042441657875,4.450437728562448,13.868153777013092,9.417716048450643,0.581256783193818,3.047599390827812e-26,-0.05071035027652926,0.0,-0.11077564422414526,78.25223941993228,w40,TMTT,134,46,2.97,0.84,10.5
6.017289150550836,8.394042441657875,4.450437728562448,13.868153777013092,9.417716048450643,0.581256783193818,7.574797046111276e-20,0.16659752411445827,1.5,0.24848227167975165,78.25223941993228,w40,TMTT,134,46,2.97,0.84,10.5
6.017289150550836,8.394042441657875,4.450437728562448,13.868153777013092,9.417716048450643,0.581256783193818,1.88271206677147e-13,0.38394357023386533,3.0,0.18668856864331373,78.25223941993228,w40,TMTT,134,46,2.97,0.84,10.5
6.017289150550836,8.394042441657875,4.450437728562448,13.868153777013092,9.417716048450643,0.581256783193818,2.6934559653181833,2.244022564282114,5.0,3.4436320572514054,78.25223941993228,w40,TMTT,134,46,2.97,0.84,10.5
6.017289150550836,8.394042441657875,4.450437728562448,13.868153777013092,9.417716048450643,0.581256783193818,4.75418031864525,3.8407390554604284,6.0,4.727915301643962,78.25223941993228,w40,TMTT,134,46,2.97,0.84,10.5
6.017289150550836,8.394042441657875,4.450437728562448,13.868153777013092,9.417716048450643,0.581256783193818,5.886981701511865,5.780481393033941,7.5,5.506259146037571,78.25223941993228,w40,TMTT,134,46,2.97,0.84,10.5
6.017289150550836,8.394042441657875,4.450437728562448,13.868153777013092,9.417716048450643,0.581256783193818,5.994135255398197,5.680415741459338,8.0,5.569696619296175,78.25223941993228,w40,TMTT,134,46,2.97,0.84,10.5
6.017289150550836,8.394042441657875,4.450437728562448,13.868153777013092,9.417716048450643,0.581256783193818,6.0157521328346375,6.247891886811783,8.5,6.845287824388386,78.25223941993228,w40,TMTT,134,46,2.97,0.84,10.5
6.017289150550836,8.394042441657875,4.450437728562448,13.868153777013092,9.417716048450643,0.581256783193818,5.874921006090834,6.618463921090155,9.5,7.521611438188544,78.25223941993228,w40,TMTT,134,46,2.97,0.84,10.5
6.017289150550836,8.394042441657875,4.450437728562448,13.868153777013092,9.417716048450643,0.581256783193818,5.387340105175895,4.893659546128353,11.0,3.5650650639918413,78.25223941993228,w40,TMTT,134,46,2.97,0.84,10.5
6.017289150550836,8.394042441657875,4.450437728562448,13.868153777013092,9.417716048450643,0.581256783193818,4.971580354312097,4.153361128905423,12.0,5.575209565285023,78.25223941993228,w40,TMTT,134,46,2.97,0.84,10.5
6.017289150550836,8.394042441657875,4.450437728562448,13.868153777013092,9.417716048450643,0.581256783193818,4.529773236320475,4.47888329081825,13.0,4.630978657250617,78.25223941993228,w40,TMTT,134,46,2.97,0.84,10.5
6.017289150550836,8.394042441657875,4.450437728562448,13.868153777013092,9.417716048450643,0.581256783193818,4.086472589096024,3.9682620918778397,14.0,3.3387498057880074,78.25223941993228,w40,TMTT,134,46,2.97,0.84,10.5
6.017289150550836,8.394042441657875,4.450437728562448,13.868153777013092,9.417716048450643,0.581256783193818,3.869434439803991,3.4238482381020083,14.5,4.028216621704843,78.25223941993228,w40,TMTT,134,46,2.97,0.84,10.5
6.017289150550836,8.394042441657875,4.450437728562448,13.868153777013092,9.417716048450643,0.581256783193818,3.6573873294051573,3.3747583352008945,15.0,3.55996214268344,78.25223941993228,w40,TMTT,134,46,2.97,0.84,10.5
6.017289150550836,8.394042441657875,4.450437728562448,13.868153777013092,9.417716048450643,0.581256783193818,3.0602791419177984,3.292287306269228,16.5,3.0826395687633963,78.25223941993228,w40,TMTT,134,46,2.97,0.84,10.5
6.017289150550836,8.394042441657875,4.450437728562448,13.868153777013092,9.417716048450643,0.581256783193818,2.5320058555258944,2.505208930721879,18.0,2.407741258065941,78.25223941993228,w40,TMTT,134,46,2.97,0.84,10.5
6.017289150550836,8.394042441657875,4.450437728562448,13.868153777013092,9.417716048450643,0.581256783193818,1.9402959262893138,2.16004649194358,20.0,1.8842708213857087,78.25223941993228,w40,TMTT,134,46,2.97,0.84,10.5
6.017289150550836,8.394042441657875,4.450437728562448,13.868153777013092,9.417716048450643,0.581256783193818,1.6905663008909941,2.223103229358432,21.0,2.699072497617559,78.25223941993228,w40,TMTT,134,46,2.97,0.84,10.5
6.017289150550836,8.394042441657875,4.450437728562448,13.868153777013092,9.417716048450643,0.581256783193818,1.5764373385018942,1.8057539946429515,21.5,1.5140828839766183,78.25223941993228,w40,TMTT,134,46,2.97,0.84,10.5
5.4715913552228415,7.812174655248716,5.847616858542278,15.308714758018281,9.461097899476004,0.7923541413924864,1.2512481926177335e-27,-0.04357724476275404,0.0,0.3475850502878495,68.44914162688926,w40,TMTT,135,46,3.44,0.99,10.5
5.4715913552228415,7.812174655248716,5.847616858542278,15.308714758018281,9.461097899476004,0.7923541413924864,3.348587927218309e-21,0.14515338675919082,1.5,0.5777675865772043,68.44914162688926,w40,TMTT,135,46,3.44,0.99,10.5
5.4715913552228415,7.812174655248716,5.847616858542278,15.308714758018281,9.461097899476004,0.7923541413924864,8.961484358150093e-15,0.3249500745377426,3.0,0.48970525232105494,68.44914162688926,w40,TMTT,135,46,3.44,0.99,10.5
5.4715913552228415,7.812174655248716,5.847616858542278,15.308714758018281,9.461097899476004,0.7923541413924864,3.328999956210518e-06,1.9703469794802664,5.0,0.31359996998116246,68.44914162688926,w40,TMTT,135,46,3.44,0.99,10.5
5.4715913552228415,7.812174655248716,5.847616858542278,15.308714758018281,9.461097899476004,0.7923541413924864,2.927656864228285,3.3761063857097593,6.0,2.4892317295803617,68.44914162688926,w40,TMTT,135,46,3.44,0.99,10.5
5.4715913552228415,7.812174655248716,5.847616858542278,15.308714758018281,9.461097899476004,0.7923541413924864,5.4513455992244255,5.079972563617835,7.5,5.508033309169067,68.44914162688926,w40,TMTT,135,46,3.44,0.99,10.5
5.4715913552228415,7.812174655248716,5.847616858542278,15.308714758018281,9.461097899476004,0.7923541413924864,5.465431298461707,4.993309126094411,8.0,5.850410161565178,68.44914162688926,w40,TMTT,135,46,3.44,0.99,10.5
5.4715913552228415,7.812174655248716,5.847616858542278,15.308714758018281,9.461097899476004,0.7923541413924864,5.400469272004418,5.479656630405706,8.5,4.75284823305179,68.44914162688926,w40,TMTT,135,46,3.44,0.99,10.5
5.4715913552228415,7.812174655248716,5.847616858542278,15.308714758018281,9.461097899476004,0.7923541413924864,5.1393683606157206,5.817570465859973,9.5,6.551777180606292,68.44914162688926,w40,TMTT,135,46,3.44,0.99,10.5
5.4715913552228415,7.812174655248716,5.847616858542278,15.308714758018281,9.461097899476004,0.7923541413924864,4.604379948684669,4.295477965303633,11.0,4.509150228917787,68.44914162688926,w40,TMTT,135,46,3.44,0.99,10.5
5.4715913552228415,7.812174655248716,5.847616858542278,15.308714758018281,9.461097899476004,0.7923541413924864,4.221108321145913,3.6427938584906934,12.0,4.390515095945957,68.44914162688926,w40,TMTT,135,46,3.44,0.99,10.5
5.4715913552228415,7.812174655248716,5.847616858542278,15.308714758018281,9.461097899476004,0.7923541413924864,3.842683625274449,3.939568946901942,13.0,3.9511949451619275,68.44914162688926,w40,TMTT,135,46,3.44,0.99,10.5
5.4715913552228415,7.812174655248716,5.847616858542278,15.308714758018281,9.461097899476004,0.7923541413924864,3.4801338829580017,3.4928991814035037,14.0,3.093814858900897,68.44914162688926,w40,TMTT,135,46,3.44,0.99,10.5
5.4715913552228415,7.812174655248716,5.847616858542278,15.308714758018281,9.461097899476004,0.7923541413924864,3.3067718256633856,3.0010278685277414,14.5,4.202889651638621,68.44914162688926,w40,TMTT,135,46,3.44,0.99,10.5
5.4715913552228415,7.812174655248716,5.847616858542278,15.308714758018281,9.461097899476004,0.7923541413924864,3.139292666400089,2.968400846500997,15.0,1.8698446125760941,68.44914162688926,w40,TMTT,135,46,3.44,0.99,10.5
5.4715913552228415,7.812174655248716,5.847616858542278,15.308714758018281,9.461097899476004,0.7923541413924864,2.6742746076149984,2.889352658572863,16.5,2.1745788773249717,68.44914162688926,w40,TMTT,135,46,3.44,0.99,10.5
5.4715913552228415,7.812174655248716,5.847616858542278,15.308714758018281,9.461097899476004,0.7923541413924864,2.2662134067469264,2.190335515641184,18.0,2.066460609947254,68.44914162688926,w40,TMTT,135,46,3.44,0.99,10.5
5.4715913552228415,7.812174655248716,5.847616858542278,15.308714758018281,9.461097899476004,0.7923541413924864,1.806240759123474,1.8905307118559203,20.0,2.2758438544541004,68.44914162688926,w40,TMTT,135,46,3.44,0.99,10.5
5.4715913552228415,7.812174655248716,5.847616858542278,15.308714758018281,9.461097899476004,0.7923541413924864,1.6092127915165426,1.94389663064304,21.0,1.4901991125954364,68.44914162688926,w40,TMTT,135,46,3.44,0.99,10.5
5.4715913552228415,7.812174655248716,5.847616858542278,15.308714758018281,9.461097899476004,0.7923541413924864,1.518245830617604,1.5889875643579314,21.5,2.234135809323994,68.44914162688926,w40,TMTT,135,46,3.44,0.99,10.5
5.06272827701774,8.888853784106491,4.294890131874586,14.300464037881117,10.005573906006532,0.5408595553450398,5.176547873085915e-27,-0.05285686629991204,0.0,0.22216177738787385,69.55664032714574,w40,TMTT,136,46,3.32,1.01,10.5
5.06272827701774,8.888853784106491,4.294890131874586,14.300464037881117,10.005573906006532,0.5408595553450398,1.2825636488306159e-20,0.15995378453523446,1.5,0.21854340939586042,69.55664032714574,w40,TMTT,136,46,3.32,1.01,10.5
5.06272827701774,8.888853784106491,4.294890131874586,14.300464037881117,10.005573906006532,0.5408595553450398,3.17772701139557e-14,0.4374097268414074,3.0,0.5248224832549867,69.55664032714574,w40,TMTT,136,46,3.32,1.01,10.5
5.06272827701774,8.888853784106491,4.294890131874586,14.300464037881117,10.005573906006532,0.5408595553450398,2.114195627157786,2.0433552298666453,5.0,2.5155729695536295,69.55664032714574,w40,TMTT,136,46,3.32,1.01,10.5
5.06272827701774,8.888853784106491,4.294890131874586,14.300464037881117,10.005573906006532,0.5408595553450398,3.7223885555674383,3.469985647319864,6.0,3.0115895184874892,69.55664032714574,w40,TMTT,136,46,3.32,1.01,10.5
5.06272827701774,8.888853784106491,4.294890131874586,14.300464037881117,10.005573906006532,0.5408595553450398,4.8208217306388095,5.231168154905576,7.5,4.6528059367563275,69.55664032714574,w40,TMTT,136,46,3.32,1.01,10.5
5.06272827701774,8.888853784106491,4.294890131874586,14.300464037881117,10.005573906006532,0.5408595553450398,4.970964231028064,5.13142255099845,8.0,4.571595514998928,69.55664032714574,w40,TMTT,136,46,3.32,1.01,10.5
5.06272827701774,8.888853784106491,4.294890131874586,14.300464037881117,10.005573906006532,0.5408595553450398,5.046430402791801,5.734003340963206,8.5,4.898380485220621,69.55664032714574,w40,TMTT,136,46,3.32,1.01,10.5
5.06272827701774,8.888853784106491,4.294890131874586,14.300464037881117,10.005573906006532,0.5408595553450398,5.027886901995586,5.981091970242716,9.5,5.714545959271258,69.55664032714574,w40,TMTT,136,46,3.32,1.01,10.5
5.06272827701774,8.888853784106491,4.294890131874586,14.300464037881117,10.005573906006532,0.5408595553450398,4.724616445569233,4.465694369393773,11.0,4.896496536538398,69.55664032714574,w40,TMTT,136,46,3.32,1.01,10.5
5.06272827701774,8.888853784106491,4.294890131874586,14.300464037881117,10.005573906006532,0.5408595553450398,4.419420422938895,3.8108875823028043,12.0,3.2471353266922374,69.55664032714574,w40,TMTT,136,46,3.32,1.01,10.5
5.06272827701774,8.888853784106491,4.294890131874586,14.300464037881117,10.005573906006532,0.5408595553450398,4.074752554406805,4.028363710349861,13.0,3.500579813919535,69.55664032714574,w40,TMTT,136,46,3.32,1.01,10.5
5.06272827701774,8.888853784106491,4.294890131874586,14.300464037881117,10.005573906006532,0.5408595553450398,3.714835781473231,3.551352993307725,14.0,4.397365715094095,69.55664032714574,w40,TMTT,136,46,3.32,1.01,10.5
5.06272827701774,8.888853784106491,4.294890131874586,14.300464037881117,10.005573906006532,0.5408595553450398,3.534551213806005,3.1554685242496086,14.5,3.0215535724368143,69.55664032714574,w40,TMTT,136,46,3.32,1.01,10.5
5.06272827701774,8.888853784106491,4.294890131874586,14.300464037881117,10.005573906006532,0.5408595553450398,3.3561615671701706,3.035292148054501,15.0,3.6309535875076273,69.55664032714574,w40,TMTT,136,46,3.32,1.01,10.5
5.06272827701774,8.888853784106491,4.294890131874586,14.300464037881117,10.005573906006532,0.5408595553450398,2.843217996215542,3.0080075227211838,16.5,3.777103030493947,69.55664032714574,w40,TMTT,136,46,3.32,1.01,10.5
5.06272827701774,8.888853784106491,4.294890131874586,14.300464037881117,10.005573906006532,0.5408595553450398,2.3777511240883356,2.348492785361553,18.0,3.010930399966153,69.55664032714574,w40,TMTT,136,46,3.32,1.01,10.5
5.06272827701774,8.888853784106491,4.294890131874586,14.300464037881117,10.005573906006532,0.5408595553450398,1.8445134071812928,2.010712913006104,20.0,0.654175223533088,69.55664032714574,w40,TMTT,136,46,3.32,1.01,10.5
5.06272827701774,8.888853784106491,4.294890131874586,14.300464037881117,10.005573906006532,0.5408595553450398,1.615798905119733,2.082540818817958,21.0,2.105577921432788,69.55664032714574,w40,TMTT,136,46,3.32,1.01,10.5
5.06272827701774,8.888853784106491,4.294890131874586,14.300464037881117,10.005573906006532,0.5408595553450398,1.510546335054404,1.619385358161416,21.5,1.3434582122824712,69.55664032714574,w40,TMTT,136,46,3.32,1.01,10.5
7.0126513770251275,8.734498517348372,4.5494999703600545,14.72192249089928,10.172422520539225,0.5885937161439813,1.9815995342755477e-26,-0.06874018786302705,0.0,-0.5180480316534674,98.5591052436452,w45,TMTT,137,51,3.44,0.89,10.5
7.0126513770251275,8.734498517348372,4.5494999703600545,14.72192249089928,10.172422520539225,0.5885937161439813,5.042332156325232e-20,0.21238411083865572,1.5,0.2839873631956621,98.5591052436452,w45,TMTT,137,51,3.44,0.89,10.5
7.0126513770251275,8.734498517348372,4.5494999703600545,14.72192249089928,10.172422520539225,0.5885937161439813,1.28305989146337e-13,0.5584507067256235,3.0,0.016311640692933504,98.5591052436452,w45,TMTT,137,51,3.44,0.89,10.5
7.0126513770251275,8.734498517348372,4.5494999703600545,14.72192249089928,10.172422520539225,0.5885937161439813,2.725144891289785,2.7481857636436824,5.0,3.2561348879189738,98.5591052436452,w45,TMTT,137,51,3.44,0.89,10.5
7.0126513770251275,8.734498517348372,4.5494999703600545,14.72192249089928,10.172422520539225,0.5885937161439813,5.279337758855308,4.676160912932492,6.0,3.4945414982793928,98.5591052436452,w45,TMTT,137,51,3.44,0.89,10.5
7.0126513770251275,8.734498517348372,4.5494999703600545,14.72192249089928,10.172422520539225,0.5885937161439813,6.750303165842687,7.046516868015929,7.5,8.1967998177351,98.5591052436452,w45,TMTT,137,51,3.44,0.89,10.5
7.0126513770251275,8.734498517348372,4.5494999703600545,14.72192249089928,10.172422520539225,0.5885937161439813,6.927494080169788,6.915306559609596,8.0,6.589091006535086,98.5591052436452,w45,TMTT,137,51,3.44,0.89,10.5
7.0126513770251275,8.734498517348372,4.5494999703600545,14.72192249089928,10.172422520539225,0.5885937161439813,7.004661046198984,7.696487758992792,8.5,7.74597962919683,98.5591052436452,w45,TMTT,137,51,3.44,0.89,10.5
7.0126513770251275,8.734498517348372,4.5494999703600545,14.72192249089928,10.172422520539225,0.5885937161439813,6.939834759491115,8.059559788773209,9.5,7.052728650221391,98.5591052436452,w45,TMTT,137,51,3.44,0.89,10.5
7.0126513770251275,8.734498517348372,4.5494999703600545,14.72192249089928,10.172422520539225,0.5885937161439813,6.499642788827045,6.002713072650429,11.0,6.024219716609796,98.5591052436452,w45,TMTT,137,51,3.44,0.89,10.5
7.0126513770251275,8.734498517348372,4.5494999703600545,14.72192249089928,10.172422520539225,0.5885937161439813,6.082815928704295,5.11549308553278,12.0,6.255211300579514,98.5591052436452,w45,TMTT,137,51,3.44,0.89,10.5
7.0126513770251275,8.734498517348372,4.5494999703600545,14.72192249089928,10.172422520539225,0.5885937161439813,5.620843536902828,5.4348545682580065,13.0,5.971993896716385,98.5591052436452,w45,TMTT,137,51,3.44,0.89,10.5
7.0126513770251275,8.734498517348372,4.5494999703600545,14.72192249089928,10.172422520539225,0.5885937161439813,5.143010769626,4.797424872136601,14.0,4.878037251337026,98.5591052436452,w45,TMTT,137,51,3.44,0.89,10.5
7.0126513770251275,8.734498517348372,4.5494999703600545,14.72192249089928,10.172422520539225,0.5885937161439813,4.904560707335714,4.231002107842345,14.5,4.410330588341284,98.5591052436452,w45,TMTT,137,51,3.44,0.89,10.5
7.0126513770251275,8.734498517348372,4.5494999703600545,14.72192249089928,10.172422520539225,0.5885937161439813,4.6689085276563045,4.095075595121527,15.0,4.356137460139968,98.5591052436452,w45,TMTT,137,51,3.44,0.89,10.5
7.0126513770251275,8.734498517348372,4.5494999703600545,14.72192249089928,10.172422520539225,0.5885937161439813,3.991422496699784,4.0421010102500485,16.5,3.960364315950287,98.5591052436452,w45,TMTT,137,51,3.44,0.89,10.5
7.0126513770251275,8.734498517348372,4.5494999703600545,14.72192249089928,10.172422520539225,0.5885937161439813,3.3745783650516445,3.1356484871526584,18.0,2.9174546204517493,98.5591052436452,w45,TMTT,137,51,3.44,0.89,10.5
7.0126513770251275,8.734498517348372,4.5494999703600545,14.72192249089928,10.172422520539225,0.5885937161439813,2.662141761234142,2.689363223994567,20.0,4.243027810330048,98.5591052436452,w45,TMTT,137,51,3.44,0.89,10.5
7.0126513770251275,8.734498517348372,4.5494999703600545,14.72192249089928,10.172422520539225,0.5885937161439813,2.35360799942201,2.7810583108379605,21.0,3.474045867558575,98.5591052436452,w45,TMTT,137,51,3.44,0.89,10.5
7.0126513770251275,8.734498517348372,4.5494999703600545,14.72192249089928,10.172422520539225,0.5885937161439813,2.21083247194787,2.186463348177383,21.5,2.5751829170693252,98.5591052436452,w45,TMTT,137,51,3.44,0.89,10.5
6.345892279121038,8.150918467672723,4.633240348743324,13.656950773740778,9.023710424997454,0.6101738693670026,3.852445872284867e-26,-0.05271140668746205,0.0,0.1841979786005279,79.18003405942534,w45,TMTT,138,51,3.13,0.92,10.5
6.345892279121038,8.150918467672723,4.633240348743324,13.656950773740778,9.023710424997454,0.6101738693670026,9.590463336745714e-20,0.17503675143316227,1.5,0.12971391117522815,79.18003405942534,w45,TMTT,138,51,3.13,0.92,10.5
6.345892279121038,8.150918467672723,4.633240348743324,13.656950773740778,9.023710424997454,0.6101738693670026,2.387495701151966e-13,0.39454472300630505,3.0,0.4463824219578369,79.18003405942534,w45,TMTT,138,51,3.13,0.92,10.5
6.345892279121038,8.150918467672723,4.633240348743324,13.656950773740778,9.023710424997454,0.6101738693670026,2.5868787533760007,2.3716252900753334,5.0,3.0057988504126167,79.18003405942534,w45,TMTT,138,51,3.13,0.92,10.5
6.345892279121038,8.150918467672723,4.633240348743324,13.656950773740778,9.023710424997454,0.6101738693670026,5.126823721467212,4.0626173796619724,6.0,5.165946830719838,79.18003405942534,w45,TMTT,138,51,3.13,0.92,10.5
6.345892279121038,8.150918467672723,4.633240348743324,13.656950773740778,9.023710424997454,0.6101738693670026,6.26701773226874,6.1132917537746865,7.5,6.545871117067846,79.18003405942534,w45,TMTT,138,51,3.13,0.92,10.5
6.345892279121038,8.150918467672723,4.633240348743324,13.656950773740778,9.023710424997454,0.6101738693670026,6.342051929814032,6.008642961001906,8.0,6.514186980830783,79.18003405942534,w45,TMTT,138,51,3.13,0.92,10.5
6.345892279121038,8.150918467672723,4.633240348743324,13.656950773740778,9.023710424997454,0.6101738693670026,6.327186699981855,6.5973786294898344,8.5,7.527028090405649,79.18003405942534,w45,TMTT,138,51,3.13,0.92,10.5
6.345892279121038,8.150918467672723,4.633240348743324,13.656950773740778,9.023710424997454,0.6101738693670026,6.1115828175257745,7.000597175140831,9.5,6.908693212246118,79.18003405942534,w45,TMTT,138,51,3.13,0.92,10.5
6.345892279121038,8.150918467672723,4.633240348743324,13.656950773740778,9.023710424997454,0.6101738693670026,5.5256424311968235,5.170663741900374,11.0,5.616802511023299,79.18003405942534,w45,TMTT,138,51,3.13,0.92,10.5
6.345892279121038,8.150918467672723,4.633240348743324,13.656950773740778,9.023710424997454,0.6101738693670026,5.058067970333865,4.385805452482865,12.0,1.9640009918221528,79.18003405942534,w45,TMTT,138,51,3.13,0.92,10.5
6.345892279121038,8.150918467672723,4.633240348743324,13.656950773740778,9.023710424997454,0.6101738693670026,4.575369493237773,4.7399507837087596,13.0,5.291514676924529,79.18003405942534,w45,TMTT,138,51,3.13,0.92,10.5
6.345892279121038,8.150918467672723,4.633240348743324,13.656950773740778,9.023710424997454,0.6101738693670026,4.1008655006997285,4.201844213534082,14.0,4.334043665459769,79.18003405942534,w45,TMTT,138,51,3.13,0.92,10.5
6.345892279121038,8.150918467672723,4.633240348743324,13.656950773740778,9.023710424997454,0.6101738693670026,3.871387240765162,3.613683009229989,14.5,2.230549286231052,79.18003405942534,w45,TMTT,138,51,3.13,0.92,10.5
6.345892279121038,8.150918467672723,4.633240348743324,13.656950773740778,9.023710424997454,0.6101738693670026,3.6487513955151454,3.5714753342707577,15.0,4.249386537896471,79.18003405942534,w45,TMTT,138,51,3.13,0.92,10.5
6.345892279121038,8.150918467672723,4.633240348743324,13.656950773740778,9.023710424997454,0.6101738693670026,3.0291809978990822,3.478188101088192,16.5,3.774924864090651,79.18003405942534,w45,TMTT,138,51,3.13,0.92,10.5
6.345892279121038,8.150918467672723,4.633240348743324,13.656950773740778,9.023710424997454,0.6101738693670026,2.489070220754712,2.6390344676192776,18.0,2.791653625512673,79.18003405942534,w45,TMTT,138,51,3.13,0.92,10.5
6.345892279121038,8.150918467672723,4.633240348743324,13.656950773740778,9.023710424997454,0.6101738693670026,1.8922253143188117,2.277258455319753,20.0,1.0470839824262002,79.18003405942534,w45,TMTT,138,51,3.13,0.92,10.5
6.345892279121038,8.150918467672723,4.633240348743324,13.656950773740778,9.023710424997454,0.6101738693670026,1.6428179536944874,2.342053309923977,21.0,2.228616836614796,79.18003405942534,w45,TMTT,138,51,3.13,0.92,10.5
6.345892279121038,8.150918467672723,4.633240348743324,13.656950773740778,9.023710424997454,0.6101738693670026,1.5293286803471782,1.9116305499176365,21.5,1.0953973944431457,79.18003405942534,w45,TMTT,138,51,3.13,0.92,10.5
6.017289150550836,8.394042441657875,4.450437728562448,13.868153777013092,9.417716048450643,0.581256783193818,3.047599390827812e-26,-0.05071035027652926,0.0,-0.11077564422414526,78.25223941993228,w45,TMTT,139,51,2.97,0.84,10.5
6.017289150550836,8.394042441657875,4.450437728562448,13.868153777013092,9.417716048450643,0.581256783193818,7.574797046111276e-20,0.16659752411445827,1.5,0.24848227167975165,78.25223941993228,w45,TMTT,139,51,2.97,0.84,10.5
6.017289150550836,8.394042441657875,4.450437728562448,13.868153777013092,9.417716048450643,0.581256783193818,1.88271206677147e-13,0.38394357023386533,3.0,0.18668856864331373,78.25223941993228,w45,TMTT,139,51,2.97,0.84,10.5
6.017289150550836,8.394042441657875,4.450437728562448,13.868153777013092,9.417716048450643,0.581256783193818,2.6934559653181833,2.244022564282114,5.0,3.4436320572514054,78.25223941993228,w45,TMTT,139,51,2.97,0.84,10.5
6.017289150550836,8.394042441657875,4.450437728562448,13.868153777013092,9.417716048450643,0.581256783193818,4.75418031864525,3.8407390554604284,6.0,4.727915301643962,78.25223941993228,w45,TMTT,139,51,2.97,0.84,10.5
6.017289150550836,8.394042441657875,4.450437728562448,13.868153777013092,9.417716048450643,0.581256783193818,5.886981701511865,5.780481393033941,7.5,5.506259146037571,78.25223941993228,w45,TMTT,139,51,2.97,0.84,10.5
6.017289150550836,8.394042441657875,4.450437728562448,13.868153777013092,9.417716048450643,0.581256783193818,5.994135255398197,5.680415741459338,8.0,5.569696619296175,78.25223941993228,w45,TMTT,139,51,2.97,0.84,10.5
6.017289150550836,8.394042441657875,4.450437728562448,13.868153777013092,9.417716048450643,0.581256783193818,6.0157521328346375,6.247891886811783,8.5,6.845287824388386,78.25223941993228,w45,TMTT,139,51,2.97,0.84,10.5
6.017289150550836,8.394042441657875,4.450437728562448,13.868153777013092,9.417716048450643,0.581256783193818,5.874921006090834,6.618463921090155,9.5,7.521611438188544,78.25223941993228,w45,TMTT,139,51,2.97,0.84,10.5
6.017289150550836,8.394042441657875,4.450437728562448,13.868153777013092,9.417716048450643,0.581256783193818,5.387340105175895,4.893659546128353,11.0,3.5650650639918413,78.25223941993228,w45,TMTT,139,51,2.97,0.84,10.5
6.017289150550836,8.394042441657875,4.450437728562448,13.868153777013092,9.417716048450643,0.581256783193818,4.971580354312097,4.153361128905423,12.0,5.575209565285023,78.25223941993228,w45,TMTT,139,51,2.97,0.84,10.5
6.017289150550836,8.394042441657875,4.450437728562448,13.868153777013092,9.417716048450643,0.581256783193818,4.529773236320475,4.47888329081825,13.0,4.630978657250617,78.25223941993228,w45,TMTT,139,51,2.97,0.84,10.5
6.017289150550836,8.394042441657875,4.450437728562448,13.868153777013092,9.417716048450643,0.581256783193818,4.086472589096024,3.9682620918778397,14.0,3.3387498057880074,78.25223941993228,w45,TMTT,139,51,2.97,0.84,10.5
6.017289150550836,8.394042441657875,4.450437728562448,13.868153777013092,9.417716048450643,0.581256783193818,3.869434439803991,3.4238482381020083,14.5,4.028216621704843,78.25223941993228,w45,TMTT,139,51,2.97,0.84,10.5
6.017289150550836,8.394042441657875,4.450437728562448,13.868153777013092,9.417716048450643,0.581256783193818,3.6573873294051573,3.3747583352008945,15.0,3.55996214268344,78.25223941993228,w45,TMTT,139,51,2.97,0.84,10.5
6.017289150550836,8.394042441657875,4.450437728562448,13.868153777013092,9.417716048450643,0.581256783193818,3.0602791419177984,3.292287306269228,16.5,3.0826395687633963,78.25223941993228,w45,TMTT,139,51,2.97,0.84,10.5
6.017289150550836,8.394042441657875,4.450437728562448,13.868153777013092,9.417716048450643,0.581256783193818,2.5320058555258944,2.505208930721879,18.0,2.407741258065941,78.25223941993228,w45,TMTT,139,51,2.97,0.84,10.5
6.017289150550836,8.394042441657875,4.450437728562448,13.868153777013092,9.417716048450643,0.581256783193818,1.9402959262893138,2.16004649194358,20.0,1.8842708213857087,78.25223941993228,w45,TMTT,139,51,2.97,0.84,10.5
6.017289150550836,8.394042441657875,4.450437728562448,13.868153777013092,9.417716048450643,0.581256783193818,1.6905663008909941,2.223103229358432,21.0,2.699072497617559,78.25223941993228,w45,TMTT,139,51,2.97,0.84,10.5
6.017289150550836,8.394042441657875,4.450437728562448,13.868153777013092,9.417716048450643,0.581256783193818,1.5764373385018942,1.8057539946429515,21.5,1.5140828839766183,78.25223941993228,w45,TMTT,139,51,2.97,0.84,10.5
5.4715913552228415,7.812174655248716,5.847616858542278,15.308714758018281,9.461097899476004,0.7923541413924864,1.2512481926177335e-27,-0.04357724476275404,0.0,0.3475850502878495,68.44914162688926,w45,TMTT,140,51,3.44,0.99,10.5
5.4715913552228415,7.812174655248716,5.847616858542278,15.308714758018281,9.461097899476004,0.7923541413924864,3.348587927218309e-21,0.14515338675919082,1.5,0.5777675865772043,68.44914162688926,w45,TMTT,140,51,3.44,0.99,10.5
5.4715913552228415,7.812174655248716,5.847616858542278,15.308714758018281,9.461097899476004,0.7923541413924864,8.961484358150093e-15,0.3249500745377426,3.0,0.48970525232105494,68.44914162688926,w45,TMTT,140,51,3.44,0.99,10.5
5.4715913552228415,7.812174655248716,5.847616858542278,15.308714758018281,9.461097899476004,0.7923541413924864,3.328999956210518e-06,1.9703469794802664,5.0,0.31359996998116246,68.44914162688926,w45,TMTT,140,51,3.44,0.99,10.5
5.4715913552228415,7.812174655248716,5.847616858542278,15.308714758018281,9.461097899476004,0.7923541413924864,2.927656864228285,3.3761063857097593,6.0,2.4892317295803617,68.44914162688926,w45,TMTT,140,51,3.44,0.99,10.5
5.4715913552228415,7.812174655248716,5.847616858542278,15.308714758018281,9.461097899476004,0.7923541413924864,5.4513455992244255,5.079972563617835,7.5,5.508033309169067,68.44914162688926,w45,TMTT,140,51,3.44,0.99,10.5
5.4715913552228415,7.812174655248716,5.847616858542278,15.308714758018281,9.461097899476004,0.7923541413924864,5.465431298461707,4.993309126094411,8.0,5.850410161565178,68.44914162688926,w45,TMTT,140,51,3.44,0.99,10.5
5.4715913552228415,7.812174655248716,5.847616858542278,15.308714758018281,9.461097899476004,0.7923541413924864,5.400469272004418,5.479656630405706,8.5,4.75284823305179,68.44914162688926,w45,TMTT,140,51,3.44,0.99,10.5
5.4715913552228415,7.812174655248716,5.847616858542278,15.308714758018281,9.461097899476004,0.7923541413924864,5.1393683606157206,5.817570465859973,9.5,6.551777180606292,68.44914162688926,w45,TMTT,140,51,3.44,0.99,10.5
5.4715913552228415,7.812174655248716,5.847616858542278,15.308714758018281,9.461097899476004,0.7923541413924864,4.604379948684669,4.295477965303633,11.0,4.509150228917787,68.44914162688926,w45,TMTT,140,51,3.44,0.99,10.5
5.4715913552228415,7.812174655248716,5.847616858542278,15.308714758018281,9.461097899476004,0.7923541413924864,4.221108321145913,3.6427938584906934,12.0,4.390515095945957,68.44914162688926,w45,TMTT,140,51,3.44,0.99,10.5
5.4715913552228415,7.812174655248716,5.847616858542278,15.308714758018281,9.461097899476004,0.7923541413924864,3.842683625274449,3.939568946901942,13.0,3.9511949451619275,68.44914162688926,w45,TMTT,140,51,3.44,0.99,10.5
5.4715913552228415,7.812174655248716,5.847616858542278,15.308714758018281,9.461097899476004,0.7923541413924864,3.4801338829580017,3.4928991814035037,14.0,3.093814858900897,68.44914162688926,w45,TMTT,140,51,3.44,0.99,10.5
5.4715913552228415,7.812174655248716,5.847616858542278,15.308714758018281,9.461097899476004,0.7923541413924864,3.3067718256633856,3.0010278685277414,14.5,4.202889651638621,68.44914162688926,w45,TMTT,140,51,3.44,0.99,10.5
5.4715913552228415,7.812174655248716,5.847616858542278,15.308714758018281,9.461097899476004,0.7923541413924864,3.139292666400089,2.968400846500997,15.0,1.8698446125760941,68.44914162688926,w45,TMTT,140,51,3.44,0.99,10.5
5.4715913552228415,7.812174655248716,5.847616858542278,15.308714758018281,9.461097899476004,0.7923541413924864,2.6742746076149984,2.889352658572863,16.5,2.1745788773249717,68.44914162688926,w45,TMTT,140,51,3.44,0.99,10.5
5.4715913552228415,7.812174655248716,5.847616858542278,15.308714758018281,9.461097899476004,0.7923541413924864,2.2662134067469264,2.190335515641184,18.0,2.066460609947254,68.44914162688926,w45,TMTT,140,51,3.44,0.99,10.5
5.4715913552228415,7.812174655248716,5.847616858542278,15.308714758018281,9.461097899476004,0.7923541413924864,1.806240759123474,1.8905307118559203,20.0,2.2758438544541004,68.44914162688926,w45,TMTT,140,51,3.44,0.99,10.5
5.4715913552228415,7.812174655248716,5.847616858542278,15.308714758018281,9.461097899476004,0.7923541413924864,1.6092127915165426,1.94389663064304,21.0,1.4901991125954364,68.44914162688926,w45,TMTT,140,51,3.44,0.99,10.5
5.4715913552228415,7.812174655248716,5.847616858542278,15.308714758018281,9.461097899476004,0.7923541413924864,1.518245830617604,1.5889875643579314,21.5,2.234135809323994,68.44914162688926,w45,TMTT,140,51,3.44,0.99,10.5
5.06272827701774,8.888853784106491,4.294890131874586,14.300464037881117,10.005573906006532,0.5408595553450398,5.176547873085915e-27,-0.05285686629991204,0.0,0.22216177738787385,69.55664032714574,w45,TMTT,141,51,3.32,1.01,10.5
5.06272827701774,8.888853784106491,4.294890131874586,14.300464037881117,10.005573906006532,0.5408595553450398,1.2825636488306159e-20,0.15995378453523446,1.5,0.21854340939586042,69.55664032714574,w45,TMTT,141,51,3.32,1.01,10.5
5.06272827701774,8.888853784106491,4.294890131874586,14.300464037881117,10.005573906006532,0.5408595553450398,3.17772701139557e-14,0.4374097268414074,3.0,0.5248224832549867,69.55664032714574,w45,TMTT,141,51,3.32,1.01,10.5
5.06272827701774,8.888853784106491,4.294890131874586,14.300464037881117,10.005573906006532,0.5408595553450398,2.114195627157786,2.0433552298666453,5.0,2.5155729695536295,69.55664032714574,w45,TMTT,141,51,3.32,1.01,10.5
5.06272827701774,8.888853784106491,4.294890131874586,14.300464037881117,10.005573906006532,0.5408595553450398,3.7223885555674383,3.469985647319864,6.0,3.0115895184874892,69.55664032714574,w45,TMTT,141,51,3.32,1.01,10.5
5.06272827701774,8.888853784106491,4.294890131874586,14.300464037881117,10.005573906006532,0.5408595553450398,4.8208217306388095,5.231168154905576,7.5,4.6528059367563275,69.55664032714574,w45,TMTT,141,51,3.32,1.01,10.5
5.06272827701774,8.888853784106491,4.294890131874586,14.300464037881117,10.005573906006532,0.5408595553450398,4.970964231028064,5.13142255099845,8.0,4.571595514998928,69.55664032714574,w45,TMTT,141,51,3.32,1.01,10.5
5.06272827701774,8.888853784106491,4.294890131874586,14.300464037881117,10.005573906006532,0.5408595553450398,5.046430402791801,5.734003340963206,8.5,4.898380485220621,69.55664032714574,w45,TMTT,141,51,3.32,1.01,10.5
5.06272827701774,8.888853784106491,4.294890131874586,14.300464037881117,10.005573906006532,0.5408595553450398,5.027886901995586,5.981091970242716,9.5,5.714545959271258,69.55664032714574,w45,TMTT,141,51,3.32,1.01,10.5
5.06272827701774,8.888853784106491,4.294890131874586,14.300464037881117,10.005573906006532,0.5408595553450398,4.724616445569233,4.465694369393773,11.0,4.896496536538398,69.55664032714574,w45,TMTT,141,51,3.32,1.01,10.5
5.06272827701774,8.888853784106491,4.294890131874586,14.300464037881117,10.005573906006532,0.5408595553450398,4.419420422938895,3.8108875823028043,12.0,3.2471353266922374,69.55664032714574,w45,TMTT,141,51,3.32,1.01,10.5
5.06272827701774,8.888853784106491,4.294890131874586,14.300464037881117,10.005573906006532,0.5408595553450398,4.074752554406805,4.028363710349861,13.0,3.500579813919535,69.55664032714574,w45,TMTT,141,51,3.32,1.01,10.5
5.06272827701774,8.888853784106491,4.294890131874586,14.300464037881117,10.005573906006532,0.5408595553450398,3.714835781473231,3.551352993307725,14.0,4.397365715094095,69.55664032714574,w45,TMTT,141,51,3.32,1.01,10.5
5.06272827701774,8.888853784106491,4.294890131874586,14.300464037881117,10.005573906006532,0.5408595553450398,3.534551213806005,3.1554685242496086,14.5,3.0215535724368143,69.55664032714574,w45,TMTT,141,51,3.32,1.01,10.5
5.06272827701774,8.888853784106491,4.294890131874586,14.300464037881117,10.005573906006532,0.5408595553450398,3.3561615671701706,3.035292148054501,15.0,3.6309535875076273,69.55664032714574,w45,TMTT,141,51,3.32,1.01,10.5
5.06272827701774,8.888853784106491,4.294890131874586,14.300464037881117,10.005573906006532,0.5408595553450398,2.843217996215542,3.0080075227211838,16.5,3.777103030493947,69.55664032714574,w45,TMTT,141,51,3.32,1.01,10.5
5.06272827701774,8.888853784106491,4.294890131874586,14.300464037881117,10.005573906006532,0.5408595553450398,2.3777511240883356,2.348492785361553,18.0,3.010930399966153,69.55664032714574,w45,TMTT,141,51,3.32,1.01,10.5
5.06272827701774,8.888853784106491,4.294890131874586,14.300464037881117,10.005573906006532,0.5408595553450398,1.8445134071812928,2.010712913006104,20.0,0.654175223533088,69.55664032714574,w45,TMTT,141,51,3.32,1.01,10.5
5.06272827701774,8.888853784106491,4.294890131874586,14.300464037881117,10.005573906006532,0.5408595553450398,1.615798905119733,2.082540818817958,21.0,2.105577921432788,69.55664032714574,w45,TMTT,141,51,3.32,1.01,10.5
5.06272827701774,8.888853784106491,4.294890131874586,14.300464037881117,10.005573906006532,0.5408595553450398,1.510546335054404,1.619385358161416,21.5,1.3434582122824712,69.55664032714574,w45,TMTT,141,51,3.32,1.01,10.5
7.0126513770251275,8.734498517348372,4.5494999703600545,14.72192249089928,10.172422520539225,0.5885937161439813,1.9815995342755477e-26,-0.06874018786302705,0.0,-0.5180480316534674,98.5591052436452,w50,TMTT,142,56,3.44,0.89,10.5
7.0126513770251275,8.734498517348372,4.5494999703600545,14.72192249089928,10.172422520539225,0.5885937161439813,5.042332156325232e-20,0.21238411083865572,1.5,0.2839873631956621,98.5591052436452,w50,TMTT,142,56,3.44,0.89,10.5
7.0126513770251275,8.734498517348372,4.5494999703600545,14.72192249089928,10.172422520539225,0.5885937161439813,1.28305989146337e-13,0.5584507067256235,3.0,0.016311640692933504,98.5591052436452,w50,TMTT,142,56,3.44,0.89,10.5
7.0126513770251275,8.734498517348372,4.5494999703600545,14.72192249089928,10.172422520539225,0.5885937161439813,2.725144891289785,2.7481857636436824,5.0,3.2561348879189738,98.5591052436452,w50,TMTT,142,56,3.44,0.89,10.5
7.0126513770251275,8.734498517348372,4.5494999703600545,14.72192249089928,10.172422520539225,0.5885937161439813,5.279337758855308,4.676160912932492,6.0,3.4945414982793928,98.5591052436452,w50,TMTT,142,56,3.44,0.89,10.5
7.0126513770251275,8.734498517348372,4.5494999703600545,14.72192249089928,10.172422520539225,0.5885937161439813,6.750303165842687,7.046516868015929,7.5,8.1967998177351,98.5591052436452,w50,TMTT,142,56,3.44,0.89,10.5
7.0126513770251275,8.734498517348372,4.5494999703600545,14.72192249089928,10.172422520539225,0.5885937161439813,6.927494080169788,6.915306559609596,8.0,6.589091006535086,98.5591052436452,w50,TMTT,142,56,3.44,0.89,10.5
7.0126513770251275,8.734498517348372,4.5494999703600545,14.72192249089928,10.172422520539225,0.5885937161439813,7.004661046198984,7.696487758992792,8.5,7.74597962919683,98.5591052436452,w50,TMTT,142,56,3.44,0.89,10.5
7.0126513770251275,8.734498517348372,4.5494999703600545,14.72192249089928,10.172422520539225,0.5885937161439813,6.939834759491115,8.059559788773209,9.5,7.052728650221391,98.5591052436452,w50,TMTT,142,56,3.44,0.89,10.5
7.0126513770251275,8.734498517348372,4.5494999703600545,14.72192249089928,10.172422520539225,0.5885937161439813,6.499642788827045,6.002713072650429,11.0,6.024219716609796,98.5591052436452,w50,TMTT,142,56,3.44,0.89,10.5
7.0126513770251275,8.734498517348372,4.5494999703600545,14.72192249089928,10.172422520539225,0.5885937161439813,6.082815928704295,5.11549308553278,12.0,6.255211300579514,98.5591052436452,w50,TMTT,142,56,3.44,0.89,10.5
7.0126513770251275,8.734498517348372,4.5494999703600545,14.72192249089928,10.172422520539225,0.5885937161439813,5.620843536902828,5.4348545682580065,13.0,5.971993896716385,98.5591052436452,w50,TMTT,142,56,3.44,0.89,10.5
7.0126513770251275,8.734498517348372,4.5494999703600545,14.72192249089928,10.172422520539225,0.5885937161439813,5.143010769626,4.797424872136601,14.0,4.878037251337026,98.5591052436452,w50,TMTT,142,56,3.44,0.89,10.5
7.0126513770251275,8.734498517348372,4.5494999703600545,14.72192249089928,10.172422520539225,0.5885937161439813,4.904560707335714,4.231002107842345,14.5,4.410330588341284,98.5591052436452,w50,TMTT,142,56,3.44,0.89,10.5
7.0126513770251275,8.734498517348372,4.5494999703600545,14.72192249089928,10.172422520539225,0.5885937161439813,4.6689085276563045,4.095075595121527,15.0,4.356137460139968,98.5591052436452,w50,TMTT,142,56,3.44,0.89,10.5
7.0126513770251275,8.734498517348372,4.5494999703600545,14.72192249089928,10.172422520539225,0.5885937161439813,3.991422496699784,4.0421010102500485,16.5,3.960364315950287,98.5591052436452,w50,TMTT,142,56,3.44,0.89,10.5
7.0126513770251275,8.734498517348372,4.5494999703600545,14.72192249089928,10.172422520539225,0.5885937161439813,3.3745783650516445,3.1356484871526584,18.0,2.9174546204517493,98.5591052436452,w50,TMTT,142,56,3.44,0.89,10.5
7.0126513770251275,8.734498517348372,4.5494999703600545,14.72192249089928,10.172422520539225,0.5885937161439813,2.662141761234142,2.689363223994567,20.0,4.243027810330048,98.5591052436452,w50,TMTT,142,56,3.44,0.89,10.5
7.0126513770251275,8.734498517348372,4.5494999703600545,14.72192249089928,10.172422520539225,0.5885937161439813,2.35360799942201,2.7810583108379605,21.0,3.474045867558575,98.5591052436452,w50,TMTT,142,56,3.44,0.89,10.5
7.0126513770251275,8.734498517348372,4.5494999703600545,14.72192249089928,10.172422520539225,0.5885937161439813,2.21083247194787,2.186463348177383,21.5,2.5751829170693252,98.5591052436452,w50,TMTT,142,56,3.44,0.89,10.5
6.345892279121038,8.150918467672723,4.633240348743324,13.656950773740778,9.023710424997454,0.6101738693670026,3.852445872284867e-26,-0.05271140668746205,0.0,0.1841979786005279,79.18003405942534,w50,TMTT,143,56,3.13,0.92,10.5
6.345892279121038,8.150918467672723,4.633240348743324,13.656950773740778,9.023710424997454,0.6101738693670026,9.590463336745714e-20,0.17503675143316227,1.5,0.12971391117522815,79.18003405942534,w50,TMTT,143,56,3.13,0.92,10.5
6.345892279121038,8.150918467672723,4.633240348743324,13.656950773740778,9.023710424997454,0.6101738693670026,2.387495701151966e-13,0.39454472300630505,3.0,0.4463824219578369,79.18003405942534,w50,TMTT,143,56,3.13,0.92,10.5
6.345892279121038,8.150918467672723,4.633240348743324,13.656950773740778,9.023710424997454,0.6101738693670026,2.5868787533760007,2.3716252900753334,5.0,3.0057988504126167,79.18003405942534,w50,TMTT,143,56,3.13,0.92,10.5
6.345892279121038,8.150918467672723,4.633240348743324,13.656950773740778,9.023710424997454,0.6101738693670026,5.126823721467212,4.0626173796619724,6.0,5.165946830719838,79.18003405942534,w50,TMTT,143,56,3.13,0.92,10.5
6.345892279121038,8.150918467672723,4.633240348743324,13.656950773740778,9.023710424997454,0.6101738693670026,6.26701773226874,6.1132917537746865,7.5,6.545871117067846,79.18003405942534,w50,TMTT,143,56,3.13,0.92,10.5
6.345892279121038,8.150918467672723,4.633240348743324,13.656950773740778,9.023710424997454,0.6101738693670026,6.342051929814032,6.008642961001906,8.0,6.514186980830783,79.18003405942534,w50,TMTT,143,56,3.13,0.92,10.5
6.345892279121038,8.150918467672723,4.633240348743324,13.656950773740778,9.023710424997454,0.6101738693670026,6.327186699981855,6.5973786294898344,8.5,7.527028090405649,79.18003405942534,w50,TMTT,143,56,3.13,0.92,10.5
6.345892279121038,8.150918467672723,4.633240348743324,13.656950773740778,9.023710424997454,0.6101738693670026,6.1115828175257745,7.000597175140831,9.5,6.908693212246118,79.18003405942534,w50,TMTT,143,56,3.13,0.92,10.5
6.345892279121038,8.150918467672723,4.633240348743324,13.656950773740778,9.023710424997454,0.6101738693670026,5.5256424311968235,5.170663741900374,11.0,5.616802511023299,79.18003405942534,w50,TMTT,143,56,3.13,0.92,10.5
6.345892279121038,8.150918467672723,4.633240348743324,13.656950773740778,9.023710424997454,0.6101738693670026,5.058067970333865,4.385805452482865,12.0,1.9640009918221528,79.18003405942534,w50,TMTT,143,56,3.13,0.92,10.5
6.345892279121038,8.150918467672723,4.633240348743324,13.656950773740778,9.023710424997454,0.6101738693670026,4.575369493237773,4.7399507837087596,13.0,5.291514676924529,79.18003405942534,w50,TMTT,143,56,3.13,0.92,10.5
6.345892279121038,8.150918467672723,4.633240348743324,13.656950773740778,9.023710424997454,0.6101738693670026,4.1008655006997285,4.201844213534082,14.0,4.334043665459769,79.18003405942534,w50,TMTT,143,56,3.13,0.92,10.5
6.345892279121038,8.150918467672723,4.633240348743324,13.656950773740778,9.023710424997454,0.6101738693670026,3.871387240765162,3.613683009229989,14.5,2.230549286231052,79.18003405942534,w50,TMTT,143,56,3.13,0.92,10.5
6.345892279121038,8.150918467672723,4.633240348743324,13.656950773740778,9.023710424997454,0.6101738693670026,3.6487513955151454,3.5714753342707577,15.0,4.249386537896471,79.18003405942534,w50,TMTT,143,56,3.13,0.92,10.5
6.345892279121038,8.150918467672723,4.633240348743324,13.656950773740778,9.023710424997454,0.6101738693670026,3.0291809978990822,3.478188101088192,16.5,3.774924864090651,79.18003405942534,w50,TMTT,143,56,3.13,0.92,10.5
6.345892279121038,8.150918467672723,4.633240348743324,13.656950773740778,9.023710424997454,0.6101738693670026,2.489070220754712,2.6390344676192776,18.0,2.791653625512673,79.18003405942534,w50,TMTT,143,56,3.13,0.92,10.5
6.345892279121038,8.150918467672723,4.633240348743324,13.656950773740778,9.023710424997454,0.6101738693670026,1.8922253143188117,2.277258455319753,20.0,1.0470839824262002,79.18003405942534,w50,TMTT,143,56,3.13,0.92,10.5
6.345892279121038,8.150918467672723,4.633240348743324,13.656950773740778,9.023710424997454,0.6101738693670026,1.6428179536944874,2.342053309923977,21.0,2.228616836614796,79.18003405942534,w50,TMTT,143,56,3.13,0.92,10.5
6.345892279121038,8.150918467672723,4.633240348743324,13.656950773740778,9.023710424997454,0.6101738693670026,1.5293286803471782,1.9116305499176365,21.5,1.0953973944431457,79.18003405942534,w50,TMTT,143,56,3.13,0.92,10.5
6.017289150550836,8.394042441657875,4.450437728562448,13.868153777013092,9.417716048450643,0.581256783193818,3.047599390827812e-26,-0.05071035027652926,0.0,-0.11077564422414526,78.25223941993228,w50,TMTT,144,56,2.97,0.84,10.5
6.017289150550836,8.394042441657875,4.450437728562448,13.868153777013092,9.417716048450643,0.581256783193818,7.574797046111276e-20,0.16659752411445827,1.5,0.24848227167975165,78.25223941993228,w50,TMTT,144,56,2.97,0.84,10.5
6.017289150550836,8.394042441657875,4.450437728562448,13.868153777013092,9.417716048450643,0.581256783193818,1.88271206677147e-13,0.38394357023386533,3.0,0.18668856864331373,78.25223941993228,w50,TMTT,144,56,2.97,0.84,10.5
6.017289150550836,8.394042441657875,4.450437728562448,13.868153777013092,9.417716048450643,0.581256783193818,2.6934559653181833,2.244022564282114,5.0,3.4436320572514054,78.25223941993228,w50,TMTT,144,56,2.97,0.84,10.5
6.017289150550836,8.394042441657875,4.450437728562448,13.868153777013092,9.417716048450643,0.581256783193818,4.75418031864525,3.8407390554604284,6.0,4.727915301643962,78.25223941993228,w50,TMTT,144,56,2.97,0.84,10.5
6.017289150550836,8.394042441657875,4.450437728562448,13.868153777013092,9.417716048450643,0.581256783193818,5.886981701511865,5.780481393033941,7.5,5.506259146037571,78.25223941993228,w50,TMTT,144,56,2.97,0.84,10.5
6.017289150550836,8.394042441657875,4.450437728562448,13.868153777013092,9.417716048450643,0.581256783193818,5.994135255398197,5.680415741459338,8.0,5.569696619296175,78.25223941993228,w50,TMTT,144,56,2.97,0.84,10.5
6.017289150550836,8.394042441657875,4.450437728562448,13.868153777013092,9.417716048450643,0.581256783193818,6.0157521328346375,6.247891886811783,8.5,6.845287824388386,78.25223941993228,w50,TMTT,144,56,2.97,0.84,10.5
6.017289150550836,8.394042441657875,4.450437728562448,13.868153777013092,9.417716048450643,0.581256783193818,5.874921006090834,6.618463921090155,9.5,7.521611438188544,78.25223941993228,w50,TMTT,144,56,2.97,0.84,10.5
6.017289150550836,8.394042441657875,4.450437728562448,13.868153777013092,9.417716048450643,0.581256783193818,5.387340105175895,4.893659546128353,11.0,3.5650650639918413,78.25223941993228,w50,TMTT,144,56,2.97,0.84,10.5
6.017289150550836,8.394042441657875,4.450437728562448,13.868153777013092,9.417716048450643,0.581256783193818,4.971580354312097,4.153361128905423,12.0,5.575209565285023,78.25223941993228,w50,TMTT,144,56,2.97,0.84,10.5
6.017289150550836,8.394042441657875,4.450437728562448,13.868153777013092,9.417716048450643,0.581256783193818,4.529773236320475,4.47888329081825,13.0,4.630978657250617,78.25223941993228,w50,TMTT,144,56,2.97,0.84,10.5
6.017289150550836,8.394042441657875,4.450437728562448,13.868153777013092,9.417716048450643,0.581256783193818,4.086472589096024,3.9682620918778397,14.0,3.3387498057880074,78.25223941993228,w50,TMTT,144,56,2.97,0.84,10.5
6.017289150550836,8.394042441657875,4.450437728562448,13.868153777013092,9.417716048450643,0.581256783193818,3.869434439803991,3.4238482381020083,14.5,4.028216621704843,78.25223941993228,w50,TMTT,144,56,2.97,0.84,10.5
6.017289150550836,8.394042441657875,4.450437728562448,13.868153777013092,9.417716048450643,0.581256783193818,3.6573873294051573,3.3747583352008945,15.0,3.55996214268344,78.25223941993228,w50,TMTT,144,56,2.97,0.84,10.5
6.017289150550836,8.394042441657875,4.450437728562448,13.868153777013092,9.417716048450643,0.581256783193818,3.0602791419177984,3.292287306269228,16.5,3.0826395687633963,78.25223941993228,w50,TMTT,144,56,2.97,0.84,10.5
6.017289150550836,8.394042441657875,4.450437728562448,13.868153777013092,9.417716048450643,0.581256783193818,2.5320058555258944,2.505208930721879,18.0,2.407741258065941,78.25223941993228,w50,TMTT,144,56,2.97,0.84,10.5
6.017289150550836,8.394042441657875,4.450437728562448,13.868153777013092,9.417716048450643,0.581256783193818,1.9402959262893138,2.16004649194358,20.0,1.8842708213857087,78.25223941993228,w50,TMTT,144,56,2.97,0.84,10.5
6.017289150550836,8.394042441657875,4.450437728562448,13.868153777013092,9.417716048450643,0.581256783193818,1.6905663008909941,2.223103229358432,21.0,2.699072497617559,78.25223941993228,w50,TMTT,144,56,2.97,0.84,10.5
6.017289150550836,8.394042441657875,4.450437728562448,13.868153777013092,9.417716048450643,0.581256783193818,1.5764373385018942,1.8057539946429515,21.5,1.5140828839766183,78.25223941993228,w50,TMTT,144,56,2.97,0.84,10.5
5.4715913552228415,7.812174655248716,5.847616858542278,15.308714758018281,9.461097899476004,0.7923541413924864,1.2512481926177335e-27,-0.04357724476275404,0.0,0.3475850502878495,68.44914162688926,w50,TMTT,145,56,3.44,0.99,10.5
5.4715913552228415,7.812174655248716,5.847616858542278,15.308714758018281,9.461097899476004,0.7923541413924864,3.348587927218309e-21,0.14515338675919082,1.5,0.5777675865772043,68.44914162688926,w50,TMTT,145,56,3.44,0.99,10.5
5.4715913552228415,7.812174655248716,5.847616858542278,15.308714758018281,9.461097899476004,0.7923541413924864,8.961484358150093e-15,0.3249500745377426,3.0,0.48970525232105494,68.44914162688926,w50,TMTT,145,56,3.44,0.99,10.5
5.4715913552228415,7.812174655248716,5.847616858542278,15.308714758018281,9.461097899476004,0.7923541413924864,3.328999956210518e-06,1.9703469794802664,5.0,0.31359996998116246,68.44914162688926,w50,TMTT,145,56,3.44,0.99,10.5
5.4715913552228415,7.812174655248716,5.847616858542278,15.308714758018281,9.461097899476004,0.7923541413924864,2.927656864228285,3.3761063857097593,6.0,2.4892317295803617,68.44914162688926,w50,TMTT,145,56,3.44,0.99,10.5
5.4715913552228415,7.812174655248716,5.847616858542278,15.308714758018281,9.461097899476004,0.7923541413924864,5.4513455992244255,5.079972563617835,7.5,5.508033309169067,68.44914162688926,w50,TMTT,145,56,3.44,0.99,10.5
5.4715913552228415,7.812174655248716,5.847616858542278,15.308714758018281,9.461097899476004,0.7923541413924864,5.465431298461707,4.993309126094411,8.0,5.850410161565178,68.44914162688926,w50,TMTT,145,56,3.44,0.99,10.5
5.4715913552228415,7.812174655248716,5.847616858542278,15.308714758018281,9.461097899476004,0.7923541413924864,5.400469272004418,5.479656630405706,8.5,4.75284823305179,68.44914162688926,w50,TMTT,145,56,3.44,0.99,10.5
5.4715913552228415,7.812174655248716,5.847616858542278,15.308714758018281,9.461097899476004,0.7923541413924864,5.1393683606157206,5.817570465859973,9.5,6.551777180606292,68.44914162688926,w50,TMTT,145,56,3.44,0.99,10.5
5.4715913552228415,7.812174655248716,5.847616858542278,15.308714758018281,9.461097899476004,0.7923541413924864,4.604379948684669,4.295477965303633,11.0,4.509150228917787,68.44914162688926,w50,TMTT,145,56,3.44,0.99,10.5
5.4715913552228415,7.812174655248716,5.847616858542278,15.308714758018281,9.461097899476004,0.7923541413924864,4.221108321145913,3.6427938584906934,12.0,4.390515095945957,68.44914162688926,w50,TMTT,145,56,3.44,0.99,10.5
5.4715913552228415,7.812174655248716,5.847616858542278,15.308714758018281,9.461097899476004,0.7923541413924864,3.842683625274449,3.939568946901942,13.0,3.9511949451619275,68.44914162688926,w50,TMTT,145,56,3.44,0.99,10.5
5.4715913552228415,7.812174655248716,5.847616858542278,15.308714758018281,9.461097899476004,0.7923541413924864,3.4801338829580017,3.4928991814035037,14.0,3.093814858900897,68.44914162688926,w50,TMTT,145,56,3.44,0.99,10.5
5.4715913552228415,7.812174655248716,5.847616858542278,15.308714758018281,9.461097899476004,0.7923541413924864,3.3067718256633856,3.0010278685277414,14.5,4.202889651638621,68.44914162688926,w50,TMTT,145,56,3.44,0.99,10.5
5.4715913552228415,7.812174655248716,5.847616858542278,15.308714758018281,9.461097899476004,0.7923541413924864,3.139292666400089,2.968400846500997,15.0,1.8698446125760941,68.44914162688926,w50,TMTT,145,56,3.44,0.99,10.5
5.4715913552228415,7.812174655248716,5.847616858542278,15.308714758018281,9.461097899476004,0.7923541413924864,2.6742746076149984,2.889352658572863,16.5,2.1745788773249717,68.44914162688926,w50,TMTT,145,56,3.44,0.99,10.5
5.4715913552228415,7.812174655248716,5.847616858542278,15.308714758018281,9.461097899476004,0.7923541413924864,2.2662134067469264,2.190335515641184,18.0,2.066460609947254,68.44914162688926,w50,TMTT,145,56,3.44,0.99,10.5
5.4715913552228415,7.812174655248716,5.847616858542278,15.308714758018281,9.461097899476004,0.7923541413924864,1.806240759123474,1.8905307118559203,20.0,2.2758438544541004,68.44914162688926,w50,TMTT,145,56,3.44,0.99,10.5
5.4715913552228415,7.812174655248716,5.847616858542278,15.308714758018281,9.461097899476004,0.7923541413924864,1.6092127915165426,1.94389663064304,21.0,1.4901991125954364,68.44914162688926,w50,TMTT,145,56,3.44,0.99,10.5
5.4715913552228415,7.812174655248716,5.847616858542278,15.308714758018281,9.461097899476004,0.7923541413924864,1.518245830617604,1.5889875643579314,21.5,2.234135809323994,68.44914162688926,w50,TMTT,145,56,3.44,0.99,10.5
5.06272827701774,8.888853784106491,4.294890131874586,14.300464037881117,10.005573906006532,0.5408595553450398,5.176547873085915e-27,-0.05285686629991204,0.0,0.22216177738787385,69.55664032714574,w50,TMTT,146,56,3.32,1.01,10.5
5.06272827701774,8.888853784106491,4.294890131874586,14.300464037881117,10.005573906006532,0.5408595553450398,1.2825636488306159e-20,0.15995378453523446,1.5,0.21854340939586042,69.55664032714574,w50,TMTT,146,56,3.32,1.01,10.5
5.06272827701774,8.888853784106491,4.294890131874586,14.300464037881117,10.005573906006532,0.5408595553450398,3.17772701139557e-14,0.4374097268414074,3.0,0.5248224832549867,69.55664032714574,w50,TMTT,146,56,3.32,1.01,10.5
5.06272827701774,8.888853784106491,4.294890131874586,14.300464037881117,10.005573906006532,0.5408595553450398,2.114195627157786,2.0433552298666453,5.0,2.5155729695536295,69.55664032714574,w50,TMTT,146,56,3.32,1.01,10.5
5.06272827701774,8.888853784106491,4.294890131874586,14.300464037881117,10.005573906006532,0.5408595553450398,3.7223885555674383,3.469985647319864,6.0,3.0115895184874892,69.55664032714574,w50,TMTT,146,56,3.32,1.01,10.5
5.06272827701774,8.888853784106491,4.294890131874586,14.300464037881117,10.005573906006532,0.5408595553450398,4.8208217306388095,5.231168154905576,7.5,4.6528059367563275,69.55664032714574,w50,TMTT,146,56,3.32,1.01,10.5
5.06272827701774,8.888853784106491,4.294890131874586,14.300464037881117,10.005573906006532,0.5408595553450398,4.970964231028064,5.13142255099845,8.0,4.571595514998928,69.55664032714574,w50,TMTT,146,56,3.32,1.01,10.5
5.06272827701774,8.888853784106491,4.294890131874586,14.300464037881117,10.005573906006532,0.5408595553450398,5.046430402791801,5.734003340963206,8.5,4.898380485220621,69.55664032714574,w50,TMTT,146,56,3.32,1.01,10.5
5.06272827701774,8.888853784106491,4.294890131874586,14.300464037881117,10.005573906006532,0.5408595553450398,5.027886901995586,5.981091970242716,9.5,5.714545959271258,69.55664032714574,w50,TMTT,146,56,3.32,1.01,10.5
5.06272827701774,8.888853784106491,4.294890131874586,14.300464037881117,10.005573906006532,0.5408595553450398,4.724616445569233,4.465694369393773,11.0,4.896496536538398,69.55664032714574,w50,TMTT,146,56,3.32,1.01,10.5
5.06272827701774,8.888853784106491,4.294890131874586,14.300464037881117,10.005573906006532,0.5408595553450398,4.419420422938895,3.8108875823028043,12.0,3.2471353266922374,69.55664032714574,w50,TMTT,146,56,3.32,1.01,10.5
5.06272827701774,8.888853784106491,4.294890131874586,14.300464037881117,10.005573906006532,0.5408595553450398,4.074752554406805,4.028363710349861,13.0,3.500579813919535,69.55664032714574,w50,TMTT,146,56,3.32,1.01,10.5
5.06272827701774,8.888853784106491,4.294890131874586,14.300464037881117,10.005573906006532,0.5408595553450398,3.714835781473231,3.551352993307725,14.0,4.397365715094095,69.55664032714574,w50,TMTT,146,56,3.32,1.01,10.5
5.06272827701774,8.888853784106491,4.294890131874586,14.300464037881117,10.005573906006532,0.5408595553450398,3.534551213806005,3.1554685242496086,14.5,3.0215535724368143,69.55664032714574,w50,TMTT,146,56,3.32,1.01,10.5
5.06272827701774,8.888853784106491,4.294890131874586,14.300464037881117,10.005573906006532,0.5408595553450398,3.3561615671701706,3.035292148054501,15.0,3.6309535875076273,69.55664032714574,w50,TMTT,146,56,3.32,1.01,10.5
5.06272827701774,8.888853784106491,4.294890131874586,14.300464037881117,10.005573906006532,0.5408595553450398,2.843217996215542,3.0080075227211838,16.5,3.777103030493947,69.55664032714574,w50,TMTT,146,56,3.32,1.01,10.5
5.06272827701774,8.888853784106491,4.294890131874586,14.300464037881117,10.005573906006532,0.5408595553450398,2.3777511240883356,2.348492785361553,18.0,3.010930399966153,69.55664032714574,w50,TMTT,146,56,3.32,1.01,10.5
5.06272827701774,8.888853784106491,4.294890131874586,14.300464037881117,10.005573906006532,0.5408595553450398,1.8445134071812928,2.010712913006104,20.0,0.654175223533088,69.55664032714574,w50,TMTT,146,56,3.32,1.01,10.5
5.06272827701774,8.888853784106491,4.294890131874586,14.300464037881117,10.005573906006532,0.5408595553450398,1.615798905119733,2.082540818817958,21.0,2.105577921432788,69.55664032714574,w50,TMTT,146,56,3.32,1.01,10.5
5.06272827701774,8.888853784106491,4.294890131874586,14.300464037881117,10.005573906006532,0.5408595553450398,1.510546335054404,1.619385358161416,21.5,1.3434582122824712,69.55664032714574,w50,TMTT,146,56,3.32,1.01,10.5
7.0126513770251275,8.734498517348372,4.5494999703600545,14.72192249089928,10.172422520539225,0.5885937161439813,1.9815995342755477e-26,-0.06874018786302705,0.0,-0.5180480316534674,98.5591052436452,w55,TMTT,147,61,3.44,0.89,10.5
7.0126513770251275,8.734498517348372,4.5494999703600545,14.72192249089928,10.172422520539225,0.5885937161439813,5.042332156325232e-20,0.21238411083865572,1.5,0.2839873631956621,98.5591052436452,w55,TMTT,147,61,3.44,0.89,10.5
7.0126513770251275,8.734498517348372,4.5494999703600545,14.72192249089928,10.172422520539225,0.5885937161439813,1.28305989146337e-13,0.5584507067256235,3.0,0.016311640692933504,98.5591052436452,w55,TMTT,147,61,3.44,0.89,10.5
7.0126513770251275,8.734498517348372,4.5494999703600545,14.72192249089928,10.172422520539225,0.5885937161439813,2.725144891289785,2.7481857636436824,5.0,3.2561348879189738,98.5591052436452,w55,TMTT,147,61,3.44,0.89,10.5
7.0126513770251275,8.734498517348372,4.5494999703600545,14.72192249089928,10.172422520539225,0.5885937161439813,5.279337758855308,4.676160912932492,6.0,3.4945414982793928,98.5591052436452,w55,TMTT,147,61,3.44,0.89,10.5
7.0126513770251275,8.734498517348372,4.5494999703600545,14.72192249089928,10.172422520539225,0.5885937161439813,6.750303165842687,7.046516868015929,7.5,8.1967998177351,98.5591052436452,w55,TMTT,147,61,3.44,0.89,10.5
7.0126513770251275,8.734498517348372,4.5494999703600545,14.72192249089928,10.172422520539225,0.5885937161439813,6.927494080169788,6.915306559609596,8.0,6.589091006535086,98.5591052436452,w55,TMTT,147,61,3.44,0.89,10.5
7.0126513770251275,8.734498517348372,4.5494999703600545,14.72192249089928,10.172422520539225,0.5885937161439813,7.004661046198984,7.696487758992792,8.5,7.74597962919683,98.5591052436452,w55,TMTT,147,61,3.44,0.89,10.5
7.0126513770251275,8.734498517348372,4.5494999703600545,14.72192249089928,10.172422520539225,0.5885937161439813,6.939834759491115,8.059559788773209,9.5,7.052728650221391,98.5591052436452,w55,TMTT,147,61,3.44,0.89,10.5
7.0126513770251275,8.734498517348372,4.5494999703600545,14.72192249089928,10.172422520539225,0.5885937161439813,6.499642788827045,6.002713072650429,11.0,6.024219716609796,98.5591052436452,w55,TMTT,147,61,3.44,0.89,10.5
7.0126513770251275,8.734498517348372,4.5494999703600545,14.72192249089928,10.172422520539225,0.5885937161439813,6.082815928704295,5.11549308553278,12.0,6.255211300579514,98.5591052436452,w55,TMTT,147,61,3.44,0.89,10.5
7.0126513770251275,8.734498517348372,4.5494999703600545,14.72192249089928,10.172422520539225,0.5885937161439813,5.620843536902828,5.4348545682580065,13.0,5.971993896716385,98.5591052436452,w55,TMTT,147,61,3.44,0.89,10.5
7.0126513770251275,8.734498517348372,4.5494999703600545,14.72192249089928,10.172422520539225,0.5885937161439813,5.143010769626,4.797424872136601,14.0,4.878037251337026,98.5591052436452,w55,TMTT,147,61,3.44,0.89,10.5
7.0126513770251275,8.734498517348372,4.5494999703600545,14.72192249089928,10.172422520539225,0.5885937161439813,4.904560707335714,4.231002107842345,14.5,4.410330588341284,98.5591052436452,w55,TMTT,147,61,3.44,0.89,10.5
7.0126513770251275,8.734498517348372,4.5494999703600545,14.72192249089928,10.172422520539225,0.5885937161439813,4.6689085276563045,4.095075595121527,15.0,4.356137460139968,98.5591052436452,w55,TMTT,147,61,3.44,0.89,10.5
7.0126513770251275,8.734498517348372,4.5494999703600545,14.72192249089928,10.172422520539225,0.5885937161439813,3.991422496699784,4.0421010102500485,16.5,3.960364315950287,98.5591052436452,w55,TMTT,147,61,3.44,0.89,10.5
7.0126513770251275,8.734498517348372,4.5494999703600545,14.72192249089928,10.172422520539225,0.5885937161439813,3.3745783650516445,3.1356484871526584,18.0,2.9174546204517493,98.5591052436452,w55,TMTT,147,61,3.44,0.89,10.5
7.0126513770251275,8.734498517348372,4.5494999703600545,14.72192249089928,10.172422520539225,0.5885937161439813,2.662141761234142,2.689363223994567,20.0,4.243027810330048,98.5591052436452,w55,TMTT,147,61,3.44,0.89,10.5
7.0126513770251275,8.734498517348372,4.5494999703600545,14.72192249089928,10.172422520539225,0.5885937161439813,2.35360799942201,2.7810583108379605,21.0,3.474045867558575,98.5591052436452,w55,TMTT,147,61,3.44,0.89,10.5
7.0126513770251275,8.734498517348372,4.5494999703600545,14.72192249089928,10.172422520539225,0.5885937161439813,2.21083247194787,2.186463348177383,21.5,2.5751829170693252,98.5591052436452,w55,TMTT,147,61,3.44,0.89,10.5
6.345892279121038,8.150918467672723,4.633240348743324,13.656950773740778,9.023710424997454,0.6101738693670026,3.852445872284867e-26,-0.05271140668746205,0.0,0.1841979786005279,79.18003405942534,w55,TMTT,148,61,3.13,0.92,10.5
6.345892279121038,8.150918467672723,4.633240348743324,13.656950773740778,9.023710424997454,0.6101738693670026,9.590463336745714e-20,0.17503675143316227,1.5,0.12971391117522815,79.18003405942534,w55,TMTT,148,61,3.13,0.92,10.5
6.345892279121038,8.150918467672723,4.633240348743324,13.656950773740778,9.023710424997454,0.6101738693670026,2.387495701151966e-13,0.39454472300630505,3.0,0.4463824219578369,79.18003405942534,w55,TMTT,148,61,3.13,0.92,10.5
6.345892279121038,8.150918467672723,4.633240348743324,13.656950773740778,9.023710424997454,0.6101738693670026,2.5868787533760007,2.3716252900753334,5.0,3.0057988504126167,79.18003405942534,w55,TMTT,148,61,3.13,0.92,10.5
6.345892279121038,8.150918467672723,4.633240348743324,13.656950773740778,9.023710424997454,0.6101738693670026,5.126823721467212,4.0626173796619724,6.0,5.165946830719838,79.18003405942534,w55,TMTT,148,61,3.13,0.92,10.5
6.345892279121038,8.150918467672723,4.633240348743324,13.656950773740778,9.023710424997454,0.6101738693670026,6.26701773226874,6.1132917537746865,7.5,6.545871117067846,79.18003405942534,w55,TMTT,148,61,3.13,0.92,10.5
6.345892279121038,8.150918467672723,4.633240348743324,13.656950773740778,9.023710424997454,0.6101738693670026,6.342051929814032,6.008642961001906,8.0,6.514186980830783,79.18003405942534,w55,TMTT,148,61,3.13,0.92,10.5
6.345892279121038,8.150918467672723,4.633240348743324,13.656950773740778,9.023710424997454,0.6101738693670026,6.327186699981855,6.5973786294898344,8.5,7.527028090405649,79.18003405942534,w55,TMTT,148,61,3.13,0.92,10.5
6.345892279121038,8.150918467672723,4.633240348743324,13.656950773740778,9.023710424997454,0.6101738693670026,6.1115828175257745,7.000597175140831,9.5,6.908693212246118,79.18003405942534,w55,TMTT,148,61,3.13,0.92,10.5
6.345892279121038,8.150918467672723,4.633240348743324,13.656950773740778,9.023710424997454,0.6101738693670026,5.5256424311968235,5.170663741900374,11.0,5.616802511023299,79.18003405942534,w55,TMTT,148,61,3.13,0.92,10.5
6.345892279121038,8.150918467672723,4.633240348743324,13.656950773740778,9.023710424997454,0.6101738693670026,5.058067970333865,4.385805452482865,12.0,1.9640009918221528,79.18003405942534,w55,TMTT,148,61,3.13,0.92,10.5
6.345892279121038,8.150918467672723,4.633240348743324,13.656950773740778,9.023710424997454,0.6101738693670026,4.575369493237773,4.7399507837087596,13.0,5.291514676924529,79.18003405942534,w55,TMTT,148,61,3.13,0.92,10.5
6.345892279121038,8.150918467672723,4.633240348743324,13.656950773740778,9.023710424997454,0.6101738693670026,4.1008655006997285,4.201844213534082,14.0,4.334043665459769,79.18003405942534,w55,TMTT,148,61,3.13,0.92,10.5
6.345892279121038,8.150918467672723,4.633240348743324,13.656950773740778,9.023710424997454,0.6101738693670026,3.871387240765162,3.613683009229989,14.5,2.230549286231052,79.18003405942534,w55,TMTT,148,61,3.13,0.92,10.5
6.345892279121038,8.150918467672723,4.633240348743324,13.656950773740778,9.023710424997454,0.6101738693670026,3.6487513955151454,3.5714753342707577,15.0,4.249386537896471,79.18003405942534,w55,TMTT,148,61,3.13,0.92,10.5
6.345892279121038,8.150918467672723,4.633240348743324,13.656950773740778,9.023710424997454,0.6101738693670026,3.0291809978990822,3.478188101088192,16.5,3.774924864090651,79.18003405942534,w55,TMTT,148,61,3.13,0.92,10.5
6.345892279121038,8.150918467672723,4.633240348743324,13.656950773740778,9.023710424997454,0.6101738693670026,2.489070220754712,2.6390344676192776,18.0,2.791653625512673,79.18003405942534,w55,TMTT,148,61,3.13,0.92,10.5
6.345892279121038,8.150918467672723,4.633240348743324,13.656950773740778,9.023710424997454,0.6101738693670026,1.8922253143188117,2.277258455319753,20.0,1.0470839824262002,79.18003405942534,w55,TMTT,148,61,3.13,0.92,10.5
6.345892279121038,8.150918467672723,4.633240348743324,13.656950773740778,9.023710424997454,0.6101738693670026,1.6428179536944874,2.342053309923977,21.0,2.228616836614796,79.18003405942534,w55,TMTT,148,61,3.13,0.92,10.5
6.345892279121038,8.150918467672723,4.633240348743324,13.656950773740778,9.023710424997454,0.6101738693670026,1.5293286803471782,1.9116305499176365,21.5,1.0953973944431457,79.18003405942534,w55,TMTT,148,61,3.13,0.92,10.5
6.017289150550836,8.394042441657875,4.450437728562448,13.868153777013092,9.417716048450643,0.581256783193818,3.047599390827812e-26,-0.05071035027652926,0.0,-0.11077564422414526,78.25223941993228,w55,TMTT,149,61,2.97,0.84,10.5
6.017289150550836,8.394042441657875,4.450437728562448,13.868153777013092,9.417716048450643,0.581256783193818,7.574797046111276e-20,0.16659752411445827,1.5,0.24848227167975165,78.25223941993228,w55,TMTT,149,61,2.97,0.84,10.5
6.017289150550836,8.394042441657875,4.450437728562448,13.868153777013092,9.417716048450643,0.581256783193818,1.88271206677147e-13,0.38394357023386533,3.0,0.18668856864331373,78.25223941993228,w55,TMTT,149,61,2.97,0.84,10.5
6.017289150550836,8.394042441657875,4.450437728562448,13.868153777013092,9.417716048450643,0.581256783193818,2.6934559653181833,2.244022564282114,5.0,3.4436320572514054,78.25223941993228,w55,TMTT,149,61,2.97,0.84,10.5
6.017289150550836,8.394042441657875,4.450437728562448,13.868153777013092,9.417716048450643,0.581256783193818,4.75418031864525,3.8407390554604284,6.0,4.727915301643962,78.25223941993228,w55,TMTT,149,61,2.97,0.84,10.5
6.017289150550836,8.394042441657875,4.450437728562448,13.868153777013092,9.417716048450643,0.581256783193818,5.886981701511865,5.780481393033941,7.5,5.506259146037571,78.25223941993228,w55,TMTT,149,61,2.97,0.84,10.5
6.017289150550836,8.394042441657875,4.450437728562448,13.868153777013092,9.417716048450643,0.581256783193818,5.994135255398197,5.680415741459338,8.0,5.569696619296175,78.25223941993228,w55,TMTT,149,61,2.97,0.84,10.5
6.017289150550836,8.394042441657875,4.450437728562448,13.868153777013092,9.417716048450643,0.581256783193818,6.0157521328346375,6.247891886811783,8.5,6.845287824388386,78.25223941993228,w55,TMTT,149,61,2.97,0.84,10.5
6.017289150550836,8.394042441657875,4.450437728562448,13.868153777013092,9.417716048450643,0.581256783193818,5.874921006090834,6.618463921090155,9.5,7.521611438188544,78.25223941993228,w55,TMTT,149,61,2.97,0.84,10.5
6.017289150550836,8.394042441657875,4.450437728562448,13.868153777013092,9.417716048450643,0.581256783193818,5.387340105175895,4.893659546128353,11.0,3.5650650639918413,78.25223941993228,w55,TMTT,149,61,2.97,0.84,10.5
6.017289150550836,8.394042441657875,4.450437728562448,13.868153777013092,9.417716048450643,0.581256783193818,4.971580354312097,4.153361128905423,12.0,5.575209565285023,78.25223941993228,w55,TMTT,149,61,2.97,0.84,10.5
6.017289150550836,8.394042441657875,4.450437728562448,13.868153777013092,9.417716048450643,0.581256783193818,4.529773236320475,4.47888329081825,13.0,4.630978657250617,78.25223941993228,w55,TMTT,149,61,2.97,0.84,10.5
6.017289150550836,8.394042441657875,4.450437728562448,13.868153777013092,9.417716048450643,0.581256783193818,4.086472589096024,3.9682620918778397,14.0,3.3387498057880074,78.25223941993228,w55,TMTT,149,61,2.97,0.84,10.5
6.017289150550836,8.394042441657875,4.450437728562448,13.868153777013092,9.417716048450643,0.581256783193818,3.869434439803991,3.4238482381020083,14.5,4.028216621704843,78.25223941993228,w55,TMTT,149,61,2.97,0.84,10.5
6.017289150550836,8.394042441657875,4.450437728562448,13.868153777013092,9.417716048450643,0.581256783193818,3.6573873294051573,3.3747583352008945,15.0,3.55996214268344,78.25223941993228,w55,TMTT,149,61,2.97,0.84,10.5
6.017289150550836,8.394042441657875,4.450437728562448,13.868153777013092,9.417716048450643,0.581256783193818,3.0602791419177984,3.292287306269228,16.5,3.0826395687633963,78.25223941993228,w55,TMTT,149,61,2.97,0.84,10.5
6.017289150550836,8.394042441657875,4.450437728562448,13.868153777013092,9.417716048450643,0.581256783193818,2.5320058555258944,2.505208930721879,18.0,2.407741258065941,78.25223941993228,w55,TMTT,149,61,2.97,0.84,10.5
6.017289150550836,8.394042441657875,4.450437728562448,13.868153777013092,9.417716048450643,0.581256783193818,1.9402959262893138,2.16004649194358,20.0,1.8842708213857087,78.25223941993228,w55,TMTT,149,61,2.97,0.84,10.5
6.017289150550836,8.394042441657875,4.450437728562448,13.868153777013092,9.417716048450643,0.581256783193818,1.6905663008909941,2.223103229358432,21.0,2.699072497617559,78.25223941993228,w55,TMTT,149,61,2.97,0.84,10.5
6.017289150550836,8.394042441657875,4.450437728562448,13.868153777013092,9.417716048450643,0.581256783193818,1.5764373385018942,1.8057539946429515,21.5,1.5140828839766183,78.25223941993228,w55,TMTT,149,61,2.97,0.84,10.5
5.4715913552228415,7.812174655248716,5.847616858542278,15.308714758018281,9.461097899476004,0.7923541413924864,1.2512481926177335e-27,-0.04357724476275404,0.0,0.3475850502878495,68.44914162688926,w55,TMTT,150,61,3.44,0.99,10.5
5.4715913552228415,7.812174655248716,5.847616858542278,15.308714758018281,9.461097899476004,0.7923541413924864,3.348587927218309e-21,0.14515338675919082,1.5,0.5777675865772043,68.44914162688926,w55,TMTT,150,61,3.44,0.99,10.5
5.4715913552228415,7.812174655248716,5.847616858542278,15.308714758018281,9.461097899476004,0.7923541413924864,8.961484358150093e-15,0.3249500745377426,3.0,0.48970525232105494,68.44914162688926,w55,TMTT,150,61,3.44,0.99,10.5
5.4715913552228415,7.812174655248716,5.847616858542278,15.308714758018281,9.461097899476004,0.7923541413924864,3.328999956210518e-06,1.9703469794802664,5.0,0.31359996998116246,68.44914162688926,w55,TMTT,150,61,3.44,0.99,10.5
5.4715913552228415,7.812174655248716,5.847616858542278,15.308714758018281,9.461097899476004,0.7923541413924864,2.927656864228285,3.3761063857097593,6.0,2.4892317295803617,68.44914162688926,w55,TMTT,150,61,3.44,0.99,10.5
5.4715913552228415,7.812174655248716,5.847616858542278,15.308714758018281,9.461097899476004,0.7923541413924864,5.4513455992244255,5.079972563617835,7.5,5.508033309169067,68.44914162688926,w55,TMTT,150,61,3.44,0.99,10.5
5.4715913552228415,7.812174655248716,5.847616858542278,15.308714758018281,9.461097899476004,0.7923541413924864,5.465431298461707,4.993309126094411,8.0,5.850410161565178,68.44914162688926,w55,TMTT,150,61,3.44,0.99,10.5
5.4715913552228415,7.812174655248716,5.847616858542278,15.308714758018281,9.461097899476004,0.7923541413924864,5.400469272004418,5.479656630405706,8.5,4.75284823305179,68.44914162688926,w55,TMTT,150,61,3.44,0.99,10.5
5.4715913552228415,7.812174655248716,5.847616858542278,15.308714758018281,9.461097899476004,0.7923541413924864,5.1393683606157206,5.817570465859973,9.5,6.551777180606292,68.44914162688926,w55,TMTT,150,61,3.44,0.99,10.5
5.4715913552228415,7.812174655248716,5.847616858542278,15.308714758018281,9.461097899476004,0.7923541413924864,4.604379948684669,4.295477965303633,11.0,4.509150228917787,68.44914162688926,w55,TMTT,150,61,3.44,0.99,10.5
5.4715913552228415,7.812174655248716,5.847616858542278,15.308714758018281,9.461097899476004,0.7923541413924864,4.221108321145913,3.6427938584906934,12.0,4.390515095945957,68.44914162688926,w55,TMTT,150,61,3.44,0.99,10.5
5.4715913552228415,7.812174655248716,5.847616858542278,15.308714758018281,9.461097899476004,0.7923541413924864,3.842683625274449,3.939568946901942,13.0,3.9511949451619275,68.44914162688926,w55,TMTT,150,61,3.44,0.99,10.5
5.4715913552228415,7.812174655248716,5.847616858542278,15.308714758018281,9.461097899476004,0.7923541413924864,3.4801338829580017,3.4928991814035037,14.0,3.093814858900897,68.44914162688926,w55,TMTT,150,61,3.44,0.99,10.5
5.4715913552228415,7.812174655248716,5.847616858542278,15.308714758018281,9.461097899476004,0.7923541413924864,3.3067718256633856,3.0010278685277414,14.5,4.202889651638621,68.44914162688926,w55,TMTT,150,61,3.44,0.99,10.5
5.4715913552228415,7.812174655248716,5.847616858542278,15.308714758018281,9.461097899476004,0.7923541413924864,3.139292666400089,2.968400846500997,15.0,1.8698446125760941,68.44914162688926,w55,TMTT,150,61,3.44,0.99,10.5
5.4715913552228415,7.812174655248716,5.847616858542278,15.308714758018281,9.461097899476004,0.7923541413924864,2.6742746076149984,2.889352658572863,16.5,2.1745788773249717,68.44914162688926,w55,TMTT,150,61,3.44,0.99,10.5
5.4715913552228415,7.812174655248716,5.847616858542278,15.308714758018281,9.461097899476004,0.7923541413924864,2.2662134067469264,2.190335515641184,18.0,2.066460609947254,68.44914162688926,w55,TMTT,150,61,3.44,0.99,10.5
5.4715913552228415,7.812174655248716,5.847616858542278,15.308714758018281,9.461097899476004,0.7923541413924864,1.806240759123474,1.8905307118559203,20.0,2.2758438544541004,68.44914162688926,w55,TMTT,150,61,3.44,0.99,10.5
5.4715913552228415,7.812174655248716,5.847616858542278,15.308714758018281,9.461097899476004,0.7923541413924864,1.6092127915165426,1.94389663064304,21.0,1.4901991125954364,68.44914162688926,w55,TMTT,150,61,3.44,0.99,10.5
5.4715913552228415,7.812174655248716,5.847616858542278,15.308714758018281,9.461097899476004,0.7923541413924864,1.518245830617604,1.5889875643579314,21.5,2.234135809323994,68.44914162688926,w55,TMTT,150,61,3.44,0.99,10.5
5.06272827701774,8.888853784106491,4.294890131874586,14.300464037881117,10.005573906006532,0.5408595553450398,5.176547873085915e-27,-0.05285686629991204,0.0,0.22216177738787385,69.55664032714574,w55,TMTT,151,61,3.32,1.01,10.5
5.06272827701774,8.888853784106491,4.294890131874586,14.300464037881117,10.005573906006532,0.5408595553450398,1.2825636488306159e-20,0.15995378453523446,1.5,0.21854340939586042,69.55664032714574,w55,TMTT,151,61,3.32,1.01,10.5
5.06272827701774,8.888853784106491,4.294890131874586,14.300464037881117,10.005573906006532,0.5408595553450398,3.17772701139557e-14,0.4374097268414074,3.0,0.5248224832549867,69.55664032714574,w55,TMTT,151,61,3.32,1.01,10.5
5.06272827701774,8.888853784106491,4.294890131874586,14.300464037881117,10.005573906006532,0.5408595553450398,2.114195627157786,2.0433552298666453,5.0,2.5155729695536295,69.55664032714574,w55,TMTT,151,61,3.32,1.01,10.5
5.06272827701774,8.888853784106491,4.294890131874586,14.300464037881117,10.005573906006532,0.5408595553450398,3.7223885555674383,3.469985647319864,6.0,3.0115895184874892,69.55664032714574,w55,TMTT,151,61,3.32,1.01,10.5
5.06272827701774,8.888853784106491,4.294890131874586,14.300464037881117,10.005573906006532,0.5408595553450398,4.8208217306388095,5.231168154905576,7.5,4.6528059367563275,69.55664032714574,w55,TMTT,151,61,3.32,1.01,10.5
5.06272827701774,8.888853784106491,4.294890131874586,14.300464037881117,10.005573906006532,0.5408595553450398,4.970964231028064,5.13142255099845,8.0,4.571595514998928,69.55664032714574,w55,TMTT,151,61,3.32,1.01,10.5
5.06272827701774,8.888853784106491,4.294890131874586,14.300464037881117,10.005573906006532,0.5408595553450398,5.046430402791801,5.734003340963206,8.5,4.898380485220621,69.55664032714574,w55,TMTT,151,61,3.32,1.01,10.5
5.06272827701774,8.888853784106491,4.294890131874586,14.300464037881117,10.005573906006532,0.5408595553450398,5.027886901995586,5.981091970242716,9.5,5.714545959271258,69.55664032714574,w55,TMTT,151,61,3.32,1.01,10.5
5.06272827701774,8.888853784106491,4.294890131874586,14.300464037881117,10.005573906006532,0.5408595553450398,4.724616445569233,4.465694369393773,11.0,4.896496536538398,69.55664032714574,w55,TMTT,151,61,3.32,1.01,10.5
5.06272827701774,8.888853784106491,4.294890131874586,14.300464037881117,10.005573906006532,0.5408595553450398,4.419420422938895,3.8108875823028043,12.0,3.2471353266922374,69.55664032714574,w55,TMTT,151,61,3.32,1.01,10.5
5.06272827701774,8.888853784106491,4.294890131874586,14.300464037881117,10.005573906006532,0.5408595553450398,4.074752554406805,4.028363710349861,13.0,3.500579813919535,69.55664032714574,w55,TMTT,151,61,3.32,1.01,10.5
5.06272827701774,8.888853784106491,4.294890131874586,14.300464037881117,10.005573906006532,0.5408595553450398,3.714835781473231,3.551352993307725,14.0,4.397365715094095,69.55664032714574,w55,TMTT,151,61,3.32,1.01,10.5
5.06272827701774,8.888853784106491,4.294890131874586,14.300464037881117,10.005573906006532,0.5408595553450398,3.534551213806005,3.1554685242496086,14.5,3.0215535724368143,69.55664032714574,w55,TMTT,151,61,3.32,1.01,10.5
5.06272827701774,8.888853784106491,4.294890131874586,14.300464037881117,10.005573906006532,0.5408595553450398,3.3561615671701706,3.035292148054501,15.0,3.6309535875076273,69.55664032714574,w55,TMTT,151,61,3.32,1.01,10.5
5.06272827701774,8.888853784106491,4.294890131874586,14.300464037881117,10.005573906006532,0.5408595553450398,2.843217996215542,3.0080075227211838,16.5,3.777103030493947,69.55664032714574,w55,TMTT,151,61,3.32,1.01,10.5
5.06272827701774,8.888853784106491,4.294890131874586,14.300464037881117,10.005573906006532,0.5408595553450398,2.3777511240883356,2.348492785361553,18.0,3.010930399966153,69.55664032714574,w55,TMTT,151,61,3.32,1.01,10.5
5.06272827701774,8.888853784106491,4.294890131874586,14.300464037881117,10.005573906006532,0.5408595553450398,1.8445134071812928,2.010712913006104,20.0,0.654175223533088,69.55664032714574,w55,TMTT,151,61,3.32,1.01,10.5
5.06272827701774,8.888853784106491,4.294890131874586,14.300464037881117,10.005573906006532,0.5408595553450398,1.615798905119733,2.082540818817958,21.0,2.105577921432788,69.55664032714574,w55,TMTT,151,61,3.32,1.01,10.5
5.06272827701774,8.888853784106491,4.294890131874586,14.300464037881117,10.005573906006532,0.5408595553450398,1.510546335054404,1.619385358161416,21.5,1.3434582122824712,69.55664032714574,w55,TMTT,151,61,3.32,1.01,10.5
7.0126513770251275,8.734498517348372,4.5494999703600545,14.72192249089928,10.172422520539225,0.5885937161439813,1.9815995342755477e-26,-0.06874018786302705,0.0,-0.5180480316534674,98.5591052436452,w60,TMTT,152,66,3.44,0.89,10.5
7.0126513770251275,8.734498517348372,4.5494999703600545,14.72192249089928,10.172422520539225,0.5885937161439813,5.042332156325232e-20,0.21238411083865572,1.5,0.2839873631956621,98.5591052436452,w60,TMTT,152,66,3.44,0.89,10.5
7.0126513770251275,8.734498517348372,4.5494999703600545,14.72192249089928,10.172422520539225,0.5885937161439813,1.28305989146337e-13,0.5584507067256235,3.0,0.016311640692933504,98.5591052436452,w60,TMTT,152,66,3.44,0.89,10.5
7.0126513770251275,8.734498517348372,4.5494999703600545,14.72192249089928,10.172422520539225,0.5885937161439813,2.725144891289785,2.7481857636436824,5.0,3.2561348879189738,98.5591052436452,w60,TMTT,152,66,3.44,0.89,10.5
7.0126513770251275,8.734498517348372,4.5494999703600545,14.72192249089928,10.172422520539225,0.5885937161439813,5.279337758855308,4.676160912932492,6.0,3.4945414982793928,98.5591052436452,w60,TMTT,152,66,3.44,0.89,10.5
7.0126513770251275,8.734498517348372,4.5494999703600545,14.72192249089928,10.172422520539225,0.5885937161439813,6.750303165842687,7.046516868015929,7.5,8.1967998177351,98.5591052436452,w60,TMTT,152,66,3.44,0.89,10.5
7.0126513770251275,8.734498517348372,4.5494999703600545,14.72192249089928,10.172422520539225,0.5885937161439813,6.927494080169788,6.915306559609596,8.0,6.589091006535086,98.5591052436452,w60,TMTT,152,66,3.44,0.89,10.5
7.0126513770251275,8.734498517348372,4.5494999703600545,14.72192249089928,10.172422520539225,0.5885937161439813,7.004661046198984,7.696487758992792,8.5,7.74597962919683,98.5591052436452,w60,TMTT,152,66,3.44,0.89,10.5
7.0126513770251275,8.734498517348372,4.5494999703600545,14.72192249089928,10.172422520539225,0.5885937161439813,6.939834759491115,8.059559788773209,9.5,7.052728650221391,98.5591052436452,w60,TMTT,152,66,3.44,0.89,10.5
7.0126513770251275,8.734498517348372,4.5494999703600545,14.72192249089928,10.172422520539225,0.5885937161439813,6.499642788827045,6.002713072650429,11.0,6.024219716609796,98.5591052436452,w60,TMTT,152,66,3.44,0.89,10.5
7.0126513770251275,8.734498517348372,4.5494999703600545,14.72192249089928,10.172422520539225,0.5885937161439813,6.082815928704295,5.11549308553278,12.0,6.255211300579514,98.5591052436452,w60,TMTT,152,66,3.44,0.89,10.5
7.0126513770251275,8.734498517348372,4.5494999703600545,14.72192249089928,10.172422520539225,0.5885937161439813,5.620843536902828,5.4348545682580065,13.0,5.971993896716385,98.5591052436452,w60,TMTT,152,66,3.44,0.89,10.5
7.0126513770251275,8.734498517348372,4.5494999703600545,14.72192249089928,10.172422520539225,0.5885937161439813,5.143010769626,4.797424872136601,14.0,4.878037251337026,98.5591052436452,w60,TMTT,152,66,3.44,0.89,10.5
7.0126513770251275,8.734498517348372,4.5494999703600545,14.72192249089928,10.172422520539225,0.5885937161439813,4.904560707335714,4.231002107842345,14.5,4.410330588341284,98.5591052436452,w60,TMTT,152,66,3.44,0.89,10.5
7.0126513770251275,8.734498517348372,4.5494999703600545,14.72192249089928,10.172422520539225,0.5885937161439813,4.6689085276563045,4.095075595121527,15.0,4.356137460139968,98.5591052436452,w60,TMTT,152,66,3.44,0.89,10.5
7.0126513770251275,8.734498517348372,4.5494999703600545,14.72192249089928,10.172422520539225,0.5885937161439813,3.991422496699784,4.0421010102500485,16.5,3.960364315950287,98.5591052436452,w60,TMTT,152,66,3.44,0.89,10.5
7.0126513770251275,8.734498517348372,4.5494999703600545,14.72192249089928,10.172422520539225,0.5885937161439813,3.3745783650516445,3.1356484871526584,18.0,2.9174546204517493,98.5591052436452,w60,TMTT,152,66,3.44,0.89,10.5
7.0126513770251275,8.734498517348372,4.5494999703600545,14.72192249089928,10.172422520539225,0.5885937161439813,2.662141761234142,2.689363223994567,20.0,4.243027810330048,98.5591052436452,w60,TMTT,152,66,3.44,0.89,10.5
7.0126513770251275,8.734498517348372,4.5494999703600545,14.72192249089928,10.172422520539225,0.5885937161439813,2.35360799942201,2.7810583108379605,21.0,3.474045867558575,98.5591052436452,w60,TMTT,152,66,3.44,0.89,10.5
7.0126513770251275,8.734498517348372,4.5494999703600545,14.72192249089928,10.172422520539225,0.5885937161439813,2.21083247194787,2.186463348177383,21.5,2.5751829170693252,98.5591052436452,w60,TMTT,152,66,3.44,0.89,10.5
6.345892279121038,8.150918467672723,4.633240348743324,13.656950773740778,9.023710424997454,0.6101738693670026,3.852445872284867e-26,-0.05271140668746205,0.0,0.1841979786005279,79.18003405942534,w60,TMTT,153,66,3.13,0.92,10.5
6.345892279121038,8.150918467672723,4.633240348743324,13.656950773740778,9.023710424997454,0.6101738693670026,9.590463336745714e-20,0.17503675143316227,1.5,0.12971391117522815,79.18003405942534,w60,TMTT,153,66,3.13,0.92,10.5
6.345892279121038,8.150918467672723,4.633240348743324,13.656950773740778,9.023710424997454,0.6101738693670026,2.387495701151966e-13,0.39454472300630505,3.0,0.4463824219578369,79.18003405942534,w60,TMTT,153,66,3.13,0.92,10.5
6.345892279121038,8.150918467672723,4.633240348743324,13.656950773740778,9.023710424997454,0.6101738693670026,2.5868787533760007,2.3716252900753334,5.0,3.0057988504126167,79.18003405942534,w60,TMTT,153,66,3.13,0.92,10.5
6.345892279121038,8.150918467672723,4.633240348743324,13.656950773740778,9.023710424997454,0.6101738693670026,5.126823721467212,4.0626173796619724,6.0,5.165946830719838,79.18003405942534,w60,TMTT,153,66,3.13,0.92,10.5
6.345892279121038,8.150918467672723,4.633240348743324,13.656950773740778,9.023710424997454,0.6101738693670026,6.26701773226874,6.1132917537746865,7.5,6.545871117067846,79.18003405942534,w60,TMTT,153,66,3.13,0.92,10.5
6.345892279121038,8.150918467672723,4.633240348743324,13.656950773740778,9.023710424997454,0.6101738693670026,6.342051929814032,6.008642961001906,8.0,6.514186980830783,79.18003405942534,w60,TMTT,153,66,3.13,0.92,10.5
6.345892279121038,8.150918467672723,4.633240348743324,13.656950773740778,9.023710424997454,0.6101738693670026,6.327186699981855,6.5973786294898344,8.5,7.527028090405649,79.18003405942534,w60,TMTT,153,66,3.13,0.92,10.5
6.345892279121038,8.150918467672723,4.633240348743324,13.656950773740778,9.023710424997454,0.6101738693670026,6.1115828175257745,7.000597175140831,9.5,6.908693212246118,79.18003405942534,w60,TMTT,153,66,3.13,0.92,10.5
6.345892279121038,8.150918467672723,4.633240348743324,13.656950773740778,9.023710424997454,0.6101738693670026,5.5256424311968235,5.170663741900374,11.0,5.616802511023299,79.18003405942534,w60,TMTT,153,66,3.13,0.92,10.5
6.345892279121038,8.150918467672723,4.633240348743324,13.656950773740778,9.023710424997454,0.6101738693670026,5.058067970333865,4.385805452482865,12.0,1.9640009918221528,79.18003405942534,w60,TMTT,153,66,3.13,0.92,10.5
6.345892279121038,8.150918467672723,4.633240348743324,13.656950773740778,9.023710424997454,0.6101738693670026,4.575369493237773,4.7399507837087596,13.0,5.291514676924529,79.18003405942534,w60,TMTT,153,66,3.13,0.92,10.5
6.345892279121038,8.150918467672723,4.633240348743324,13.656950773740778,9.023710424997454,0.6101738693670026,4.1008655006997285,4.201844213534082,14.0,4.334043665459769,79.18003405942534,w60,TMTT,153,66,3.13,0.92,10.5
6.345892279121038,8.150918467672723,4.633240348743324,13.656950773740778,9.023710424997454,0.6101738693670026,3.871387240765162,3.613683009229989,14.5,2.230549286231052,79.18003405942534,w60,TMTT,153,66,3.13,0.92,10.5
6.345892279121038,8.150918467672723,4.633240348743324,13.656950773740778,9.023710424997454,0.6101738693670026,3.6487513955151454,3.5714753342707577,15.0,4.249386537896471,79.18003405942534,w60,TMTT,153,66,3.13,0.92,10.5
6.345892279121038,8.150918467672723,4.633240348743324,13.656950773740778,9.023710424997454,0.6101738693670026,3.0291809978990822,3.478188101088192,16.5,3.774924864090651,79.18003405942534,w60,TMTT,153,66,3.13,0.92,10.5
6.345892279121038,8.150918467672723,4.633240348743324,13.656950773740778,9.023710424997454,0.6101738693670026,2.489070220754712,2.6390344676192776,18.0,2.791653625512673,79.18003405942534,w60,TMTT,153,66,3.13,0.92,10.5
6.345892279121038,8.150918467672723,4.633240348743324,13.656950773740778,9.023710424997454,0.6101738693670026,1.8922253143188117,2.277258455319753,20.0,1.0470839824262002,79.18003405942534,w60,TMTT,153,66,3.13,0.92,10.5
6.345892279121038,8.150918467672723,4.633240348743324,13.656950773740778,9.023710424997454,0.6101738693670026,1.6428179536944874,2.342053309923977,21.0,2.228616836614796,79.18003405942534,w60,TMTT,153,66,3.13,0.92,10.5
6.345892279121038,8.150918467672723,4.633240348743324,13.656950773740778,9.023710424997454,0.6101738693670026,1.5293286803471782,1.9116305499176365,21.5,1.0953973944431457,79.18003405942534,w60,TMTT,153,66,3.13,0.92,10.5
6.017289150550836,8.394042441657875,4.450437728562448,13.868153777013092,9.417716048450643,0.581256783193818,3.047599390827812e-26,-0.05071035027652926,0.0,-0.11077564422414526,78.25223941993228,w60,TMTT,154,66,2.97,0.84,10.5
6.017289150550836,8.394042441657875,4.450437728562448,13.868153777013092,9.417716048450643,0.581256783193818,7.574797046111276e-20,0.16659752411445827,1.5,0.24848227167975165,78.25223941993228,w60,TMTT,154,66,2.97,0.84,10.5
6.017289150550836,8.394042441657875,4.450437728562448,13.868153777013092,9.417716048450643,0.581256783193818,1.88271206677147e-13,0.38394357023386533,3.0,0.18668856864331373,78.25223941993228,w60,TMTT,154,66,2.97,0.84,10.5
6.017289150550836,8.394042441657875,4.450437728562448,13.868153777013092,9.417716048450643,0.581256783193818,2.6934559653181833,2.244022564282114,5.0,3.4436320572514054,78.25223941993228,w60,TMTT,154,66,2.97,0.84,10.5
6.017289150550836,8.394042441657875,4.450437728562448,13.868153777013092,9.417716048450643,0.581256783193818,4.75418031864525,3.8407390554604284,6.0,4.727915301643962,78.25223941993228,w60,TMTT,154,66,2.97,0.84,10.5
6.017289150550836,8.394042441657875,4.450437728562448,13.868153777013092,9.417716048450643,0.581256783193818,5.886981701511865,5.780481393033941,7.5,5.506259146037571,78.25223941993228,w60,TMTT,154,66,2.97,0.84,10.5
6.017289150550836,8.394042441657875,4.450437728562448,13.868153777013092,9.417716048450643,0.581256783193818,5.994135255398197,5.680415741459338,8.0,5.569696619296175,78.25223941993228,w60,TMTT,154,66,2.97,0.84,10.5
6.017289150550836,8.394042441657875,4.450437728562448,13.868153777013092,9.417716048450643,0.581256783193818,6.0157521328346375,6.247891886811783,8.5,6.845287824388386,78.25223941993228,w60,TMTT,154,66,2.97,0.84,10.5
6.017289150550836,8.394042441657875,4.450437728562448,13.868153777013092,9.417716048450643,0.581256783193818,5.874921006090834,6.618463921090155,9.5,7.521611438188544,78.25223941993228,w60,TMTT,154,66,2.97,0.84,10.5
6.017289150550836,8.394042441657875,4.450437728562448,13.868153777013092,9.417716048450643,0.581256783193818,5.387340105175895,4.893659546128353,11.0,3.5650650639918413,78.25223941993228,w60,TMTT,154,66,2.97,0.84,10.5
6.017289150550836,8.394042441657875,4.450437728562448,13.868153777013092,9.417716048450643,0.581256783193818,4.971580354312097,4.153361128905423,12.0,5.575209565285023,78.25223941993228,w60,TMTT,154,66,2.97,0.84,10.5
6.017289150550836,8.394042441657875,4.450437728562448,13.868153777013092,9.417716048450643,0.581256783193818,4.529773236320475,4.47888329081825,13.0,4.630978657250617,78.25223941993228,w60,TMTT,154,66,2.97,0.84,10.5
6.017289150550836,8.394042441657875,4.450437728562448,13.868153777013092,9.417716048450643,0.581256783193818,4.086472589096024,3.9682620918778397,14.0,3.3387498057880074,78.25223941993228,w60,TMTT,154,66,2.97,0.84,10.5
6.017289150550836,8.394042441657875,4.450437728562448,13.868153777013092,9.417716048450643,0.581256783193818,3.869434439803991,3.4238482381020083,14.5,4.028216621704843,78.25223941993228,w60,TMTT,154,66,2.97,0.84,10.5
6.017289150550836,8.394042441657875,4.450437728562448,13.868153777013092,9.417716048450643,0.581256783193818,3.6573873294051573,3.3747583352008945,15.0,3.55996214268344,78.25223941993228,w60,TMTT,154,66,2.97,0.84,10.5
6.017289150550836,8.394042441657875,4.450437728562448,13.868153777013092,9.417716048450643,0.581256783193818,3.0602791419177984,3.292287306269228,16.5,3.0826395687633963,78.25223941993228,w60,TMTT,154,66,2.97,0.84,10.5
6.017289150550836,8.394042441657875,4.450437728562448,13.868153777013092,9.417716048450643,0.581256783193818,2.5320058555258944,2.505208930721879,18.0,2.407741258065941,78.25223941993228,w60,TMTT,154,66,2.97,0.84,10.5
6.017289150550836,8.394042441657875,4.450437728562448,13.868153777013092,9.417716048450643,0.581256783193818,1.9402959262893138,2.16004649194358,20.0,1.8842708213857087,78.25223941993228,w60,TMTT,154,66,2.97,0.84,10.5
6.017289150550836,8.394042441657875,4.450437728562448,13.868153777013092,9.417716048450643,0.581256783193818,1.6905663008909941,2.223103229358432,21.0,2.699072497617559,78.25223941993228,w60,TMTT,154,66,2.97,0.84,10.5
6.017289150550836,8.394042441657875,4.450437728562448,13.868153777013092,9.417716048450643,0.581256783193818,1.5764373385018942,1.8057539946429515,21.5,1.5140828839766183,78.25223941993228,w60,TMTT,154,66,2.97,0.84,10.5
5.4715913552228415,7.812174655248716,5.847616858542278,15.308714758018281,9.461097899476004,0.7923541413924864,1.2512481926177335e-27,-0.04357724476275404,0.0,0.3475850502878495,68.44914162688926,w60,TMTT,155,66,3.44,0.99,10.5
5.4715913552228415,7.812174655248716,5.847616858542278,15.308714758018281,9.461097899476004,0.7923541413924864,3.348587927218309e-21,0.14515338675919082,1.5,0.5777675865772043,68.44914162688926,w60,TMTT,155,66,3.44,0.99,10.5
5.4715913552228415,7.812174655248716,5.847616858542278,15.308714758018281,9.461097899476004,0.7923541413924864,8.961484358150093e-15,0.3249500745377426,3.0,0.48970525232105494,68.44914162688926,w60,TMTT,155,66,3.44,0.99,10.5
5.4715913552228415,7.812174655248716,5.847616858542278,15.308714758018281,9.461097899476004,0.7923541413924864,3.328999956210518e-06,1.9703469794802664,5.0,0.31359996998116246,68.44914162688926,w60,TMTT,155,66,3.44,0.99,10.5
5.4715913552228415,7.812174655248716,5.847616858542278,15.308714758018281,9.461097899476004,0.7923541413924864,2.927656864228285,3.3761063857097593,6.0,2.4892317295803617,68.44914162688926,w60,TMTT,155,66,3.44,0.99,10.5
5.4715913552228415,7.812174655248716,5.847616858542278,15.308714758018281,9.461097899476004,0.7923541413924864,5.4513455992244255,5.079972563617835,7.5,5.508033309169067,68.44914162688926,w60,TMTT,155,66,3.44,0.99,10.5
5.4715913552228415,7.812174655248716,5.847616858542278,15.308714758018281,9.461097899476004,0.7923541413924864,5.465431298461707,4.993309126094411,8.0,5.850410161565178,68.44914162688926,w60,TMTT,155,66,3.44,0.99,10.5
5.4715913552228415,7.812174655248716,5.847616858542278,15.308714758018281,9.461097899476004,0.7923541413924864,5.400469272004418,5.479656630405706,8.5,4.75284823305179,68.44914162688926,w60,TMTT,155,66,3.44,0.99,10.5
5.4715913552228415,7.812174655248716,5.847616858542278,15.308714758018281,9.461097899476004,0.7923541413924864,5.1393683606157206,5.817570465859973,9.5,6.551777180606292,68.44914162688926,w60,TMTT,155,66,3.44,0.99,10.5
5.4715913552228415,7.812174655248716,5.847616858542278,15.308714758018281,9.461097899476004,0.7923541413924864,4.604379948684669,4.295477965303633,11.0,4.509150228917787,68.44914162688926,w60,TMTT,155,66,3.44,0.99,10.5
5.4715913552228415,7.812174655248716,5.847616858542278,15.308714758018281,9.461097899476004,0.7923541413924864,4.221108321145913,3.6427938584906934,12.0,4.390515095945957,68.44914162688926,w60,TMTT,155,66,3.44,0.99,10.5
5.4715913552228415,7.812174655248716,5.847616858542278,15.308714758018281,9.461097899476004,0.7923541413924864,3.842683625274449,3.939568946901942,13.0,3.9511949451619275,68.44914162688926,w60,TMTT,155,66,3.44,0.99,10.5
5.4715913552228415,7.812174655248716,5.847616858542278,15.308714758018281,9.461097899476004,0.7923541413924864,3.4801338829580017,3.4928991814035037,14.0,3.093814858900897,68.44914162688926,w60,TMTT,155,66,3.44,0.99,10.5
5.4715913552228415,7.812174655248716,5.847616858542278,15.308714758018281,9.461097899476004,0.7923541413924864,3.3067718256633856,3.0010278685277414,14.5,4.202889651638621,68.44914162688926,w60,TMTT,155,66,3.44,0.99,10.5
5.4715913552228415,7.812174655248716,5.847616858542278,15.308714758018281,9.461097899476004,0.7923541413924864,3.139292666400089,2.968400846500997,15.0,1.8698446125760941,68.44914162688926,w60,TMTT,155,66,3.44,0.99,10.5
5.4715913552228415,7.812174655248716,5.847616858542278,15.308714758018281,9.461097899476004,0.7923541413924864,2.6742746076149984,2.889352658572863,16.5,2.1745788773249717,68.44914162688926,w60,TMTT,155,66,3.44,0.99,10.5
5.4715913552228415,7.812174655248716,5.847616858542278,15.308714758018281,9.461097899476004,0.7923541413924864,2.2662134067469264,2.190335515641184,18.0,2.066460609947254,68.44914162688926,w60,TMTT,155,66,3.44,0.99,10.5
5.4715913552228415,7.812174655248716,5.847616858542278,15.308714758018281,9.461097899476004,0.7923541413924864,1.806240759123474,1.8905307118559203,20.0,2.2758438544541004,68.44914162688926,w60,TMTT,155,66,3.44,0.99,10.5
5.4715913552228415,7.812174655248716,5.847616858542278,15.308714758018281,9.461097899476004,0.7923541413924864,1.6092127915165426,1.94389663064304,21.0,1.4901991125954364,68.44914162688926,w60,TMTT,155,66,3.44,0.99,10.5
5.4715913552228415,7.812174655248716,5.847616858542278,15.308714758018281,9.461097899476004,0.7923541413924864,1.518245830617604,1.5889875643579314,21.5,2.234135809323994,68.44914162688926,w60,TMTT,155,66,3.44,0.99,10.5
5.06272827701774,8.888853784106491,4.294890131874586,14.300464037881117,10.005573906006532,0.5408595553450398,5.176547873085915e-27,-0.05285686629991204,0.0,0.22216177738787385,69.55664032714574,w60,TMTT,156,66,3.32,1.01,10.5
5.06272827701774,8.888853784106491,4.294890131874586,14.300464037881117,10.005573906006532,0.5408595553450398,1.2825636488306159e-20,0.15995378453523446,1.5,0.21854340939586042,69.55664032714574,w60,TMTT,156,66,3.32,1.01,10.5
5.06272827701774,8.888853784106491,4.294890131874586,14.300464037881117,10.005573906006532,0.5408595553450398,3.17772701139557e-14,0.4374097268414074,3.0,0.5248224832549867,69.55664032714574,w60,TMTT,156,66,3.32,1.01,10.5
5.06272827701774,8.888853784106491,4.294890131874586,14.300464037881117,10.005573906006532,0.5408595553450398,2.114195627157786,2.0433552298666453,5.0,2.5155729695536295,69.55664032714574,w60,TMTT,156,66,3.32,1.01,10.5
5.06272827701774,8.888853784106491,4.294890131874586,14.300464037881117,10.005573906006532,0.5408595553450398,3.7223885555674383,3.469985647319864,6.0,3.0115895184874892,69.55664032714574,w60,TMTT,156,66,3.32,1.01,10.5
5.06272827701774,8.888853784106491,4.294890131874586,14.300464037881117,10.005573906006532,0.5408595553450398,4.8208217306388095,5.231168154905576,7.5,4.6528059367563275,69.55664032714574,w60,TMTT,156,66,3.32,1.01,10.5
5.06272827701774,8.888853784106491,4.294890131874586,14.300464037881117,10.005573906006532,0.5408595553450398,4.970964231028064,5.13142255099845,8.0,4.571595514998928,69.55664032714574,w60,TMTT,156,66,3.32,1.01,10.5
5.06272827701774,8.888853784106491,4.294890131874586,14.300464037881117,10.005573906006532,0.5408595553450398,5.046430402791801,5.734003340963206,8.5,4.898380485220621,69.55664032714574,w60,TMTT,156,66,3.32,1.01,10.5
5.06272827701774,8.888853784106491,4.294890131874586,14.300464037881117,10.005573906006532,0.5408595553450398,5.027886901995586,5.981091970242716,9.5,5.714545959271258,69.55664032714574,w60,TMTT,156,66,3.32,1.01,10.5
5.06272827701774,8.888853784106491,4.294890131874586,14.300464037881117,10.005573906006532,0.5408595553450398,4.724616445569233,4.465694369393773,11.0,4.896496536538398,69.55664032714574,w60,TMTT,156,66,3.32,1.01,10.5
5.06272827701774,8.888853784106491,4.294890131874586,14.300464037881117,10.005573906006532,0.5408595553450398,4.419420422938895,3.8108875823028043,12.0,3.2471353266922374,69.55664032714574,w60,TMTT,156,66,3.32,1.01,10.5
5.06272827701774,8.888853784106491,4.294890131874586,14.300464037881117,10.005573906006532,0.5408595553450398,4.074752554406805,4.028363710349861,13.0,3.500579813919535,69.55664032714574,w60,TMTT,156,66,3.32,1.01,10.5
5.06272827701774,8.888853784106491,4.294890131874586,14.300464037881117,10.005573906006532,0.5408595553450398,3.714835781473231,3.551352993307725,14.0,4.397365715094095,69.55664032714574,w60,TMTT,156,66,3.32,1.01,10.5
5.06272827701774,8.888853784106491,4.294890131874586,14.300464037881117,10.005573906006532,0.5408595553450398,3.534551213806005,3.1554685242496086,14.5,3.0215535724368143,69.55664032714574,w60,TMTT,156,66,3.32,1.01,10.5
5.06272827701774,8.888853784106491,4.294890131874586,14.300464037881117,10.005573906006532,0.5408595553450398,3.3561615671701706,3.035292148054501,15.0,3.6309535875076273,69.55664032714574,w60,TMTT,156,66,3.32,1.01,10.5
5.06272827701774,8.888853784106491,4.294890131874586,14.300464037881117,10.005573906006532,0.5408595553450398,2.843217996215542,3.0080075227211838,16.5,3.777103030493947,69.55664032714574,w60,TMTT,156,66,3.32,1.01,10.5
5.06272827701774,8.888853784106491,4.294890131874586,14.300464037881117,10.005573906006532,0.5408595553450398,2.3777511240883356,2.348492785361553,18.0,3.010930399966153,69.55664032714574,w60,TMTT,156,66,3.32,1.01,10.5
5.06272827701774,8.888853784106491,4.294890131874586,14.300464037881117,10.005573906006532,0.5408595553450398,1.8445134071812928,2.010712913006104,20.0,0.654175223533088,69.55664032714574,w60,TMTT,156,66,3.32,1.01,10.5
5.06272827701774,8.888853784106491,4.294890131874586,14.300464037881117,10.005573906006532,0.5408595553450398,1.615798905119733,2.082540818817958,21.0,2.105577921432788,69.55664032714574,w60,TMTT,156,66,3.32,1.01,10.5
5.06272827701774,8.888853784106491,4.294890131874586,14.300464037881117,10.005573906006532,0.5408595553450398,1.510546335054404,1.619385358161416,21.5,1.3434582122824712,69.55664032714574,w60,TMTT,156,66,3.32,1.01,10.5
6.200852959806101,7.88910586686223,4.421744958233798,16.329518612413477,11.907773654179678,0.7088153495921234,2.3638130297093955e-27,0.09588210743770209,-1.0,-0.6508894191151965,100.86403613491899,w65,TMTT,157,71,3.44,0.89,10.5
6.200852959806101,7.88910586686223,4.421744958233798,16.329518612413477,11.907773654179678,0.7088153495921234,3.306423232134628e-25,-0.025544024021363132,-0.5,-0.28339680941359824,100.86403613491899,w65,TMTT,157,71,3.44,0.89,10.5
6.200852959806101,7.88910586686223,4.421744958233798,16.329518612413477,11.907773654179678,0.7088153495921234,6.469177791358202e-21,0.538295556933627,0.5,-0.06678207806003572,100.86403613491899,w65,TMTT,157,71,3.44,0.89,10.5
6.200852959806101,7.88910586686223,4.421744958233798,16.329518612413477,11.907773654179678,0.7088153495921234,3.4639802266460335e-10,0.5584507067256235,3.0,0.016311640692933504,100.86403613491899,w65,TMTT,157,71,3.44,0.89,10.5
6.200852959806101,7.88910586686223,4.421744958233798,16.329518612413477,11.907773654179678,0.7088153495921234,1.339430122648103,1.7245184664436701,4.5,0.966734738778009,100.86403613491899,w65,TMTT,157,71,3.44,0.89,10.5
6.200852959806101,7.88910586686223,4.421744958233798,16.329518612413477,11.907773654179678,0.7088153495921234,5.923859769009966,6.326919885786663,6.5,6.112272735441952,100.86403613491899,w65,TMTT,157,71,3.44,0.89,10.5
6.200852959806101,7.88910586686223,4.421744958233798,16.329518612413477,11.907773654179678,0.7088153495921234,6.100144228741183,5.488915796963156,7.0,4.42013673158967,100.86403613491899,w65,TMTT,157,71,3.44,0.89,10.5
6.200852959806101,7.88910586686223,4.421744958233798,16.329518612413477,11.907773654179678,0.7088153495921234,6.19957742460318,6.915306559609596,8.0,6.589091006535086,100.86403613491899,w65,TMTT,157,71,3.44,0.89,10.5
6.200852959806101,7.88910586686223,4.421744958233798,16.329518612413477,11.907773654179678,0.7088153495921234,5.992953204359663,8.059559788773209,9.5,7.052728650221391,100.86403613491899,w65,TMTT,157,71,3.44,0.89,10.5
6.200852959806101,7.88910586686223,4.421744958233798,16.329518612413477,11.907773654179678,0.7088153495921234,5.419701566339823,4.445067321507414,11.5,4.325627781937987,100.86403613491899,w65,TMTT,157,71,3.44,0.89,10.5
6.200852959806101,7.88910586686223,4.421744958233798,16.329518612413477,11.907773654179678,0.7088153495921234,5.253222210541739,5.11549308553278,12.0,6.255211300579514,100.86403613491899,w65,TMTT,157,71,3.44,0.89,10.5
6.200852959806101,7.88910586686223,4.421744958233798,16.329518612413477,11.907773654179678,0.7088153495921234,5.082739274758764,4.550783034795955,12.5,3.430003692989206,100.86403613491899,w65,TMTT,157,71,3.44,0.89,10.5
6.200852959806101,7.88910586686223,4.421744958233798,16.329518612413477,11.907773654179678,0.7088153495921234,4.391921555018266,4.231002107842345,14.5,4.410330588341284,100.86403613491899,w65,TMTT,157,71,3.44,0.89,10.5
6.200852959806101,7.88910586686223,4.421744958233798,16.329518612413477,11.907773654179678,0.7088153495921234,3.279043382368774,3.1356484871526584,18.0,2.9174546204517493,100.86403613491899,w65,TMTT,157,71,3.44,0.89,10.5
6.200852959806101,7.88910586686223,4.421744958233798,16.329518612413477,11.907773654179678,0.7088153495921234,3.136690777913996,3.5267830546312786,18.5,3.304879523385768,100.86403613491899,w65,TMTT,157,71,3.44,0.89,10.5
6.200852959806101,7.88910586686223,4.421744958233798,16.329518612413477,11.907773654179678,0.7088153495921234,2.865896070784045,3.183264761548134,19.5,3.654997596482922,100.86403613491899,w65,TMTT,157,71,3.44,0.89,10.5
6.200852959806101,7.88910586686223,4.421744958233798,16.329518612413477,11.907773654179678,0.7088153495921234,2.3799810521110953,2.186463348177383,21.5,2.5751829170693252,100.86403613491899,w65,TMTT,157,71,3.44,0.89,10.5
6.698024837082741,5.2,4.4999867571924845,15.77887277818667,11.278886020994186,0.9379359591448543,3.49041527334766e-24,0.08331363658347185,-1.0,0.35185097986815095,87.51635116548704,w65,TMTT,158,71,3.13,0.92,10.5
6.698024837082741,5.2,4.4999867571924845,15.77887277818667,11.278886020994186,0.9379359591448543,4.941092782671805e-22,-0.02984259094858277,-0.5,0.03315662366604055,87.51635116548704,w65,TMTT,158,71,3.13,0.92,10.5
6.698024837082741,5.2,4.4999867571924845,15.77887277818667,11.278886020994186,0.9379359591448543,9.901815420558314e-18,0.3682500200904863,0.5,-0.1555259897206396,87.51635116548704,w65,TMTT,158,71,3.13,0.92,10.5
6.698024837082741,5.2,4.4999867571924845,15.77887277818667,11.278886020994186,0.9379359591448543,5.629168346622222e-07,0.39454472300630505,3.0,0.4463824219578369,87.51635116548704,w65,TMTT,158,71,3.13,0.92,10.5
6.698024837082741,5.2,4.4999867571924845,15.77887277818667,11.278886020994186,0.9379359591448543,1.7424054998030833,1.4566409132467024,4.5,2.0284768314991313,87.51635116548704,w65,TMTT,158,71,3.13,0.92,10.5
6.698024837082741,5.2,4.4999867571924845,15.77887277818667,11.278886020994186,0.9379359591448543,6.349607971400117,5.535417313248071,6.5,6.9728996548627435,87.51635116548704,w65,TMTT,158,71,3.13,0.92,10.5
6.698024837082741,5.2,4.4999867571924845,15.77887277818667,11.278886020994186,0.9379359591448543,6.146572302733273,4.77526978919965,7.0,6.557489129882791,87.51635116548704,w65,TMTT,158,71,3.13,0.92,10.5
6.698024837082741,5.2,4.4999867571924845,15.77887277818667,11.278886020994186,0.9379359591448543,5.718068702622412,6.008642961001906,8.0,6.514186980830783,87.51635116548704,w65,TMTT,158,71,3.13,0.92,10.5
6.698024837082741,5.2,4.4999867571924845,15.77887277818667,11.278886020994186,0.9379359591448543,5.080656480134796,7.000597175140831,9.5,6.908693212246118,87.51635116548704,w65,TMTT,158,71,3.13,0.92,10.5
6.698024837082741,5.2,4.4999867571924845,15.77887277818667,11.278886020994186,0.9379359591448543,4.300146249676829,3.8278296659958984,11.5,3.161446101890018,87.51635116548704,w65,TMTT,158,71,3.13,0.92,10.5
6.698024837082741,5.2,4.4999867571924845,15.77887277818667,11.278886020994186,0.9379359591448543,4.120400341861504,4.385805452482865,12.0,1.9640009918221528,87.51635116548704,w65,TMTT,158,71,3.13,0.92,10.5
6.698024837082741,5.2,4.4999867571924845,15.77887277818667,11.278886020994186,0.9379359591448543,3.947004264459542,3.9803398849283713,12.5,2.030666875580324,87.51635116548704,w65,TMTT,158,71,3.13,0.92,10.5
6.698024837082741,5.2,4.4999867571924845,15.77887277818667,11.278886020994186,0.9379359591448543,3.3156921637035697,3.613683009229989,14.5,2.230549286231052,87.51635116548704,w65,TMTT,158,71,3.13,0.92,10.5
6.698024837082741,5.2,4.4999867571924845,15.77887277818667,11.278886020994186,0.9379359591448543,2.4294780875048865,2.6390344676192776,18.0,2.791653625512673,87.51635116548704,w65,TMTT,158,71,3.13,0.92,10.5
6.698024837082741,5.2,4.4999867571924845,15.77887277818667,11.278886020994186,0.9379359591448543,2.32290583510832,3.0868988933008774,18.5,2.981605512285448,87.51635116548704,w65,TMTT,158,71,3.13,0.92,10.5
6.698024837082741,5.2,4.4999867571924845,15.77887277818667,11.278886020994186,0.9379359591448543,2.1230552390547897,2.7271098351657668,19.5,2.8740714216877423,87.51635116548704,w65,TMTT,158,71,3.13,0.92,10.5
6.698024837082741,5.2,4.4999867571924845,15.77887277818667,11.278886020994186,0.9379359591448543,1.7719529321993455,1.9116305499176365,21.5,1.0953973944431457,87.51635116548704,w65,TMTT,158,71,3.13,0.92,10.5
6.017289150550836,8.866377976770865,4.043781854381749,13.212689340366872,9.168907485985123,0.47402718047263964,1.0148787039378835e-32,0.07873388975454992,-1.0,0.3538169041712468,74.31293158085563,w65,TMTT,159,71,2.97,0.84,10.5
6.017289150550836,8.866377976770865,4.043781854381749,13.212689340366872,9.168907485985123,0.47402718047263964,1.3425339523329123e-30,-0.0273155372788354,-0.5,-0.4986709395117105,74.31293158085563,w65,TMTT,159,71,2.97,0.84,10.5
6.017289150550836,8.866377976770865,4.043781854381749,13.212689340366872,9.168907485985123,0.47402718047263964,2.3493490944201996e-26,0.3601482134447057,0.5,0.8583664083848644,74.31293158085563,w65,TMTT,159,71,2.97,0.84,10.5
6.017289150550836,8.866377976770865,4.043781854381749,13.212689340366872,9.168907485985123,0.47402718047263964,9.516790733467208e-16,0.38394357023386533,3.0,0.18668856864331373,74.31293158085563,w65,TMTT,159,71,2.97,0.84,10.5
6.017289150550836,8.866377976770865,4.043781854381749,13.212689340366872,9.168907485985123,0.47402718047263964,1.1881092241826574,1.3821060715729392,4.5,1.256200932788735,74.31293158085563,w65,TMTT,159,71,2.97,0.84,10.5
6.017289150550836,8.866377976770865,4.043781854381749,13.212689340366872,9.168907485985123,0.47402718047263964,4.906049013260071,5.228435993545229,6.5,5.071373094929346,74.31293158085563,w65,TMTT,159,71,2.97,0.84,10.5
6.017289150550836,8.866377976770865,4.043781854381749,13.212689340366872,9.168907485985123,0.47402718047263964,5.371038956997092,4.513683923860398,7.0,2.9661002883701197,74.31293158085563,w65,TMTT,159,71,2.97,0.84,10.5
6.017289150550836,8.866377976770865,4.043781854381749,13.212689340366872,9.168907485985123,0.47402718047263964,5.895852921931477,5.680415741459338,8.0,5.569696619296175,74.31293158085563,w65,TMTT,159,71,2.97,0.84,10.5
6.017289150550836,8.866377976770865,4.043781854381749,13.212689340366872,9.168907485985123,0.47402718047263964,5.964492030283688,6.618463921090155,9.5,7.521611438188544,74.31293158085563,w65,TMTT,159,71,2.97,0.84,10.5
6.017289150550836,8.866377976770865,4.043781854381749,13.212689340366872,9.168907485985123,0.47402718047263964,5.323751178708522,3.622890631072759,11.5,2.4810623619681564,74.31293158085563,w65,TMTT,159,71,2.97,0.84,10.5
6.017289150550836,8.866377976770865,4.043781854381749,13.212689340366872,9.168907485985123,0.47402718047263964,5.099569412237369,4.153361128905423,12.0,5.575209565285023,74.31293158085563,w65,TMTT,159,71,2.97,0.84,10.5
6.017289150550836,8.866377976770865,4.043781854381749,13.212689340366872,9.168907485985123,0.47402718047263964,4.863426496733063,3.759728103869179,12.5,5.482568379216019,74.31293158085563,w65,TMTT,159,71,2.97,0.84,10.5
6.017289150550836,8.866377976770865,4.043781854381749,13.212689340366872,9.168907485985123,0.47402718047263964,3.8850729178593633,3.4238482381020083,14.5,4.028216621704843,74.31293158085563,w65,TMTT,159,71,2.97,0.84,10.5
6.017289150550836,8.866377976770865,4.043781854381749,13.212689340366872,9.168907485985123,0.47402718047263964,2.392238235117482,2.505208930721879,18.0,2.407741258065941,74.31293158085563,w65,TMTT,159,71,2.97,0.84,10.5
6.017289150550836,8.866377976770865,4.043781854381749,13.212689340366872,9.168907485985123,0.47402718047263964,2.217202193740065,2.9155353817955185,18.5,2.8075520159121217,74.31293158085563,w65,TMTT,159,71,2.97,0.84,10.5
6.017289150550836,8.866377976770865,4.043781854381749,13.212689340366872,9.168907485985123,0.47402718047263964,1.8972062597465094,2.582820087207635,19.5,1.6870752506801507,74.31293158085563,w65,TMTT,159,71,2.97,0.84,10.5
6.017289150550836,8.866377976770865,4.043781854381749,13.212689340366872,9.168907485985123,0.47402718047263964,1.3705899581975611,1.8057539946429515,21.5,1.5140828839766183,74.31293158085563,w65,TMTT,159,71,2.97,0.84,10.5
5.24142174448509,8.607640542653586,4.190688074755011,14.183997612188362,9.993309537433351,0.558009040813419,3.1116062923992003e-30,0.06923616155959533,-1.0,0.31400520489841355,72.13372993967937,w65,TMTT,160,71,3.44,0.99,10.5
5.24142174448509,8.607640542653586,4.190688074755011,14.183997612188362,9.993309537433351,0.558009040813419,4.221981751055117e-28,-0.02504583410058192,-0.5,0.16538390566706568,72.13372993967937,w65,TMTT,160,71,3.44,0.99,10.5
5.24142174448509,8.607640542653586,4.190688074755011,14.183997612188362,9.993309537433351,0.558009040813419,7.772840808951158e-24,0.3028153158314468,0.5,0.7520052548146273,72.13372993967937,w65,TMTT,160,71,3.44,0.99,10.5
5.24142174448509,8.607640542653586,4.190688074755011,14.183997612188362,9.993309537433351,0.558009040813419,3.5746654117241475e-13,0.3249500745377426,3.0,0.48970525232105494,72.13372993967937,w65,TMTT,160,71,3.44,0.99,10.5
5.24142174448509,8.607640542653586,4.190688074755011,14.183997612188362,9.993309537433351,0.558009040813419,1.2748232011373901,1.2091521699113779,4.5,1.4539514110164944,72.13372993967937,w65,TMTT,160,71,3.44,0.99,10.5
5.24142174448509,8.607640542653586,4.190688074755011,14.183997612188362,9.993309537433351,0.558009040813419,4.576273698525388,4.60127512808014,6.5,4.77242413908482,72.13372993967937,w65,TMTT,160,71,3.44,0.99,10.5
5.24142174448509,8.607640542653586,4.190688074755011,14.183997612188362,9.993309537433351,0.558009040813419,4.886428360094356,3.968543817051074,7.0,3.0346826446902684,72.13372993967937,w65,TMTT,160,71,3.44,0.99,10.5
5.24142174448509,8.607640542653586,4.190688074755011,14.183997612188362,9.993309537433351,0.558009040813419,5.198292977728494,4.993309126094411,8.0,5.850410161565178,72.13372993967937,w65,TMTT,160,71,3.44,0.99,10.5
5.24142174448509,8.607640542653586,4.190688074755011,14.183997612188362,9.993309537433351,0.558009040813419,5.167147252399305,5.817570465859973,9.5,6.551777180606292,72.13372993967937,w65,TMTT,160,71,3.44,0.99,10.5
5.24142174448509,8.607640542653586,4.190688074755011,14.183997612188362,9.993309537433351,0.558009040813419,4.650073672127358,3.1798962677376283,11.5,4.00070010149023,72.13372993967937,w65,TMTT,160,71,3.44,0.99,10.5
5.24142174448509,8.607640542653586,4.190688074755011,14.183997612188362,9.993309537433351,0.558009040813419,4.480027971223977,3.6427938584906934,12.0,4.390515095945957,72.13372993967937,w65,TMTT,160,71,3.44,0.99,10.5
5.24142174448509,8.607640542653586,4.190688074755011,14.183997612188362,9.993309537433351,0.558009040813419,4.30217974220083,3.3085921761295207,12.5,3.9844972720213936,72.13372993967937,w65,TMTT,160,71,3.44,0.99,10.5
5.24142174448509,8.607640542653586,4.190688074755011,14.183997612188362,9.993309537433351,0.558009040813419,3.565464825763471,3.0010278685277414,14.5,4.202889651638621,72.13372993967937,w65,TMTT,160,71,3.44,0.99,10.5
5.24142174448509,8.607640542653586,4.190688074755011,14.183997612188362,9.993309537433351,0.558009040813419,2.3992775339021617,2.190335515641184,18.0,2.066460609947254,72.13372993967937,w65,TMTT,160,71,3.44,0.99,10.5
5.24142174448509,8.607640542653586,4.190688074755011,14.183997612188362,9.993309537433351,0.558009040813419,2.2561860369411666,2.5660046828946235,18.5,2.916239850093935,72.13372993967937,w65,TMTT,160,71,3.44,0.99,10.5
5.24142174448509,8.607640542653586,4.190688074755011,14.183997612188362,9.993309537433351,0.558009040813419,1.9894400837700086,2.265034594730568,19.5,2.2480916767850165,72.13372993967937,w65,TMTT,160,71,3.44,0.99,10.5
5.24142174448509,8.607640542653586,4.190688074755011,14.183997612188362,9.993309537433351,0.558009040813419,1.5318115839906334,1.5889875643579314,21.5,2.234135809323994,72.13372993967937,w65,TMTT,160,71,3.44,0.99,10.5
4.837335897781655,8.02528164457708,4.39907934880573,15.661065348920122,11.261986000114392,0.6780139581300743,5.437334618171054e-28,0.07108534807231215,-1.0,-0.057630604204919944,74.91393427836321,w65,TMTT,161,71,3.32,1.01,10.5
4.837335897781655,8.02528164457708,4.39907934880573,15.661065348920122,11.261986000114392,0.6780139581300743,7.558234503015741e-26,-0.017071968383926994,-0.5,-0.4716294702757465,74.91393427836321,w65,TMTT,161,71,3.32,1.01,10.5
4.837335897781655,8.02528164457708,4.39907934880573,15.661065348920122,11.261986000114392,0.6780139581300743,1.460457641833046e-21,0.4246882887212102,0.5,0.3798524041645994,74.91393427836321,w65,TMTT,161,71,3.32,1.01,10.5
4.837335897781655,8.02528164457708,4.39907934880573,15.661065348920122,11.261986000114392,0.6780139581300743,7.57984123388366e-11,0.4374097268414074,3.0,0.5248224832549867,74.91393427836321,w65,TMTT,161,71,3.32,1.01,10.5
4.837335897781655,8.02528164457708,4.39907934880573,15.661065348920122,11.261986000114392,0.6780139581300743,1.0267094411788384,1.2902416768676253,4.5,0.780072838722293,74.91393427836321,w65,TMTT,161,71,3.32,1.01,10.5
4.837335897781655,8.02528164457708,4.39907934880573,15.661065348920122,11.261986000114392,0.6780139581300743,4.558144004903686,4.685137918767678,6.5,3.9266153687308636,74.91393427836321,w65,TMTT,161,71,3.32,1.01,10.5
4.837335897781655,8.02528164457708,4.39907934880573,15.661065348920122,11.261986000114392,0.6780139581300743,4.724774344268324,4.071445186359798,7.0,5.320738469290303,74.91393427836321,w65,TMTT,161,71,3.32,1.01,10.5
4.837335897781655,8.02528164457708,4.39907934880573,15.661065348920122,11.261986000114392,0.6780139581300743,4.837279805488079,5.13142255099845,8.0,4.571595514998928,74.91393427836321,w65,TMTT,161,71,3.32,1.01,10.5
4.837335897781655,8.02528164457708,4.39907934880573,15.661065348920122,11.261986000114392,0.6780139581300743,4.689297358293279,5.981091970242716,9.5,5.714545959271258,74.91393427836321,w65,TMTT,161,71,3.32,1.01,10.5
4.837335897781655,8.02528164457708,4.39907934880573,15.661065348920122,11.261986000114392,0.6780139581300743,4.222617838336652,3.3071528296961636,11.5,4.671594545841989,74.91393427836321,w65,TMTT,161,71,3.32,1.01,10.5
4.837335897781655,8.02528164457708,4.39907934880573,15.661065348920122,11.261986000114392,0.6780139581300743,4.084863743450447,3.8108875823028043,12.0,3.2471353266922374,74.91393427836321,w65,TMTT,161,71,3.32,1.01,10.5
4.837335897781655,8.02528164457708,4.39907934880573,15.661065348920122,11.261986000114392,0.6780139581300743,3.943473905475194,3.3701650206129004,12.5,3.7074583904136436,74.91393427836321,w65,TMTT,161,71,3.32,1.01,10.5
4.837335897781655,8.02528164457708,4.39907934880573,15.661065348920122,11.261986000114392,0.6780139581300743,3.3700332770605814,3.1554685242496086,14.5,3.0215535724368143,74.91393427836321,w65,TMTT,161,71,3.32,1.01,10.5
4.837335897781655,8.02528164457708,4.39907934880573,15.661065348920122,11.261986000114392,0.6780139581300743,2.4542990097044357,2.348492785361553,18.0,3.010930399966153,74.91393427836321,w65,TMTT,161,71,3.32,1.01,10.5
4.837335897781655,8.02528164457708,4.39907934880573,15.661065348920122,11.261986000114392,0.6780139581300743,2.3384890127239237,2.6112492419460542,18.5,2.529342756737028,74.91393427836321,w65,TMTT,161,71,3.32,1.01,10.5
4.837335897781655,8.02528164457708,4.39907934880573,15.661065348920122,11.261986000114392,0.6780139581300743,2.11928858784961,2.371942787344461,19.5,2.7272519825163677,74.91393427836321,w65,TMTT,161,71,3.32,1.01,10.5
4.837335897781655,8.02528164457708,4.39907934880573,15.661065348920122,11.261986000114392,0.6780139581300743,1.7301735789806594,1.619385358161416,21.5,1.3434582122824712,74.91393427836321,w65,TMTT,161,71,3.32,1.01,10.5
6.200852959806101,7.88910586686223,4.421744958233798,16.329518612413477,11.907773654179678,0.7088153495921234,2.3638130297093955e-27,0.09588210743770209,-1.0,-0.6508894191151965,100.86403613491899,w70,TMTT,162,76,3.44,0.89,10.5
6.200852959806101,7.88910586686223,4.421744958233798,16.329518612413477,11.907773654179678,0.7088153495921234,3.306423232134628e-25,-0.025544024021363132,-0.5,-0.28339680941359824,100.86403613491899,w70,TMTT,162,76,3.44,0.89,10.5
6.200852959806101,7.88910586686223,4.421744958233798,16.329518612413477,11.907773654179678,0.7088153495921234,6.469177791358202e-21,0.538295556933627,0.5,-0.06678207806003572,100.86403613491899,w70,TMTT,162,76,3.44,0.89,10.5
6.200852959806101,7.88910586686223,4.421744958233798,16.329518612413477,11.907773654179678,0.7088153495921234,3.4639802266460335e-10,0.5584507067256235,3.0,0.016311640692933504,100.86403613491899,w70,TMTT,162,76,3.44,0.89,10.5
6.200852959806101,7.88910586686223,4.421744958233798,16.329518612413477,11.907773654179678,0.7088153495921234,1.339430122648103,1.7245184664436701,4.5,0.966734738778009,100.86403613491899,w70,TMTT,162,76,3.44,0.89,10.5
6.200852959806101,7.88910586686223,4.421744958233798,16.329518612413477,11.907773654179678,0.7088153495921234,5.923859769009966,6.326919885786663,6.5,6.112272735441952,100.86403613491899,w70,TMTT,162,76,3.44,0.89,10.5
6.200852959806101,7.88910586686223,4.421744958233798,16.329518612413477,11.907773654179678,0.7088153495921234,6.100144228741183,5.488915796963156,7.0,4.42013673158967,100.86403613491899,w70,TMTT,162,76,3.44,0.89,10.5
6.200852959806101,7.88910586686223,4.421744958233798,16.329518612413477,11.907773654179678,0.7088153495921234,6.19957742460318,6.915306559609596,8.0,6.589091006535086,100.86403613491899,w70,TMTT,162,76,3.44,0.89,10.5
6.200852959806101,7.88910586686223,4.421744958233798,16.329518612413477,11.907773654179678,0.7088153495921234,5.992953204359663,8.059559788773209,9.5,7.052728650221391,100.86403613491899,w70,TMTT,162,76,3.44,0.89,10.5
6.200852959806101,7.88910586686223,4.421744958233798,16.329518612413477,11.907773654179678,0.7088153495921234,5.419701566339823,4.445067321507414,11.5,4.325627781937987,100.86403613491899,w70,TMTT,162,76,3.44,0.89,10.5
6.200852959806101,7.88910586686223,4.421744958233798,16.329518612413477,11.907773654179678,0.7088153495921234,5.253222210541739,5.11549308553278,12.0,6.255211300579514,100.86403613491899,w70,TMTT,162,76,3.44,0.89,10.5
6.200852959806101,7.88910586686223,4.421744958233798,16.329518612413477,11.907773654179678,0.7088153495921234,5.082739274758764,4.550783034795955,12.5,3.430003692989206,100.86403613491899,w70,TMTT,162,76,3.44,0.89,10.5
6.200852959806101,7.88910586686223,4.421744958233798,16.329518612413477,11.907773654179678,0.7088153495921234,4.391921555018266,4.231002107842345,14.5,4.410330588341284,100.86403613491899,w70,TMTT,162,76,3.44,0.89,10.5
6.200852959806101,7.88910586686223,4.421744958233798,16.329518612413477,11.907773654179678,0.7088153495921234,3.279043382368774,3.1356484871526584,18.0,2.9174546204517493,100.86403613491899,w70,TMTT,162,76,3.44,0.89,10.5
6.200852959806101,7.88910586686223,4.421744958233798,16.329518612413477,11.907773654179678,0.7088153495921234,3.136690777913996,3.5267830546312786,18.5,3.304879523385768,100.86403613491899,w70,TMTT,162,76,3.44,0.89,10.5
6.200852959806101,7.88910586686223,4.421744958233798,16.329518612413477,11.907773654179678,0.7088153495921234,2.865896070784045,3.183264761548134,19.5,3.654997596482922,100.86403613491899,w70,TMTT,162,76,3.44,0.89,10.5
6.200852959806101,7.88910586686223,4.421744958233798,16.329518612413477,11.907773654179678,0.7088153495921234,2.3799810521110953,2.186463348177383,21.5,2.5751829170693252,100.86403613491899,w70,TMTT,162,76,3.44,0.89,10.5
6.698024837082741,5.2,4.4999867571924845,15.77887277818667,11.278886020994186,0.9379359591448543,3.49041527334766e-24,0.08331363658347185,-1.0,0.35185097986815095,87.51635116548704,w70,TMTT,163,76,3.13,0.92,10.5
6.698024837082741,5.2,4.4999867571924845,15.77887277818667,11.278886020994186,0.9379359591448543,4.941092782671805e-22,-0.02984259094858277,-0.5,0.03315662366604055,87.51635116548704,w70,TMTT,163,76,3.13,0.92,10.5
6.698024837082741,5.2,4.4999867571924845,15.77887277818667,11.278886020994186,0.9379359591448543,9.901815420558314e-18,0.3682500200904863,0.5,-0.1555259897206396,87.51635116548704,w70,TMTT,163,76,3.13,0.92,10.5
6.698024837082741,5.2,4.4999867571924845,15.77887277818667,11.278886020994186,0.9379359591448543,5.629168346622222e-07,0.39454472300630505,3.0,0.4463824219578369,87.51635116548704,w70,TMTT,163,76,3.13,0.92,10.5
6.698024837082741,5.2,4.4999867571924845,15.77887277818667,11.278886020994186,0.9379359591448543,1.7424054998030833,1.4566409132467024,4.5,2.0284768314991313,87.51635116548704,w70,TMTT,163,76,3.13,0.92,10.5
6.698024837082741,5.2,4.4999867571924845,15.77887277818667,11.278886020994186,0.9379359591448543,6.349607971400117,5.535417313248071,6.5,6.9728996548627435,87.51635116548704,w70,TMTT,163,76,3.13,0.92,10.5
6.698024837082741,5.2,4.4999867571924845,15.77887277818667,11.278886020994186,0.9379359591448543,6.146572302733273,4.77526978919965,7.0,6.557489129882791,87.51635116548704,w70,TMTT,163,76,3.13,0.92,10.5
6.698024837082741,5.2,4.4999867571924845,15.77887277818667,11.278886020994186,0.9379359591448543,5.718068702622412,6.008642961001906,8.0,6.514186980830783,87.51635116548704,w70,TMTT,163,76,3.13,0.92,10.5
6.698024837082741,5.2,4.4999867571924845,15.77887277818667,11.278886020994186,0.9379359591448543,5.080656480134796,7.000597175140831,9.5,6.908693212246118,87.51635116548704,w70,TMTT,163,76,3.13,0.92,10.5
6.698024837082741,5.2,4.4999867571924845,15.77887277818667,11.278886020994186,0.9379359591448543,4.300146249676829,3.8278296659958984,11.5,3.161446101890018,87.51635116548704,w70,TMTT,163,76,3.13,0.92,10.5
6.698024837082741,5.2,4.4999867571924845,15.77887277818667,11.278886020994186,0.9379359591448543,4.120400341861504,4.385805452482865,12.0,1.9640009918221528,87.51635116548704,w70,TMTT,163,76,3.13,0.92,10.5
6.698024837082741,5.2,4.4999867571924845,15.77887277818667,11.278886020994186,0.9379359591448543,3.947004264459542,3.9803398849283713,12.5,2.030666875580324,87.51635116548704,w70,TMTT,163,76,3.13,0.92,10.5
6.698024837082741,5.2,4.4999867571924845,15.77887277818667,11.278886020994186,0.9379359591448543,3.3156921637035697,3.613683009229989,14.5,2.230549286231052,87.51635116548704,w70,TMTT,163,76,3.13,0.92,10.5
6.698024837082741,5.2,4.4999867571924845,15.77887277818667,11.278886020994186,0.9379359591448543,2.4294780875048865,2.6390344676192776,18.0,2.791653625512673,87.51635116548704,w70,TMTT,163,76,3.13,0.92,10.5
6.698024837082741,5.2,4.4999867571924845,15.77887277818667,11.278886020994186,0.9379359591448543,2.32290583510832,3.0868988933008774,18.5,2.981605512285448,87.51635116548704,w70,TMTT,163,76,3.13,0.92,10.5
6.698024837082741,5.2,4.4999867571924845,15.77887277818667,11.278886020994186,0.9379359591448543,2.1230552390547897,2.7271098351657668,19.5,2.8740714216877423,87.51635116548704,w70,TMTT,163,76,3.13,0.92,10.5
6.698024837082741,5.2,4.4999867571924845,15.77887277818667,11.278886020994186,0.9379359591448543,1.7719529321993455,1.9116305499176365,21.5,1.0953973944431457,87.51635116548704,w70,TMTT,163,76,3.13,0.92,10.5
6.017289150550836,8.866377976770865,4.043781854381749,13.212689340366872,9.168907485985123,0.47402718047263964,1.0148787039378835e-32,0.07873388975454992,-1.0,0.3538169041712468,74.31293158085563,w70,TMTT,164,76,2.97,0.84,10.5
6.017289150550836,8.866377976770865,4.043781854381749,13.212689340366872,9.168907485985123,0.47402718047263964,1.3425339523329123e-30,-0.0273155372788354,-0.5,-0.4986709395117105,74.31293158085563,w70,TMTT,164,76,2.97,0.84,10.5
6.017289150550836,8.866377976770865,4.043781854381749,13.212689340366872,9.168907485985123,0.47402718047263964,2.3493490944201996e-26,0.3601482134447057,0.5,0.8583664083848644,74.31293158085563,w70,TMTT,164,76,2.97,0.84,10.5
6.017289150550836,8.866377976770865,4.043781854381749,13.212689340366872,9.168907485985123,0.47402718047263964,9.516790733467208e-16,0.38394357023386533,3.0,0.18668856864331373,74.31293158085563,w70,TMTT,164,76,2.97,0.84,10.5
6.017289150550836,8.866377976770865,4.043781854381749,13.212689340366872,9.168907485985123,0.47402718047263964,1.1881092241826574,1.3821060715729392,4.5,1.256200932788735,74.31293158085563,w70,TMTT,164,76,2.97,0.84,10.5
6.017289150550836,8.866377976770865,4.043781854381749,13.212689340366872,9.168907485985123,0.47402718047263964,4.906049013260071,5.228435993545229,6.5,5.071373094929346,74.31293158085563,w70,TMTT,164,76,2.97,0.84,10.5
6.017289150550836,8.866377976770865,4.043781854381749,13.212689340366872,9.168907485985123,0.47402718047263964,5.371038956997092,4.513683923860398,7.0,2.9661002883701197,74.31293158085563,w70,TMTT,164,76,2.97,0.84,10.5
6.017289150550836,8.866377976770865,4.043781854381749,13.212689340366872,9.168907485985123,0.47402718047263964,5.895852921931477,5.680415741459338,8.0,5.569696619296175,74.31293158085563,w70,TMTT,164,76,2.97,0.84,10.5
6.017289150550836,8.866377976770865,4.043781854381749,13.212689340366872,9.168907485985123,0.47402718047263964,5.964492030283688,6.618463921090155,9.5,7.521611438188544,74.31293158085563,w70,TMTT,164,76,2.97,0.84,10.5
6.017289150550836,8.866377976770865,4.043781854381749,13.212689340366872,9.168907485985123,0.47402718047263964,5.323751178708522,3.622890631072759,11.5,2.4810623619681564,74.31293158085563,w70,TMTT,164,76,2.97,0.84,10.5
6.017289150550836,8.866377976770865,4.043781854381749,13.212689340366872,9.168907485985123,0.47402718047263964,5.099569412237369,4.153361128905423,12.0,5.575209565285023,74.31293158085563,w70,TMTT,164,76,2.97,0.84,10.5
6.017289150550836,8.866377976770865,4.043781854381749,13.212689340366872,9.168907485985123,0.47402718047263964,4.863426496733063,3.759728103869179,12.5,5.482568379216019,74.31293158085563,w70,TMTT,164,76,2.97,0.84,10.5
6.017289150550836,8.866377976770865,4.043781854381749,13.212689340366872,9.168907485985123,0.47402718047263964,3.8850729178593633,3.4238482381020083,14.5,4.028216621704843,74.31293158085563,w70,TMTT,164,76,2.97,0.84,10.5
6.017289150550836,8.866377976770865,4.043781854381749,13.212689340366872,9.168907485985123,0.47402718047263964,2.392238235117482,2.505208930721879,18.0,2.407741258065941,74.31293158085563,w70,TMTT,164,76,2.97,0.84,10.5
6.017289150550836,8.866377976770865,4.043781854381749,13.212689340366872,9.168907485985123,0.47402718047263964,2.217202193740065,2.9155353817955185,18.5,2.8075520159121217,74.31293158085563,w70,TMTT,164,76,2.97,0.84,10.5
6.017289150550836,8.866377976770865,4.043781854381749,13.212689340366872,9.168907485985123,0.47402718047263964,1.8972062597465094,2.582820087207635,19.5,1.6870752506801507,74.31293158085563,w70,TMTT,164,76,2.97,0.84,10.5
6.017289150550836,8.866377976770865,4.043781854381749,13.212689340366872,9.168907485985123,0.47402718047263964,1.3705899581975611,1.8057539946429515,21.5,1.5140828839766183,74.31293158085563,w70,TMTT,164,76,2.97,0.84,10.5
5.24142174448509,8.607640542653586,4.190688074755011,14.183997612188362,9.993309537433351,0.558009040813419,3.1116062923992003e-30,0.06923616155959533,-1.0,0.31400520489841355,72.13372993967937,w70,TMTT,165,76,3.44,0.99,10.5
5.24142174448509,8.607640542653586,4.190688074755011,14.183997612188362,9.993309537433351,0.558009040813419,4.221981751055117e-28,-0.02504583410058192,-0.5,0.16538390566706568,72.13372993967937,w70,TMTT,165,76,3.44,0.99,10.5
5.24142174448509,8.607640542653586,4.190688074755011,14.183997612188362,9.993309537433351,0.558009040813419,7.772840808951158e-24,0.3028153158314468,0.5,0.7520052548146273,72.13372993967937,w70,TMTT,165,76,3.44,0.99,10.5
5.24142174448509,8.607640542653586,4.190688074755011,14.183997612188362,9.993309537433351,0.558009040813419,3.5746654117241475e-13,0.3249500745377426,3.0,0.48970525232105494,72.13372993967937,w70,TMTT,165,76,3.44,0.99,10.5
5.24142174448509,8.607640542653586,4.190688074755011,14.183997612188362,9.993309537433351,0.558009040813419,1.2748232011373901,1.2091521699113779,4.5,1.4539514110164944,72.13372993967937,w70,TMTT,165,76,3.44,0.99,10.5
5.24142174448509,8.607640542653586,4.190688074755011,14.183997612188362,9.993309537433351,0.558009040813419,4.576273698525388,4.60127512808014,6.5,4.77242413908482,72.13372993967937,w70,TMTT,165,76,3.44,0.99,10.5
5.24142174448509,8.607640542653586,4.190688074755011,14.183997612188362,9.993309537433351,0.558009040813419,4.886428360094356,3.968543817051074,7.0,3.0346826446902684,72.13372993967937,w70,TMTT,165,76,3.44,0.99,10.5
5.24142174448509,8.607640542653586,4.190688074755011,14.183997612188362,9.993309537433351,0.558009040813419,5.198292977728494,4.993309126094411,8.0,5.850410161565178,72.13372993967937,w70,TMTT,165,76,3.44,0.99,10.5
5.24142174448509,8.607640542653586,4.190688074755011,14.183997612188362,9.993309537433351,0.558009040813419,5.167147252399305,5.817570465859973,9.5,6.551777180606292,72.13372993967937,w70,TMTT,165,76,3.44,0.99,10.5
5.24142174448509,8.607640542653586,4.190688074755011,14.183997612188362,9.993309537433351,0.558009040813419,4.650073672127358,3.1798962677376283,11.5,4.00070010149023,72.13372993967937,w70,TMTT,165,76,3.44,0.99,10.5
5.24142174448509,8.607640542653586,4.190688074755011,14.183997612188362,9.993309537433351,0.558009040813419,4.480027971223977,3.6427938584906934,12.0,4.390515095945957,72.13372993967937,w70,TMTT,165,76,3.44,0.99,10.5
5.24142174448509,8.607640542653586,4.190688074755011,14.183997612188362,9.993309537433351,0.558009040813419,4.30217974220083,3.3085921761295207,12.5,3.9844972720213936,72.13372993967937,w70,TMTT,165,76,3.44,0.99,10.5
5.24142174448509,8.607640542653586,4.190688074755011,14.183997612188362,9.993309537433351,0.558009040813419,3.565464825763471,3.0010278685277414,14.5,4.202889651638621,72.13372993967937,w70,TMTT,165,76,3.44,0.99,10.5
5.24142174448509,8.607640542653586,4.190688074755011,14.183997612188362,9.993309537433351,0.558009040813419,2.3992775339021617,2.190335515641184,18.0,2.066460609947254,72.13372993967937,w70,TMTT,165,76,3.44,0.99,10.5
5.24142174448509,8.607640542653586,4.190688074755011,14.183997612188362,9.993309537433351,0.558009040813419,2.2561860369411666,2.5660046828946235,18.5,2.916239850093935,72.13372993967937,w70,TMTT,165,76,3.44,0.99,10.5
5.24142174448509,8.607640542653586,4.190688074755011,14.183997612188362,9.993309537433351,0.558009040813419,1.9894400837700086,2.265034594730568,19.5,2.2480916767850165,72.13372993967937,w70,TMTT,165,76,3.44,0.99,10.5
5.24142174448509,8.607640542653586,4.190688074755011,14.183997612188362,9.993309537433351,0.558009040813419,1.5318115839906334,1.5889875643579314,21.5,2.234135809323994,72.13372993967937,w70,TMTT,165,76,3.44,0.99,10.5
4.837335897781655,8.02528164457708,4.39907934880573,15.661065348920122,11.261986000114392,0.6780139581300743,5.437334618171054e-28,0.07108534807231215,-1.0,-0.057630604204919944,74.91393427836321,w70,TMTT,166,76,3.32,1.01,10.5
4.837335897781655,8.02528164457708,4.39907934880573,15.661065348920122,11.261986000114392,0.6780139581300743,7.558234503015741e-26,-0.017071968383926994,-0.5,-0.4716294702757465,74.91393427836321,w70,TMTT,166,76,3.32,1.01,10.5
4.837335897781655,8.02528164457708,4.39907934880573,15.661065348920122,11.261986000114392,0.6780139581300743,1.460457641833046e-21,0.4246882887212102,0.5,0.3798524041645994,74.91393427836321,w70,TMTT,166,76,3.32,1.01,10.5
4.837335897781655,8.02528164457708,4.39907934880573,15.661065348920122,11.261986000114392,0.6780139581300743,7.57984123388366e-11,0.4374097268414074,3.0,0.5248224832549867,74.91393427836321,w70,TMTT,166,76,3.32,1.01,10.5
4.837335897781655,8.02528164457708,4.39907934880573,15.661065348920122,11.261986000114392,0.6780139581300743,1.0267094411788384,1.2902416768676253,4.5,0.780072838722293,74.91393427836321,w70,TMTT,166,76,3.32,1.01,10.5
4.837335897781655,8.02528164457708,4.39907934880573,15.661065348920122,11.261986000114392,0.6780139581300743,4.558144004903686,4.685137918767678,6.5,3.9266153687308636,74.91393427836321,w70,TMTT,166,76,3.32,1.01,10.5
4.837335897781655,8.02528164457708,4.39907934880573,15.661065348920122,11.261986000114392,0.6780139581300743,4.724774344268324,4.071445186359798,7.0,5.320738469290303,74.91393427836321,w70,TMTT,166,76,3.32,1.01,10.5
4.837335897781655,8.02528164457708,4.39907934880573,15.661065348920122,11.261986000114392,0.6780139581300743,4.837279805488079,5.13142255099845,8.0,4.571595514998928,74.91393427836321,w70,TMTT,166,76,3.32,1.01,10.5
4.837335897781655,8.02528164457708,4.39907934880573,15.661065348920122,11.261986000114392,0.6780139581300743,4.689297358293279,5.981091970242716,9.5,5.714545959271258,74.91393427836321,w70,TMTT,166,76,3.32,1.01,10.5
4.837335897781655,8.02528164457708,4.39907934880573,15.661065348920122,11.261986000114392,0.6780139581300743,4.222617838336652,3.3071528296961636,11.5,4.671594545841989,74.91393427836321,w70,TMTT,166,76,3.32,1.01,10.5
4.837335897781655,8.02528164457708,4.39907934880573,15.661065348920122,11.261986000114392,0.6780139581300743,4.084863743450447,3.8108875823028043,12.0,3.2471353266922374,74.91393427836321,w70,TMTT,166,76,3.32,1.01,10.5
4.837335897781655,8.02528164457708,4.39907934880573,15.661065348920122,11.261986000114392,0.6780139581300743,3.943473905475194,3.3701650206129004,12.5,3.7074583904136436,74.91393427836321,w70,TMTT,166,76,3.32,1.01,10.5
4.837335897781655,8.02528164457708,4.39907934880573,15.661065348920122,11.261986000114392,0.6780139581300743,3.3700332770605814,3.1554685242496086,14.5,3.0215535724368143,74.91393427836321,w70,TMTT,166,76,3.32,1.01,10.5
4.837335897781655,8.02528164457708,4.39907934880573,15.661065348920122,11.261986000114392,0.6780139581300743,2.4542990097044357,2.348492785361553,18.0,3.010930399966153,74.91393427836321,w70,TMTT,166,76,3.32,1.01,10.5
4.837335897781655,8.02528164457708,4.39907934880573,15.661065348920122,11.261986000114392,0.6780139581300743,2.3384890127239237,2.6112492419460542,18.5,2.529342756737028,74.91393427836321,w70,TMTT,166,76,3.32,1.01,10.5
4.837335897781655,8.02528164457708,4.39907934880573,15.661065348920122,11.261986000114392,0.6780139581300743,2.11928858784961,2.371942787344461,19.5,2.7272519825163677,74.91393427836321,w70,TMTT,166,76,3.32,1.01,10.5
4.837335897781655,8.02528164457708,4.39907934880573,15.661065348920122,11.261986000114392,0.6780139581300743,1.7301735789806594,1.619385358161416,21.5,1.3434582122824712,74.91393427836321,w70,TMTT,166,76,3.32,1.01,10.5
7.422696857576662,7.6000000000000005,4.849223004154835,15.217623919118862,10.368400914964027,0.7346961196422149,2.9959465416107824,2.7481857636436824,5.0,3.2561348879189738,104.32286149806397,w75,TMTT,167,81,3.44,0.89,10.5
7.422696857576662,7.6000000000000005,4.849223004154835,15.217623919118862,10.368400914964027,0.7346961196422149,6.991928976646076,8.059559788773209,9.5,7.052728650221391,104.32286149806397,w75,TMTT,167,81,3.44,0.89,10.5
7.422696857576662,7.6000000000000005,4.849223004154835,15.217623919118862,10.368400914964027,0.7346961196422149,6.352128855629325,6.002713072650429,11.0,6.024219716609796,104.32286149806397,w75,TMTT,167,81,3.44,0.89,10.5
7.422696857576662,7.6000000000000005,4.849223004154835,15.217623919118862,10.368400914964027,0.7346961196422149,5.882098423390973,5.11549308553278,12.0,6.255211300579514,104.32286149806397,w75,TMTT,167,81,3.44,0.89,10.5
7.422696857576662,7.6000000000000005,4.849223004154835,15.217623919118862,10.368400914964027,0.7346961196422149,5.408139539158369,5.4348545682580065,13.0,5.971993896716385,104.32286149806397,w75,TMTT,167,81,3.44,0.89,10.5
7.422696857576662,7.6000000000000005,4.849223004154835,15.217623919118862,10.368400914964027,0.7346961196422149,4.720871394040986,4.231002107842345,14.5,4.410330588341284,104.32286149806397,w75,TMTT,167,81,3.44,0.89,10.5
7.422696857576662,7.6000000000000005,4.849223004154835,15.217623919118862,10.368400914964027,0.7346961196422149,4.502335697537911,4.095075595121527,15.0,4.356137460139968,104.32286149806397,w75,TMTT,167,81,3.44,0.89,10.5
7.422696857576662,7.6000000000000005,4.849223004154835,15.217623919118862,10.368400914964027,0.7346961196422149,3.334338648733211,3.1356484871526584,18.0,2.9174546204517493,104.32286149806397,w75,TMTT,167,81,3.44,0.89,10.5
7.422696857576662,7.6000000000000005,4.849223004154835,15.217623919118862,10.368400914964027,0.7346961196422149,2.4221453669293016,2.7810583108379605,21.0,3.474045867558575,104.32286149806397,w75,TMTT,167,81,3.44,0.89,10.5
7.422696857576662,7.6000000000000005,4.849223004154835,15.217623919118862,10.368400914964027,0.7346961196422149,2.293378567626525,2.186463348177383,21.5,2.5751829170693252,104.32286149806397,w75,TMTT,167,81,3.44,0.89,10.5
6.436364021857777,7.600000000000001,4.79841397795699,13.941334325313813,9.142920347356823,0.6935786471274534,2.675756050064657,2.3716252900753334,5.0,3.0057988504126167,80.67766326434548,w75,TMTT,168,81,3.13,0.92,10.5
6.436364021857777,7.600000000000001,4.79841397795699,13.941334325313813,9.142920347356823,0.6935786471274534,5.995847689601393,7.000597175140831,9.5,6.908693212246118,80.67766326434548,w75,TMTT,168,81,3.13,0.92,10.5
6.436364021857777,7.600000000000001,4.79841397795699,13.941334325313813,9.142920347356823,0.6935786471274534,5.3487341609708015,5.170663741900374,11.0,5.616802511023299,80.67766326434548,w75,TMTT,168,81,3.13,0.92,10.5
6.436364021857777,7.600000000000001,4.79841397795699,13.941334325313813,9.142920347356823,0.6935786471274534,4.880323319629906,4.385805452482865,12.0,1.9640009918221528,80.67766326434548,w75,TMTT,168,81,3.13,0.92,10.5
6.436364021857777,7.600000000000001,4.79841397795699,13.941334325313813,9.142920347356823,0.6935786471274534,4.41479430365391,4.7399507837087596,13.0,5.291514676924529,80.67766326434548,w75,TMTT,168,81,3.13,0.92,10.5
6.436364021857777,7.600000000000001,4.79841397795699,13.941334325313813,9.142920347356823,0.6935786471274534,3.753253601433786,3.613683009229989,14.5,2.230549286231052,80.67766326434548,w75,TMTT,168,81,3.13,0.92,10.5
6.436364021857777,7.600000000000001,4.79841397795699,13.941334325313813,9.142920347356823,0.6935786471274534,3.5465572612322336,3.5714753342707577,15.0,4.249386537896471,80.67766326434548,w75,TMTT,168,81,3.13,0.92,10.5
6.436364021857777,7.600000000000001,4.79841397795699,13.941334325313813,9.142920347356823,0.6935786471274534,2.476344434337262,2.6390344676192776,18.0,2.791653625512673,80.67766326434548,w75,TMTT,168,81,3.13,0.92,10.5
6.436364021857777,7.600000000000001,4.79841397795699,13.941334325313813,9.142920347356823,0.6935786471274534,1.689047470675193,2.342053309923977,21.0,2.228616836614796,80.67766326434548,w75,TMTT,168,81,3.13,0.92,10.5
6.436364021857777,7.600000000000001,4.79841397795699,13.941334325313813,9.142920347356823,0.6935786471274534,1.5820875681704452,1.9116305499176365,21.5,1.0953973944431457,80.67766326434548,w75,TMTT,168,81,3.13,0.92,10.5
6.42274552770798,7.6000000000000005,4.788620598526017,14.235975727561069,9.447355129035053,0.7024162463382344,2.8328845226838877,2.244022564282114,5.0,3.4436320572514054,83.01971484419191,w75,TMTT,169,81,2.97,0.84,10.5
6.42274552770798,7.6000000000000005,4.788620598526017,14.235975727561069,9.447355129035053,0.7024162463382344,6.003028822339114,6.618463921090155,9.5,7.521611438188544,83.01971484419191,w75,TMTT,169,81,2.97,0.84,10.5
6.42274552770798,7.6000000000000005,4.788620598526017,14.235975727561069,9.447355129035053,0.7024162463382344,5.383417344589526,4.893659546128353,11.0,3.5650650639918413,83.01971484419191,w75,TMTT,169,81,2.97,0.84,10.5
6.42274552770798,7.6000000000000005,4.788620598526017,14.235975727561069,9.447355129035053,0.7024162463382344,4.932628555481912,4.153361128905423,12.0,5.575209565285023,83.01971484419191,w75,TMTT,169,81,2.97,0.84,10.5
6.42274552770798,7.6000000000000005,4.788620598526017,14.235975727561069,9.447355129035053,0.7024162463382344,4.482561743769203,4.47888329081825,13.0,4.630978657250617,83.01971484419191,w75,TMTT,169,81,2.97,0.84,10.5
6.42274552770798,7.6000000000000005,4.788620598526017,14.235975727561069,9.447355129035053,0.7024162463382344,3.839085590134899,3.4238482381020083,14.5,4.028216621704843,83.01971484419191,w75,TMTT,169,81,2.97,0.84,10.5
6.42274552770798,7.6000000000000005,4.788620598526017,14.235975727561069,9.447355129035053,0.7024162463382344,3.636991385873639,3.3747583352008945,15.0,3.55996214268344,83.01971484419191,w75,TMTT,169,81,2.97,0.84,10.5
6.42274552770798,7.6000000000000005,4.788620598526017,14.235975727561069,9.447355129035053,0.7024162463382344,2.5810581311366025,2.505208930721879,18.0,2.407741258065941,83.01971484419191,w75,TMTT,169,81,2.97,0.84,10.5
6.42274552770798,7.6000000000000005,4.788620598526017,14.235975727561069,9.447355129035053,0.7024162463382344,1.7910701409480165,2.223103229358432,21.0,2.699072497617559,83.01971484419191,w75,TMTT,169,81,2.97,0.84,10.5
6.42274552770798,7.6000000000000005,4.788620598526017,14.235975727561069,9.447355129035053,0.7024162463382344,1.682592273363058,1.8057539946429515,21.5,1.5140828839766183,83.01971484419191,w75,TMTT,169,81,2.97,0.84,10.5
5.859735566599452,7.6000000000000005,4.9400040144431605,13.818269024781724,8.878265010338563,0.700392364672678,1.1350782063409552,1.9703469794802664,5.0,0.31359996998116246,71.21408180915274,w75,TMTT,170,81,3.44,0.99,10.5
5.859735566599452,7.6000000000000005,4.9400040144431605,13.818269024781724,8.878265010338563,0.700392364672678,5.436419259609506,5.817570465859973,9.5,6.551777180606292,71.21408180915274,w75,TMTT,170,81,3.44,0.99,10.5
5.859735566599452,7.6000000000000005,4.9400040144431605,13.818269024781724,8.878265010338563,0.700392364672678,4.823735609452868,4.295477965303633,11.0,4.509150228917787,71.21408180915274,w75,TMTT,170,81,3.44,0.99,10.5
5.859735566599452,7.6000000000000005,4.9400040144431605,13.818269024781724,8.878265010338563,0.700392364672678,4.384466546165917,3.6427938584906934,12.0,4.390515095945957,71.21408180915274,w75,TMTT,170,81,3.44,0.99,10.5
5.859735566599452,7.6000000000000005,4.9400040144431605,13.818269024781724,8.878265010338563,0.700392364672678,3.95079861204913,3.939568946901942,13.0,3.9511949451619275,71.21408180915274,w75,TMTT,170,81,3.44,0.99,10.5
5.859735566599452,7.6000000000000005,4.9400040144431605,13.818269024781724,8.878265010338563,0.700392364672678,3.3391042030512335,3.0010278685277414,14.5,4.202889651638621,71.21408180915274,w75,TMTT,170,81,3.44,0.99,10.5
5.859735566599452,7.6000000000000005,4.9400040144431605,13.818269024781724,8.878265010338563,0.700392364672678,3.149053337846655,2.968400846500997,15.0,1.8698446125760941,71.21408180915274,w75,TMTT,170,81,3.44,0.99,10.5
5.859735566599452,7.6000000000000005,4.9400040144431605,13.818269024781724,8.878265010338563,0.700392364672678,2.173405369414631,2.190335515641184,18.0,2.066460609947254,71.21408180915274,w75,TMTT,170,81,3.44,0.99,10.5
5.859735566599452,7.6000000000000005,4.9400040144431605,13.818269024781724,8.878265010338563,0.700392364672678,1.465650782714226,1.94389663064304,21.0,1.4901991125954364,71.21408180915274,w75,TMTT,170,81,3.44,0.99,10.5
5.859735566599452,7.6000000000000005,4.9400040144431605,13.818269024781724,8.878265010338563,0.700392364672678,1.3702674422369234,1.5889875643579314,21.5,2.234135809323994,71.21408180915274,w75,TMTT,170,81,3.44,0.99,10.5
5.493070270061517,7.6000000000000005,4.831818453212277,14.835435149962146,10.00361669674987,0.7232819258571659,2.2719203145493205,2.0433552298666453,5.0,2.5155729695536295,74.75874592819159,w75,TMTT,171,81,3.32,1.01,10.5
5.493070270061517,7.6000000000000005,4.831818453212277,14.835435149962146,10.00361669674987,0.7232819258571659,5.159412047426651,5.981091970242716,9.5,5.714545959271258,74.75874592819159,w75,TMTT,171,81,3.32,1.01,10.5
5.493070270061517,7.6000000000000005,4.831818453212277,14.835435149962146,10.00361669674987,0.7232819258571659,4.665110158264985,4.465694369393773,11.0,4.896496536538398,74.75874592819159,w75,TMTT,171,81,3.32,1.01,10.5
5.493070270061517,7.6000000000000005,4.831818453212277,14.835435149962146,10.00361669674987,0.7232819258571659,4.303314874135962,3.8108875823028043,12.0,3.2471353266922374,74.75874592819159,w75,TMTT,171,81,3.32,1.01,10.5
5.493070270061517,7.6000000000000005,4.831818453212277,14.835435149962146,10.00361669674987,0.7232819258571659,3.9398418691330646,4.028363710349861,13.0,3.500579813919535,74.75874592819159,w75,TMTT,171,81,3.32,1.01,10.5
5.493070270061517,7.6000000000000005,4.831818453212277,14.835435149962146,10.00361669674987,0.7232819258571659,3.4155186618083797,3.1554685242496086,14.5,3.0215535724368143,74.75874592819159,w75,TMTT,171,81,3.32,1.01,10.5
5.493070270061517,7.6000000000000005,4.831818453212277,14.835435149962146,10.00361669674987,0.7232819258571659,3.2495490818401125,3.035292148054501,15.0,3.6309535875076273,74.75874592819159,w75,TMTT,171,81,3.32,1.01,10.5
5.493070270061517,7.6000000000000005,4.831818453212277,14.835435149962146,10.00361669674987,0.7232819258571659,2.3697966986442345,2.348492785361553,18.0,3.010930399966153,74.75874592819159,w75,TMTT,171,81,3.32,1.01,10.5
5.493070270061517,7.6000000000000005,4.831818453212277,14.835435149962146,10.00361669674987,0.7232819258571659,1.693336577442857,2.082540818817958,21.0,2.105577921432788,74.75874592819159,w75,TMTT,171,81,3.32,1.01,10.5
5.493070270061517,7.6000000000000005,4.831818453212277,14.835435149962146,10.00361669674987,0.7232819258571659,1.5987926620371864,1.619385358161416,21.5,1.3434582122824712,74.75874592819159,w75,TMTT,171,81,3.32,1.01,10.5
7.0381262025440465,6.758034305852637,6.289100857410771,20.0,13.710899142589229,0.9657984904151727,3.7023308063574107e-25,0.538295556933627,0.5,-0.06678207806003572,106.59339559564272,w80,TMTT,172,86,3.44,0.89,10.5
7.0381262025440465,6.758034305852637,6.289100857410771,20.0,13.710899142589229,0.9657984904151727,6.221356533235859,6.326919885786663,6.5,6.112272735441952,106.59339559564272,w80,TMTT,172,86,3.44,0.89,10.5
7.0381262025440465,6.758034305852637,6.289100857410771,20.0,13.710899142589229,0.9657984904151727,6.708577333573092,6.915306559609596,8.0,6.589091006535086,106.59339559564272,w80,TMTT,172,86,3.44,0.89,10.5
7.0381262025440465,6.758034305852637,6.289100857410771,20.0,13.710899142589229,0.9657984904151727,4.998887227840967,4.550783034795955,12.5,3.430003692989206,106.59339559564272,w80,TMTT,172,86,3.44,0.89,10.5
7.0381262025440465,6.758034305852637,6.289100857410771,20.0,13.710899142589229,0.9657984904151727,4.8268713080315075,5.4348545682580065,13.0,5.971993896716385,106.59339559564272,w80,TMTT,172,86,3.44,0.89,10.5
7.0381262025440465,6.758034305852637,6.289100857410771,20.0,13.710899142589229,0.9657984904151727,4.659855928149471,4.6004200525579435,13.5,4.839727665853228,106.59339559564272,w80,TMTT,172,86,3.44,0.89,10.5
7.0381262025440465,6.758034305852637,6.289100857410771,20.0,13.710899142589229,0.9657984904151727,4.188742766884286,4.095075595121527,15.0,4.356137460139968,106.59339559564272,w80,TMTT,172,86,3.44,0.89,10.5
7.0381262025440465,6.758034305852637,6.289100857410771,20.0,13.710899142589229,0.9657984904151727,3.499226462840549,3.6393257782763424,17.5,3.137534526484769,106.59339559564272,w80,TMTT,172,86,3.44,0.89,10.5
7.0381262025440465,6.758034305852637,6.289100857410771,20.0,13.710899142589229,0.9657984904151727,3.2545375484109114,3.5267830546312786,18.5,3.304879523385768,106.59339559564272,w80,TMTT,172,86,3.44,0.89,10.5
7.0381262025440465,6.758034305852637,6.289100857410771,20.0,13.710899142589229,0.9657984904151727,2.8133800301649607,2.1692141295697898,20.5,3.4269858620043516,106.59339559564272,w80,TMTT,172,86,3.44,0.89,10.5
6.760970044961569,6.34215364323206,6.242153643232061,19.79876973047516,13.5566160872431,0.9926235279249297,1.032330545666547e-24,0.3682500200904863,0.5,-0.1555259897206396,94.65634836599077,w80,TMTT,173,86,3.13,0.92,10.5
6.760970044961569,6.34215364323206,6.242153643232061,19.79876973047516,13.5566160872431,0.9926235279249297,6.254658362155765,5.535417313248071,6.5,6.9728996548627435,94.65634836599077,w80,TMTT,173,86,3.13,0.92,10.5
6.760970044961569,6.34215364323206,6.242153643232061,19.79876973047516,13.5566160872431,0.9926235279249297,6.105988983828865,6.008642961001906,8.0,6.514186980830783,94.65634836599077,w80,TMTT,173,86,3.13,0.92,10.5
6.760970044961569,6.34215364323206,6.242153643232061,19.79876973047516,13.5566160872431,0.9926235279249297,4.411867076026782,3.9803398849283713,12.5,2.030666875580324,94.65634836599077,w80,TMTT,173,86,3.13,0.92,10.5
6.760970044961569,6.34215364323206,6.242153643232061,19.79876973047516,13.5566160872431,0.9926235279249297,4.2533748865054255,4.7399507837087596,13.0,5.291514676924529,94.65634836599077,w80,TMTT,173,86,3.13,0.92,10.5
6.760970044961569,6.34215364323206,6.242153643232061,19.79876973047516,13.5566160872431,0.9926235279249297,4.100409111516525,4.016044975599787,13.5,4.686569466261801,94.65634836599077,w80,TMTT,173,86,3.13,0.92,10.5
6.760970044961569,6.34215364323206,6.242153643232061,19.79876973047516,13.5566160872431,0.9926235279249297,3.673017434776085,3.5714753342707577,15.0,4.249386537896471,94.65634836599077,w80,TMTT,173,86,3.13,0.92,10.5
6.760970044961569,6.34215364323206,6.242153643232061,19.79876973047516,13.5566160872431,0.9926235279249297,3.055971070357119,3.139501466003117,17.5,3.0650937423041675,94.65634836599077,w80,TMTT,173,86,3.13,0.92,10.5
6.760970044961569,6.34215364323206,6.242153643232061,19.79876973047516,13.5566160872431,0.9926235279249297,2.838900775895877,3.0868988933008774,18.5,2.981605512285448,94.65634836599077,w80,TMTT,173,86,3.13,0.92,10.5
6.760970044961569,6.34215364323206,6.242153643232061,19.79876973047516,13.5566160872431,0.9926235279249297,2.449574471762147,1.905972922122292,20.5,2.5169263945104228,94.65634836599077,w80,TMTT,173,86,3.13,0.92,10.5
5.494620679011873,7.736546198049692,0.0,12.894146030384524,12.894146030384524,0.39999545686710547,0.3647316852591552,0.3601482134447057,0.5,0.8583664083848644,91.9030795812502,w80,TMTT,174,86,2.97,0.84,10.5
5.494620679011873,7.736546198049692,0.0,12.894146030384524,12.894146030384524,0.39999545686710547,5.377841532450708,5.228435993545229,6.5,5.071373094929346,91.9030795812502,w80,TMTT,174,86,2.97,0.84,10.5
5.494620679011873,7.736546198049692,0.0,12.894146030384524,12.894146030384524,0.39999545686710547,5.489949624314273,5.680415741459338,8.0,5.569696619296175,91.9030795812502,w80,TMTT,174,86,2.97,0.84,10.5
5.494620679011873,7.736546198049692,0.0,12.894146030384524,12.894146030384524,0.39999545686710547,4.4810775442245925,3.759728103869179,12.5,5.482568379216019,91.9030795812502,w80,TMTT,174,86,2.97,0.84,10.5
5.494620679011873,7.736546198049692,0.0,12.894146030384524,12.894146030384524,0.39999545686710547,4.31350761892946,4.47888329081825,13.0,4.630978657250617,91.9030795812502,w80,TMTT,174,86,2.97,0.84,10.5
5.494620679011873,7.736546198049692,0.0,12.894146030384524,12.894146030384524,0.39999545686710547,4.142993735816672,3.7943816489344377,13.5,4.131863003060024,91.9030795812502,w80,TMTT,174,86,2.97,0.84,10.5
5.494620679011873,7.736546198049692,0.0,12.894146030384524,12.894146030384524,0.39999545686710547,3.6278110914280037,3.3747583352008945,15.0,3.55996214268344,91.9030795812502,w80,TMTT,174,86,2.97,0.84,10.5
5.494620679011873,7.736546198049692,0.0,12.894146030384524,12.894146030384524,0.39999545686710547,2.8154954972236435,2.9707345081795125,17.5,2.648012156074811,91.9030795812502,w80,TMTT,174,86,2.97,0.84,10.5
5.494620679011873,7.736546198049692,0.0,12.894146030384524,12.894146030384524,0.39999545686710547,2.520874800626967,2.9155353817955185,18.5,2.8075520159121217,91.9030795812502,w80,TMTT,174,86,2.97,0.84,10.5
5.494620679011873,7.736546198049692,0.0,12.894146030384524,12.894146030384524,0.39999545686710547,1.995336797682145,1.7992759582109525,20.5,1.3971556179136977,91.9030795812502,w80,TMTT,174,86,2.97,0.84,10.5
5.680604825274522,6.937038171788549,6.322601514770597,16.105982695027198,9.783381180256601,0.9371958788380934,1.3064709284838873e-25,0.3028153158314468,0.5,0.7520052548146273,64.45175283326327,w80,TMTT,175,86,3.44,0.99,10.5
5.680604825274522,6.937038171788549,6.322601514770597,16.105982695027198,9.783381180256601,0.9371958788380934,4.686860374341623,4.60127512808014,6.5,4.77242413908482,64.45175283326327,w80,TMTT,175,86,3.44,0.99,10.5
5.680604825274522,6.937038171788549,6.322601514770597,16.105982695027198,9.783381180256601,0.9371958788380934,5.410965353162562,4.993309126094411,8.0,5.850410161565178,64.45175283326327,w80,TMTT,175,86,3.44,0.99,10.5
5.680604825274522,6.937038171788549,6.322601514770597,16.105982695027198,9.783381180256601,0.9371958788380934,3.614674765938112,3.3085921761295207,12.5,3.9844972720213936,64.45175283326327,w80,TMTT,175,86,3.44,0.99,10.5
5.680604825274522,6.937038171788549,6.322601514770597,16.105982695027198,9.783381180256601,0.9371958788380934,3.440736919290574,3.939568946901942,13.0,3.9511949451619275,64.45175283326327,w80,TMTT,175,86,3.44,0.99,10.5
5.680604825274522,6.937038171788549,6.322601514770597,16.105982695027198,9.783381180256601,0.9371958788380934,3.2739351168363884,3.3380243579438607,13.5,1.792249200075968,64.45175283326327,w80,TMTT,175,86,3.44,0.99,10.5
5.680604825274522,6.937038171788549,6.322601514770597,16.105982695027198,9.783381180256601,0.9371958788380934,2.815429877877282,2.968400846500997,15.0,1.8698446125760941,64.45175283326327,w80,TMTT,175,86,3.44,0.99,10.5
5.680604825274522,6.937038171788549,6.322601514770597,16.105982695027198,9.783381180256601,0.9371958788380934,2.1802100042973516,2.6082608741604334,17.5,3.1802739023157827,64.45175283326327,w80,TMTT,175,86,3.44,0.99,10.5
5.680604825274522,6.937038171788549,6.322601514770597,16.105982695027198,9.783381180256601,0.9371958788380934,1.9661937817973782,2.5660046828946235,18.5,2.916239850093935,64.45175283326327,w80,TMTT,175,86,3.44,0.99,10.5
5.680604825274522,6.937038171788549,6.322601514770597,16.105982695027198,9.783381180256601,0.9371958788380934,1.5970567920245324,1.5845869427180235,20.5,-0.3359613329553342,64.45175283326327,w80,TMTT,175,86,3.44,0.99,10.5
4.831947081990805,7.810617934141184,6.024038735847346,17.711860657604227,11.687821921756882,0.8471418190443061,1.4598754996165182e-25,0.4246882887212102,0.5,0.3798524041645994,72.08537419856205,w80,TMTT,176,86,3.32,1.01,10.5
4.831947081990805,7.810617934141184,6.024038735847346,17.711860657604227,11.687821921756882,0.8471418190443061,4.307744222337698,4.685137918767678,6.5,3.9266153687308636,72.08537419856205,w80,TMTT,176,86,3.32,1.01,10.5
4.831947081990805,7.810617934141184,6.024038735847346,17.711860657604227,11.687821921756882,0.8471418190443061,4.827371584943307,5.13142255099845,8.0,4.571595514998928,72.08537419856205,w80,TMTT,176,86,3.32,1.01,10.5
4.831947081990805,7.810617934141184,6.024038735847346,17.711860657604227,11.687821921756882,0.8471418190443061,3.796211051659776,3.3701650206129004,12.5,3.7074583904136436,72.08537419856205,w80,TMTT,176,86,3.32,1.01,10.5
4.831947081990805,7.810617934141184,6.024038735847346,17.711860657604227,11.687821921756882,0.8471418190443061,3.6580295816746684,4.028363710349861,13.0,3.500579813919535,72.08537419856205,w80,TMTT,176,86,3.32,1.01,10.5
4.831947081990805,7.810617934141184,6.024038735847346,17.711860657604227,11.687821921756882,0.8471418190443061,3.5216035480953556,3.4088871199255752,13.5,3.6040466702091862,72.08537419856205,w80,TMTT,176,86,3.32,1.01,10.5
4.831947081990805,7.810617934141184,6.024038735847346,17.711860657604227,11.687821921756882,0.8471418190443061,3.128066435093525,3.035292148054501,15.0,3.6309535875076273,72.08537419856205,w80,TMTT,176,86,3.32,1.01,10.5
4.831947081990805,7.810617934141184,6.024038735847346,17.711860657604227,11.687821921756882,0.8471418190443061,2.540234490819381,2.706258723758312,17.5,2.188351188290937,72.08537419856205,w80,TMTT,176,86,3.32,1.01,10.5
4.831947081990805,7.810617934141184,6.024038735847346,17.711860657604227,11.687821921756882,0.8471418190443061,2.331086753449104,2.6112492419460542,18.5,2.529342756737028,72.08537419856205,w80,TMTT,176,86,3.32,1.01,10.5
4.831947081990805,7.810617934141184,6.024038735847346,17.711860657604227,11.687821921756882,0.8471418190443061,1.9565223168722945,1.6042115484840447,20.5,1.8699371845089243,72.08537419856205,w80,TMTT,176,86,3.32,1.01,10.5
7.938252289191769,7.760757197135194,7.325318535540411,18.36697098929457,11.041652453754157,0.9605639949800507,1.0193542545596718e-31,-0.06874018786302705,0.0,-0.5180480316534674,97.80074314940785,w85,TMTT,177,91,3.44,0.89,10.5
7.938252289191769,7.760757197135194,7.325318535540411,18.36697098929457,11.041652453754157,0.9605639949800507,8.209525854332607e-19,0.5584507067256235,3.0,0.016311640692933504,97.80074314940785,w85,TMTT,177,91,3.44,0.89,10.5
7.938252289191769,7.760757197135194,7.325318535540411,18.36697098929457,11.041652453754157,0.9605639949800507,1.1622964127734757e-16,0.5602354314055518,3.5,0.45797432252124104,97.80074314940785,w85,TMTT,177,91,3.44,0.89,10.5
7.938252289191769,7.760757197135194,7.325318535540411,18.36697098929457,11.041652453754157,0.9605639949800507,7.711626762704407,7.696487758992792,8.5,7.74597962919683,97.80074314940785,w85,TMTT,177,91,3.44,0.89,10.5
7.938252289191769,7.760757197135194,7.325318535540411,18.36697098929457,11.041652453754157,0.9605639949800507,6.6524534322960776,5.827714391952477,10.5,7.257117113928734,97.80074314940785,w85,TMTT,177,91,3.44,0.89,10.5
7.938252289191769,7.760757197135194,7.325318535540411,18.36697098929457,11.041652453754157,0.9605639949800507,5.382322161903169,5.4348545682580065,13.0,5.971993896716385,97.80074314940785,w85,TMTT,177,91,3.44,0.89,10.5
7.938252289191769,7.760757197135194,7.325318535540411,18.36697098929457,11.041652453754157,0.9605639949800507,4.9307893242416965,4.797424872136601,14.0,4.878037251337026,97.80074314940785,w85,TMTT,177,91,3.44,0.89,10.5
7.938252289191769,7.760757197135194,7.325318535540411,18.36697098929457,11.041652453754157,0.9605639949800507,3.1488309007185453,3.1204090137527207,19.0,1.9496648309899394,97.80074314940785,w85,TMTT,177,91,3.44,0.89,10.5
7.938252289191769,7.760757197135194,7.325318535540411,18.36697098929457,11.041652453754157,0.9605639949800507,2.6246677229373843,2.7810583108379605,21.0,3.474045867558575,97.80074314940785,w85,TMTT,177,91,3.44,0.89,10.5
6.827667408320167,6.800000000000001,6.700000000000001,19.824523290472374,13.124523290472373,0.9923806756415607,7.837604536387497e-29,-0.05271140668746205,0.0,0.1841979786005279,92.61934153914386,w85,TMTT,178,91,3.13,0.92,10.5
6.827667408320167,6.800000000000001,6.700000000000001,19.824523290472374,13.124523290472373,0.9923806756415607,6.652497241303657e-16,0.39454472300630505,3.0,0.4463824219578369,92.61934153914386,w85,TMTT,178,91,3.13,0.92,10.5
6.827667408320167,6.800000000000001,6.700000000000001,19.824523290472374,13.124523290472373,0.9923806756415607,9.501341529223427e-14,0.4783970774827183,3.5,1.1727797383611098,92.61934153914386,w85,TMTT,178,91,3.13,0.92,10.5
6.827667408320167,6.800000000000001,6.700000000000001,19.824523290472374,13.124523290472373,0.9923806756415607,6.1266728254277405,6.5973786294898344,8.5,7.527028090405649,92.61934153914386,w85,TMTT,178,91,3.13,0.92,10.5
6.827667408320167,6.800000000000001,6.700000000000001,19.824523290472374,13.124523290472373,0.9923806756415607,5.284787158253202,4.998110918060579,10.5,1.9471275092701175,92.61934153914386,w85,TMTT,178,91,3.13,0.92,10.5
6.827667408320167,6.800000000000001,6.700000000000001,19.824523290472374,13.124523290472373,0.9923806756415607,4.378771711708807,4.7399507837087596,13.0,5.291514676924529,92.61934153914386,w85,TMTT,178,91,3.13,0.92,10.5
6.827667408320167,6.800000000000001,6.700000000000001,19.824523290472374,13.124523290472373,0.9923806756415607,4.059748984762875,4.201844213534082,14.0,4.334043665459769,92.61934153914386,w85,TMTT,178,91,3.13,0.92,10.5
6.827667408320167,6.800000000000001,6.700000000000001,19.824523290472374,13.124523290472373,0.9923806756415607,2.776623574190148,2.6661567492265834,19.0,3.2087781062150253,92.61934153914386,w85,TMTT,178,91,3.13,0.92,10.5
6.827667408320167,6.800000000000001,6.700000000000001,19.824523290472374,13.124523290472373,0.9923806756415607,2.384133884346823,2.342053309923977,21.0,2.228616836614796,92.61934153914386,w85,TMTT,178,91,3.13,0.92,10.5
6.3292554205047615,6.800000000000001,3.4570196151026966,14.800506184930619,11.343486569827922,0.7052951608556437,5.746001980105113e-19,-0.05071035027652926,0.0,-0.11077564422414526,98.16184349377335,w85,TMTT,179,91,2.97,0.84,10.5
6.3292554205047615,6.800000000000001,3.4570196151026966,14.800506184930619,11.343486569827922,0.7052951608556437,4.177108034148491e-06,0.38394357023386533,3.0,0.18668856864331373,98.16184349377335,w85,TMTT,179,91,2.97,0.84,10.5
6.3292554205047615,6.800000000000001,3.4570196151026966,14.800506184930619,11.343486569827922,0.7052951608556437,0.9391745039430774,0.4532529298738158,3.5,1.4317337714307765,98.16184349377335,w85,TMTT,179,91,2.97,0.84,10.5
6.3292554205047615,6.800000000000001,3.4570196151026966,14.800506184930619,11.343486569827922,0.7052951608556437,6.076853246771432,6.247891886811783,8.5,6.845287824388386,98.16184349377335,w85,TMTT,179,91,2.97,0.84,10.5
6.3292554205047615,6.800000000000001,3.4570196151026966,14.800506184930619,11.343486569827922,0.7052951608556437,5.441624853758898,4.73301311301186,10.5,5.45631547457758,98.16184349377335,w85,TMTT,179,91,2.97,0.84,10.5
6.3292554205047615,6.800000000000001,3.4570196151026966,14.800506184930619,11.343486569827922,0.7052951608556437,4.520074300474801,4.47888329081825,13.0,4.630978657250617,98.16184349377335,w85,TMTT,179,91,2.97,0.84,10.5
6.3292554205047615,6.800000000000001,3.4570196151026966,14.800506184930619,11.343486569827922,0.7052951608556437,4.158591997210443,3.9682620918778397,14.0,3.3387498057880074,98.16184349377335,w85,TMTT,179,91,2.97,0.84,10.5
6.3292554205047615,6.800000000000001,3.4570196151026966,14.800506184930619,11.343486569827922,0.7052951608556437,2.6179788316141925,2.5259636005042183,19.0,2.9343474514487125,98.16184349377335,w85,TMTT,179,91,2.97,0.84,10.5
6.3292554205047615,6.800000000000001,3.4570196151026966,14.800506184930619,11.343486569827922,0.7052951608556437,2.144693149553526,2.223103229358432,21.0,2.699072497617559,98.16184349377335,w85,TMTT,179,91,2.97,0.84,10.5
5.135796953585543,8.758228339306743,7.585440010537055,16.7162600882099,9.130820077672844,0.871557174624714,5.774395910591852e-34,-0.04357724476275404,0.0,0.3475850502878495,58.65102330940161,w85,TMTT,180,91,3.44,0.99,10.5
5.135796953585543,8.758228339306743,7.585440010537055,16.7162600882099,9.130820077672844,0.871557174624714,4.232741116515738e-21,0.3249500745377426,3.0,0.48970525232105494,58.65102330940161,w85,TMTT,180,91,3.44,0.99,10.5
5.135796953585543,8.758228339306743,7.585440010537055,16.7162600882099,9.130820077672844,0.871557174624714,5.89939621479962e-19,0.3972881772237148,3.5,-0.3093083091563714,58.65102330940161,w85,TMTT,180,91,3.44,0.99,10.5
5.135796953585543,8.758228339306743,7.585440010537055,16.7162600882099,9.130820077672844,0.871557174624714,5.11371594406579,5.479656630405706,8.5,4.75284823305179,58.65102330940161,w85,TMTT,180,91,3.44,0.99,10.5
5.135796953585543,8.758228339306743,7.585440010537055,16.7162600882099,9.130820077672844,0.871557174624714,4.718650838878083,4.151421679448634,10.5,5.212315964221433,58.65102330940161,w85,TMTT,180,91,3.44,0.99,10.5
5.135796953585543,8.758228339306743,7.585440010537055,16.7162600882099,9.130820077672844,0.871557174624714,3.775953293921727,3.939568946901942,13.0,3.9511949451619275,58.65102330940161,w85,TMTT,180,91,3.44,0.99,10.5
5.135796953585543,8.758228339306743,7.585440010537055,16.7162600882099,9.130820077672844,0.871557174624714,3.414291608928456,3.4928991814035037,14.0,3.093814858900897,58.65102330940161,w85,TMTT,180,91,3.44,0.99,10.5
5.135796953585543,8.758228339306743,7.585440010537055,16.7162600882099,9.130820077672844,0.871557174624714,1.982992584565089,2.2141768272670075,19.0,1.465705495516045,58.65102330940161,w85,TMTT,180,91,3.44,0.99,10.5
5.135796953585543,8.758228339306743,7.585440010537055,16.7162600882099,9.130820077672844,0.871557174624714,1.5794583628042775,1.94389663064304,21.0,1.4901991125954364,58.65102330940161,w85,TMTT,180,91,3.44,0.99,10.5
5.388747469975348,6.800000000000001,5.848893000845121,20.0,14.15110699915488,0.9327892157686546,6.836420734124748e-26,-0.05285686629991204,0.0,0.22216177738787385,89.00083254041327,w85,TMTT,181,91,3.32,1.01,10.5
5.388747469975348,6.800000000000001,5.848893000845121,20.0,14.15110699915488,0.9327892157686546,5.820495374373434e-13,0.4374097268414074,3.0,0.5248224832549867,89.00083254041327,w85,TMTT,181,91,3.32,1.01,10.5
5.388747469975348,6.800000000000001,5.848893000845121,20.0,14.15110699915488,0.9327892157686546,8.317289329983402e-11,0.4177920814614058,3.5,-0.6241425521730212,89.00083254041327,w85,TMTT,181,91,3.32,1.01,10.5
5.388747469975348,6.800000000000001,5.848893000845121,20.0,14.15110699915488,0.9327892157686546,5.100750245818349,5.734003340963206,8.5,4.898380485220621,89.00083254041327,w85,TMTT,181,91,3.32,1.01,10.5
5.388747469975348,6.800000000000001,5.848893000845121,20.0,14.15110699915488,0.9327892157686546,4.564805041684373,4.341052888424108,10.5,3.9544938414732527,89.00083254041327,w85,TMTT,181,91,3.32,1.01,10.5
5.388747469975348,6.800000000000001,5.848893000845121,20.0,14.15110699915488,0.9327892157686546,3.896101991985038,4.028363710349861,13.0,3.500579813919535,89.00083254041327,w85,TMTT,181,91,3.32,1.01,10.5
5.388747469975348,6.800000000000001,5.848893000845121,20.0,14.15110699915488,0.9327892157686546,3.6460698431494953,3.551352993307725,14.0,4.397365715094095,89.00083254041327,w85,TMTT,181,91,3.32,1.01,10.5
5.388747469975348,6.800000000000001,5.848893000845121,20.0,14.15110699915488,0.9327892157686546,2.583975054311537,2.3269136558853427,19.0,3.194465952521243,89.00083254041327,w85,TMTT,181,91,3.32,1.01,10.5
5.388747469975348,6.800000000000001,5.848893000845121,20.0,14.15110699915488,0.9327892157686546,2.2434485976379412,2.082540818817958,21.0,2.105577921432788,89.00083254041327,w85,TMTT,181,91,3.32,1.01,10.5
