R_peak_fit,t_peak_fit,t_onset_fit,t_mean_fit,duration,shape,fitted_emission,prior,time,emission,integral,Type,comp,Channel_number,intensity1,Totalbio,Leaf3,d1_time
52.52727964253819,2.400000001963481,1.3443473613819001,4.693360802205134,3.3490134408232333,0.6847869800361008,3.7065040696518026e-13,-5.618746224947611,-1.0,-9.564263698311574,241.6059185848345,w,indole,54,6,3.44,0.89,10.5
52.52727964253819,2.400000001963481,1.3443473613819001,4.693360802205134,3.3490134408232333,0.6847869800361008,4.4233542694825363e-11,0.2777423653805542,-0.5,-2.5289824406214354,241.6059185848345,w,indole,54,6,3.44,0.89,10.5
52.52727964253819,2.400000001963481,1.3443473613819001,4.693360802205134,3.3490134408232333,0.6847869800361008,5.278838124199709e-09,5.929572700017825,0.0,7.940124235932224,241.6059185848345,w,indole,54,6,3.44,0.89,10.5
52.52727964253819,2.400000001963481,1.3443473613819001,4.693360802205134,3.3490134408232333,0.6847869800361008,6.298436094095848e-07,7.124845785394987,0.5,0.3254765589130031,241.6059185848345,w,indole,54,6,3.44,0.89,10.5
52.52727964253819,2.400000001963481,1.3443473613819001,4.693360802205134,3.3490134408232333,0.6847869800361008,7.285398973420425e-05,10.887971920273229,1.0,8.110331078710265,241.6059185848345,w,indole,54,6,3.44,0.89,10.5
52.52727964253819,2.400000001963481,1.3443473613819001,4.693360802205134,3.3490134408232333,0.6847869800361008,26.60956612075492,25.653849209667708,1.5,29.049286468401952,241.6059185848345,w,indole,54,6,3.44,0.89,10.5
52.52727964253819,2.400000001963481,1.3443473613819001,4.693360802205134,3.3490134408232333,0.6847869800361008,50.153698637095445,42.80504619976601,2.0,48.05892067001865,241.6059185848345,w,indole,54,6,3.44,0.89,10.5
52.52727964253819,2.400000001963481,1.3443473613819001,4.693360802205134,3.3490134408232333,0.6847869800361008,52.42479233389308,56.43005448341401,2.5,57.46180920919746,241.6059185848345,w,indole,54,6,3.44,0.89,10.5
52.52727964253819,2.400000001963481,1.3443473613819001,4.693360802205134,3.3490134408232333,0.6847869800361008,49.74266825397625,54.125510751700745,3.0,61.24270013920692,241.6059185848345,w,indole,54,6,3.44,0.89,10.5
52.52727964253819,2.400000001963481,1.3443473613819001,4.693360802205134,3.3490134408232333,0.6847869800361008,45.16475442616624,42.48009395559051,3.5,41.721173316159394,241.6059185848345,w,indole,54,6,3.44,0.89,10.5
52.52727964253819,2.400000001963481,1.3443473613819001,4.693360802205134,3.3490134408232333,0.6847869800361008,39.977437237750415,45.58014346486475,4.0,48.34856529185252,241.6059185848345,w,indole,54,6,3.44,0.89,10.5
52.52727964253819,2.400000001963481,1.3443473613819001,4.693360802205134,3.3490134408232333,0.6847869800361008,34.80287463364173,33.8746223060846,4.5,20.439033074188337,241.6059185848345,w,indole,54,6,3.44,0.89,10.5
52.52727964253819,2.400000001963481,1.3443473613819001,4.693360802205134,3.3490134408232333,0.6847869800361008,29.945562323488996,27.370320314909797,5.0,20.114396964685902,241.6059185848345,w,indole,54,6,3.44,0.89,10.5
52.52727964253819,2.400000001963481,1.3443473613819001,4.693360802205134,3.3490134408232333,0.6847869800361008,25.543161593335025,26.59190160865702,5.5,32.36802183283658,241.6059185848345,w,indole,54,6,3.44,0.89,10.5
52.52727964253819,2.400000001963481,1.3443473613819001,4.693360802205134,3.3490134408232333,0.6847869800361008,21.642214855591575,14.951236750210349,6.0,-3.7252727840213025,241.6059185848345,w,indole,54,6,3.44,0.89,10.5
52.52727964253819,2.400000001963481,1.3443473613819001,4.693360802205134,3.3490134408232333,0.6847869800361008,18.239360586521727,18.901529202020672,6.5,25.708976821870547,241.6059185848345,w,indole,54,6,3.44,0.89,10.5
52.52727964253819,2.400000001963481,1.3443473613819001,4.693360802205134,3.3490134408232333,0.6847869800361008,15.30482645902207,12.641080669700381,7.0,-3.8019708260949168,241.6059185848345,w,indole,54,6,3.44,0.89,10.5
52.52727964253819,2.400000001963481,1.3443473613819001,4.693360802205134,3.3490134408232333,0.6847869800361008,12.796129211065235,15.845162377425082,7.5,14.293177091620713,241.6059185848345,w,indole,54,6,3.44,0.89,10.5
52.52727964253819,2.400000001963481,1.3443473613819001,4.693360802205134,3.3490134408232333,0.6847869800361008,10.666096650537252,14.394855623575655,8.0,13.459683421673663,241.6059185848345,w,indole,54,6,3.44,0.89,10.5
52.52727964253819,2.400000001963481,1.3443473613819001,4.693360802205134,3.3490134408232333,0.6847869800361008,8.867496025394885,9.876759164006883,8.5,13.289971485272847,241.6059185848345,w,indole,54,6,3.44,0.89,10.5
52.52727964253819,2.400000001963481,1.3443473613819001,4.693360802205134,3.3490134408232333,0.6847869800361008,7.355598986181316,13.088523022327388,9.0,14.929592363622346,241.6059185848345,w,indole,54,6,3.44,0.89,10.5
52.52727964253819,2.400000001963481,1.3443473613819001,4.693360802205134,3.3490134408232333,0.6847869800361008,6.089484622484758,9.626122679188027,9.5,10.306066389861192,241.6059185848345,w,indole,54,6,3.44,0.89,10.5
52.52727964253819,2.400000001963481,1.3443473613819001,4.693360802205134,3.3490134408232333,0.6847869800361008,5.032574856040163,7.957836111143306,10.0,12.484693961011535,241.6059185848345,w,indole,54,6,3.44,0.89,10.5
52.52727964253819,2.400000001963481,1.3443473613819001,4.693360802205134,3.3490134408232333,0.6847869800361008,4.152711498117076,8.999569588736957,10.5,9.863805573217306,241.6059185848345,w,indole,54,6,3.44,0.89,10.5
52.52727964253819,2.400000001963481,1.3443473613819001,4.693360802205134,3.3490134408232333,0.6847869800361008,3.421969884726957,4.717203719664555,11.0,-1.8419841295632562,241.6059185848345,w,indole,54,6,3.44,0.89,10.5
52.52727964253819,2.400000001963481,1.3443473613819001,4.693360802205134,3.3490134408232333,0.6847869800361008,2.816331875397109,5.795240690383372,11.5,10.782571312149248,241.6059185848345,w,indole,54,6,3.44,0.89,10.5
52.52727964253819,2.400000001963481,1.3443473613819001,4.693360802205134,3.3490134408232333,0.6847869800361008,2.3152949198321084,5.2227642521288145,12.0,6.542860099687633,241.6059185848345,w,indole,54,6,3.44,0.89,10.5
52.52727964253819,2.400000001963481,1.3443473613819001,4.693360802205134,3.3490134408232333,0.6847869800361008,1.9014642281042284,1.055560552637897,12.5,0.5403250487360824,241.6059185848345,w,indole,54,6,3.44,0.89,10.5
52.52727964253819,2.400000001963481,1.3443473613819001,4.693360802205134,3.3490134408232333,0.6847869800361008,1.5601559301001946,2.9006621363181404,13.0,5.203501590586585,241.6059185848345,w,indole,54,6,3.44,0.89,10.5
52.52727964253819,2.400000001963481,1.3443473613819001,4.693360802205134,3.3490134408232333,0.6847869800361008,1.2790267847180063,1.8670432348148713,13.5,2.8200527934764104,241.6059185848345,w,indole,54,6,3.44,0.89,10.5
52.52727964253819,2.400000001963481,1.3443473613819001,4.693360802205134,3.3490134408232333,0.6847869800361008,1.047738138157366,0.13257894936703396,14.0,0.9032196375474615,241.6059185848345,w,indole,54,6,3.44,0.89,10.5
52.52727964253819,2.400000001963481,1.3443473613819001,4.693360802205134,3.3490134408232333,0.6847869800361008,0.8576569019084246,2.2364355784214243,14.5,3.643469307207738,241.6059185848345,w,indole,54,6,3.44,0.89,10.5
52.52727964253819,2.400000001963481,1.3443473613819001,4.693360802205134,3.3490134408232333,0.6847869800361008,0.7015933192593926,-0.16289762354529946,15.0,-2.212204975777092,241.6059185848345,w,indole,54,6,3.44,0.89,10.5
52.52727964253819,2.400000001963481,1.3443473613819001,4.693360802205134,3.3490134408232333,0.6847869800361008,0.5735735487436613,2.398969124779738,15.5,3.517803535910639,241.6059185848345,w,indole,54,6,3.44,0.89,10.5
52.52727964253819,2.400000001963481,1.3443473613819001,4.693360802205134,3.3490134408232333,0.6847869800361008,0.46864417100268313,1.9090154090843439,16.0,5.595974484125373,241.6059185848345,w,indole,54,6,3.44,0.89,10.5
52.52727964253819,2.400000001963481,1.3443473613819001,4.693360802205134,3.3490134408232333,0.6847869800361008,0.38270532659735995,1.170230249343346,16.5,0.19447104795300962,241.6059185848345,w,indole,54,6,3.44,0.89,10.5
52.52727964253819,2.400000001963481,1.3443473613819001,4.693360802205134,3.3490134408232333,0.6847869800361008,0.3123691194187419,2.430575970925902,17.0,3.7422615965338406,241.6059185848345,w,indole,54,6,3.44,0.89,10.5
52.52727964253819,2.400000001963481,1.3443473613819001,4.693360802205134,3.3490134408232333,0.6847869800361008,0.25484004279591155,0.8888949731097999,17.5,3.0483737443735874,241.6059185848345,w,indole,54,6,3.44,0.89,10.5
52.52727964253819,2.400000001963481,1.3443473613819001,4.693360802205134,3.3490134408232333,0.6847869800361008,0.20781441709813653,1.7014716359254551,18.0,3.9323795056935182,241.6059185848345,w,indole,54,6,3.44,0.89,10.5
52.52727964253819,2.400000001963481,1.3443473613819001,4.693360802205134,3.3490134408232333,0.6847869800361008,0.16939611266057297,1.3795990134365028,18.5,2.623648356753007,241.6059185848345,w,indole,54,6,3.44,0.89,10.5
52.52727964253819,2.400000001963481,1.3443473613819001,4.693360802205134,3.3490134408232333,0.6847869800361008,0.13802613465011176,0.8217486197854913,19.0,1.064329643833235,241.6059185848345,w,indole,54,6,3.44,0.89,10.5
52.52727964253819,2.400000001963481,1.3443473613819001,4.693360802205134,3.3490134408232333,0.6847869800361008,0.11242394511728247,-0.15411888896493364,19.5,0.9090907654890903,241.6059185848345,w,indole,54,6,3.44,0.89,10.5
52.52727964253819,2.400000001963481,1.3443473613819001,4.693360802205134,3.3490134408232333,0.6847869800361008,0.09153867915041562,1.3307166478684995,20.0,2.7768543260979057,241.6059185848345,w,indole,54,6,3.44,0.89,10.5
52.52727964253819,2.400000001963481,1.3443473613819001,4.693360802205134,3.3490134408232333,0.6847869800361008,0.0745086699640911,2.1050272206230964,20.5,5.9180164880558745,241.6059185848345,w,indole,54,6,3.44,0.89,10.5
52.52727964253819,2.400000001963481,1.3443473613819001,4.693360802205134,3.3490134408232333,0.6847869800361008,0.06062792900895993,1.7754423555590373,21.0,5.0838892315445285,241.6059185848345,w,indole,54,6,3.44,0.89,10.5
52.52727964253819,2.400000001963481,1.3443473613819001,4.693360802205134,3.3490134408232333,0.6847869800361008,0.04931843133054477,1.9010998145935756,21.5,4.866125551697058,241.6059185848345,w,indole,54,6,3.44,0.89,10.5
52.52727964253819,2.400000001963481,1.3443473613819001,4.693360802205134,3.3490134408232333,0.6847869800361008,0.040107234460680326,0.8953046740134716,22.0,4.563827178067198,241.6059185848345,w,indole,54,6,3.44,0.89,10.5
55.063997376464606,2.822600427440889,0.7637196359442979,4.385779380773078,3.62205974482878,0.4315718302449158,3.622046973827211e-19,-6.265143729579824,-1.0,-3.1755052443015686,263.50667690095537,w,indole,62,6,3.13,0.92,10.5
55.063997376464606,2.822600427440889,0.7637196359442979,4.385779380773078,3.62205974482878,0.4315718302449158,3.9040126338302e-17,0.36099813917849843,-0.5,0.881760123569439,263.50667690095537,w,indole,62,6,3.13,0.92,10.5
55.063997376464606,2.822600427440889,0.7637196359442979,4.385779380773078,3.62205974482878,0.4315718302449158,4.205927730324389e-15,6.560047532287552,0.0,8.968050993640283,263.50667690095537,w,indole,62,6,3.13,0.92,10.5
55.063997376464606,2.822600427440889,0.7637196359442979,4.385779380773078,3.62205974482878,0.4315718302449158,4.232651869410958e-13,7.779649641053117,0.5,13.556266503111605,263.50667690095537,w,indole,62,6,3.13,0.92,10.5
55.063997376464606,2.822600427440889,0.7637196359442979,4.385779380773078,3.62205974482878,0.4315718302449158,9.328346735800459,11.789289839925491,1.0,12.719881013493117,263.50667690095537,w,indole,62,6,3.13,0.92,10.5
55.063997376464606,2.822600427440889,0.7637196359442979,4.385779380773078,3.62205974482878,0.4315718302449158,33.101012331347825,28.391316249307444,1.5,25.85790444604011,263.50667690095537,w,indole,62,6,3.13,0.92,10.5
55.063997376464606,2.822600427440889,0.7637196359442979,4.385779380773078,3.62205974482878,0.4315718302449158,47.60451951211748,47.41552837339558,2.0,43.299354752610995,263.50667690095537,w,indole,62,6,3.13,0.92,10.5
55.063997376464606,2.822600427440889,0.7637196359442979,4.385779380773078,3.62205974482878,0.4315718302449158,54.07716097900063,62.63336389846123,2.5,57.21735799924203,263.50667690095537,w,indole,62,6,3.13,0.92,10.5
55.063997376464606,2.822600427440889,0.7637196359442979,4.385779380773078,3.62205974482878,0.4315718302449158,54.80989748960527,60.03819137995063,3.0,59.259915214818925,263.50667690095537,w,indole,62,6,3.13,0.92,10.5
55.063997376464606,2.822600427440889,0.7637196359442979,4.385779380773078,3.62205974482878,0.4315718302449158,51.92413963774061,46.91827429433725,3.5,54.79514259392168,263.50667690095537,w,indole,62,6,3.13,0.92,10.5
55.063997376464606,2.822600427440889,0.7637196359442979,4.385779380773078,3.62205974482878,0.4315718302449158,47.03853823619084,50.39541890528472,4.0,49.097034624917455,263.50667690095537,w,indole,62,6,3.13,0.92,10.5
55.063997376464606,2.822600427440889,0.7637196359442979,4.385779380773078,3.62205974482878,0.4315718302449158,41.27802371975154,37.14081212553261,4.5,45.89807479433886,263.50667690095537,w,indole,62,6,3.13,0.92,10.5
55.063997376464606,2.822600427440889,0.7637196359442979,4.385779380773078,3.62205974482878,0.4315718302449158,35.37098687527455,29.75135053584519,5.0,24.711797497482536,263.50667690095537,w,indole,62,6,3.13,0.92,10.5
55.063997376464606,2.822600427440889,0.7637196359442979,4.385779380773078,3.62205974482878,0.4315718302449158,29.75438088561557,28.873701780791528,5.5,27.94633911101131,263.50667690095537,w,indole,62,6,3.13,0.92,10.5
55.063997376464606,2.822600427440889,0.7637196359442979,4.385779380773078,3.62205974482878,0.4315718302449158,24.662891374115176,15.704627982373063,6.0,13.593364721156671,263.50667690095537,w,indole,62,6,3.13,0.92,10.5
55.063997376464606,2.822600427440889,0.7637196359442979,4.385779380773078,3.62205974482878,0.4315718302449158,20.197498195948324,20.056493907845326,6.5,20.075280826810715,263.50667690095537,w,indole,62,6,3.13,0.92,10.5
55.063997376464606,2.822600427440889,0.7637196359442979,4.385779380773078,3.62205974482878,0.4315718302449158,16.37527524763359,13.074867204011396,7.0,21.60929434041706,263.50667690095537,w,indole,62,6,3.13,0.92,10.5
55.063997376464606,2.822600427440889,0.7637196359442979,4.385779380773078,3.62205974482878,0.4315718302449158,13.164087302202937,16.71650152121189,7.5,14.210140338645743,263.50667690095537,w,indole,62,6,3.13,0.92,10.5
55.063997376464606,2.822600427440889,0.7637196359442979,4.385779380773078,3.62205974482878,0.4315718302449158,10.505887940405328,15.02738640256256,8.0,14.116102696069921,263.50667690095537,w,indole,62,6,3.13,0.92,10.5
55.063997376464606,2.822600427440889,0.7637196359442979,4.385779380773078,3.62205974482878,0.4315718302449158,8.33176994823679,9.978330408693479,8.5,7.434321986753582,263.50667690095537,w,indole,62,6,3.13,0.92,10.5
55.063997376464606,2.822600427440889,0.7637196359442979,4.385779380773078,3.62205974482878,0.4315718302449158,6.571241177430466,13.503552156249828,9.0,8.702294559461848,263.50667690095537,w,indole,62,6,3.13,0.92,10.5
55.063997376464606,2.822600427440889,0.7637196359442979,4.385779380773078,3.62205974482878,0.4315718302449158,5.157575355908475,9.640229780274275,9.5,8.266719583230701,263.50667690095537,w,indole,62,6,3.13,0.92,10.5
55.063997376464606,2.822600427440889,0.7637196359442979,4.385779380773078,3.62205974482878,0.4315718302449158,4.0305750221668815,7.727430038878588,10.0,9.385813079456547,263.50667690095537,w,indole,62,6,3.13,0.92,10.5
55.063997376464606,2.822600427440889,0.7637196359442979,4.385779380773078,3.62205974482878,0.4315718302449158,3.137687387462233,8.854398025026418,10.5,6.250788250473887,263.50667690095537,w,indole,62,6,3.13,0.92,10.5
55.063997376464606,2.822600427440889,0.7637196359442979,4.385779380773078,3.62205974482878,0.4315718302449158,2.434118900964047,4.015865566864526,11.0,7.490772553758777,263.50667690095537,w,indole,62,6,3.13,0.92,10.5
55.063997376464606,2.822600427440889,0.7637196359442979,4.385779380773078,3.62205974482878,0.4315718302449158,1.8823808464679166,5.0912758548991315,11.5,6.716401345093699,263.50667690095537,w,indole,62,6,3.13,0.92,10.5
55.063997376464606,2.822600427440889,0.7637196359442979,4.385779380773078,3.62205974482878,0.4315718302449158,1.4515474372195645,4.623306302385827,12.0,3.0276261100129194,263.50667690095537,w,indole,62,6,3.13,0.92,10.5
55.063997376464606,2.822600427440889,0.7637196359442979,4.385779380773078,3.62205974482878,0.4315718302449158,1.1164034838061758,-0.053808338455194615,12.5,0.2012108142531548,263.50667690095537,w,indole,62,6,3.13,0.92,10.5
55.063997376464606,2.822600427440889,0.7637196359442979,4.385779380773078,3.62205974482878,0.4315718302449158,0.8565879838915046,2.001658397243756,13.0,-0.15197235191397396,263.50667690095537,w,indole,62,6,3.13,0.92,10.5
55.063997376464606,2.822600427440889,0.7637196359442979,4.385779380773078,3.62205974482878,0.4315718302449158,0.6557931505013392,0.8409187799841686,13.5,2.4516435182102576,263.50667690095537,w,indole,62,6,3.13,0.92,10.5
55.063997376464606,2.822600427440889,0.7637196359442979,4.385779380773078,3.62205974482878,0.4315718302449158,0.5010482100527186,-1.070639910015415,14.0,-1.6069297282809551,263.50667690095537,w,indole,62,6,3.13,0.92,10.5
55.063997376464606,2.822600427440889,0.7637196359442979,4.385779380773078,3.62205974482878,0.4315718302449158,0.38209850311085924,1.2080103043375257,14.5,2.0457793501431984,263.50667690095537,w,indole,62,6,3.13,0.92,10.5
55.063997376464606,2.822600427440889,0.7637196359442979,4.385779380773078,3.62205974482878,0.4315718302449158,0.29087926289228516,-1.3742272344656001,15.0,-0.054624663014288366,263.50667690095537,w,indole,62,6,3.13,0.92,10.5
55.063997376464606,2.822600427440889,0.7637196359442979,4.385779380773078,3.62205974482878,0.4315718302449158,0.22107730307719511,1.3850814416630501,15.5,0.15518434480342158,263.50667690095537,w,indole,62,6,3.13,0.92,10.5
55.063997376464606,2.822600427440889,0.7637196359442979,4.385779380773078,3.62205974482878,0.4315718302449158,0.16777090700180006,0.8407582078545239,16.0,0.9032541092525539,263.50667690095537,w,indole,62,6,3.13,0.92,10.5
55.063997376464606,2.822600427440889,0.7637196359442979,4.385779380773078,3.62205974482878,0.4315718302449158,0.12713724705838672,0.09963801112326198,16.5,0.1038869734636303,263.50667690095537,w,indole,62,6,3.13,0.92,10.5
55.063997376464606,2.822600427440889,0.7637196359442979,4.385779380773078,3.62205974482878,0.4315718302449158,0.09621685891414554,1.4303372841442727,17.0,2.0733346963497263,263.50667690095537,w,indole,62,6,3.13,0.92,10.5
55.063997376464606,2.822600427440889,0.7637196359442979,4.385779380773078,3.62205974482878,0.4315718302449158,0.07272551771052549,-0.24775316797407987,17.5,-0.28264822912084253,263.50667690095537,w,indole,62,6,3.13,0.92,10.5
55.063997376464606,2.822600427440889,0.7637196359442979,4.385779380773078,3.62205974482878,0.4315718302449158,0.05490497539098252,0.6537462736154298,18.0,-0.2750344750274616,263.50667690095537,w,indole,62,6,3.13,0.92,10.5
55.063997376464606,2.822600427440889,0.7637196359442979,4.385779380773078,3.62205974482878,0.4315718302449158,0.041405213623815766,0.28126465888397245,18.5,1.5670968912261976,263.50667690095537,w,indole,62,6,3.13,0.92,10.5
55.063997376464606,2.822600427440889,0.7637196359442979,4.385779380773078,3.62205974482878,0.4315718302449158,0.03119202608872728,-0.3358146951439336,19.0,-1.2753082531815563,263.50667690095537,w,indole,62,6,3.13,0.92,10.5
55.063997376464606,2.822600427440889,0.7637196359442979,4.385779380773078,3.62205974482878,0.4315718302449158,0.02347480393622475,-1.4220972501190592,19.5,-2.2098644175028563,263.50667690095537,w,indole,62,6,3.13,0.92,10.5
55.063997376464606,2.822600427440889,0.7637196359442979,4.385779380773078,3.62205974482878,0.4315718302449158,0.017650331042216784,0.2863671913543602,20.0,-0.27270247601677644,263.50667690095537,w,indole,62,6,3.13,0.92,10.5
55.063997376464606,2.822600427440889,0.7637196359442979,4.385779380773078,3.62205974482878,0.4315718302449158,0.013259194645907023,1.0725920672521976,20.5,-1.5783102071265862,263.50667690095537,w,indole,62,6,3.13,0.92,10.5
55.063997376464606,2.822600427440889,0.7637196359442979,4.385779380773078,3.62205974482878,0.4315718302449158,0.00995208764925273,0.8006619143201021,21.0,0.4660967218208292,263.50667690095537,w,indole,62,6,3.13,0.92,10.5
55.063997376464606,2.822600427440889,0.7637196359442979,4.385779380773078,3.62205974482878,0.4315718302449158,0.007463833154925927,0.894309561497916,21.5,1.142530172715945,263.50667690095537,w,indole,62,6,3.13,0.92,10.5
55.063997376464606,2.822600427440889,0.7637196359442979,4.385779380773078,3.62205974482878,0.4315718302449158,0.005593414255076321,-0.1732717329905764,22.0,-2.4001217251345186,263.50667690095537,w,indole,62,6,3.13,0.92,10.5
31.7930015401667,2.3130814517370615,1.355089666829923,4.354218314039072,2.9991286472091483,0.6805766282154647,1.9704228248294283e-13,-3.2587914605263446,-1.0,-2.1303344249673177,131.06050343629641,w,indole,67,6,2.97,0.84,10.5
31.7930015401667,2.3130814517370615,1.355089666829923,4.354218314039072,2.9991286472091483,0.6805766282154647,2.2890031821950556e-11,0.19271494158459568,-0.5,2.2760424504942733,131.06050343629641,w,indole,67,6,2.97,0.84,10.5
31.7930015401667,2.3130814517370615,1.355089666829923,4.354218314039072,2.9991286472091483,0.6805766282154647,2.6590885809046147e-09,3.4030171199315937,0.0,4.3869181410991445,131.06050343629641,w,indole,67,6,2.97,0.84,10.5
31.7930015401667,2.3130814517370615,1.355089666829923,4.354218314039072,2.9991286472091483,0.6805766282154647,3.088420093649763e-07,4.023082548770907,0.5,7.196735988810018,131.06050343629641,w,indole,67,6,2.97,0.84,10.5
31.7930015401667,2.3130814517370615,1.355089666829923,4.354218314039072,2.9991286472091483,0.6805766282154647,3.488341854925523e-05,6.084689996372007,1.0,7.815298189405239,131.06050343629641,w,indole,67,6,2.97,0.84,10.5
31.7930015401667,2.3130814517370615,1.355089666829923,4.354218314039072,2.9991286472091483,0.6805766282154647,15.80366904164794,14.733661858817658,1.5,17.56191726027501,131.06050343629641,w,indole,67,6,2.97,0.84,10.5
31.7930015401667,2.3130814517370615,1.355089666829923,4.354218314039072,2.9991286472091483,0.6805766282154647,30.73246185836321,24.61252747697401,2.0,27.090481343384337,131.06050343629641,w,indole,67,6,2.97,0.84,10.5
31.7930015401667,2.3130814517370615,1.355089666829923,4.354218314039072,2.9991286472091483,0.6805766282154647,31.541890314840128,32.527907866540005,2.5,39.74125192520837,131.06050343629641,w,indole,67,6,2.97,0.84,10.5
31.7930015401667,2.3130814517370615,1.355089666829923,4.354218314039072,2.9991286472091483,0.6805766282154647,29.266286597125003,31.175430646818384,3.0,31.961570175317455,131.06050343629641,w,indole,67,6,2.97,0.84,10.5
31.7930015401667,2.3130814517370615,1.355089666829923,4.354218314039072,2.9991286472091483,0.6805766282154647,25.946683028718862,24.337247572748424,3.5,16.192225506175483,131.06050343629641,w,indole,67,6,2.97,0.84,10.5
31.7930015401667,2.3130814517370615,1.355089666829923,4.354218314039072,2.9991286472091483,0.6805766282154647,22.408222268436734,26.147663132620426,4.0,25.765325353000385,131.06050343629641,w,indole,67,6,2.97,0.84,10.5
31.7930015401667,2.3130814517370615,1.355089666829923,4.354218314039072,2.9991286472091483,0.6805766282154647,19.024587194215783,19.231053473980026,4.5,14.18314114599763,131.06050343629641,w,indole,67,6,2.97,0.84,10.5
31.7930015401667,2.3130814517370615,1.355089666829923,4.354218314039072,2.9991286472091483,0.6805766282154647,15.958960110841364,15.372053365364675,5.0,16.415449531420798,131.06050343629641,w,indole,67,6,2.97,0.84,10.5
31.7930015401667,2.3130814517370615,1.355089666829923,4.354218314039072,2.9991286472091483,0.6805766282154647,13.268496875387637,14.914535105052455,5.5,12.681392129061095,131.06050343629641,w,indole,67,6,2.97,0.84,10.5
31.7930015401667,2.3130814517370615,1.355089666829923,4.354218314039072,2.9991286472091483,0.6805766282154647,10.955973819817308,8.044036623767095,6.0,10.228208578235316,131.06050343629641,w,indole,67,6,2.97,0.84,10.5
31.7930015401667,2.3130814517370615,1.355089666829923,4.354218314039072,2.9991286472091483,0.6805766282154647,8.99714182282461,10.300147221917879,6.5,-1.5149619483236427,131.06050343629641,w,indole,67,6,2.97,0.84,10.5
31.7930015401667,2.3130814517370615,1.355089666829923,4.354218314039072,2.9991286472091483,0.6805766282154647,7.355697754771853,6.670060417564213,7.0,-0.18180887347630348,131.06050343629641,w,indole,67,6,2.97,0.84,10.5
31.7930015401667,2.3130814517370615,1.355089666829923,4.354218314039072,2.9991286472091483,0.6805766282154647,5.991529329499095,8.57201633521109,7.5,8.924215782322484,131.06050343629641,w,indole,67,6,2.97,0.84,10.5
31.7930015401667,2.3130814517370615,1.355089666829923,4.354218314039072,2.9991286472091483,0.6805766282154647,4.865164006409232,7.684862590962234,8.0,8.278638274410952,131.06050343629641,w,indole,67,6,2.97,0.84,10.5
31.7930015401667,2.3130814517370615,1.355089666829923,4.354218314039072,2.9991286472091483,0.6805766282154647,3.9400335644254167,5.05831124886055,8.5,6.6679247640721435,131.06050343629641,w,indole,67,6,2.97,0.84,10.5
31.7930015401667,2.3130814517370615,1.355089666829923,4.354218314039072,2.9991286472091483,0.6805766282154647,3.183476873094646,6.884232201154747,9.0,5.225347553027598,131.06050343629641,w,indole,67,6,2.97,0.84,10.5
31.7930015401667,2.3130814517370615,1.355089666829923,4.354218314039072,2.9991286472091483,0.6805766282154647,2.5670226561960052,4.875246733255611,9.5,4.156945606373386,131.06050343629641,w,indole,67,6,2.97,0.84,10.5
31.7930015401667,2.3130814517370615,1.355089666829923,4.354218314039072,2.9991286472091483,0.6805766282154647,2.0662749538439,3.874196169167795,10.0,2.185846298125824,131.06050343629641,w,indole,67,6,2.97,0.84,10.5
31.7930015401667,2.3130814517370615,1.355089666829923,4.354218314039072,2.9991286472091483,0.6805766282154647,1.66059421903343,4.455847723874972,10.5,4.312800951603813,131.06050343629641,w,indole,67,6,2.97,0.84,10.5
31.7930015401667,2.3130814517370615,1.355089666829923,4.354218314039072,2.9991286472091483,0.6805766282154647,1.332688609482466,1.9322611281997157,11.0,0.5119981674820788,131.06050343629641,w,indole,67,6,2.97,0.84,10.5
31.7930015401667,2.3130814517370615,1.355089666829923,4.354218314039072,2.9991286472091483,0.6805766282154647,1.068182154317338,2.4756853922427484,11.5,1.351254025067559,131.06050343629641,w,indole,67,6,2.97,0.84,10.5
31.7930015401667,2.3130814517370615,1.355089666829923,4.354218314039072,2.9991286472091483,0.6805766282154647,0.8551971010065355,2.2535137587245546,12.0,3.3891502738025325,131.06050343629641,w,indole,67,6,2.97,0.84,10.5
31.7930015401667,2.3130814517370615,1.355089666829923,4.354218314039072,2.9991286472091483,0.6805766282154647,0.6839697865404007,-0.18205082509947035,12.5,-1.2490206685013479,131.06050343629641,w,indole,67,6,2.97,0.84,10.5
31.7930015401667,2.3130814517370615,1.355089666829923,4.354218314039072,2.9991286472091483,0.6805766282154647,0.5465085245212205,0.8864153074655068,13.0,2.9953285368627514,131.06050343629641,w,indole,67,6,2.97,0.84,10.5
31.7930015401667,2.3130814517370615,1.355089666829923,4.354218314039072,2.9991286472091483,0.6805766282154647,0.4362955963235153,0.2818913787843462,13.5,1.9662961286982878,131.06050343629641,w,indole,67,6,2.97,0.84,10.5
31.7930015401667,2.3130814517370615,1.355089666829923,4.354218314039072,2.9991286472091483,0.6805766282154647,0.3480318126702934,-0.7092033068964094,14.0,-1.3457753068328433,131.06050343629641,w,indole,67,6,2.97,0.84,10.5
31.7930015401667,2.3130814517370615,1.355089666829923,4.354218314039072,2.9991286472091483,0.6805766282154647,0.27742021738713674,0.46719507289951023,14.5,1.0260772543529835,131.06050343629641,w,indole,67,6,2.97,0.84,10.5
31.7930015401667,2.3130814517370615,1.355089666829923,4.354218314039072,2.9991286472091483,0.6805766282154647,0.2209846674454577,-0.863836306075263,15.0,-0.10794558530795029,131.06050343629641,w,indole,67,6,2.97,0.84,10.5
31.7930015401667,2.3130814517370615,1.355089666829923,4.354218314039072,2.9991286472091483,0.6805766282154647,0.17591881624433525,0.5587436419800272,15.5,0.05216673111763803,131.06050343629641,w,indole,67,6,2.97,0.84,10.5
31.7930015401667,2.3130814517370615,1.355089666829923,4.354218314039072,2.9991286472091483,0.6805766282154647,0.13996118009980443,0.27598052747500035,16.0,0.3600268515717788,131.06050343629641,w,indole,67,6,2.97,0.84,10.5
31.7930015401667,2.3130814517370615,1.355089666829923,4.354218314039072,2.9991286472091483,0.6805766282154647,0.11129231131132661,-0.09909445797271776,16.5,0.5777607294031193,131.06050343629641,w,indole,67,6,2.97,0.84,10.5
31.7930015401667,2.3130814517370615,1.355089666829923,4.354218314039072,2.9991286472091483,0.6805766282154647,0.08845052998493072,0.5835160621453835,17.0,2.0086752827059398,131.06050343629641,w,indole,67,6,2.97,0.84,10.5
31.7930015401667,2.3130814517370615,1.355089666829923,4.354218314039072,2.9991286472091483,0.6805766282154647,0.07026311779161652,-0.28389466590319556,17.5,-0.1340636179822915,131.06050343629641,w,indole,67,6,2.97,0.84,10.5
31.7930015401667,2.3130814517370615,1.355089666829923,4.354218314039072,2.9991286472091483,0.6805766282154647,0.055790313555863995,0.1842576824689779,18.0,1.7297741185629132,131.06050343629641,w,indole,67,6,2.97,0.84,10.5
31.7930015401667,2.3130814517370615,1.355089666829923,4.354218314039072,2.9991286472091483,0.6805766282154647,0.04427985349148348,-0.011092358694128057,18.5,-0.39468971112296203,131.06050343629641,w,indole,67,6,2.97,0.84,10.5
31.7930015401667,2.3130814517370615,1.355089666829923,4.354218314039072,2.9991286472091483,0.6805766282154647,0.0351301590979464,-0.3313174165544306,19.0,-0.43310058775551696,131.06050343629641,w,indole,67,6,2.97,0.84,10.5
31.7930015401667,2.3130814517370615,1.355089666829923,4.354218314039072,2.9991286472091483,0.6805766282154647,0.02786059069442145,-0.8958802183862298,19.5,1.01511979325634,131.06050343629641,w,indole,67,6,2.97,0.84,10.5
31.7930015401667,2.3130814517370615,1.355089666829923,4.354218314039072,2.9991286472091483,0.6805766282154647,0.022087455540577818,-0.0010426637194109745,20.0,0.47103600004552826,131.06050343629641,w,indole,67,6,2.97,0.84,10.5
31.7930015401667,2.3130814517370615,1.355089666829923,4.354218314039072,2.9991286472091483,0.6805766282154647,0.01750468974250683,0.3981652009382429,20.5,2.2184755881358944,131.06050343629641,w,indole,67,6,2.97,0.84,10.5
31.7930015401667,2.3130814517370615,1.355089666829923,4.354218314039072,2.9991286472091483,0.6805766282154647,0.013868326890705295,0.2686394168954265,21.0,1.5298808901685141,131.06050343629641,w,indole,67,6,2.97,0.84,10.5
31.7930015401667,2.3130814517370615,1.355089666829923,4.354218314039072,2.9991286472091483,0.6805766282154647,0.010984028138466554,0.31156390795964684,21.5,-0.4590368897155722,131.06050343629641,w,indole,67,6,2.97,0.84,10.5
31.7930015401667,2.3130814517370615,1.355089666829923,4.354218314039072,2.9991286472091483,0.6805766282154647,0.008697082619694383,-0.2368139985992186,22.0,0.6793934659946832,131.06050343629641,w,indole,67,6,2.97,0.84,10.5
42.762139604742316,2.502282396759818,1.3744003574262034,5.457085424500928,4.082685067074724,0.7237401316036971,9.928153054872055e-13,-4.80314476669732,-1.0,-2.22562496218149,237.48426006188362,w,indole,86,6,3.44,0.99,10.5
42.762139604742316,2.502282396759818,1.3744003574262034,5.457085424500928,4.082685067074724,0.7237401316036971,1.2440885343630385e-10,0.18267546366653065,-0.5,0.627385327922795,237.48426006188362,w,indole,86,6,3.44,0.99,10.5
42.762139604742316,2.502282396759818,1.3744003574262034,5.457085424500928,4.082685067074724,0.7237401316036971,1.558955258469819e-08,5.12897256549398,0.0,3.8912274351846463,237.48426006188362,w,indole,86,6,3.44,0.99,10.5
42.762139604742316,2.502282396759818,1.3744003574262034,5.457085424500928,4.082685067074724,0.7237401316036971,1.953204505730154e-06,6.275560132906518,0.5,3.3243063866220375,237.48426006188362,w,indole,86,6,3.44,0.99,10.5
42.762139604742316,2.502282396759818,1.3744003574262034,5.457085424500928,4.082685067074724,0.7237401316036971,0.00023913568097385293,9.698526613725123,1.0,8.78883354775631,237.48426006188362,w,indole,86,6,3.44,0.99,10.5
42.762139604742316,2.502282396759818,1.3744003574262034,5.457085424500928,4.082685067074724,0.7237401316036971,20.21460234996794,22.174065199667368,1.5,19.16977424945754,237.48426006188362,w,indole,86,6,3.44,0.99,10.5
42.762139604742316,2.502282396759818,1.3744003574262034,5.457085424500928,4.082685067074724,0.7237401316036971,40.39673841876007,36.95061757336844,2.0,33.225451585019805,237.48426006188362,w,indole,86,6,3.44,0.99,10.5
42.762139604742316,2.502282396759818,1.3744003574262034,5.457085424500928,4.082685067074724,0.7237401316036971,42.76155325164911,48.57382970963549,2.5,44.76660372847689,237.48426006188362,w,indole,86,6,3.44,0.99,10.5
42.762139604742316,2.502282396759818,1.3744003574262034,5.457085424500928,4.082685067074724,0.7237401316036971,41.54338931355304,46.631206155721614,3.0,42.73736146079584,237.48426006188362,w,indole,86,6,3.44,0.99,10.5
42.762139604742316,2.502282396759818,1.3744003574262034,5.457085424500928,4.082685067074724,0.7237401316036971,38.85702055330236,36.82112956816023,3.5,43.78225759991701,237.48426006188362,w,indole,86,6,3.44,0.99,10.5
42.762139604742316,2.502282396759818,1.3744003574262034,5.457085424500928,4.082685067074724,0.7237401316036971,35.563197828504336,39.44956674352707,4.0,37.68430722227234,237.48426006188362,w,indole,86,6,3.44,0.99,10.5
42.762139604742316,2.502282396759818,1.3744003574262034,5.457085424500928,4.082685067074724,0.7237401316036971,32.09287511266747,29.66251967830359,4.5,33.87595560273682,237.48426006188362,w,indole,86,6,3.44,0.99,10.5
42.762139604742316,2.502282396759818,1.3744003574262034,5.457085424500928,4.082685067074724,0.7237401316036971,28.676028737391896,24.251067248483544,5.0,29.31745975736399,237.48426006188362,w,indole,86,6,3.44,0.99,10.5
42.762139604742316,2.502282396759818,1.3744003574262034,5.457085424500928,4.082685067074724,0.7237401316036971,25.435846563526553,23.596065178431168,5.5,19.45904146920357,237.48426006188362,w,indole,86,6,3.44,0.99,10.5
42.762139604742316,2.502282396759818,1.3744003574262034,5.457085424500928,4.082685067074724,0.7237401316036971,22.434707076596112,13.849943749946389,6.0,18.205771695146822,237.48426006188362,w,indole,86,6,3.44,0.99,10.5
42.762139604742316,2.502282396759818,1.3744003574262034,5.457085424500928,4.082685067074724,0.7237401316036971,19.69909311923085,17.286103791616824,6.5,22.383573285092666,237.48426006188362,w,indole,86,6,3.44,0.99,10.5
42.762139604742316,2.502282396759818,1.3744003574262034,5.457085424500928,4.082685067074724,0.7237401316036971,17.234036425254697,11.9336794089233,7.0,19.511826600498395,237.48426006188362,w,indole,86,6,3.44,0.99,10.5
42.762139604742316,2.502282396759818,1.3744003574262034,5.457085424500928,4.082685067074724,0.7237401316036971,15.031870680244788,14.597747242506065,7.5,15.110549595345587,237.48426006188362,w,indole,86,6,3.44,0.99,10.5
42.762139604742316,2.502282396759818,1.3744003574262034,5.457085424500928,4.082685067074724,0.7237401316036971,13.077684874752686,13.436695687867113,8.0,13.019695167348765,237.48426006188362,w,indole,86,6,3.44,0.99,10.5
42.762139604742316,2.502282396759818,1.3744003574262034,5.457085424500928,4.082685067074724,0.7237401316036971,11.352772275356013,9.585450985970473,8.5,10.09261214893011,237.48426006188362,w,indole,86,6,3.44,0.99,10.5
42.762139604742316,2.502282396759818,1.3744003574262034,5.457085424500928,4.082685067074724,0.7237401316036971,9.836820145910618,12.393543241224279,9.0,14.401628512617423,237.48426006188362,w,indole,86,6,3.44,0.99,10.5
42.762139604742316,2.502282396759818,1.3744003574262034,5.457085424500928,4.082685067074724,0.7237401316036971,8.509289341228634,9.435608280307811,9.5,11.339979020427712,237.48426006188362,w,indole,86,6,3.44,0.99,10.5
42.762139604742316,2.502282396759818,1.3744003574262034,5.457085424500928,4.082685067074724,0.7237401316036971,7.35026446122592,8.066850152709467,10.0,4.190537501175948,237.48426006188362,w,indole,86,6,3.44,0.99,10.5
42.762139604742316,2.502282396759818,1.3744003574262034,5.457085424500928,4.082685067074724,0.7237401316036971,6.340954958603016,8.99572911860726,10.5,10.245164156519996,237.48426006188362,w,indole,86,6,3.44,0.99,10.5
42.762139604742316,2.502282396759818,1.3744003574262034,5.457085424500928,4.082685067074724,0.7237401316036971,5.463965624540728,5.403613942937147,11.0,8.141620941304222,237.48426006188362,w,indole,86,6,3.44,0.99,10.5
42.762139604742316,2.502282396759818,1.3744003574262034,5.457085424500928,4.082685067074724,0.7237401316036971,4.703415421840442,6.464762851038508,11.5,5.343346244946998,237.48426006188362,w,indole,86,6,3.44,0.99,10.5
42.762139604742316,2.502282396759818,1.3744003574262034,5.457085424500928,4.082685067074724,0.7237401316036971,4.044957896679389,5.78784879741518,12.0,6.611997762665331,237.48426006188362,w,indole,86,6,3.44,0.99,10.5
42.762139604742316,2.502282396759818,1.3744003574262034,5.457085424500928,4.082685067074724,0.7237401316036971,3.475739280283347,2.2579097117997584,12.5,2.4551424727205826,237.48426006188362,w,indole,86,6,3.44,0.99,10.5
42.762139604742316,2.502282396759818,1.3744003574262034,5.457085424500928,4.082685067074724,0.7237401316036971,2.984318828958087,3.837796168729519,13.0,3.910101889368362,237.48426006188362,w,indole,86,6,3.44,0.99,10.5
42.762139604742316,2.502282396759818,1.3744003574262034,5.457085424500928,4.082685067074724,0.7237401316036971,2.5605680496570704,2.962950657431307,13.5,0.6849008604935773,237.48426006188362,w,indole,86,6,3.44,0.99,10.5
42.762139604742316,2.502282396759818,1.3744003574262034,5.457085424500928,4.082685067074724,0.7237401316036971,2.195560013575728,1.4550796236009993,14.0,2.092979028703038,237.48426006188362,w,indole,86,6,3.44,0.99,10.5
42.762139604742316,2.502282396759818,1.3744003574262034,5.457085424500928,4.082685067074724,0.7237401316036971,1.8814561883208885,3.328096879938875,14.5,1.7269150016283132,237.48426006188362,w,indole,86,6,3.44,0.99,10.5
42.762139604742316,2.502282396759818,1.3744003574262034,5.457085424500928,4.082685067074724,0.7237401316036971,1.6113956000119294,1.173944127700283,15.0,1.1088746187443137,237.48426006188362,w,indole,86,6,3.44,0.99,10.5
42.762139604742316,2.502282396759818,1.3744003574262034,5.457085424500928,4.082685067074724,0.7237401316036971,1.3793893194001496,3.471659799765752,15.5,3.7985992152444297,237.48426006188362,w,indole,86,6,3.44,0.99,10.5
42.762139604742316,2.502282396759818,1.3744003574262034,5.457085424500928,4.082685067074724,0.7237401316036971,1.1802220106386088,3.0504917320203626,16.0,1.3480862082843053,237.48426006188362,w,indole,86,6,3.44,0.99,10.5
42.762139604742316,2.502282396759818,1.3744003574262034,5.457085424500928,4.082685067074724,0.7237401316036971,1.0093614213806485,2.3278279929208447,16.5,2.3614421500796006,237.48426006188362,w,indole,86,6,3.44,0.99,10.5
42.762139604742316,2.502282396759818,1.3744003574262034,5.457085424500928,4.082685067074724,0.7237401316036971,0.8628761120776329,3.487675219774009,17.0,1.5865960300045845,237.48426006188362,w,indole,86,6,3.44,0.99,10.5
42.762139604742316,2.502282396759818,1.3744003574262034,5.457085424500928,4.082685067074724,0.7237401316036971,0.7373613386277792,2.1243042322098464,17.5,0.9709067519656638,237.48426006188362,w,indole,86,6,3.44,0.99,10.5
42.762139604742316,2.502282396759818,1.3744003574262034,5.457085424500928,4.082685067074724,0.7237401316036971,0.629872757666586,2.8241738726926107,18.0,2.0490037020394727,237.48426006188362,w,indole,86,6,3.44,0.99,10.5
42.762139604742316,2.502282396759818,1.3744003574262034,5.457085424500928,4.082685067074724,0.7237401316036971,0.5378674762734257,2.563867448684369,18.5,1.627628650778409,237.48426006188362,w,indole,86,6,3.44,0.99,10.5
42.762139604742316,2.502282396759818,1.3744003574262034,5.457085424500928,4.082685067074724,0.7237401316036971,0.45915188802180884,2.0813928561030792,19.0,2.234814532070491,237.48426006188362,w,indole,86,6,3.44,0.99,10.5
42.762139604742316,2.502282396759818,1.3744003574262034,5.457085424500928,4.082685067074724,0.7237401316036971,0.3918357038827349,1.2448658569612006,19.5,-0.7919593267038159,237.48426006188362,w,indole,86,6,3.44,0.99,10.5
42.762139604742316,2.502282396759818,1.3744003574262034,5.457085424500928,4.082685067074724,0.7237401316036971,0.33429158431048556,2.4565075905722726,20.0,1.227319427533537,237.48426006188362,w,indole,86,6,3.44,0.99,10.5
42.762139604742316,2.502282396759818,1.3744003574262034,5.457085424500928,4.082685067074724,0.7237401316036971,0.2851197970626373,3.2035094438979934,20.5,2.23078902825666,237.48426006188362,w,indole,86,6,3.44,0.99,10.5
42.762139604742316,2.502282396759818,1.3744003574262034,5.457085424500928,4.082685067074724,0.7237401316036971,0.24311735624120182,2.816560498076361,21.0,1.6678837495500862,237.48426006188362,w,indole,86,6,3.44,0.99,10.5
42.762139604742316,2.502282396759818,1.3744003574262034,5.457085424500928,4.082685067074724,0.7237401316036971,0.20725113627565056,2.9751181055001528,21.5,3.0578304748932488,237.48426006188362,w,indole,86,6,3.44,0.99,10.5
42.762139604742316,2.502282396759818,1.3744003574262034,5.457085424500928,4.082685067074724,0.7237401316036971,0.17663449633413617,2.0557289510717265,22.0,1.1591975766915796,237.48426006188362,w,indole,86,6,3.44,0.99,10.5
45.888872975606226,2.823830771352498,0.8185685762870982,4.799229622820026,3.980661046532928,0.4962489466889071,1.401276851389584e-16,-5.393297654014063,-1.0,-6.516413947253415,247.97904805786615,w,indole,95,6,3.32,1.01,10.5
45.888872975606226,2.823830771352498,0.8185685762870982,4.799229622820026,3.980661046532928,0.4962489466889071,1.6146179518728968e-14,0.2754029545225123,-0.5,0.2871130541921332,247.97904805786615,w,indole,95,6,3.32,1.01,10.5
45.888872975606226,2.823830771352498,0.8185685762870982,4.799229622820026,3.980661046532928,0.4962489466889071,1.859928493265267e-12,5.679920797053855,0.0,0.9030327773667537,247.97904805786615,w,indole,95,6,3.32,1.01,10.5
45.888872975606226,2.823830771352498,0.8185685762870982,4.799229622820026,3.980661046532928,0.4962489466889071,2.0585773911141424e-10,6.805485896203663,0.5,5.726244034675386,247.97904805786615,w,indole,95,6,3.32,1.01,10.5
45.888872975606226,2.823830771352498,0.8185685762870982,4.799229622820026,3.980661046532928,0.4962489466889071,8.667327791858227,10.38150534044468,1.0,10.746838258500919,247.97904805786615,w,indole,95,6,3.32,1.01,10.5
45.888872975606226,2.823830771352498,0.8185685762870982,4.799229622820026,3.980661046532928,0.4962489466889071,29.953092972874924,24.57866739774893,1.5,22.90233938310174,247.97904805786615,w,indole,95,6,3.32,1.01,10.5
45.888872975606226,2.823830771352498,0.8185685762870982,4.799229622820026,3.980661046532928,0.4962489466889071,40.69944896134811,41.019812672729856,2.0,39.41407052192531,247.97904805786615,w,indole,95,6,3.32,1.01,10.5
45.888872975606226,2.823830771352498,0.8185685762870982,4.799229622820026,3.980661046532928,0.4962489466889071,45.21199592868651,54.10072685243324,2.5,52.796591045260136,247.97904805786615,w,indole,95,6,3.32,1.01,10.5
45.888872975606226,2.823830771352498,0.8185685762870982,4.799229622820026,3.980661046532928,0.4962489466889071,45.719299898043054,51.884171234463665,3.0,44.81561519935396,247.97904805786615,w,indole,95,6,3.32,1.01,10.5
45.888872975606226,2.823830771352498,0.8185685762870982,4.799229622820026,3.980661046532928,0.4962489466889071,43.767712595942236,40.68225939530421,3.5,37.11069519460677,247.97904805786615,w,indole,95,6,3.32,1.01,10.5
45.888872975606226,2.823830771352498,0.8185685762870982,4.799229622820026,3.980661046532928,0.4962489466889071,40.420950688564545,43.6613095650394,4.0,43.87611423219466,247.97904805786615,w,indole,95,6,3.32,1.01,10.5
45.888872975606226,2.823830771352498,0.8185685762870982,4.799229622820026,3.980661046532928,0.4962489466889071,36.394291642470506,32.388828202758,4.5,37.8641419229459,247.97904805786615,w,indole,95,6,3.32,1.01,10.5
45.888872975606226,2.823830771352498,0.8185685762870982,4.799229622820026,3.980661046532928,0.4962489466889071,32.155250240477514,26.120504340286672,5.0,30.66353269992499,247.97904805786615,w,indole,95,6,3.32,1.01,10.5
45.888872975606226,2.823830771352498,0.8185685762870982,4.799229622820026,3.980661046532928,0.4962489466889071,27.997637475136234,25.371603497492696,5.5,28.13342387940882,247.97904805786615,w,indole,95,6,3.32,1.01,10.5
45.888872975606226,2.823830771352498,0.8185685762870982,4.799229622820026,3.980661046532928,0.4962489466889071,24.09533419377301,14.163882136835106,6.0,22.69464845128128,247.97904805786615,w,indole,95,6,3.32,1.01,10.5
45.888872975606226,2.823830771352498,0.8185685762870982,4.799229622820026,3.980661046532928,0.4962489466889071,20.540926293675934,17.944955139244243,6.5,25.087490457257495,247.97904805786615,w,indole,95,6,3.32,1.01,10.5
45.888872975606226,2.823830771352498,0.8185685762870982,4.799229622820026,3.980661046532928,0.4962489466889071,17.373179961826224,11.936545306779783,7.0,20.621469650726397,247.97904805786615,w,indole,95,6,3.32,1.01,10.5
45.888872975606226,2.823830771352498,0.8185685762870982,4.799229622820026,3.980661046532928,0.4962489466889071,14.596364092463203,15.024670323751456,7.5,17.758915843525212,247.97904805786615,w,indole,95,6,3.32,1.01,10.5
45.888872975606226,2.823830771352498,0.8185685762870982,4.799229622820026,3.980661046532928,0.4962489466889071,12.19366414421377,13.619089950710626,8.0,13.89140538390837,247.97904805786615,w,indole,95,6,3.32,1.01,10.5
45.888872975606226,2.823830771352498,0.8185685762870982,4.799229622820026,3.980661046532928,0.4962489466889071,10.136347801925474,9.280888791873839,8.5,6.159436768530515,247.97904805786615,w,indole,95,6,3.32,1.01,10.5
45.888872975606226,2.823830771352498,0.8185685762870982,4.799229622820026,3.980661046532928,0.4962489466889071,8.389902203452179,12.352586610430345,9.0,12.991173039312017,247.97904805786615,w,indole,95,6,3.32,1.01,10.5
45.888872975606226,2.823830771352498,0.8185685762870982,4.799229622820026,3.980661046532928,0.4962489466889071,6.918033065524162,9.029184917545576,9.5,8.323659163726958,247.97904805786615,w,indole,95,6,3.32,1.01,10.5
45.888872975606226,2.823830771352498,0.8185685762870982,4.799229622820026,3.980661046532928,0.4962489466889071,5.685171432488856,7.418095789906724,10.0,9.176681630818974,247.97904805786615,w,indole,95,6,3.32,1.01,10.5
45.888872975606226,2.823830771352498,0.8185685762870982,4.799229622820026,3.980661046532928,0.4962489466889071,4.657953190126988,8.41126913103928,10.5,7.952492287932054,247.97904805786615,w,indole,95,6,3.32,1.01,10.5
45.888872975606226,2.823830771352498,0.8185685762870982,4.799229622820026,3.980661046532928,0.4962489466889071,3.806003887263883,4.289336884469037,11.0,6.155417321849271,247.97904805786615,w,indole,95,6,3.32,1.01,10.5
45.888872975606226,2.823830771352498,0.8185685762870982,4.799229622820026,3.980661046532928,0.4962489466889071,3.1022645590986975,5.299824249085777,11.5,2.7750506871453267,247.97904805786615,w,indole,95,6,3.32,1.01,10.5
45.888872975606226,2.823830771352498,0.8185685762870982,4.799229622820026,3.980661046532928,0.4962489466889071,2.5230239031498463,4.7828548667367095,12.0,4.203112295765807,247.97904805786615,w,indole,95,6,3.32,1.01,10.5
45.888872975606226,2.823830771352498,0.8185685762870982,4.799229622820026,3.980661046532928,0.4962489466889071,2.047771377047096,0.777730718374471,12.5,2.16817987803242,247.97904805786615,w,indole,95,6,3.32,1.01,10.5
45.888872975606226,2.823830771352498,0.8185685762870982,4.799229622820026,3.980661046532928,0.4962489466889071,1.6589493766575925,2.5481348442081284,13.0,-0.7225124798678448,247.97904805786615,w,indole,95,6,3.32,1.01,10.5
45.888872975606226,2.823830771352498,0.8185685762870982,4.799229622820026,3.980661046532928,0.4962489466889071,1.3416567505341952,1.5545949305588627,13.5,1.292597431193883,247.97904805786615,w,indole,95,6,3.32,1.01,10.5
45.888872975606226,2.823830771352498,0.8185685762870982,4.799229622820026,3.980661046532928,0.4962489466889071,1.0833376493976734,-0.10571727512072338,14.0,-0.15982484452153667,247.97904805786615,w,indole,95,6,3.32,1.01,10.5
45.888872975606226,2.823830771352498,0.8185685762870982,4.799229622820026,3.980661046532928,0.4962489466889071,0.8734769835928337,1.900574462618488,14.5,2.3768764363482093,247.97904805786615,w,indole,95,6,3.32,1.01,10.5
45.888872975606226,2.823830771352498,0.8185685762870982,4.799229622820026,3.980661046532928,0.4962489466889071,0.7033150129569218,-0.3843609807805173,15.0,-0.9786567703455715,247.97904805786615,w,indole,95,6,3.32,1.01,10.5
45.888872975606226,2.823830771352498,0.8185685762870982,4.799229622820026,3.980661046532928,0.4962489466889071,0.5655876843178337,2.055767516502354,15.5,1.9108981008074915,247.97904805786615,w,indole,95,6,3.32,1.01,10.5
45.888872975606226,2.823830771352498,0.8185685762870982,4.799229622820026,3.980661046532928,0.4962489466889071,0.4542954325153055,1.5859332059988425,16.0,0.9840482794299605,247.97904805786615,w,indole,95,6,3.32,1.01,10.5
45.888872975606226,2.823830771352498,0.8185685762870982,4.799229622820026,3.980661046532928,0.4962489466889071,0.3645006700199733,0.8926527367979298,16.5,1.1005913175243074,247.97904805786615,w,indole,95,6,3.32,1.01,10.5
45.888872975606226,2.823830771352498,0.8185685762870982,4.799229622820026,3.980661046532928,0.4962489466889071,0.2921526743443885,2.088007748336516,17.0,1.267128868393387,247.97904805786615,w,indole,95,6,3.32,1.01,10.5
45.888872975606226,2.823830771352498,0.8185685762870982,4.799229622820026,3.980661046532928,0.4962489466889071,0.23393773097599918,0.61623621253056,17.5,0.35588985728222644,247.97904805786615,w,indole,95,6,3.32,1.01,10.5
45.888872975606226,2.823830771352498,0.8185685762870982,4.799229622820026,3.980661046532928,0.4962489466889071,0.18715198182830878,1.3952076999495655,18.0,-0.8674964468790443,247.97904805786615,w,indole,95,6,3.32,1.01,10.5
45.888872975606226,2.823830771352498,0.8185685762870982,4.799229622820026,3.980661046532928,0.4962489466889071,0.14959430979269342,1.083716662574869,18.5,1.1766556040014577,247.97904805786615,w,indole,95,6,3.32,1.01,10.5
45.888872975606226,2.823830771352498,0.8185685762870982,4.799229622820026,3.980661046532928,0.4962489466889071,0.11947665064881532,0.5492831730947239,19.0,0.7713792399908184,247.97904805786615,w,indole,95,6,3.32,1.01,10.5
45.888872975606226,2.823830771352498,0.8185685762870982,4.799229622820026,3.980661046532928,0.4962489466889071,0.0953492900173759,-0.3869159568089131,19.5,-1.0790380295654352,247.97904805786615,w,indole,95,6,3.32,1.01,10.5
45.888872975606226,2.823830771352498,0.8185685762870982,4.799229622820026,3.980661046532928,0.4962489466889071,0.07603892505115768,1.0481550046489634,20.0,0.08495557006604892,247.97904805786615,w,indole,95,6,3.32,1.01,10.5
45.888872975606226,2.823830771352498,0.8185685762870982,4.799229622820026,3.980661046532928,0.4962489466889071,0.06059751509513553,1.7765755489661823,20.5,-0.3224415968624603,247.97904805786615,w,indole,95,6,3.32,1.01,10.5
45.888872975606226,2.823830771352498,0.8185685762870982,4.799229622820026,3.980661046532928,0.4962489466889071,0.04826019151447474,1.4784687645593464,21.0,-0.9560502310149364,247.97904805786615,w,indole,95,6,3.32,1.01,10.5
45.888872975606226,2.823830771352498,0.8185685762870982,4.799229622820026,3.980661046532928,0.4962489466889071,0.038410731483131906,1.5902151753510378,21.5,0.29732310596245926,247.97904805786615,w,indole,95,6,3.32,1.01,10.5
45.888872975606226,2.823830771352498,0.8185685762870982,4.799229622820026,3.980661046532928,0.4962489466889071,0.030553316577429504,0.6352102633557859,22.0,-1.405239481367306,247.97904805786615,w,indole,95,6,3.32,1.01,10.5
52.52727964253819,2.400000001963481,1.3443473613819001,4.693360802205134,3.3490134408232333,0.6847869800361008,3.7065040696518026e-13,-5.618746224947611,-1.0,-9.564263698311574,241.6059185848345,w10,indole,102,16,3.44,0.89,10.5
52.52727964253819,2.400000001963481,1.3443473613819001,4.693360802205134,3.3490134408232333,0.6847869800361008,4.4233542694825363e-11,0.2777423653805542,-0.5,-2.5289824406214354,241.6059185848345,w10,indole,102,16,3.44,0.89,10.5
52.52727964253819,2.400000001963481,1.3443473613819001,4.693360802205134,3.3490134408232333,0.6847869800361008,5.278838124199709e-09,5.929572700017825,0.0,7.940124235932224,241.6059185848345,w10,indole,102,16,3.44,0.89,10.5
52.52727964253819,2.400000001963481,1.3443473613819001,4.693360802205134,3.3490134408232333,0.6847869800361008,6.298436094095848e-07,7.124845785394987,0.5,0.3254765589130031,241.6059185848345,w10,indole,102,16,3.44,0.89,10.5
52.52727964253819,2.400000001963481,1.3443473613819001,4.693360802205134,3.3490134408232333,0.6847869800361008,7.285398973420425e-05,10.887971920273229,1.0,8.110331078710265,241.6059185848345,w10,indole,102,16,3.44,0.89,10.5
52.52727964253819,2.400000001963481,1.3443473613819001,4.693360802205134,3.3490134408232333,0.6847869800361008,26.60956612075492,25.653849209667708,1.5,29.049286468401952,241.6059185848345,w10,indole,102,16,3.44,0.89,10.5
52.52727964253819,2.400000001963481,1.3443473613819001,4.693360802205134,3.3490134408232333,0.6847869800361008,50.153698637095445,42.80504619976601,2.0,48.05892067001865,241.6059185848345,w10,indole,102,16,3.44,0.89,10.5
52.52727964253819,2.400000001963481,1.3443473613819001,4.693360802205134,3.3490134408232333,0.6847869800361008,52.42479233389308,56.43005448341401,2.5,57.46180920919746,241.6059185848345,w10,indole,102,16,3.44,0.89,10.5
52.52727964253819,2.400000001963481,1.3443473613819001,4.693360802205134,3.3490134408232333,0.6847869800361008,49.74266825397625,54.125510751700745,3.0,61.24270013920692,241.6059185848345,w10,indole,102,16,3.44,0.89,10.5
52.52727964253819,2.400000001963481,1.3443473613819001,4.693360802205134,3.3490134408232333,0.6847869800361008,45.16475442616624,42.48009395559051,3.5,41.721173316159394,241.6059185848345,w10,indole,102,16,3.44,0.89,10.5
52.52727964253819,2.400000001963481,1.3443473613819001,4.693360802205134,3.3490134408232333,0.6847869800361008,39.977437237750415,45.58014346486475,4.0,48.34856529185252,241.6059185848345,w10,indole,102,16,3.44,0.89,10.5
52.52727964253819,2.400000001963481,1.3443473613819001,4.693360802205134,3.3490134408232333,0.6847869800361008,34.80287463364173,33.8746223060846,4.5,20.439033074188337,241.6059185848345,w10,indole,102,16,3.44,0.89,10.5
52.52727964253819,2.400000001963481,1.3443473613819001,4.693360802205134,3.3490134408232333,0.6847869800361008,29.945562323488996,27.370320314909797,5.0,20.114396964685902,241.6059185848345,w10,indole,102,16,3.44,0.89,10.5
52.52727964253819,2.400000001963481,1.3443473613819001,4.693360802205134,3.3490134408232333,0.6847869800361008,25.543161593335025,26.59190160865702,5.5,32.36802183283658,241.6059185848345,w10,indole,102,16,3.44,0.89,10.5
52.52727964253819,2.400000001963481,1.3443473613819001,4.693360802205134,3.3490134408232333,0.6847869800361008,21.642214855591575,14.951236750210349,6.0,-3.7252727840213025,241.6059185848345,w10,indole,102,16,3.44,0.89,10.5
52.52727964253819,2.400000001963481,1.3443473613819001,4.693360802205134,3.3490134408232333,0.6847869800361008,18.239360586521727,18.901529202020672,6.5,25.708976821870547,241.6059185848345,w10,indole,102,16,3.44,0.89,10.5
52.52727964253819,2.400000001963481,1.3443473613819001,4.693360802205134,3.3490134408232333,0.6847869800361008,15.30482645902207,12.641080669700381,7.0,-3.8019708260949168,241.6059185848345,w10,indole,102,16,3.44,0.89,10.5
52.52727964253819,2.400000001963481,1.3443473613819001,4.693360802205134,3.3490134408232333,0.6847869800361008,12.796129211065235,15.845162377425082,7.5,14.293177091620713,241.6059185848345,w10,indole,102,16,3.44,0.89,10.5
52.52727964253819,2.400000001963481,1.3443473613819001,4.693360802205134,3.3490134408232333,0.6847869800361008,10.666096650537252,14.394855623575655,8.0,13.459683421673663,241.6059185848345,w10,indole,102,16,3.44,0.89,10.5
52.52727964253819,2.400000001963481,1.3443473613819001,4.693360802205134,3.3490134408232333,0.6847869800361008,8.867496025394885,9.876759164006883,8.5,13.289971485272847,241.6059185848345,w10,indole,102,16,3.44,0.89,10.5
52.52727964253819,2.400000001963481,1.3443473613819001,4.693360802205134,3.3490134408232333,0.6847869800361008,7.355598986181316,13.088523022327388,9.0,14.929592363622346,241.6059185848345,w10,indole,102,16,3.44,0.89,10.5
52.52727964253819,2.400000001963481,1.3443473613819001,4.693360802205134,3.3490134408232333,0.6847869800361008,6.089484622484758,9.626122679188027,9.5,10.306066389861192,241.6059185848345,w10,indole,102,16,3.44,0.89,10.5
52.52727964253819,2.400000001963481,1.3443473613819001,4.693360802205134,3.3490134408232333,0.6847869800361008,5.032574856040163,7.957836111143306,10.0,12.484693961011535,241.6059185848345,w10,indole,102,16,3.44,0.89,10.5
52.52727964253819,2.400000001963481,1.3443473613819001,4.693360802205134,3.3490134408232333,0.6847869800361008,4.152711498117076,8.999569588736957,10.5,9.863805573217306,241.6059185848345,w10,indole,102,16,3.44,0.89,10.5
52.52727964253819,2.400000001963481,1.3443473613819001,4.693360802205134,3.3490134408232333,0.6847869800361008,3.421969884726957,4.717203719664555,11.0,-1.8419841295632562,241.6059185848345,w10,indole,102,16,3.44,0.89,10.5
52.52727964253819,2.400000001963481,1.3443473613819001,4.693360802205134,3.3490134408232333,0.6847869800361008,2.816331875397109,5.795240690383372,11.5,10.782571312149248,241.6059185848345,w10,indole,102,16,3.44,0.89,10.5
52.52727964253819,2.400000001963481,1.3443473613819001,4.693360802205134,3.3490134408232333,0.6847869800361008,2.3152949198321084,5.2227642521288145,12.0,6.542860099687633,241.6059185848345,w10,indole,102,16,3.44,0.89,10.5
52.52727964253819,2.400000001963481,1.3443473613819001,4.693360802205134,3.3490134408232333,0.6847869800361008,1.9014642281042284,1.055560552637897,12.5,0.5403250487360824,241.6059185848345,w10,indole,102,16,3.44,0.89,10.5
52.52727964253819,2.400000001963481,1.3443473613819001,4.693360802205134,3.3490134408232333,0.6847869800361008,1.5601559301001946,2.9006621363181404,13.0,5.203501590586585,241.6059185848345,w10,indole,102,16,3.44,0.89,10.5
52.52727964253819,2.400000001963481,1.3443473613819001,4.693360802205134,3.3490134408232333,0.6847869800361008,1.2790267847180063,1.8670432348148713,13.5,2.8200527934764104,241.6059185848345,w10,indole,102,16,3.44,0.89,10.5
52.52727964253819,2.400000001963481,1.3443473613819001,4.693360802205134,3.3490134408232333,0.6847869800361008,1.047738138157366,0.13257894936703396,14.0,0.9032196375474615,241.6059185848345,w10,indole,102,16,3.44,0.89,10.5
52.52727964253819,2.400000001963481,1.3443473613819001,4.693360802205134,3.3490134408232333,0.6847869800361008,0.8576569019084246,2.2364355784214243,14.5,3.643469307207738,241.6059185848345,w10,indole,102,16,3.44,0.89,10.5
52.52727964253819,2.400000001963481,1.3443473613819001,4.693360802205134,3.3490134408232333,0.6847869800361008,0.7015933192593926,-0.16289762354529946,15.0,-2.212204975777092,241.6059185848345,w10,indole,102,16,3.44,0.89,10.5
52.52727964253819,2.400000001963481,1.3443473613819001,4.693360802205134,3.3490134408232333,0.6847869800361008,0.5735735487436613,2.398969124779738,15.5,3.517803535910639,241.6059185848345,w10,indole,102,16,3.44,0.89,10.5
52.52727964253819,2.400000001963481,1.3443473613819001,4.693360802205134,3.3490134408232333,0.6847869800361008,0.46864417100268313,1.9090154090843439,16.0,5.595974484125373,241.6059185848345,w10,indole,102,16,3.44,0.89,10.5
52.52727964253819,2.400000001963481,1.3443473613819001,4.693360802205134,3.3490134408232333,0.6847869800361008,0.38270532659735995,1.170230249343346,16.5,0.19447104795300962,241.6059185848345,w10,indole,102,16,3.44,0.89,10.5
52.52727964253819,2.400000001963481,1.3443473613819001,4.693360802205134,3.3490134408232333,0.6847869800361008,0.3123691194187419,2.430575970925902,17.0,3.7422615965338406,241.6059185848345,w10,indole,102,16,3.44,0.89,10.5
52.52727964253819,2.400000001963481,1.3443473613819001,4.693360802205134,3.3490134408232333,0.6847869800361008,0.25484004279591155,0.8888949731097999,17.5,3.0483737443735874,241.6059185848345,w10,indole,102,16,3.44,0.89,10.5
52.52727964253819,2.400000001963481,1.3443473613819001,4.693360802205134,3.3490134408232333,0.6847869800361008,0.20781441709813653,1.7014716359254551,18.0,3.9323795056935182,241.6059185848345,w10,indole,102,16,3.44,0.89,10.5
52.52727964253819,2.400000001963481,1.3443473613819001,4.693360802205134,3.3490134408232333,0.6847869800361008,0.16939611266057297,1.3795990134365028,18.5,2.623648356753007,241.6059185848345,w10,indole,102,16,3.44,0.89,10.5
52.52727964253819,2.400000001963481,1.3443473613819001,4.693360802205134,3.3490134408232333,0.6847869800361008,0.13802613465011176,0.8217486197854913,19.0,1.064329643833235,241.6059185848345,w10,indole,102,16,3.44,0.89,10.5
52.52727964253819,2.400000001963481,1.3443473613819001,4.693360802205134,3.3490134408232333,0.6847869800361008,0.11242394511728247,-0.15411888896493364,19.5,0.9090907654890903,241.6059185848345,w10,indole,102,16,3.44,0.89,10.5
52.52727964253819,2.400000001963481,1.3443473613819001,4.693360802205134,3.3490134408232333,0.6847869800361008,0.09153867915041562,1.3307166478684995,20.0,2.7768543260979057,241.6059185848345,w10,indole,102,16,3.44,0.89,10.5
52.52727964253819,2.400000001963481,1.3443473613819001,4.693360802205134,3.3490134408232333,0.6847869800361008,0.0745086699640911,2.1050272206230964,20.5,5.9180164880558745,241.6059185848345,w10,indole,102,16,3.44,0.89,10.5
52.52727964253819,2.400000001963481,1.3443473613819001,4.693360802205134,3.3490134408232333,0.6847869800361008,0.06062792900895993,1.7754423555590373,21.0,5.0838892315445285,241.6059185848345,w10,indole,102,16,3.44,0.89,10.5
52.52727964253819,2.400000001963481,1.3443473613819001,4.693360802205134,3.3490134408232333,0.6847869800361008,0.04931843133054477,1.9010998145935756,21.5,4.866125551697058,241.6059185848345,w10,indole,102,16,3.44,0.89,10.5
52.52727964253819,2.400000001963481,1.3443473613819001,4.693360802205134,3.3490134408232333,0.6847869800361008,0.040107234460680326,0.8953046740134716,22.0,4.563827178067198,241.6059185848345,w10,indole,102,16,3.44,0.89,10.5
55.063997376464606,2.822600427440889,0.7637196359442979,4.385779380773078,3.62205974482878,0.4315718302449158,3.622046973827211e-19,-6.265143729579824,-1.0,-3.1755052443015686,263.50667690095537,w10,indole,103,16,3.13,0.92,10.5
55.063997376464606,2.822600427440889,0.7637196359442979,4.385779380773078,3.62205974482878,0.4315718302449158,3.9040126338302e-17,0.36099813917849843,-0.5,0.881760123569439,263.50667690095537,w10,indole,103,16,3.13,0.92,10.5
55.063997376464606,2.822600427440889,0.7637196359442979,4.385779380773078,3.62205974482878,0.4315718302449158,4.205927730324389e-15,6.560047532287552,0.0,8.968050993640283,263.50667690095537,w10,indole,103,16,3.13,0.92,10.5
55.063997376464606,2.822600427440889,0.7637196359442979,4.385779380773078,3.62205974482878,0.4315718302449158,4.232651869410958e-13,7.779649641053117,0.5,13.556266503111605,263.50667690095537,w10,indole,103,16,3.13,0.92,10.5
55.063997376464606,2.822600427440889,0.7637196359442979,4.385779380773078,3.62205974482878,0.4315718302449158,9.328346735800459,11.789289839925491,1.0,12.719881013493117,263.50667690095537,w10,indole,103,16,3.13,0.92,10.5
55.063997376464606,2.822600427440889,0.7637196359442979,4.385779380773078,3.62205974482878,0.4315718302449158,33.101012331347825,28.391316249307444,1.5,25.85790444604011,263.50667690095537,w10,indole,103,16,3.13,0.92,10.5
55.063997376464606,2.822600427440889,0.7637196359442979,4.385779380773078,3.62205974482878,0.4315718302449158,47.60451951211748,47.41552837339558,2.0,43.299354752610995,263.50667690095537,w10,indole,103,16,3.13,0.92,10.5
55.063997376464606,2.822600427440889,0.7637196359442979,4.385779380773078,3.62205974482878,0.4315718302449158,54.07716097900063,62.63336389846123,2.5,57.21735799924203,263.50667690095537,w10,indole,103,16,3.13,0.92,10.5
55.063997376464606,2.822600427440889,0.7637196359442979,4.385779380773078,3.62205974482878,0.4315718302449158,54.80989748960527,60.03819137995063,3.0,59.259915214818925,263.50667690095537,w10,indole,103,16,3.13,0.92,10.5
55.063997376464606,2.822600427440889,0.7637196359442979,4.385779380773078,3.62205974482878,0.4315718302449158,51.92413963774061,46.91827429433725,3.5,54.79514259392168,263.50667690095537,w10,indole,103,16,3.13,0.92,10.5
55.063997376464606,2.822600427440889,0.7637196359442979,4.385779380773078,3.62205974482878,0.4315718302449158,47.03853823619084,50.39541890528472,4.0,49.097034624917455,263.50667690095537,w10,indole,103,16,3.13,0.92,10.5
55.063997376464606,2.822600427440889,0.7637196359442979,4.385779380773078,3.62205974482878,0.4315718302449158,41.27802371975154,37.14081212553261,4.5,45.89807479433886,263.50667690095537,w10,indole,103,16,3.13,0.92,10.5
55.063997376464606,2.822600427440889,0.7637196359442979,4.385779380773078,3.62205974482878,0.4315718302449158,35.37098687527455,29.75135053584519,5.0,24.711797497482536,263.50667690095537,w10,indole,103,16,3.13,0.92,10.5
55.063997376464606,2.822600427440889,0.7637196359442979,4.385779380773078,3.62205974482878,0.4315718302449158,29.75438088561557,28.873701780791528,5.5,27.94633911101131,263.50667690095537,w10,indole,103,16,3.13,0.92,10.5
55.063997376464606,2.822600427440889,0.7637196359442979,4.385779380773078,3.62205974482878,0.4315718302449158,24.662891374115176,15.704627982373063,6.0,13.593364721156671,263.50667690095537,w10,indole,103,16,3.13,0.92,10.5
55.063997376464606,2.822600427440889,0.7637196359442979,4.385779380773078,3.62205974482878,0.4315718302449158,20.197498195948324,20.056493907845326,6.5,20.075280826810715,263.50667690095537,w10,indole,103,16,3.13,0.92,10.5
55.063997376464606,2.822600427440889,0.7637196359442979,4.385779380773078,3.62205974482878,0.4315718302449158,16.37527524763359,13.074867204011396,7.0,21.60929434041706,263.50667690095537,w10,indole,103,16,3.13,0.92,10.5
55.063997376464606,2.822600427440889,0.7637196359442979,4.385779380773078,3.62205974482878,0.4315718302449158,13.164087302202937,16.71650152121189,7.5,14.210140338645743,263.50667690095537,w10,indole,103,16,3.13,0.92,10.5
55.063997376464606,2.822600427440889,0.7637196359442979,4.385779380773078,3.62205974482878,0.4315718302449158,10.505887940405328,15.02738640256256,8.0,14.116102696069921,263.50667690095537,w10,indole,103,16,3.13,0.92,10.5
55.063997376464606,2.822600427440889,0.7637196359442979,4.385779380773078,3.62205974482878,0.4315718302449158,8.33176994823679,9.978330408693479,8.5,7.434321986753582,263.50667690095537,w10,indole,103,16,3.13,0.92,10.5
55.063997376464606,2.822600427440889,0.7637196359442979,4.385779380773078,3.62205974482878,0.4315718302449158,6.571241177430466,13.503552156249828,9.0,8.702294559461848,263.50667690095537,w10,indole,103,16,3.13,0.92,10.5
55.063997376464606,2.822600427440889,0.7637196359442979,4.385779380773078,3.62205974482878,0.4315718302449158,5.157575355908475,9.640229780274275,9.5,8.266719583230701,263.50667690095537,w10,indole,103,16,3.13,0.92,10.5
55.063997376464606,2.822600427440889,0.7637196359442979,4.385779380773078,3.62205974482878,0.4315718302449158,4.0305750221668815,7.727430038878588,10.0,9.385813079456547,263.50667690095537,w10,indole,103,16,3.13,0.92,10.5
55.063997376464606,2.822600427440889,0.7637196359442979,4.385779380773078,3.62205974482878,0.4315718302449158,3.137687387462233,8.854398025026418,10.5,6.250788250473887,263.50667690095537,w10,indole,103,16,3.13,0.92,10.5
55.063997376464606,2.822600427440889,0.7637196359442979,4.385779380773078,3.62205974482878,0.4315718302449158,2.434118900964047,4.015865566864526,11.0,7.490772553758777,263.50667690095537,w10,indole,103,16,3.13,0.92,10.5
55.063997376464606,2.822600427440889,0.7637196359442979,4.385779380773078,3.62205974482878,0.4315718302449158,1.8823808464679166,5.0912758548991315,11.5,6.716401345093699,263.50667690095537,w10,indole,103,16,3.13,0.92,10.5
55.063997376464606,2.822600427440889,0.7637196359442979,4.385779380773078,3.62205974482878,0.4315718302449158,1.4515474372195645,4.623306302385827,12.0,3.0276261100129194,263.50667690095537,w10,indole,103,16,3.13,0.92,10.5
55.063997376464606,2.822600427440889,0.7637196359442979,4.385779380773078,3.62205974482878,0.4315718302449158,1.1164034838061758,-0.053808338455194615,12.5,0.2012108142531548,263.50667690095537,w10,indole,103,16,3.13,0.92,10.5
55.063997376464606,2.822600427440889,0.7637196359442979,4.385779380773078,3.62205974482878,0.4315718302449158,0.8565879838915046,2.001658397243756,13.0,-0.15197235191397396,263.50667690095537,w10,indole,103,16,3.13,0.92,10.5
55.063997376464606,2.822600427440889,0.7637196359442979,4.385779380773078,3.62205974482878,0.4315718302449158,0.6557931505013392,0.8409187799841686,13.5,2.4516435182102576,263.50667690095537,w10,indole,103,16,3.13,0.92,10.5
55.063997376464606,2.822600427440889,0.7637196359442979,4.385779380773078,3.62205974482878,0.4315718302449158,0.5010482100527186,-1.070639910015415,14.0,-1.6069297282809551,263.50667690095537,w10,indole,103,16,3.13,0.92,10.5
55.063997376464606,2.822600427440889,0.7637196359442979,4.385779380773078,3.62205974482878,0.4315718302449158,0.38209850311085924,1.2080103043375257,14.5,2.0457793501431984,263.50667690095537,w10,indole,103,16,3.13,0.92,10.5
55.063997376464606,2.822600427440889,0.7637196359442979,4.385779380773078,3.62205974482878,0.4315718302449158,0.29087926289228516,-1.3742272344656001,15.0,-0.054624663014288366,263.50667690095537,w10,indole,103,16,3.13,0.92,10.5
55.063997376464606,2.822600427440889,0.7637196359442979,4.385779380773078,3.62205974482878,0.4315718302449158,0.22107730307719511,1.3850814416630501,15.5,0.15518434480342158,263.50667690095537,w10,indole,103,16,3.13,0.92,10.5
55.063997376464606,2.822600427440889,0.7637196359442979,4.385779380773078,3.62205974482878,0.4315718302449158,0.16777090700180006,0.8407582078545239,16.0,0.9032541092525539,263.50667690095537,w10,indole,103,16,3.13,0.92,10.5
55.063997376464606,2.822600427440889,0.7637196359442979,4.385779380773078,3.62205974482878,0.4315718302449158,0.12713724705838672,0.09963801112326198,16.5,0.1038869734636303,263.50667690095537,w10,indole,103,16,3.13,0.92,10.5
55.063997376464606,2.822600427440889,0.7637196359442979,4.385779380773078,3.62205974482878,0.4315718302449158,0.09621685891414554,1.4303372841442727,17.0,2.0733346963497263,263.50667690095537,w10,indole,103,16,3.13,0.92,10.5
55.063997376464606,2.822600427440889,0.7637196359442979,4.385779380773078,3.62205974482878,0.4315718302449158,0.07272551771052549,-0.24775316797407987,17.5,-0.28264822912084253,263.50667690095537,w10,indole,103,16,3.13,0.92,10.5
55.063997376464606,2.822600427440889,0.7637196359442979,4.385779380773078,3.62205974482878,0.4315718302449158,0.05490497539098252,0.6537462736154298,18.0,-0.2750344750274616,263.50667690095537,w10,indole,103,16,3.13,0.92,10.5
55.063997376464606,2.822600427440889,0.7637196359442979,4.385779380773078,3.62205974482878,0.4315718302449158,0.041405213623815766,0.28126465888397245,18.5,1.5670968912261976,263.50667690095537,w10,indole,103,16,3.13,0.92,10.5
55.063997376464606,2.822600427440889,0.7637196359442979,4.385779380773078,3.62205974482878,0.4315718302449158,0.03119202608872728,-0.3358146951439336,19.0,-1.2753082531815563,263.50667690095537,w10,indole,103,16,3.13,0.92,10.5
55.063997376464606,2.822600427440889,0.7637196359442979,4.385779380773078,3.62205974482878,0.4315718302449158,0.02347480393622475,-1.4220972501190592,19.5,-2.2098644175028563,263.50667690095537,w10,indole,103,16,3.13,0.92,10.5
55.063997376464606,2.822600427440889,0.7637196359442979,4.385779380773078,3.62205974482878,0.4315718302449158,0.017650331042216784,0.2863671913543602,20.0,-0.27270247601677644,263.50667690095537,w10,indole,103,16,3.13,0.92,10.5
55.063997376464606,2.822600427440889,0.7637196359442979,4.385779380773078,3.62205974482878,0.4315718302449158,0.013259194645907023,1.0725920672521976,20.5,-1.5783102071265862,263.50667690095537,w10,indole,103,16,3.13,0.92,10.5
55.063997376464606,2.822600427440889,0.7637196359442979,4.385779380773078,3.62205974482878,0.4315718302449158,0.00995208764925273,0.8006619143201021,21.0,0.4660967218208292,263.50667690095537,w10,indole,103,16,3.13,0.92,10.5
55.063997376464606,2.822600427440889,0.7637196359442979,4.385779380773078,3.62205974482878,0.4315718302449158,0.007463833154925927,0.894309561497916,21.5,1.142530172715945,263.50667690095537,w10,indole,103,16,3.13,0.92,10.5
55.063997376464606,2.822600427440889,0.7637196359442979,4.385779380773078,3.62205974482878,0.4315718302449158,0.005593414255076321,-0.1732717329905764,22.0,-2.4001217251345186,263.50667690095537,w10,indole,103,16,3.13,0.92,10.5
31.7930015401667,2.3130814517370615,1.355089666829923,4.354218314039072,2.9991286472091483,0.6805766282154647,1.9704228248294283e-13,-3.2587914605263446,-1.0,-2.1303344249673177,131.06050343629641,w10,indole,104,16,2.97,0.84,10.5
31.7930015401667,2.3130814517370615,1.355089666829923,4.354218314039072,2.9991286472091483,0.6805766282154647,2.2890031821950556e-11,0.19271494158459568,-0.5,2.2760424504942733,131.06050343629641,w10,indole,104,16,2.97,0.84,10.5
31.7930015401667,2.3130814517370615,1.355089666829923,4.354218314039072,2.9991286472091483,0.6805766282154647,2.6590885809046147e-09,3.4030171199315937,0.0,4.3869181410991445,131.06050343629641,w10,indole,104,16,2.97,0.84,10.5
31.7930015401667,2.3130814517370615,1.355089666829923,4.354218314039072,2.9991286472091483,0.6805766282154647,3.088420093649763e-07,4.023082548770907,0.5,7.196735988810018,131.06050343629641,w10,indole,104,16,2.97,0.84,10.5
31.7930015401667,2.3130814517370615,1.355089666829923,4.354218314039072,2.9991286472091483,0.6805766282154647,3.488341854925523e-05,6.084689996372007,1.0,7.815298189405239,131.06050343629641,w10,indole,104,16,2.97,0.84,10.5
31.7930015401667,2.3130814517370615,1.355089666829923,4.354218314039072,2.9991286472091483,0.6805766282154647,15.80366904164794,14.733661858817658,1.5,17.56191726027501,131.06050343629641,w10,indole,104,16,2.97,0.84,10.5
31.7930015401667,2.3130814517370615,1.355089666829923,4.354218314039072,2.9991286472091483,0.6805766282154647,30.73246185836321,24.61252747697401,2.0,27.090481343384337,131.06050343629641,w10,indole,104,16,2.97,0.84,10.5
31.7930015401667,2.3130814517370615,1.355089666829923,4.354218314039072,2.9991286472091483,0.6805766282154647,31.541890314840128,32.527907866540005,2.5,39.74125192520837,131.06050343629641,w10,indole,104,16,2.97,0.84,10.5
31.7930015401667,2.3130814517370615,1.355089666829923,4.354218314039072,2.9991286472091483,0.6805766282154647,29.266286597125003,31.175430646818384,3.0,31.961570175317455,131.06050343629641,w10,indole,104,16,2.97,0.84,10.5
31.7930015401667,2.3130814517370615,1.355089666829923,4.354218314039072,2.9991286472091483,0.6805766282154647,25.946683028718862,24.337247572748424,3.5,16.192225506175483,131.06050343629641,w10,indole,104,16,2.97,0.84,10.5
31.7930015401667,2.3130814517370615,1.355089666829923,4.354218314039072,2.9991286472091483,0.6805766282154647,22.408222268436734,26.147663132620426,4.0,25.765325353000385,131.06050343629641,w10,indole,104,16,2.97,0.84,10.5
31.7930015401667,2.3130814517370615,1.355089666829923,4.354218314039072,2.9991286472091483,0.6805766282154647,19.024587194215783,19.231053473980026,4.5,14.18314114599763,131.06050343629641,w10,indole,104,16,2.97,0.84,10.5
31.7930015401667,2.3130814517370615,1.355089666829923,4.354218314039072,2.9991286472091483,0.6805766282154647,15.958960110841364,15.372053365364675,5.0,16.415449531420798,131.06050343629641,w10,indole,104,16,2.97,0.84,10.5
31.7930015401667,2.3130814517370615,1.355089666829923,4.354218314039072,2.9991286472091483,0.6805766282154647,13.268496875387637,14.914535105052455,5.5,12.681392129061095,131.06050343629641,w10,indole,104,16,2.97,0.84,10.5
31.7930015401667,2.3130814517370615,1.355089666829923,4.354218314039072,2.9991286472091483,0.6805766282154647,10.955973819817308,8.044036623767095,6.0,10.228208578235316,131.06050343629641,w10,indole,104,16,2.97,0.84,10.5
31.7930015401667,2.3130814517370615,1.355089666829923,4.354218314039072,2.9991286472091483,0.6805766282154647,8.99714182282461,10.300147221917879,6.5,-1.5149619483236427,131.06050343629641,w10,indole,104,16,2.97,0.84,10.5
31.7930015401667,2.3130814517370615,1.355089666829923,4.354218314039072,2.9991286472091483,0.6805766282154647,7.355697754771853,6.670060417564213,7.0,-0.18180887347630348,131.06050343629641,w10,indole,104,16,2.97,0.84,10.5
31.7930015401667,2.3130814517370615,1.355089666829923,4.354218314039072,2.9991286472091483,0.6805766282154647,5.991529329499095,8.57201633521109,7.5,8.924215782322484,131.06050343629641,w10,indole,104,16,2.97,0.84,10.5
31.7930015401667,2.3130814517370615,1.355089666829923,4.354218314039072,2.9991286472091483,0.6805766282154647,4.865164006409232,7.684862590962234,8.0,8.278638274410952,131.06050343629641,w10,indole,104,16,2.97,0.84,10.5
31.7930015401667,2.3130814517370615,1.355089666829923,4.354218314039072,2.9991286472091483,0.6805766282154647,3.9400335644254167,5.05831124886055,8.5,6.6679247640721435,131.06050343629641,w10,indole,104,16,2.97,0.84,10.5
31.7930015401667,2.3130814517370615,1.355089666829923,4.354218314039072,2.9991286472091483,0.6805766282154647,3.183476873094646,6.884232201154747,9.0,5.225347553027598,131.06050343629641,w10,indole,104,16,2.97,0.84,10.5
31.7930015401667,2.3130814517370615,1.355089666829923,4.354218314039072,2.9991286472091483,0.6805766282154647,2.5670226561960052,4.875246733255611,9.5,4.156945606373386,131.06050343629641,w10,indole,104,16,2.97,0.84,10.5
31.7930015401667,2.3130814517370615,1.355089666829923,4.354218314039072,2.9991286472091483,0.6805766282154647,2.0662749538439,3.874196169167795,10.0,2.185846298125824,131.06050343629641,w10,indole,104,16,2.97,0.84,10.5
31.7930015401667,2.3130814517370615,1.355089666829923,4.354218314039072,2.9991286472091483,0.6805766282154647,1.66059421903343,4.455847723874972,10.5,4.312800951603813,131.06050343629641,w10,indole,104,16,2.97,0.84,10.5
31.7930015401667,2.3130814517370615,1.355089666829923,4.354218314039072,2.9991286472091483,0.6805766282154647,1.332688609482466,1.9322611281997157,11.0,0.5119981674820788,131.06050343629641,w10,indole,104,16,2.97,0.84,10.5
31.7930015401667,2.3130814517370615,1.355089666829923,4.354218314039072,2.9991286472091483,0.6805766282154647,1.068182154317338,2.4756853922427484,11.5,1.351254025067559,131.06050343629641,w10,indole,104,16,2.97,0.84,10.5
31.7930015401667,2.3130814517370615,1.355089666829923,4.354218314039072,2.9991286472091483,0.6805766282154647,0.8551971010065355,2.2535137587245546,12.0,3.3891502738025325,131.06050343629641,w10,indole,104,16,2.97,0.84,10.5
31.7930015401667,2.3130814517370615,1.355089666829923,4.354218314039072,2.9991286472091483,0.6805766282154647,0.6839697865404007,-0.18205082509947035,12.5,-1.2490206685013479,131.06050343629641,w10,indole,104,16,2.97,0.84,10.5
31.7930015401667,2.3130814517370615,1.355089666829923,4.354218314039072,2.9991286472091483,0.6805766282154647,0.5465085245212205,0.8864153074655068,13.0,2.9953285368627514,131.06050343629641,w10,indole,104,16,2.97,0.84,10.5
31.7930015401667,2.3130814517370615,1.355089666829923,4.354218314039072,2.9991286472091483,0.6805766282154647,0.4362955963235153,0.2818913787843462,13.5,1.9662961286982878,131.06050343629641,w10,indole,104,16,2.97,0.84,10.5
31.7930015401667,2.3130814517370615,1.355089666829923,4.354218314039072,2.9991286472091483,0.6805766282154647,0.3480318126702934,-0.7092033068964094,14.0,-1.3457753068328433,131.06050343629641,w10,indole,104,16,2.97,0.84,10.5
31.7930015401667,2.3130814517370615,1.355089666829923,4.354218314039072,2.9991286472091483,0.6805766282154647,0.27742021738713674,0.46719507289951023,14.5,1.0260772543529835,131.06050343629641,w10,indole,104,16,2.97,0.84,10.5
31.7930015401667,2.3130814517370615,1.355089666829923,4.354218314039072,2.9991286472091483,0.6805766282154647,0.2209846674454577,-0.863836306075263,15.0,-0.10794558530795029,131.06050343629641,w10,indole,104,16,2.97,0.84,10.5
31.7930015401667,2.3130814517370615,1.355089666829923,4.354218314039072,2.9991286472091483,0.6805766282154647,0.17591881624433525,0.5587436419800272,15.5,0.05216673111763803,131.06050343629641,w10,indole,104,16,2.97,0.84,10.5
31.7930015401667,2.3130814517370615,1.355089666829923,4.354218314039072,2.9991286472091483,0.6805766282154647,0.13996118009980443,0.27598052747500035,16.0,0.3600268515717788,131.06050343629641,w10,indole,104,16,2.97,0.84,10.5
31.7930015401667,2.3130814517370615,1.355089666829923,4.354218314039072,2.9991286472091483,0.6805766282154647,0.11129231131132661,-0.09909445797271776,16.5,0.5777607294031193,131.06050343629641,w10,indole,104,16,2.97,0.84,10.5
31.7930015401667,2.3130814517370615,1.355089666829923,4.354218314039072,2.9991286472091483,0.6805766282154647,0.08845052998493072,0.5835160621453835,17.0,2.0086752827059398,131.06050343629641,w10,indole,104,16,2.97,0.84,10.5
31.7930015401667,2.3130814517370615,1.355089666829923,4.354218314039072,2.9991286472091483,0.6805766282154647,0.07026311779161652,-0.28389466590319556,17.5,-0.1340636179822915,131.06050343629641,w10,indole,104,16,2.97,0.84,10.5
31.7930015401667,2.3130814517370615,1.355089666829923,4.354218314039072,2.9991286472091483,0.6805766282154647,0.055790313555863995,0.1842576824689779,18.0,1.7297741185629132,131.06050343629641,w10,indole,104,16,2.97,0.84,10.5
31.7930015401667,2.3130814517370615,1.355089666829923,4.354218314039072,2.9991286472091483,0.6805766282154647,0.04427985349148348,-0.011092358694128057,18.5,-0.39468971112296203,131.06050343629641,w10,indole,104,16,2.97,0.84,10.5
31.7930015401667,2.3130814517370615,1.355089666829923,4.354218314039072,2.9991286472091483,0.6805766282154647,0.0351301590979464,-0.3313174165544306,19.0,-0.43310058775551696,131.06050343629641,w10,indole,104,16,2.97,0.84,10.5
31.7930015401667,2.3130814517370615,1.355089666829923,4.354218314039072,2.9991286472091483,0.6805766282154647,0.02786059069442145,-0.8958802183862298,19.5,1.01511979325634,131.06050343629641,w10,indole,104,16,2.97,0.84,10.5
31.7930015401667,2.3130814517370615,1.355089666829923,4.354218314039072,2.9991286472091483,0.6805766282154647,0.022087455540577818,-0.0010426637194109745,20.0,0.47103600004552826,131.06050343629641,w10,indole,104,16,2.97,0.84,10.5
31.7930015401667,2.3130814517370615,1.355089666829923,4.354218314039072,2.9991286472091483,0.6805766282154647,0.01750468974250683,0.3981652009382429,20.5,2.2184755881358944,131.06050343629641,w10,indole,104,16,2.97,0.84,10.5
31.7930015401667,2.3130814517370615,1.355089666829923,4.354218314039072,2.9991286472091483,0.6805766282154647,0.013868326890705295,0.2686394168954265,21.0,1.5298808901685141,131.06050343629641,w10,indole,104,16,2.97,0.84,10.5
31.7930015401667,2.3130814517370615,1.355089666829923,4.354218314039072,2.9991286472091483,0.6805766282154647,0.010984028138466554,0.31156390795964684,21.5,-0.4590368897155722,131.06050343629641,w10,indole,104,16,2.97,0.84,10.5
31.7930015401667,2.3130814517370615,1.355089666829923,4.354218314039072,2.9991286472091483,0.6805766282154647,0.008697082619694383,-0.2368139985992186,22.0,0.6793934659946832,131.06050343629641,w10,indole,104,16,2.97,0.84,10.5
42.762139604742316,2.502282396759818,1.3744003574262034,5.457085424500928,4.082685067074724,0.7237401316036971,9.928153054872055e-13,-4.80314476669732,-1.0,-2.22562496218149,237.48426006188362,w10,indole,105,16,3.44,0.99,10.5
42.762139604742316,2.502282396759818,1.3744003574262034,5.457085424500928,4.082685067074724,0.7237401316036971,1.2440885343630385e-10,0.18267546366653065,-0.5,0.627385327922795,237.48426006188362,w10,indole,105,16,3.44,0.99,10.5
42.762139604742316,2.502282396759818,1.3744003574262034,5.457085424500928,4.082685067074724,0.7237401316036971,1.558955258469819e-08,5.12897256549398,0.0,3.8912274351846463,237.48426006188362,w10,indole,105,16,3.44,0.99,10.5
42.762139604742316,2.502282396759818,1.3744003574262034,5.457085424500928,4.082685067074724,0.7237401316036971,1.953204505730154e-06,6.275560132906518,0.5,3.3243063866220375,237.48426006188362,w10,indole,105,16,3.44,0.99,10.5
42.762139604742316,2.502282396759818,1.3744003574262034,5.457085424500928,4.082685067074724,0.7237401316036971,0.00023913568097385293,9.698526613725123,1.0,8.78883354775631,237.48426006188362,w10,indole,105,16,3.44,0.99,10.5
42.762139604742316,2.502282396759818,1.3744003574262034,5.457085424500928,4.082685067074724,0.7237401316036971,20.21460234996794,22.174065199667368,1.5,19.16977424945754,237.48426006188362,w10,indole,105,16,3.44,0.99,10.5
42.762139604742316,2.502282396759818,1.3744003574262034,5.457085424500928,4.082685067074724,0.7237401316036971,40.39673841876007,36.95061757336844,2.0,33.225451585019805,237.48426006188362,w10,indole,105,16,3.44,0.99,10.5
42.762139604742316,2.502282396759818,1.3744003574262034,5.457085424500928,4.082685067074724,0.7237401316036971,42.76155325164911,48.57382970963549,2.5,44.76660372847689,237.48426006188362,w10,indole,105,16,3.44,0.99,10.5
42.762139604742316,2.502282396759818,1.3744003574262034,5.457085424500928,4.082685067074724,0.7237401316036971,41.54338931355304,46.631206155721614,3.0,42.73736146079584,237.48426006188362,w10,indole,105,16,3.44,0.99,10.5
42.762139604742316,2.502282396759818,1.3744003574262034,5.457085424500928,4.082685067074724,0.7237401316036971,38.85702055330236,36.82112956816023,3.5,43.78225759991701,237.48426006188362,w10,indole,105,16,3.44,0.99,10.5
42.762139604742316,2.502282396759818,1.3744003574262034,5.457085424500928,4.082685067074724,0.7237401316036971,35.563197828504336,39.44956674352707,4.0,37.68430722227234,237.48426006188362,w10,indole,105,16,3.44,0.99,10.5
42.762139604742316,2.502282396759818,1.3744003574262034,5.457085424500928,4.082685067074724,0.7237401316036971,32.09287511266747,29.66251967830359,4.5,33.87595560273682,237.48426006188362,w10,indole,105,16,3.44,0.99,10.5
42.762139604742316,2.502282396759818,1.3744003574262034,5.457085424500928,4.082685067074724,0.7237401316036971,28.676028737391896,24.251067248483544,5.0,29.31745975736399,237.48426006188362,w10,indole,105,16,3.44,0.99,10.5
42.762139604742316,2.502282396759818,1.3744003574262034,5.457085424500928,4.082685067074724,0.7237401316036971,25.435846563526553,23.596065178431168,5.5,19.45904146920357,237.48426006188362,w10,indole,105,16,3.44,0.99,10.5
42.762139604742316,2.502282396759818,1.3744003574262034,5.457085424500928,4.082685067074724,0.7237401316036971,22.434707076596112,13.849943749946389,6.0,18.205771695146822,237.48426006188362,w10,indole,105,16,3.44,0.99,10.5
42.762139604742316,2.502282396759818,1.3744003574262034,5.457085424500928,4.082685067074724,0.7237401316036971,19.69909311923085,17.286103791616824,6.5,22.383573285092666,237.48426006188362,w10,indole,105,16,3.44,0.99,10.5
42.762139604742316,2.502282396759818,1.3744003574262034,5.457085424500928,4.082685067074724,0.7237401316036971,17.234036425254697,11.9336794089233,7.0,19.511826600498395,237.48426006188362,w10,indole,105,16,3.44,0.99,10.5
42.762139604742316,2.502282396759818,1.3744003574262034,5.457085424500928,4.082685067074724,0.7237401316036971,15.031870680244788,14.597747242506065,7.5,15.110549595345587,237.48426006188362,w10,indole,105,16,3.44,0.99,10.5
42.762139604742316,2.502282396759818,1.3744003574262034,5.457085424500928,4.082685067074724,0.7237401316036971,13.077684874752686,13.436695687867113,8.0,13.019695167348765,237.48426006188362,w10,indole,105,16,3.44,0.99,10.5
42.762139604742316,2.502282396759818,1.3744003574262034,5.457085424500928,4.082685067074724,0.7237401316036971,11.352772275356013,9.585450985970473,8.5,10.09261214893011,237.48426006188362,w10,indole,105,16,3.44,0.99,10.5
42.762139604742316,2.502282396759818,1.3744003574262034,5.457085424500928,4.082685067074724,0.7237401316036971,9.836820145910618,12.393543241224279,9.0,14.401628512617423,237.48426006188362,w10,indole,105,16,3.44,0.99,10.5
42.762139604742316,2.502282396759818,1.3744003574262034,5.457085424500928,4.082685067074724,0.7237401316036971,8.509289341228634,9.435608280307811,9.5,11.339979020427712,237.48426006188362,w10,indole,105,16,3.44,0.99,10.5
42.762139604742316,2.502282396759818,1.3744003574262034,5.457085424500928,4.082685067074724,0.7237401316036971,7.35026446122592,8.066850152709467,10.0,4.190537501175948,237.48426006188362,w10,indole,105,16,3.44,0.99,10.5
42.762139604742316,2.502282396759818,1.3744003574262034,5.457085424500928,4.082685067074724,0.7237401316036971,6.340954958603016,8.99572911860726,10.5,10.245164156519996,237.48426006188362,w10,indole,105,16,3.44,0.99,10.5
42.762139604742316,2.502282396759818,1.3744003574262034,5.457085424500928,4.082685067074724,0.7237401316036971,5.463965624540728,5.403613942937147,11.0,8.141620941304222,237.48426006188362,w10,indole,105,16,3.44,0.99,10.5
42.762139604742316,2.502282396759818,1.3744003574262034,5.457085424500928,4.082685067074724,0.7237401316036971,4.703415421840442,6.464762851038508,11.5,5.343346244946998,237.48426006188362,w10,indole,105,16,3.44,0.99,10.5
42.762139604742316,2.502282396759818,1.3744003574262034,5.457085424500928,4.082685067074724,0.7237401316036971,4.044957896679389,5.78784879741518,12.0,6.611997762665331,237.48426006188362,w10,indole,105,16,3.44,0.99,10.5
42.762139604742316,2.502282396759818,1.3744003574262034,5.457085424500928,4.082685067074724,0.7237401316036971,3.475739280283347,2.2579097117997584,12.5,2.4551424727205826,237.48426006188362,w10,indole,105,16,3.44,0.99,10.5
42.762139604742316,2.502282396759818,1.3744003574262034,5.457085424500928,4.082685067074724,0.7237401316036971,2.984318828958087,3.837796168729519,13.0,3.910101889368362,237.48426006188362,w10,indole,105,16,3.44,0.99,10.5
42.762139604742316,2.502282396759818,1.3744003574262034,5.457085424500928,4.082685067074724,0.7237401316036971,2.5605680496570704,2.962950657431307,13.5,0.6849008604935773,237.48426006188362,w10,indole,105,16,3.44,0.99,10.5
42.762139604742316,2.502282396759818,1.3744003574262034,5.457085424500928,4.082685067074724,0.7237401316036971,2.195560013575728,1.4550796236009993,14.0,2.092979028703038,237.48426006188362,w10,indole,105,16,3.44,0.99,10.5
42.762139604742316,2.502282396759818,1.3744003574262034,5.457085424500928,4.082685067074724,0.7237401316036971,1.8814561883208885,3.328096879938875,14.5,1.7269150016283132,237.48426006188362,w10,indole,105,16,3.44,0.99,10.5
42.762139604742316,2.502282396759818,1.3744003574262034,5.457085424500928,4.082685067074724,0.7237401316036971,1.6113956000119294,1.173944127700283,15.0,1.1088746187443137,237.48426006188362,w10,indole,105,16,3.44,0.99,10.5
42.762139604742316,2.502282396759818,1.3744003574262034,5.457085424500928,4.082685067074724,0.7237401316036971,1.3793893194001496,3.471659799765752,15.5,3.7985992152444297,237.48426006188362,w10,indole,105,16,3.44,0.99,10.5
42.762139604742316,2.502282396759818,1.3744003574262034,5.457085424500928,4.082685067074724,0.7237401316036971,1.1802220106386088,3.0504917320203626,16.0,1.3480862082843053,237.48426006188362,w10,indole,105,16,3.44,0.99,10.5
42.762139604742316,2.502282396759818,1.3744003574262034,5.457085424500928,4.082685067074724,0.7237401316036971,1.0093614213806485,2.3278279929208447,16.5,2.3614421500796006,237.48426006188362,w10,indole,105,16,3.44,0.99,10.5
42.762139604742316,2.502282396759818,1.3744003574262034,5.457085424500928,4.082685067074724,0.7237401316036971,0.8628761120776329,3.487675219774009,17.0,1.5865960300045845,237.48426006188362,w10,indole,105,16,3.44,0.99,10.5
42.762139604742316,2.502282396759818,1.3744003574262034,5.457085424500928,4.082685067074724,0.7237401316036971,0.7373613386277792,2.1243042322098464,17.5,0.9709067519656638,237.48426006188362,w10,indole,105,16,3.44,0.99,10.5
42.762139604742316,2.502282396759818,1.3744003574262034,5.457085424500928,4.082685067074724,0.7237401316036971,0.629872757666586,2.8241738726926107,18.0,2.0490037020394727,237.48426006188362,w10,indole,105,16,3.44,0.99,10.5
42.762139604742316,2.502282396759818,1.3744003574262034,5.457085424500928,4.082685067074724,0.7237401316036971,0.5378674762734257,2.563867448684369,18.5,1.627628650778409,237.48426006188362,w10,indole,105,16,3.44,0.99,10.5
42.762139604742316,2.502282396759818,1.3744003574262034,5.457085424500928,4.082685067074724,0.7237401316036971,0.45915188802180884,2.0813928561030792,19.0,2.234814532070491,237.48426006188362,w10,indole,105,16,3.44,0.99,10.5
42.762139604742316,2.502282396759818,1.3744003574262034,5.457085424500928,4.082685067074724,0.7237401316036971,0.3918357038827349,1.2448658569612006,19.5,-0.7919593267038159,237.48426006188362,w10,indole,105,16,3.44,0.99,10.5
42.762139604742316,2.502282396759818,1.3744003574262034,5.457085424500928,4.082685067074724,0.7237401316036971,0.33429158431048556,2.4565075905722726,20.0,1.227319427533537,237.48426006188362,w10,indole,105,16,3.44,0.99,10.5
42.762139604742316,2.502282396759818,1.3744003574262034,5.457085424500928,4.082685067074724,0.7237401316036971,0.2851197970626373,3.2035094438979934,20.5,2.23078902825666,237.48426006188362,w10,indole,105,16,3.44,0.99,10.5
42.762139604742316,2.502282396759818,1.3744003574262034,5.457085424500928,4.082685067074724,0.7237401316036971,0.24311735624120182,2.816560498076361,21.0,1.6678837495500862,237.48426006188362,w10,indole,105,16,3.44,0.99,10.5
42.762139604742316,2.502282396759818,1.3744003574262034,5.457085424500928,4.082685067074724,0.7237401316036971,0.20725113627565056,2.9751181055001528,21.5,3.0578304748932488,237.48426006188362,w10,indole,105,16,3.44,0.99,10.5
42.762139604742316,2.502282396759818,1.3744003574262034,5.457085424500928,4.082685067074724,0.7237401316036971,0.17663449633413617,2.0557289510717265,22.0,1.1591975766915796,237.48426006188362,w10,indole,105,16,3.44,0.99,10.5
45.888872975606226,2.823830771352498,0.8185685762870982,4.799229622820026,3.980661046532928,0.4962489466889071,1.401276851389584e-16,-5.393297654014063,-1.0,-6.516413947253415,247.97904805786615,w10,indole,106,16,3.32,1.01,10.5
45.888872975606226,2.823830771352498,0.8185685762870982,4.799229622820026,3.980661046532928,0.4962489466889071,1.6146179518728968e-14,0.2754029545225123,-0.5,0.2871130541921332,247.97904805786615,w10,indole,106,16,3.32,1.01,10.5
45.888872975606226,2.823830771352498,0.8185685762870982,4.799229622820026,3.980661046532928,0.4962489466889071,1.859928493265267e-12,5.679920797053855,0.0,0.9030327773667537,247.97904805786615,w10,indole,106,16,3.32,1.01,10.5
45.888872975606226,2.823830771352498,0.8185685762870982,4.799229622820026,3.980661046532928,0.4962489466889071,2.0585773911141424e-10,6.805485896203663,0.5,5.726244034675386,247.97904805786615,w10,indole,106,16,3.32,1.01,10.5
45.888872975606226,2.823830771352498,0.8185685762870982,4.799229622820026,3.980661046532928,0.4962489466889071,8.667327791858227,10.38150534044468,1.0,10.746838258500919,247.97904805786615,w10,indole,106,16,3.32,1.01,10.5
45.888872975606226,2.823830771352498,0.8185685762870982,4.799229622820026,3.980661046532928,0.4962489466889071,29.953092972874924,24.57866739774893,1.5,22.90233938310174,247.97904805786615,w10,indole,106,16,3.32,1.01,10.5
45.888872975606226,2.823830771352498,0.8185685762870982,4.799229622820026,3.980661046532928,0.4962489466889071,40.69944896134811,41.019812672729856,2.0,39.41407052192531,247.97904805786615,w10,indole,106,16,3.32,1.01,10.5
45.888872975606226,2.823830771352498,0.8185685762870982,4.799229622820026,3.980661046532928,0.4962489466889071,45.21199592868651,54.10072685243324,2.5,52.796591045260136,247.97904805786615,w10,indole,106,16,3.32,1.01,10.5
45.888872975606226,2.823830771352498,0.8185685762870982,4.799229622820026,3.980661046532928,0.4962489466889071,45.719299898043054,51.884171234463665,3.0,44.81561519935396,247.97904805786615,w10,indole,106,16,3.32,1.01,10.5
45.888872975606226,2.823830771352498,0.8185685762870982,4.799229622820026,3.980661046532928,0.4962489466889071,43.767712595942236,40.68225939530421,3.5,37.11069519460677,247.97904805786615,w10,indole,106,16,3.32,1.01,10.5
45.888872975606226,2.823830771352498,0.8185685762870982,4.799229622820026,3.980661046532928,0.4962489466889071,40.420950688564545,43.6613095650394,4.0,43.87611423219466,247.97904805786615,w10,indole,106,16,3.32,1.01,10.5
45.888872975606226,2.823830771352498,0.8185685762870982,4.799229622820026,3.980661046532928,0.4962489466889071,36.394291642470506,32.388828202758,4.5,37.8641419229459,247.97904805786615,w10,indole,106,16,3.32,1.01,10.5
45.888872975606226,2.823830771352498,0.8185685762870982,4.799229622820026,3.980661046532928,0.4962489466889071,32.155250240477514,26.120504340286672,5.0,30.66353269992499,247.97904805786615,w10,indole,106,16,3.32,1.01,10.5
45.888872975606226,2.823830771352498,0.8185685762870982,4.799229622820026,3.980661046532928,0.4962489466889071,27.997637475136234,25.371603497492696,5.5,28.13342387940882,247.97904805786615,w10,indole,106,16,3.32,1.01,10.5
45.888872975606226,2.823830771352498,0.8185685762870982,4.799229622820026,3.980661046532928,0.4962489466889071,24.09533419377301,14.163882136835106,6.0,22.69464845128128,247.97904805786615,w10,indole,106,16,3.32,1.01,10.5
45.888872975606226,2.823830771352498,0.8185685762870982,4.799229622820026,3.980661046532928,0.4962489466889071,20.540926293675934,17.944955139244243,6.5,25.087490457257495,247.97904805786615,w10,indole,106,16,3.32,1.01,10.5
45.888872975606226,2.823830771352498,0.8185685762870982,4.799229622820026,3.980661046532928,0.4962489466889071,17.373179961826224,11.936545306779783,7.0,20.621469650726397,247.97904805786615,w10,indole,106,16,3.32,1.01,10.5
45.888872975606226,2.823830771352498,0.8185685762870982,4.799229622820026,3.980661046532928,0.4962489466889071,14.596364092463203,15.024670323751456,7.5,17.758915843525212,247.97904805786615,w10,indole,106,16,3.32,1.01,10.5
45.888872975606226,2.823830771352498,0.8185685762870982,4.799229622820026,3.980661046532928,0.4962489466889071,12.19366414421377,13.619089950710626,8.0,13.89140538390837,247.97904805786615,w10,indole,106,16,3.32,1.01,10.5
45.888872975606226,2.823830771352498,0.8185685762870982,4.799229622820026,3.980661046532928,0.4962489466889071,10.136347801925474,9.280888791873839,8.5,6.159436768530515,247.97904805786615,w10,indole,106,16,3.32,1.01,10.5
45.888872975606226,2.823830771352498,0.8185685762870982,4.799229622820026,3.980661046532928,0.4962489466889071,8.389902203452179,12.352586610430345,9.0,12.991173039312017,247.97904805786615,w10,indole,106,16,3.32,1.01,10.5
45.888872975606226,2.823830771352498,0.8185685762870982,4.799229622820026,3.980661046532928,0.4962489466889071,6.918033065524162,9.029184917545576,9.5,8.323659163726958,247.97904805786615,w10,indole,106,16,3.32,1.01,10.5
45.888872975606226,2.823830771352498,0.8185685762870982,4.799229622820026,3.980661046532928,0.4962489466889071,5.685171432488856,7.418095789906724,10.0,9.176681630818974,247.97904805786615,w10,indole,106,16,3.32,1.01,10.5
45.888872975606226,2.823830771352498,0.8185685762870982,4.799229622820026,3.980661046532928,0.4962489466889071,4.657953190126988,8.41126913103928,10.5,7.952492287932054,247.97904805786615,w10,indole,106,16,3.32,1.01,10.5
45.888872975606226,2.823830771352498,0.8185685762870982,4.799229622820026,3.980661046532928,0.4962489466889071,3.806003887263883,4.289336884469037,11.0,6.155417321849271,247.97904805786615,w10,indole,106,16,3.32,1.01,10.5
45.888872975606226,2.823830771352498,0.8185685762870982,4.799229622820026,3.980661046532928,0.4962489466889071,3.1022645590986975,5.299824249085777,11.5,2.7750506871453267,247.97904805786615,w10,indole,106,16,3.32,1.01,10.5
45.888872975606226,2.823830771352498,0.8185685762870982,4.799229622820026,3.980661046532928,0.4962489466889071,2.5230239031498463,4.7828548667367095,12.0,4.203112295765807,247.97904805786615,w10,indole,106,16,3.32,1.01,10.5
45.888872975606226,2.823830771352498,0.8185685762870982,4.799229622820026,3.980661046532928,0.4962489466889071,2.047771377047096,0.777730718374471,12.5,2.16817987803242,247.97904805786615,w10,indole,106,16,3.32,1.01,10.5
45.888872975606226,2.823830771352498,0.8185685762870982,4.799229622820026,3.980661046532928,0.4962489466889071,1.6589493766575925,2.5481348442081284,13.0,-0.7225124798678448,247.97904805786615,w10,indole,106,16,3.32,1.01,10.5
45.888872975606226,2.823830771352498,0.8185685762870982,4.799229622820026,3.980661046532928,0.4962489466889071,1.3416567505341952,1.5545949305588627,13.5,1.292597431193883,247.97904805786615,w10,indole,106,16,3.32,1.01,10.5
45.888872975606226,2.823830771352498,0.8185685762870982,4.799229622820026,3.980661046532928,0.4962489466889071,1.0833376493976734,-0.10571727512072338,14.0,-0.15982484452153667,247.97904805786615,w10,indole,106,16,3.32,1.01,10.5
45.888872975606226,2.823830771352498,0.8185685762870982,4.799229622820026,3.980661046532928,0.4962489466889071,0.8734769835928337,1.900574462618488,14.5,2.3768764363482093,247.97904805786615,w10,indole,106,16,3.32,1.01,10.5
45.888872975606226,2.823830771352498,0.8185685762870982,4.799229622820026,3.980661046532928,0.4962489466889071,0.7033150129569218,-0.3843609807805173,15.0,-0.9786567703455715,247.97904805786615,w10,indole,106,16,3.32,1.01,10.5
45.888872975606226,2.823830771352498,0.8185685762870982,4.799229622820026,3.980661046532928,0.4962489466889071,0.5655876843178337,2.055767516502354,15.5,1.9108981008074915,247.97904805786615,w10,indole,106,16,3.32,1.01,10.5
45.888872975606226,2.823830771352498,0.8185685762870982,4.799229622820026,3.980661046532928,0.4962489466889071,0.4542954325153055,1.5859332059988425,16.0,0.9840482794299605,247.97904805786615,w10,indole,106,16,3.32,1.01,10.5
45.888872975606226,2.823830771352498,0.8185685762870982,4.799229622820026,3.980661046532928,0.4962489466889071,0.3645006700199733,0.8926527367979298,16.5,1.1005913175243074,247.97904805786615,w10,indole,106,16,3.32,1.01,10.5
45.888872975606226,2.823830771352498,0.8185685762870982,4.799229622820026,3.980661046532928,0.4962489466889071,0.2921526743443885,2.088007748336516,17.0,1.267128868393387,247.97904805786615,w10,indole,106,16,3.32,1.01,10.5
45.888872975606226,2.823830771352498,0.8185685762870982,4.799229622820026,3.980661046532928,0.4962489466889071,0.23393773097599918,0.61623621253056,17.5,0.35588985728222644,247.97904805786615,w10,indole,106,16,3.32,1.01,10.5
45.888872975606226,2.823830771352498,0.8185685762870982,4.799229622820026,3.980661046532928,0.4962489466889071,0.18715198182830878,1.3952076999495655,18.0,-0.8674964468790443,247.97904805786615,w10,indole,106,16,3.32,1.01,10.5
45.888872975606226,2.823830771352498,0.8185685762870982,4.799229622820026,3.980661046532928,0.4962489466889071,0.14959430979269342,1.083716662574869,18.5,1.1766556040014577,247.97904805786615,w10,indole,106,16,3.32,1.01,10.5
45.888872975606226,2.823830771352498,0.8185685762870982,4.799229622820026,3.980661046532928,0.4962489466889071,0.11947665064881532,0.5492831730947239,19.0,0.7713792399908184,247.97904805786615,w10,indole,106,16,3.32,1.01,10.5
45.888872975606226,2.823830771352498,0.8185685762870982,4.799229622820026,3.980661046532928,0.4962489466889071,0.0953492900173759,-0.3869159568089131,19.5,-1.0790380295654352,247.97904805786615,w10,indole,106,16,3.32,1.01,10.5
45.888872975606226,2.823830771352498,0.8185685762870982,4.799229622820026,3.980661046532928,0.4962489466889071,0.07603892505115768,1.0481550046489634,20.0,0.08495557006604892,247.97904805786615,w10,indole,106,16,3.32,1.01,10.5
45.888872975606226,2.823830771352498,0.8185685762870982,4.799229622820026,3.980661046532928,0.4962489466889071,0.06059751509513553,1.7765755489661823,20.5,-0.3224415968624603,247.97904805786615,w10,indole,106,16,3.32,1.01,10.5
45.888872975606226,2.823830771352498,0.8185685762870982,4.799229622820026,3.980661046532928,0.4962489466889071,0.04826019151447474,1.4784687645593464,21.0,-0.9560502310149364,247.97904805786615,w10,indole,106,16,3.32,1.01,10.5
45.888872975606226,2.823830771352498,0.8185685762870982,4.799229622820026,3.980661046532928,0.4962489466889071,0.038410731483131906,1.5902151753510378,21.5,0.29732310596245926,247.97904805786615,w10,indole,106,16,3.32,1.01,10.5
45.888872975606226,2.823830771352498,0.8185685762870982,4.799229622820026,3.980661046532928,0.4962489466889071,0.030553316577429504,0.6352102633557859,22.0,-1.405239481367306,247.97904805786615,w10,indole,106,16,3.32,1.01,10.5
52.52727964253819,2.400000001963481,1.3443473613819001,4.693360802205134,3.3490134408232333,0.6847869800361008,3.7065040696518026e-13,-5.618746224947611,-1.0,-9.564263698311574,241.6059185848345,w15,indole,107,21,3.44,0.89,10.5
52.52727964253819,2.400000001963481,1.3443473613819001,4.693360802205134,3.3490134408232333,0.6847869800361008,4.4233542694825363e-11,0.2777423653805542,-0.5,-2.5289824406214354,241.6059185848345,w15,indole,107,21,3.44,0.89,10.5
52.52727964253819,2.400000001963481,1.3443473613819001,4.693360802205134,3.3490134408232333,0.6847869800361008,5.278838124199709e-09,5.929572700017825,0.0,7.940124235932224,241.6059185848345,w15,indole,107,21,3.44,0.89,10.5
52.52727964253819,2.400000001963481,1.3443473613819001,4.693360802205134,3.3490134408232333,0.6847869800361008,6.298436094095848e-07,7.124845785394987,0.5,0.3254765589130031,241.6059185848345,w15,indole,107,21,3.44,0.89,10.5
52.52727964253819,2.400000001963481,1.3443473613819001,4.693360802205134,3.3490134408232333,0.6847869800361008,7.285398973420425e-05,10.887971920273229,1.0,8.110331078710265,241.6059185848345,w15,indole,107,21,3.44,0.89,10.5
52.52727964253819,2.400000001963481,1.3443473613819001,4.693360802205134,3.3490134408232333,0.6847869800361008,26.60956612075492,25.653849209667708,1.5,29.049286468401952,241.6059185848345,w15,indole,107,21,3.44,0.89,10.5
52.52727964253819,2.400000001963481,1.3443473613819001,4.693360802205134,3.3490134408232333,0.6847869800361008,50.153698637095445,42.80504619976601,2.0,48.05892067001865,241.6059185848345,w15,indole,107,21,3.44,0.89,10.5
52.52727964253819,2.400000001963481,1.3443473613819001,4.693360802205134,3.3490134408232333,0.6847869800361008,52.42479233389308,56.43005448341401,2.5,57.46180920919746,241.6059185848345,w15,indole,107,21,3.44,0.89,10.5
52.52727964253819,2.400000001963481,1.3443473613819001,4.693360802205134,3.3490134408232333,0.6847869800361008,49.74266825397625,54.125510751700745,3.0,61.24270013920692,241.6059185848345,w15,indole,107,21,3.44,0.89,10.5
52.52727964253819,2.400000001963481,1.3443473613819001,4.693360802205134,3.3490134408232333,0.6847869800361008,45.16475442616624,42.48009395559051,3.5,41.721173316159394,241.6059185848345,w15,indole,107,21,3.44,0.89,10.5
52.52727964253819,2.400000001963481,1.3443473613819001,4.693360802205134,3.3490134408232333,0.6847869800361008,39.977437237750415,45.58014346486475,4.0,48.34856529185252,241.6059185848345,w15,indole,107,21,3.44,0.89,10.5
52.52727964253819,2.400000001963481,1.3443473613819001,4.693360802205134,3.3490134408232333,0.6847869800361008,34.80287463364173,33.8746223060846,4.5,20.439033074188337,241.6059185848345,w15,indole,107,21,3.44,0.89,10.5
52.52727964253819,2.400000001963481,1.3443473613819001,4.693360802205134,3.3490134408232333,0.6847869800361008,29.945562323488996,27.370320314909797,5.0,20.114396964685902,241.6059185848345,w15,indole,107,21,3.44,0.89,10.5
52.52727964253819,2.400000001963481,1.3443473613819001,4.693360802205134,3.3490134408232333,0.6847869800361008,25.543161593335025,26.59190160865702,5.5,32.36802183283658,241.6059185848345,w15,indole,107,21,3.44,0.89,10.5
52.52727964253819,2.400000001963481,1.3443473613819001,4.693360802205134,3.3490134408232333,0.6847869800361008,21.642214855591575,14.951236750210349,6.0,-3.7252727840213025,241.6059185848345,w15,indole,107,21,3.44,0.89,10.5
52.52727964253819,2.400000001963481,1.3443473613819001,4.693360802205134,3.3490134408232333,0.6847869800361008,18.239360586521727,18.901529202020672,6.5,25.708976821870547,241.6059185848345,w15,indole,107,21,3.44,0.89,10.5
52.52727964253819,2.400000001963481,1.3443473613819001,4.693360802205134,3.3490134408232333,0.6847869800361008,15.30482645902207,12.641080669700381,7.0,-3.8019708260949168,241.6059185848345,w15,indole,107,21,3.44,0.89,10.5
52.52727964253819,2.400000001963481,1.3443473613819001,4.693360802205134,3.3490134408232333,0.6847869800361008,12.796129211065235,15.845162377425082,7.5,14.293177091620713,241.6059185848345,w15,indole,107,21,3.44,0.89,10.5
52.52727964253819,2.400000001963481,1.3443473613819001,4.693360802205134,3.3490134408232333,0.6847869800361008,10.666096650537252,14.394855623575655,8.0,13.459683421673663,241.6059185848345,w15,indole,107,21,3.44,0.89,10.5
52.52727964253819,2.400000001963481,1.3443473613819001,4.693360802205134,3.3490134408232333,0.6847869800361008,8.867496025394885,9.876759164006883,8.5,13.289971485272847,241.6059185848345,w15,indole,107,21,3.44,0.89,10.5
52.52727964253819,2.400000001963481,1.3443473613819001,4.693360802205134,3.3490134408232333,0.6847869800361008,7.355598986181316,13.088523022327388,9.0,14.929592363622346,241.6059185848345,w15,indole,107,21,3.44,0.89,10.5
52.52727964253819,2.400000001963481,1.3443473613819001,4.693360802205134,3.3490134408232333,0.6847869800361008,6.089484622484758,9.626122679188027,9.5,10.306066389861192,241.6059185848345,w15,indole,107,21,3.44,0.89,10.5
52.52727964253819,2.400000001963481,1.3443473613819001,4.693360802205134,3.3490134408232333,0.6847869800361008,5.032574856040163,7.957836111143306,10.0,12.484693961011535,241.6059185848345,w15,indole,107,21,3.44,0.89,10.5
52.52727964253819,2.400000001963481,1.3443473613819001,4.693360802205134,3.3490134408232333,0.6847869800361008,4.152711498117076,8.999569588736957,10.5,9.863805573217306,241.6059185848345,w15,indole,107,21,3.44,0.89,10.5
52.52727964253819,2.400000001963481,1.3443473613819001,4.693360802205134,3.3490134408232333,0.6847869800361008,3.421969884726957,4.717203719664555,11.0,-1.8419841295632562,241.6059185848345,w15,indole,107,21,3.44,0.89,10.5
52.52727964253819,2.400000001963481,1.3443473613819001,4.693360802205134,3.3490134408232333,0.6847869800361008,2.816331875397109,5.795240690383372,11.5,10.782571312149248,241.6059185848345,w15,indole,107,21,3.44,0.89,10.5
52.52727964253819,2.400000001963481,1.3443473613819001,4.693360802205134,3.3490134408232333,0.6847869800361008,2.3152949198321084,5.2227642521288145,12.0,6.542860099687633,241.6059185848345,w15,indole,107,21,3.44,0.89,10.5
52.52727964253819,2.400000001963481,1.3443473613819001,4.693360802205134,3.3490134408232333,0.6847869800361008,1.9014642281042284,1.055560552637897,12.5,0.5403250487360824,241.6059185848345,w15,indole,107,21,3.44,0.89,10.5
52.52727964253819,2.400000001963481,1.3443473613819001,4.693360802205134,3.3490134408232333,0.6847869800361008,1.5601559301001946,2.9006621363181404,13.0,5.203501590586585,241.6059185848345,w15,indole,107,21,3.44,0.89,10.5
52.52727964253819,2.400000001963481,1.3443473613819001,4.693360802205134,3.3490134408232333,0.6847869800361008,1.2790267847180063,1.8670432348148713,13.5,2.8200527934764104,241.6059185848345,w15,indole,107,21,3.44,0.89,10.5
52.52727964253819,2.400000001963481,1.3443473613819001,4.693360802205134,3.3490134408232333,0.6847869800361008,1.047738138157366,0.13257894936703396,14.0,0.9032196375474615,241.6059185848345,w15,indole,107,21,3.44,0.89,10.5
52.52727964253819,2.400000001963481,1.3443473613819001,4.693360802205134,3.3490134408232333,0.6847869800361008,0.8576569019084246,2.2364355784214243,14.5,3.643469307207738,241.6059185848345,w15,indole,107,21,3.44,0.89,10.5
52.52727964253819,2.400000001963481,1.3443473613819001,4.693360802205134,3.3490134408232333,0.6847869800361008,0.7015933192593926,-0.16289762354529946,15.0,-2.212204975777092,241.6059185848345,w15,indole,107,21,3.44,0.89,10.5
52.52727964253819,2.400000001963481,1.3443473613819001,4.693360802205134,3.3490134408232333,0.6847869800361008,0.5735735487436613,2.398969124779738,15.5,3.517803535910639,241.6059185848345,w15,indole,107,21,3.44,0.89,10.5
52.52727964253819,2.400000001963481,1.3443473613819001,4.693360802205134,3.3490134408232333,0.6847869800361008,0.46864417100268313,1.9090154090843439,16.0,5.595974484125373,241.6059185848345,w15,indole,107,21,3.44,0.89,10.5
52.52727964253819,2.400000001963481,1.3443473613819001,4.693360802205134,3.3490134408232333,0.6847869800361008,0.38270532659735995,1.170230249343346,16.5,0.19447104795300962,241.6059185848345,w15,indole,107,21,3.44,0.89,10.5
52.52727964253819,2.400000001963481,1.3443473613819001,4.693360802205134,3.3490134408232333,0.6847869800361008,0.3123691194187419,2.430575970925902,17.0,3.7422615965338406,241.6059185848345,w15,indole,107,21,3.44,0.89,10.5
52.52727964253819,2.400000001963481,1.3443473613819001,4.693360802205134,3.3490134408232333,0.6847869800361008,0.25484004279591155,0.8888949731097999,17.5,3.0483737443735874,241.6059185848345,w15,indole,107,21,3.44,0.89,10.5
52.52727964253819,2.400000001963481,1.3443473613819001,4.693360802205134,3.3490134408232333,0.6847869800361008,0.20781441709813653,1.7014716359254551,18.0,3.9323795056935182,241.6059185848345,w15,indole,107,21,3.44,0.89,10.5
52.52727964253819,2.400000001963481,1.3443473613819001,4.693360802205134,3.3490134408232333,0.6847869800361008,0.16939611266057297,1.3795990134365028,18.5,2.623648356753007,241.6059185848345,w15,indole,107,21,3.44,0.89,10.5
52.52727964253819,2.400000001963481,1.3443473613819001,4.693360802205134,3.3490134408232333,0.6847869800361008,0.13802613465011176,0.8217486197854913,19.0,1.064329643833235,241.6059185848345,w15,indole,107,21,3.44,0.89,10.5
52.52727964253819,2.400000001963481,1.3443473613819001,4.693360802205134,3.3490134408232333,0.6847869800361008,0.11242394511728247,-0.15411888896493364,19.5,0.9090907654890903,241.6059185848345,w15,indole,107,21,3.44,0.89,10.5
52.52727964253819,2.400000001963481,1.3443473613819001,4.693360802205134,3.3490134408232333,0.6847869800361008,0.09153867915041562,1.3307166478684995,20.0,2.7768543260979057,241.6059185848345,w15,indole,107,21,3.44,0.89,10.5
52.52727964253819,2.400000001963481,1.3443473613819001,4.693360802205134,3.3490134408232333,0.6847869800361008,0.0745086699640911,2.1050272206230964,20.5,5.9180164880558745,241.6059185848345,w15,indole,107,21,3.44,0.89,10.5
52.52727964253819,2.400000001963481,1.3443473613819001,4.693360802205134,3.3490134408232333,0.6847869800361008,0.06062792900895993,1.7754423555590373,21.0,5.0838892315445285,241.6059185848345,w15,indole,107,21,3.44,0.89,10.5
52.52727964253819,2.400000001963481,1.3443473613819001,4.693360802205134,3.3490134408232333,0.6847869800361008,0.04931843133054477,1.9010998145935756,21.5,4.866125551697058,241.6059185848345,w15,indole,107,21,3.44,0.89,10.5
52.52727964253819,2.400000001963481,1.3443473613819001,4.693360802205134,3.3490134408232333,0.6847869800361008,0.040107234460680326,0.8953046740134716,22.0,4.563827178067198,241.6059185848345,w15,indole,107,21,3.44,0.89,10.5
55.063997376464606,2.822600427440889,0.7637196359442979,4.385779380773078,3.62205974482878,0.4315718302449158,3.622046973827211e-19,-6.265143729579824,-1.0,-3.1755052443015686,263.50667690095537,w15,indole,108,21,3.13,0.92,10.5
55.063997376464606,2.822600427440889,0.7637196359442979,4.385779380773078,3.62205974482878,0.4315718302449158,3.9040126338302e-17,0.36099813917849843,-0.5,0.881760123569439,263.50667690095537,w15,indole,108,21,3.13,0.92,10.5
55.063997376464606,2.822600427440889,0.7637196359442979,4.385779380773078,3.62205974482878,0.4315718302449158,4.205927730324389e-15,6.560047532287552,0.0,8.968050993640283,263.50667690095537,w15,indole,108,21,3.13,0.92,10.5
55.063997376464606,2.822600427440889,0.7637196359442979,4.385779380773078,3.62205974482878,0.4315718302449158,4.232651869410958e-13,7.779649641053117,0.5,13.556266503111605,263.50667690095537,w15,indole,108,21,3.13,0.92,10.5
55.063997376464606,2.822600427440889,0.7637196359442979,4.385779380773078,3.62205974482878,0.4315718302449158,9.328346735800459,11.789289839925491,1.0,12.719881013493117,263.50667690095537,w15,indole,108,21,3.13,0.92,10.5
55.063997376464606,2.822600427440889,0.7637196359442979,4.385779380773078,3.62205974482878,0.4315718302449158,33.101012331347825,28.391316249307444,1.5,25.85790444604011,263.50667690095537,w15,indole,108,21,3.13,0.92,10.5
55.063997376464606,2.822600427440889,0.7637196359442979,4.385779380773078,3.62205974482878,0.4315718302449158,47.60451951211748,47.41552837339558,2.0,43.299354752610995,263.50667690095537,w15,indole,108,21,3.13,0.92,10.5
55.063997376464606,2.822600427440889,0.7637196359442979,4.385779380773078,3.62205974482878,0.4315718302449158,54.07716097900063,62.63336389846123,2.5,57.21735799924203,263.50667690095537,w15,indole,108,21,3.13,0.92,10.5
55.063997376464606,2.822600427440889,0.7637196359442979,4.385779380773078,3.62205974482878,0.4315718302449158,54.80989748960527,60.03819137995063,3.0,59.259915214818925,263.50667690095537,w15,indole,108,21,3.13,0.92,10.5
55.063997376464606,2.822600427440889,0.7637196359442979,4.385779380773078,3.62205974482878,0.4315718302449158,51.92413963774061,46.91827429433725,3.5,54.79514259392168,263.50667690095537,w15,indole,108,21,3.13,0.92,10.5
55.063997376464606,2.822600427440889,0.7637196359442979,4.385779380773078,3.62205974482878,0.4315718302449158,47.03853823619084,50.39541890528472,4.0,49.097034624917455,263.50667690095537,w15,indole,108,21,3.13,0.92,10.5
55.063997376464606,2.822600427440889,0.7637196359442979,4.385779380773078,3.62205974482878,0.4315718302449158,41.27802371975154,37.14081212553261,4.5,45.89807479433886,263.50667690095537,w15,indole,108,21,3.13,0.92,10.5
55.063997376464606,2.822600427440889,0.7637196359442979,4.385779380773078,3.62205974482878,0.4315718302449158,35.37098687527455,29.75135053584519,5.0,24.711797497482536,263.50667690095537,w15,indole,108,21,3.13,0.92,10.5
55.063997376464606,2.822600427440889,0.7637196359442979,4.385779380773078,3.62205974482878,0.4315718302449158,29.75438088561557,28.873701780791528,5.5,27.94633911101131,263.50667690095537,w15,indole,108,21,3.13,0.92,10.5
55.063997376464606,2.822600427440889,0.7637196359442979,4.385779380773078,3.62205974482878,0.4315718302449158,24.662891374115176,15.704627982373063,6.0,13.593364721156671,263.50667690095537,w15,indole,108,21,3.13,0.92,10.5
55.063997376464606,2.822600427440889,0.7637196359442979,4.385779380773078,3.62205974482878,0.4315718302449158,20.197498195948324,20.056493907845326,6.5,20.075280826810715,263.50667690095537,w15,indole,108,21,3.13,0.92,10.5
55.063997376464606,2.822600427440889,0.7637196359442979,4.385779380773078,3.62205974482878,0.4315718302449158,16.37527524763359,13.074867204011396,7.0,21.60929434041706,263.50667690095537,w15,indole,108,21,3.13,0.92,10.5
55.063997376464606,2.822600427440889,0.7637196359442979,4.385779380773078,3.62205974482878,0.4315718302449158,13.164087302202937,16.71650152121189,7.5,14.210140338645743,263.50667690095537,w15,indole,108,21,3.13,0.92,10.5
55.063997376464606,2.822600427440889,0.7637196359442979,4.385779380773078,3.62205974482878,0.4315718302449158,10.505887940405328,15.02738640256256,8.0,14.116102696069921,263.50667690095537,w15,indole,108,21,3.13,0.92,10.5
55.063997376464606,2.822600427440889,0.7637196359442979,4.385779380773078,3.62205974482878,0.4315718302449158,8.33176994823679,9.978330408693479,8.5,7.434321986753582,263.50667690095537,w15,indole,108,21,3.13,0.92,10.5
55.063997376464606,2.822600427440889,0.7637196359442979,4.385779380773078,3.62205974482878,0.4315718302449158,6.571241177430466,13.503552156249828,9.0,8.702294559461848,263.50667690095537,w15,indole,108,21,3.13,0.92,10.5
55.063997376464606,2.822600427440889,0.7637196359442979,4.385779380773078,3.62205974482878,0.4315718302449158,5.157575355908475,9.640229780274275,9.5,8.266719583230701,263.50667690095537,w15,indole,108,21,3.13,0.92,10.5
55.063997376464606,2.822600427440889,0.7637196359442979,4.385779380773078,3.62205974482878,0.4315718302449158,4.0305750221668815,7.727430038878588,10.0,9.385813079456547,263.50667690095537,w15,indole,108,21,3.13,0.92,10.5
55.063997376464606,2.822600427440889,0.7637196359442979,4.385779380773078,3.62205974482878,0.4315718302449158,3.137687387462233,8.854398025026418,10.5,6.250788250473887,263.50667690095537,w15,indole,108,21,3.13,0.92,10.5
55.063997376464606,2.822600427440889,0.7637196359442979,4.385779380773078,3.62205974482878,0.4315718302449158,2.434118900964047,4.015865566864526,11.0,7.490772553758777,263.50667690095537,w15,indole,108,21,3.13,0.92,10.5
55.063997376464606,2.822600427440889,0.7637196359442979,4.385779380773078,3.62205974482878,0.4315718302449158,1.8823808464679166,5.0912758548991315,11.5,6.716401345093699,263.50667690095537,w15,indole,108,21,3.13,0.92,10.5
55.063997376464606,2.822600427440889,0.7637196359442979,4.385779380773078,3.62205974482878,0.4315718302449158,1.4515474372195645,4.623306302385827,12.0,3.0276261100129194,263.50667690095537,w15,indole,108,21,3.13,0.92,10.5
55.063997376464606,2.822600427440889,0.7637196359442979,4.385779380773078,3.62205974482878,0.4315718302449158,1.1164034838061758,-0.053808338455194615,12.5,0.2012108142531548,263.50667690095537,w15,indole,108,21,3.13,0.92,10.5
55.063997376464606,2.822600427440889,0.7637196359442979,4.385779380773078,3.62205974482878,0.4315718302449158,0.8565879838915046,2.001658397243756,13.0,-0.15197235191397396,263.50667690095537,w15,indole,108,21,3.13,0.92,10.5
55.063997376464606,2.822600427440889,0.7637196359442979,4.385779380773078,3.62205974482878,0.4315718302449158,0.6557931505013392,0.8409187799841686,13.5,2.4516435182102576,263.50667690095537,w15,indole,108,21,3.13,0.92,10.5
55.063997376464606,2.822600427440889,0.7637196359442979,4.385779380773078,3.62205974482878,0.4315718302449158,0.5010482100527186,-1.070639910015415,14.0,-1.6069297282809551,263.50667690095537,w15,indole,108,21,3.13,0.92,10.5
55.063997376464606,2.822600427440889,0.7637196359442979,4.385779380773078,3.62205974482878,0.4315718302449158,0.38209850311085924,1.2080103043375257,14.5,2.0457793501431984,263.50667690095537,w15,indole,108,21,3.13,0.92,10.5
55.063997376464606,2.822600427440889,0.7637196359442979,4.385779380773078,3.62205974482878,0.4315718302449158,0.29087926289228516,-1.3742272344656001,15.0,-0.054624663014288366,263.50667690095537,w15,indole,108,21,3.13,0.92,10.5
55.063997376464606,2.822600427440889,0.7637196359442979,4.385779380773078,3.62205974482878,0.4315718302449158,0.22107730307719511,1.3850814416630501,15.5,0.15518434480342158,263.50667690095537,w15,indole,108,21,3.13,0.92,10.5
55.063997376464606,2.822600427440889,0.7637196359442979,4.385779380773078,3.62205974482878,0.4315718302449158,0.16777090700180006,0.8407582078545239,16.0,0.9032541092525539,263.50667690095537,w15,indole,108,21,3.13,0.92,10.5
55.063997376464606,2.822600427440889,0.7637196359442979,4.385779380773078,3.62205974482878,0.4315718302449158,0.12713724705838672,0.09963801112326198,16.5,0.1038869734636303,263.50667690095537,w15,indole,108,21,3.13,0.92,10.5
55.063997376464606,2.822600427440889,0.7637196359442979,4.385779380773078,3.62205974482878,0.4315718302449158,0.09621685891414554,1.4303372841442727,17.0,2.0733346963497263,263.50667690095537,w15,indole,108,21,3.13,0.92,10.5
55.063997376464606,2.822600427440889,0.7637196359442979,4.385779380773078,3.62205974482878,0.4315718302449158,0.07272551771052549,-0.24775316797407987,17.5,-0.28264822912084253,263.50667690095537,w15,indole,108,21,3.13,0.92,10.5
55.063997376464606,2.822600427440889,0.7637196359442979,4.385779380773078,3.62205974482878,0.4315718302449158,0.05490497539098252,0.6537462736154298,18.0,-0.2750344750274616,263.50667690095537,w15,indole,108,21,3.13,0.92,10.5
55.063997376464606,2.822600427440889,0.7637196359442979,4.385779380773078,3.62205974482878,0.4315718302449158,0.041405213623815766,0.28126465888397245,18.5,1.5670968912261976,263.50667690095537,w15,indole,108,21,3.13,0.92,10.5
55.063997376464606,2.822600427440889,0.7637196359442979,4.385779380773078,3.62205974482878,0.4315718302449158,0.03119202608872728,-0.3358146951439336,19.0,-1.2753082531815563,263.50667690095537,w15,indole,108,21,3.13,0.92,10.5
55.063997376464606,2.822600427440889,0.7637196359442979,4.385779380773078,3.62205974482878,0.4315718302449158,0.02347480393622475,-1.4220972501190592,19.5,-2.2098644175028563,263.50667690095537,w15,indole,108,21,3.13,0.92,10.5
55.063997376464606,2.822600427440889,0.7637196359442979,4.385779380773078,3.62205974482878,0.4315718302449158,0.017650331042216784,0.2863671913543602,20.0,-0.27270247601677644,263.50667690095537,w15,indole,108,21,3.13,0.92,10.5
55.063997376464606,2.822600427440889,0.7637196359442979,4.385779380773078,3.62205974482878,0.4315718302449158,0.013259194645907023,1.0725920672521976,20.5,-1.5783102071265862,263.50667690095537,w15,indole,108,21,3.13,0.92,10.5
55.063997376464606,2.822600427440889,0.7637196359442979,4.385779380773078,3.62205974482878,0.4315718302449158,0.00995208764925273,0.8006619143201021,21.0,0.4660967218208292,263.50667690095537,w15,indole,108,21,3.13,0.92,10.5
55.063997376464606,2.822600427440889,0.7637196359442979,4.385779380773078,3.62205974482878,0.4315718302449158,0.007463833154925927,0.894309561497916,21.5,1.142530172715945,263.50667690095537,w15,indole,108,21,3.13,0.92,10.5
55.063997376464606,2.822600427440889,0.7637196359442979,4.385779380773078,3.62205974482878,0.4315718302449158,0.005593414255076321,-0.1732717329905764,22.0,-2.4001217251345186,263.50667690095537,w15,indole,108,21,3.13,0.92,10.5
31.7930015401667,2.3130814517370615,1.355089666829923,4.354218314039072,2.9991286472091483,0.6805766282154647,1.9704228248294283e-13,-3.2587914605263446,-1.0,-2.1303344249673177,131.06050343629641,w15,indole,109,21,2.97,0.84,10.5
31.7930015401667,2.3130814517370615,1.355089666829923,4.354218314039072,2.9991286472091483,0.6805766282154647,2.2890031821950556e-11,0.19271494158459568,-0.5,2.2760424504942733,131.06050343629641,w15,indole,109,21,2.97,0.84,10.5
31.7930015401667,2.3130814517370615,1.355089666829923,4.354218314039072,2.9991286472091483,0.6805766282154647,2.6590885809046147e-09,3.4030171199315937,0.0,4.3869181410991445,131.06050343629641,w15,indole,109,21,2.97,0.84,10.5
31.7930015401667,2.3130814517370615,1.355089666829923,4.354218314039072,2.9991286472091483,0.6805766282154647,3.088420093649763e-07,4.023082548770907,0.5,7.196735988810018,131.06050343629641,w15,indole,109,21,2.97,0.84,10.5
31.7930015401667,2.3130814517370615,1.355089666829923,4.354218314039072,2.9991286472091483,0.6805766282154647,3.488341854925523e-05,6.084689996372007,1.0,7.815298189405239,131.06050343629641,w15,indole,109,21,2.97,0.84,10.5
31.7930015401667,2.3130814517370615,1.355089666829923,4.354218314039072,2.9991286472091483,0.6805766282154647,15.80366904164794,14.733661858817658,1.5,17.56191726027501,131.06050343629641,w15,indole,109,21,2.97,0.84,10.5
31.7930015401667,2.3130814517370615,1.355089666829923,4.354218314039072,2.9991286472091483,0.6805766282154647,30.73246185836321,24.61252747697401,2.0,27.090481343384337,131.06050343629641,w15,indole,109,21,2.97,0.84,10.5
31.7930015401667,2.3130814517370615,1.355089666829923,4.354218314039072,2.9991286472091483,0.6805766282154647,31.541890314840128,32.527907866540005,2.5,39.74125192520837,131.06050343629641,w15,indole,109,21,2.97,0.84,10.5
31.7930015401667,2.3130814517370615,1.355089666829923,4.354218314039072,2.9991286472091483,0.6805766282154647,29.266286597125003,31.175430646818384,3.0,31.961570175317455,131.06050343629641,w15,indole,109,21,2.97,0.84,10.5
31.7930015401667,2.3130814517370615,1.355089666829923,4.354218314039072,2.9991286472091483,0.6805766282154647,25.946683028718862,24.337247572748424,3.5,16.192225506175483,131.06050343629641,w15,indole,109,21,2.97,0.84,10.5
31.7930015401667,2.3130814517370615,1.355089666829923,4.354218314039072,2.9991286472091483,0.6805766282154647,22.408222268436734,26.147663132620426,4.0,25.765325353000385,131.06050343629641,w15,indole,109,21,2.97,0.84,10.5
31.7930015401667,2.3130814517370615,1.355089666829923,4.354218314039072,2.9991286472091483,0.6805766282154647,19.024587194215783,19.231053473980026,4.5,14.18314114599763,131.06050343629641,w15,indole,109,21,2.97,0.84,10.5
31.7930015401667,2.3130814517370615,1.355089666829923,4.354218314039072,2.9991286472091483,0.6805766282154647,15.958960110841364,15.372053365364675,5.0,16.415449531420798,131.06050343629641,w15,indole,109,21,2.97,0.84,10.5
31.7930015401667,2.3130814517370615,1.355089666829923,4.354218314039072,2.9991286472091483,0.6805766282154647,13.268496875387637,14.914535105052455,5.5,12.681392129061095,131.06050343629641,w15,indole,109,21,2.97,0.84,10.5
31.7930015401667,2.3130814517370615,1.355089666829923,4.354218314039072,2.9991286472091483,0.6805766282154647,10.955973819817308,8.044036623767095,6.0,10.228208578235316,131.06050343629641,w15,indole,109,21,2.97,0.84,10.5
31.7930015401667,2.3130814517370615,1.355089666829923,4.354218314039072,2.9991286472091483,0.6805766282154647,8.99714182282461,10.300147221917879,6.5,-1.5149619483236427,131.06050343629641,w15,indole,109,21,2.97,0.84,10.5
31.7930015401667,2.3130814517370615,1.355089666829923,4.354218314039072,2.9991286472091483,0.6805766282154647,7.355697754771853,6.670060417564213,7.0,-0.18180887347630348,131.06050343629641,w15,indole,109,21,2.97,0.84,10.5
31.7930015401667,2.3130814517370615,1.355089666829923,4.354218314039072,2.9991286472091483,0.6805766282154647,5.991529329499095,8.57201633521109,7.5,8.924215782322484,131.06050343629641,w15,indole,109,21,2.97,0.84,10.5
31.7930015401667,2.3130814517370615,1.355089666829923,4.354218314039072,2.9991286472091483,0.6805766282154647,4.865164006409232,7.684862590962234,8.0,8.278638274410952,131.06050343629641,w15,indole,109,21,2.97,0.84,10.5
31.7930015401667,2.3130814517370615,1.355089666829923,4.354218314039072,2.9991286472091483,0.6805766282154647,3.9400335644254167,5.05831124886055,8.5,6.6679247640721435,131.06050343629641,w15,indole,109,21,2.97,0.84,10.5
31.7930015401667,2.3130814517370615,1.355089666829923,4.354218314039072,2.9991286472091483,0.6805766282154647,3.183476873094646,6.884232201154747,9.0,5.225347553027598,131.06050343629641,w15,indole,109,21,2.97,0.84,10.5
31.7930015401667,2.3130814517370615,1.355089666829923,4.354218314039072,2.9991286472091483,0.6805766282154647,2.5670226561960052,4.875246733255611,9.5,4.156945606373386,131.06050343629641,w15,indole,109,21,2.97,0.84,10.5
31.7930015401667,2.3130814517370615,1.355089666829923,4.354218314039072,2.9991286472091483,0.6805766282154647,2.0662749538439,3.874196169167795,10.0,2.185846298125824,131.06050343629641,w15,indole,109,21,2.97,0.84,10.5
31.7930015401667,2.3130814517370615,1.355089666829923,4.354218314039072,2.9991286472091483,0.6805766282154647,1.66059421903343,4.455847723874972,10.5,4.312800951603813,131.06050343629641,w15,indole,109,21,2.97,0.84,10.5
31.7930015401667,2.3130814517370615,1.355089666829923,4.354218314039072,2.9991286472091483,0.6805766282154647,1.332688609482466,1.9322611281997157,11.0,0.5119981674820788,131.06050343629641,w15,indole,109,21,2.97,0.84,10.5
31.7930015401667,2.3130814517370615,1.355089666829923,4.354218314039072,2.9991286472091483,0.6805766282154647,1.068182154317338,2.4756853922427484,11.5,1.351254025067559,131.06050343629641,w15,indole,109,21,2.97,0.84,10.5
31.7930015401667,2.3130814517370615,1.355089666829923,4.354218314039072,2.9991286472091483,0.6805766282154647,0.8551971010065355,2.2535137587245546,12.0,3.3891502738025325,131.06050343629641,w15,indole,109,21,2.97,0.84,10.5
31.7930015401667,2.3130814517370615,1.355089666829923,4.354218314039072,2.9991286472091483,0.6805766282154647,0.6839697865404007,-0.18205082509947035,12.5,-1.2490206685013479,131.06050343629641,w15,indole,109,21,2.97,0.84,10.5
31.7930015401667,2.3130814517370615,1.355089666829923,4.354218314039072,2.9991286472091483,0.6805766282154647,0.5465085245212205,0.8864153074655068,13.0,2.9953285368627514,131.06050343629641,w15,indole,109,21,2.97,0.84,10.5
31.7930015401667,2.3130814517370615,1.355089666829923,4.354218314039072,2.9991286472091483,0.6805766282154647,0.4362955963235153,0.2818913787843462,13.5,1.9662961286982878,131.06050343629641,w15,indole,109,21,2.97,0.84,10.5
31.7930015401667,2.3130814517370615,1.355089666829923,4.354218314039072,2.9991286472091483,0.6805766282154647,0.3480318126702934,-0.7092033068964094,14.0,-1.3457753068328433,131.06050343629641,w15,indole,109,21,2.97,0.84,10.5
31.7930015401667,2.3130814517370615,1.355089666829923,4.354218314039072,2.9991286472091483,0.6805766282154647,0.27742021738713674,0.46719507289951023,14.5,1.0260772543529835,131.06050343629641,w15,indole,109,21,2.97,0.84,10.5
31.7930015401667,2.3130814517370615,1.355089666829923,4.354218314039072,2.9991286472091483,0.6805766282154647,0.2209846674454577,-0.863836306075263,15.0,-0.10794558530795029,131.06050343629641,w15,indole,109,21,2.97,0.84,10.5
31.7930015401667,2.3130814517370615,1.355089666829923,4.354218314039072,2.9991286472091483,0.6805766282154647,0.17591881624433525,0.5587436419800272,15.5,0.05216673111763803,131.06050343629641,w15,indole,109,21,2.97,0.84,10.5
31.7930015401667,2.3130814517370615,1.355089666829923,4.354218314039072,2.9991286472091483,0.6805766282154647,0.13996118009980443,0.27598052747500035,16.0,0.3600268515717788,131.06050343629641,w15,indole,109,21,2.97,0.84,10.5
31.7930015401667,2.3130814517370615,1.355089666829923,4.354218314039072,2.9991286472091483,0.6805766282154647,0.11129231131132661,-0.09909445797271776,16.5,0.5777607294031193,131.06050343629641,w15,indole,109,21,2.97,0.84,10.5
31.7930015401667,2.3130814517370615,1.355089666829923,4.354218314039072,2.9991286472091483,0.6805766282154647,0.08845052998493072,0.5835160621453835,17.0,2.0086752827059398,131.06050343629641,w15,indole,109,21,2.97,0.84,10.5
31.7930015401667,2.3130814517370615,1.355089666829923,4.354218314039072,2.9991286472091483,0.6805766282154647,0.07026311779161652,-0.28389466590319556,17.5,-0.1340636179822915,131.06050343629641,w15,indole,109,21,2.97,0.84,10.5
31.7930015401667,2.3130814517370615,1.355089666829923,4.354218314039072,2.9991286472091483,0.6805766282154647,0.055790313555863995,0.1842576824689779,18.0,1.7297741185629132,131.06050343629641,w15,indole,109,21,2.97,0.84,10.5
31.7930015401667,2.3130814517370615,1.355089666829923,4.354218314039072,2.9991286472091483,0.6805766282154647,0.04427985349148348,-0.011092358694128057,18.5,-0.39468971112296203,131.06050343629641,w15,indole,109,21,2.97,0.84,10.5
31.7930015401667,2.3130814517370615,1.355089666829923,4.354218314039072,2.9991286472091483,0.6805766282154647,0.0351301590979464,-0.3313174165544306,19.0,-0.43310058775551696,131.06050343629641,w15,indole,109,21,2.97,0.84,10.5
31.7930015401667,2.3130814517370615,1.355089666829923,4.354218314039072,2.9991286472091483,0.6805766282154647,0.02786059069442145,-0.8958802183862298,19.5,1.01511979325634,131.06050343629641,w15,indole,109,21,2.97,0.84,10.5
31.7930015401667,2.3130814517370615,1.355089666829923,4.354218314039072,2.9991286472091483,0.6805766282154647,0.022087455540577818,-0.0010426637194109745,20.0,0.47103600004552826,131.06050343629641,w15,indole,109,21,2.97,0.84,10.5
31.7930015401667,2.3130814517370615,1.355089666829923,4.354218314039072,2.9991286472091483,0.6805766282154647,0.01750468974250683,0.3981652009382429,20.5,2.2184755881358944,131.06050343629641,w15,indole,109,21,2.97,0.84,10.5
31.7930015401667,2.3130814517370615,1.355089666829923,4.354218314039072,2.9991286472091483,0.6805766282154647,0.013868326890705295,0.2686394168954265,21.0,1.5298808901685141,131.06050343629641,w15,indole,109,21,2.97,0.84,10.5
31.7930015401667,2.3130814517370615,1.355089666829923,4.354218314039072,2.9991286472091483,0.6805766282154647,0.010984028138466554,0.31156390795964684,21.5,-0.4590368897155722,131.06050343629641,w15,indole,109,21,2.97,0.84,10.5
31.7930015401667,2.3130814517370615,1.355089666829923,4.354218314039072,2.9991286472091483,0.6805766282154647,0.008697082619694383,-0.2368139985992186,22.0,0.6793934659946832,131.06050343629641,w15,indole,109,21,2.97,0.84,10.5
42.762139604742316,2.502282396759818,1.3744003574262034,5.457085424500928,4.082685067074724,0.7237401316036971,9.928153054872055e-13,-4.80314476669732,-1.0,-2.22562496218149,237.48426006188362,w15,indole,110,21,3.44,0.99,10.5
42.762139604742316,2.502282396759818,1.3744003574262034,5.457085424500928,4.082685067074724,0.7237401316036971,1.2440885343630385e-10,0.18267546366653065,-0.5,0.627385327922795,237.48426006188362,w15,indole,110,21,3.44,0.99,10.5
42.762139604742316,2.502282396759818,1.3744003574262034,5.457085424500928,4.082685067074724,0.7237401316036971,1.558955258469819e-08,5.12897256549398,0.0,3.8912274351846463,237.48426006188362,w15,indole,110,21,3.44,0.99,10.5
42.762139604742316,2.502282396759818,1.3744003574262034,5.457085424500928,4.082685067074724,0.7237401316036971,1.953204505730154e-06,6.275560132906518,0.5,3.3243063866220375,237.48426006188362,w15,indole,110,21,3.44,0.99,10.5
42.762139604742316,2.502282396759818,1.3744003574262034,5.457085424500928,4.082685067074724,0.7237401316036971,0.00023913568097385293,9.698526613725123,1.0,8.78883354775631,237.48426006188362,w15,indole,110,21,3.44,0.99,10.5
42.762139604742316,2.502282396759818,1.3744003574262034,5.457085424500928,4.082685067074724,0.7237401316036971,20.21460234996794,22.174065199667368,1.5,19.16977424945754,237.48426006188362,w15,indole,110,21,3.44,0.99,10.5
42.762139604742316,2.502282396759818,1.3744003574262034,5.457085424500928,4.082685067074724,0.7237401316036971,40.39673841876007,36.95061757336844,2.0,33.225451585019805,237.48426006188362,w15,indole,110,21,3.44,0.99,10.5
42.762139604742316,2.502282396759818,1.3744003574262034,5.457085424500928,4.082685067074724,0.7237401316036971,42.76155325164911,48.57382970963549,2.5,44.76660372847689,237.48426006188362,w15,indole,110,21,3.44,0.99,10.5
42.762139604742316,2.502282396759818,1.3744003574262034,5.457085424500928,4.082685067074724,0.7237401316036971,41.54338931355304,46.631206155721614,3.0,42.73736146079584,237.48426006188362,w15,indole,110,21,3.44,0.99,10.5
42.762139604742316,2.502282396759818,1.3744003574262034,5.457085424500928,4.082685067074724,0.7237401316036971,38.85702055330236,36.82112956816023,3.5,43.78225759991701,237.48426006188362,w15,indole,110,21,3.44,0.99,10.5
42.762139604742316,2.502282396759818,1.3744003574262034,5.457085424500928,4.082685067074724,0.7237401316036971,35.563197828504336,39.44956674352707,4.0,37.68430722227234,237.48426006188362,w15,indole,110,21,3.44,0.99,10.5
42.762139604742316,2.502282396759818,1.3744003574262034,5.457085424500928,4.082685067074724,0.7237401316036971,32.09287511266747,29.66251967830359,4.5,33.87595560273682,237.48426006188362,w15,indole,110,21,3.44,0.99,10.5
42.762139604742316,2.502282396759818,1.3744003574262034,5.457085424500928,4.082685067074724,0.7237401316036971,28.676028737391896,24.251067248483544,5.0,29.31745975736399,237.48426006188362,w15,indole,110,21,3.44,0.99,10.5
42.762139604742316,2.502282396759818,1.3744003574262034,5.457085424500928,4.082685067074724,0.7237401316036971,25.435846563526553,23.596065178431168,5.5,19.45904146920357,237.48426006188362,w15,indole,110,21,3.44,0.99,10.5
42.762139604742316,2.502282396759818,1.3744003574262034,5.457085424500928,4.082685067074724,0.7237401316036971,22.434707076596112,13.849943749946389,6.0,18.205771695146822,237.48426006188362,w15,indole,110,21,3.44,0.99,10.5
42.762139604742316,2.502282396759818,1.3744003574262034,5.457085424500928,4.082685067074724,0.7237401316036971,19.69909311923085,17.286103791616824,6.5,22.383573285092666,237.48426006188362,w15,indole,110,21,3.44,0.99,10.5
42.762139604742316,2.502282396759818,1.3744003574262034,5.457085424500928,4.082685067074724,0.7237401316036971,17.234036425254697,11.9336794089233,7.0,19.511826600498395,237.48426006188362,w15,indole,110,21,3.44,0.99,10.5
42.762139604742316,2.502282396759818,1.3744003574262034,5.457085424500928,4.082685067074724,0.7237401316036971,15.031870680244788,14.597747242506065,7.5,15.110549595345587,237.48426006188362,w15,indole,110,21,3.44,0.99,10.5
42.762139604742316,2.502282396759818,1.3744003574262034,5.457085424500928,4.082685067074724,0.7237401316036971,13.077684874752686,13.436695687867113,8.0,13.019695167348765,237.48426006188362,w15,indole,110,21,3.44,0.99,10.5
42.762139604742316,2.502282396759818,1.3744003574262034,5.457085424500928,4.082685067074724,0.7237401316036971,11.352772275356013,9.585450985970473,8.5,10.09261214893011,237.48426006188362,w15,indole,110,21,3.44,0.99,10.5
42.762139604742316,2.502282396759818,1.3744003574262034,5.457085424500928,4.082685067074724,0.7237401316036971,9.836820145910618,12.393543241224279,9.0,14.401628512617423,237.48426006188362,w15,indole,110,21,3.44,0.99,10.5
42.762139604742316,2.502282396759818,1.3744003574262034,5.457085424500928,4.082685067074724,0.7237401316036971,8.509289341228634,9.435608280307811,9.5,11.339979020427712,237.48426006188362,w15,indole,110,21,3.44,0.99,10.5
42.762139604742316,2.502282396759818,1.3744003574262034,5.457085424500928,4.082685067074724,0.7237401316036971,7.35026446122592,8.066850152709467,10.0,4.190537501175948,237.48426006188362,w15,indole,110,21,3.44,0.99,10.5
42.762139604742316,2.502282396759818,1.3744003574262034,5.457085424500928,4.082685067074724,0.7237401316036971,6.340954958603016,8.99572911860726,10.5,10.245164156519996,237.48426006188362,w15,indole,110,21,3.44,0.99,10.5
42.762139604742316,2.502282396759818,1.3744003574262034,5.457085424500928,4.082685067074724,0.7237401316036971,5.463965624540728,5.403613942937147,11.0,8.141620941304222,237.48426006188362,w15,indole,110,21,3.44,0.99,10.5
42.762139604742316,2.502282396759818,1.3744003574262034,5.457085424500928,4.082685067074724,0.7237401316036971,4.703415421840442,6.464762851038508,11.5,5.343346244946998,237.48426006188362,w15,indole,110,21,3.44,0.99,10.5
42.762139604742316,2.502282396759818,1.3744003574262034,5.457085424500928,4.082685067074724,0.7237401316036971,4.044957896679389,5.78784879741518,12.0,6.611997762665331,237.48426006188362,w15,indole,110,21,3.44,0.99,10.5
42.762139604742316,2.502282396759818,1.3744003574262034,5.457085424500928,4.082685067074724,0.7237401316036971,3.475739280283347,2.2579097117997584,12.5,2.4551424727205826,237.48426006188362,w15,indole,110,21,3.44,0.99,10.5
42.762139604742316,2.502282396759818,1.3744003574262034,5.457085424500928,4.082685067074724,0.7237401316036971,2.984318828958087,3.837796168729519,13.0,3.910101889368362,237.48426006188362,w15,indole,110,21,3.44,0.99,10.5
42.762139604742316,2.502282396759818,1.3744003574262034,5.457085424500928,4.082685067074724,0.7237401316036971,2.5605680496570704,2.962950657431307,13.5,0.6849008604935773,237.48426006188362,w15,indole,110,21,3.44,0.99,10.5
42.762139604742316,2.502282396759818,1.3744003574262034,5.457085424500928,4.082685067074724,0.7237401316036971,2.195560013575728,1.4550796236009993,14.0,2.092979028703038,237.48426006188362,w15,indole,110,21,3.44,0.99,10.5
42.762139604742316,2.502282396759818,1.3744003574262034,5.457085424500928,4.082685067074724,0.7237401316036971,1.8814561883208885,3.328096879938875,14.5,1.7269150016283132,237.48426006188362,w15,indole,110,21,3.44,0.99,10.5
42.762139604742316,2.502282396759818,1.3744003574262034,5.457085424500928,4.082685067074724,0.7237401316036971,1.6113956000119294,1.173944127700283,15.0,1.1088746187443137,237.48426006188362,w15,indole,110,21,3.44,0.99,10.5
42.762139604742316,2.502282396759818,1.3744003574262034,5.457085424500928,4.082685067074724,0.7237401316036971,1.3793893194001496,3.471659799765752,15.5,3.7985992152444297,237.48426006188362,w15,indole,110,21,3.44,0.99,10.5
42.762139604742316,2.502282396759818,1.3744003574262034,5.457085424500928,4.082685067074724,0.7237401316036971,1.1802220106386088,3.0504917320203626,16.0,1.3480862082843053,237.48426006188362,w15,indole,110,21,3.44,0.99,10.5
42.762139604742316,2.502282396759818,1.3744003574262034,5.457085424500928,4.082685067074724,0.7237401316036971,1.0093614213806485,2.3278279929208447,16.5,2.3614421500796006,237.48426006188362,w15,indole,110,21,3.44,0.99,10.5
42.762139604742316,2.502282396759818,1.3744003574262034,5.457085424500928,4.082685067074724,0.7237401316036971,0.8628761120776329,3.487675219774009,17.0,1.5865960300045845,237.48426006188362,w15,indole,110,21,3.44,0.99,10.5
42.762139604742316,2.502282396759818,1.3744003574262034,5.457085424500928,4.082685067074724,0.7237401316036971,0.7373613386277792,2.1243042322098464,17.5,0.9709067519656638,237.48426006188362,w15,indole,110,21,3.44,0.99,10.5
42.762139604742316,2.502282396759818,1.3744003574262034,5.457085424500928,4.082685067074724,0.7237401316036971,0.629872757666586,2.8241738726926107,18.0,2.0490037020394727,237.48426006188362,w15,indole,110,21,3.44,0.99,10.5
42.762139604742316,2.502282396759818,1.3744003574262034,5.457085424500928,4.082685067074724,0.7237401316036971,0.5378674762734257,2.563867448684369,18.5,1.627628650778409,237.48426006188362,w15,indole,110,21,3.44,0.99,10.5
42.762139604742316,2.502282396759818,1.3744003574262034,5.457085424500928,4.082685067074724,0.7237401316036971,0.45915188802180884,2.0813928561030792,19.0,2.234814532070491,237.48426006188362,w15,indole,110,21,3.44,0.99,10.5
42.762139604742316,2.502282396759818,1.3744003574262034,5.457085424500928,4.082685067074724,0.7237401316036971,0.3918357038827349,1.2448658569612006,19.5,-0.7919593267038159,237.48426006188362,w15,indole,110,21,3.44,0.99,10.5
42.762139604742316,2.502282396759818,1.3744003574262034,5.457085424500928,4.082685067074724,0.7237401316036971,0.33429158431048556,2.4565075905722726,20.0,1.227319427533537,237.48426006188362,w15,indole,110,21,3.44,0.99,10.5
42.762139604742316,2.502282396759818,1.3744003574262034,5.457085424500928,4.082685067074724,0.7237401316036971,0.2851197970626373,3.2035094438979934,20.5,2.23078902825666,237.48426006188362,w15,indole,110,21,3.44,0.99,10.5
42.762139604742316,2.502282396759818,1.3744003574262034,5.457085424500928,4.082685067074724,0.7237401316036971,0.24311735624120182,2.816560498076361,21.0,1.6678837495500862,237.48426006188362,w15,indole,110,21,3.44,0.99,10.5
42.762139604742316,2.502282396759818,1.3744003574262034,5.457085424500928,4.082685067074724,0.7237401316036971,0.20725113627565056,2.9751181055001528,21.5,3.0578304748932488,237.48426006188362,w15,indole,110,21,3.44,0.99,10.5
42.762139604742316,2.502282396759818,1.3744003574262034,5.457085424500928,4.082685067074724,0.7237401316036971,0.17663449633413617,2.0557289510717265,22.0,1.1591975766915796,237.48426006188362,w15,indole,110,21,3.44,0.99,10.5
45.888872975606226,2.823830771352498,0.8185685762870982,4.799229622820026,3.980661046532928,0.4962489466889071,1.401276851389584e-16,-5.393297654014063,-1.0,-6.516413947253415,247.97904805786615,w15,indole,111,21,3.32,1.01,10.5
45.888872975606226,2.823830771352498,0.8185685762870982,4.799229622820026,3.980661046532928,0.4962489466889071,1.6146179518728968e-14,0.2754029545225123,-0.5,0.2871130541921332,247.97904805786615,w15,indole,111,21,3.32,1.01,10.5
45.888872975606226,2.823830771352498,0.8185685762870982,4.799229622820026,3.980661046532928,0.4962489466889071,1.859928493265267e-12,5.679920797053855,0.0,0.9030327773667537,247.97904805786615,w15,indole,111,21,3.32,1.01,10.5
45.888872975606226,2.823830771352498,0.8185685762870982,4.799229622820026,3.980661046532928,0.4962489466889071,2.0585773911141424e-10,6.805485896203663,0.5,5.726244034675386,247.97904805786615,w15,indole,111,21,3.32,1.01,10.5
45.888872975606226,2.823830771352498,0.8185685762870982,4.799229622820026,3.980661046532928,0.4962489466889071,8.667327791858227,10.38150534044468,1.0,10.746838258500919,247.97904805786615,w15,indole,111,21,3.32,1.01,10.5
45.888872975606226,2.823830771352498,0.8185685762870982,4.799229622820026,3.980661046532928,0.4962489466889071,29.953092972874924,24.57866739774893,1.5,22.90233938310174,247.97904805786615,w15,indole,111,21,3.32,1.01,10.5
45.888872975606226,2.823830771352498,0.8185685762870982,4.799229622820026,3.980661046532928,0.4962489466889071,40.69944896134811,41.019812672729856,2.0,39.41407052192531,247.97904805786615,w15,indole,111,21,3.32,1.01,10.5
45.888872975606226,2.823830771352498,0.8185685762870982,4.799229622820026,3.980661046532928,0.4962489466889071,45.21199592868651,54.10072685243324,2.5,52.796591045260136,247.97904805786615,w15,indole,111,21,3.32,1.01,10.5
45.888872975606226,2.823830771352498,0.8185685762870982,4.799229622820026,3.980661046532928,0.4962489466889071,45.719299898043054,51.884171234463665,3.0,44.81561519935396,247.97904805786615,w15,indole,111,21,3.32,1.01,10.5
45.888872975606226,2.823830771352498,0.8185685762870982,4.799229622820026,3.980661046532928,0.4962489466889071,43.767712595942236,40.68225939530421,3.5,37.11069519460677,247.97904805786615,w15,indole,111,21,3.32,1.01,10.5
45.888872975606226,2.823830771352498,0.8185685762870982,4.799229622820026,3.980661046532928,0.4962489466889071,40.420950688564545,43.6613095650394,4.0,43.87611423219466,247.97904805786615,w15,indole,111,21,3.32,1.01,10.5
45.888872975606226,2.823830771352498,0.8185685762870982,4.799229622820026,3.980661046532928,0.4962489466889071,36.394291642470506,32.388828202758,4.5,37.8641419229459,247.97904805786615,w15,indole,111,21,3.32,1.01,10.5
45.888872975606226,2.823830771352498,0.8185685762870982,4.799229622820026,3.980661046532928,0.4962489466889071,32.155250240477514,26.120504340286672,5.0,30.66353269992499,247.97904805786615,w15,indole,111,21,3.32,1.01,10.5
45.888872975606226,2.823830771352498,0.8185685762870982,4.799229622820026,3.980661046532928,0.4962489466889071,27.997637475136234,25.371603497492696,5.5,28.13342387940882,247.97904805786615,w15,indole,111,21,3.32,1.01,10.5
45.888872975606226,2.823830771352498,0.8185685762870982,4.799229622820026,3.980661046532928,0.4962489466889071,24.09533419377301,14.163882136835106,6.0,22.69464845128128,247.97904805786615,w15,indole,111,21,3.32,1.01,10.5
45.888872975606226,2.823830771352498,0.8185685762870982,4.799229622820026,3.980661046532928,0.4962489466889071,20.540926293675934,17.944955139244243,6.5,25.087490457257495,247.97904805786615,w15,indole,111,21,3.32,1.01,10.5
45.888872975606226,2.823830771352498,0.8185685762870982,4.799229622820026,3.980661046532928,0.4962489466889071,17.373179961826224,11.936545306779783,7.0,20.621469650726397,247.97904805786615,w15,indole,111,21,3.32,1.01,10.5
45.888872975606226,2.823830771352498,0.8185685762870982,4.799229622820026,3.980661046532928,0.4962489466889071,14.596364092463203,15.024670323751456,7.5,17.758915843525212,247.97904805786615,w15,indole,111,21,3.32,1.01,10.5
45.888872975606226,2.823830771352498,0.8185685762870982,4.799229622820026,3.980661046532928,0.4962489466889071,12.19366414421377,13.619089950710626,8.0,13.89140538390837,247.97904805786615,w15,indole,111,21,3.32,1.01,10.5
45.888872975606226,2.823830771352498,0.8185685762870982,4.799229622820026,3.980661046532928,0.4962489466889071,10.136347801925474,9.280888791873839,8.5,6.159436768530515,247.97904805786615,w15,indole,111,21,3.32,1.01,10.5
45.888872975606226,2.823830771352498,0.8185685762870982,4.799229622820026,3.980661046532928,0.4962489466889071,8.389902203452179,12.352586610430345,9.0,12.991173039312017,247.97904805786615,w15,indole,111,21,3.32,1.01,10.5
45.888872975606226,2.823830771352498,0.8185685762870982,4.799229622820026,3.980661046532928,0.4962489466889071,6.918033065524162,9.029184917545576,9.5,8.323659163726958,247.97904805786615,w15,indole,111,21,3.32,1.01,10.5
45.888872975606226,2.823830771352498,0.8185685762870982,4.799229622820026,3.980661046532928,0.4962489466889071,5.685171432488856,7.418095789906724,10.0,9.176681630818974,247.97904805786615,w15,indole,111,21,3.32,1.01,10.5
45.888872975606226,2.823830771352498,0.8185685762870982,4.799229622820026,3.980661046532928,0.4962489466889071,4.657953190126988,8.41126913103928,10.5,7.952492287932054,247.97904805786615,w15,indole,111,21,3.32,1.01,10.5
45.888872975606226,2.823830771352498,0.8185685762870982,4.799229622820026,3.980661046532928,0.4962489466889071,3.806003887263883,4.289336884469037,11.0,6.155417321849271,247.97904805786615,w15,indole,111,21,3.32,1.01,10.5
45.888872975606226,2.823830771352498,0.8185685762870982,4.799229622820026,3.980661046532928,0.4962489466889071,3.1022645590986975,5.299824249085777,11.5,2.7750506871453267,247.97904805786615,w15,indole,111,21,3.32,1.01,10.5
45.888872975606226,2.823830771352498,0.8185685762870982,4.799229622820026,3.980661046532928,0.4962489466889071,2.5230239031498463,4.7828548667367095,12.0,4.203112295765807,247.97904805786615,w15,indole,111,21,3.32,1.01,10.5
45.888872975606226,2.823830771352498,0.8185685762870982,4.799229622820026,3.980661046532928,0.4962489466889071,2.047771377047096,0.777730718374471,12.5,2.16817987803242,247.97904805786615,w15,indole,111,21,3.32,1.01,10.5
45.888872975606226,2.823830771352498,0.8185685762870982,4.799229622820026,3.980661046532928,0.4962489466889071,1.6589493766575925,2.5481348442081284,13.0,-0.7225124798678448,247.97904805786615,w15,indole,111,21,3.32,1.01,10.5
45.888872975606226,2.823830771352498,0.8185685762870982,4.799229622820026,3.980661046532928,0.4962489466889071,1.3416567505341952,1.5545949305588627,13.5,1.292597431193883,247.97904805786615,w15,indole,111,21,3.32,1.01,10.5
45.888872975606226,2.823830771352498,0.8185685762870982,4.799229622820026,3.980661046532928,0.4962489466889071,1.0833376493976734,-0.10571727512072338,14.0,-0.15982484452153667,247.97904805786615,w15,indole,111,21,3.32,1.01,10.5
45.888872975606226,2.823830771352498,0.8185685762870982,4.799229622820026,3.980661046532928,0.4962489466889071,0.8734769835928337,1.900574462618488,14.5,2.3768764363482093,247.97904805786615,w15,indole,111,21,3.32,1.01,10.5
45.888872975606226,2.823830771352498,0.8185685762870982,4.799229622820026,3.980661046532928,0.4962489466889071,0.7033150129569218,-0.3843609807805173,15.0,-0.9786567703455715,247.97904805786615,w15,indole,111,21,3.32,1.01,10.5
45.888872975606226,2.823830771352498,0.8185685762870982,4.799229622820026,3.980661046532928,0.4962489466889071,0.5655876843178337,2.055767516502354,15.5,1.9108981008074915,247.97904805786615,w15,indole,111,21,3.32,1.01,10.5
45.888872975606226,2.823830771352498,0.8185685762870982,4.799229622820026,3.980661046532928,0.4962489466889071,0.4542954325153055,1.5859332059988425,16.0,0.9840482794299605,247.97904805786615,w15,indole,111,21,3.32,1.01,10.5
45.888872975606226,2.823830771352498,0.8185685762870982,4.799229622820026,3.980661046532928,0.4962489466889071,0.3645006700199733,0.8926527367979298,16.5,1.1005913175243074,247.97904805786615,w15,indole,111,21,3.32,1.01,10.5
45.888872975606226,2.823830771352498,0.8185685762870982,4.799229622820026,3.980661046532928,0.4962489466889071,0.2921526743443885,2.088007748336516,17.0,1.267128868393387,247.97904805786615,w15,indole,111,21,3.32,1.01,10.5
45.888872975606226,2.823830771352498,0.8185685762870982,4.799229622820026,3.980661046532928,0.4962489466889071,0.23393773097599918,0.61623621253056,17.5,0.35588985728222644,247.97904805786615,w15,indole,111,21,3.32,1.01,10.5
45.888872975606226,2.823830771352498,0.8185685762870982,4.799229622820026,3.980661046532928,0.4962489466889071,0.18715198182830878,1.3952076999495655,18.0,-0.8674964468790443,247.97904805786615,w15,indole,111,21,3.32,1.01,10.5
45.888872975606226,2.823830771352498,0.8185685762870982,4.799229622820026,3.980661046532928,0.4962489466889071,0.14959430979269342,1.083716662574869,18.5,1.1766556040014577,247.97904805786615,w15,indole,111,21,3.32,1.01,10.5
45.888872975606226,2.823830771352498,0.8185685762870982,4.799229622820026,3.980661046532928,0.4962489466889071,0.11947665064881532,0.5492831730947239,19.0,0.7713792399908184,247.97904805786615,w15,indole,111,21,3.32,1.01,10.5
45.888872975606226,2.823830771352498,0.8185685762870982,4.799229622820026,3.980661046532928,0.4962489466889071,0.0953492900173759,-0.3869159568089131,19.5,-1.0790380295654352,247.97904805786615,w15,indole,111,21,3.32,1.01,10.5
45.888872975606226,2.823830771352498,0.8185685762870982,4.799229622820026,3.980661046532928,0.4962489466889071,0.07603892505115768,1.0481550046489634,20.0,0.08495557006604892,247.97904805786615,w15,indole,111,21,3.32,1.01,10.5
45.888872975606226,2.823830771352498,0.8185685762870982,4.799229622820026,3.980661046532928,0.4962489466889071,0.06059751509513553,1.7765755489661823,20.5,-0.3224415968624603,247.97904805786615,w15,indole,111,21,3.32,1.01,10.5
45.888872975606226,2.823830771352498,0.8185685762870982,4.799229622820026,3.980661046532928,0.4962489466889071,0.04826019151447474,1.4784687645593464,21.0,-0.9560502310149364,247.97904805786615,w15,indole,111,21,3.32,1.01,10.5
45.888872975606226,2.823830771352498,0.8185685762870982,4.799229622820026,3.980661046532928,0.4962489466889071,0.038410731483131906,1.5902151753510378,21.5,0.29732310596245926,247.97904805786615,w15,indole,111,21,3.32,1.01,10.5
45.888872975606226,2.823830771352498,0.8185685762870982,4.799229622820026,3.980661046532928,0.4962489466889071,0.030553316577429504,0.6352102633557859,22.0,-1.405239481367306,247.97904805786615,w15,indole,111,21,3.32,1.01,10.5
52.52727964253819,2.400000001963481,1.3443473613819001,4.693360802205134,3.3490134408232333,0.6847869800361008,3.7065040696518026e-13,-5.618746224947611,-1.0,-9.564263698311574,241.6059185848345,w20,indole,112,26,3.44,0.89,10.5
52.52727964253819,2.400000001963481,1.3443473613819001,4.693360802205134,3.3490134408232333,0.6847869800361008,4.4233542694825363e-11,0.2777423653805542,-0.5,-2.5289824406214354,241.6059185848345,w20,indole,112,26,3.44,0.89,10.5
52.52727964253819,2.400000001963481,1.3443473613819001,4.693360802205134,3.3490134408232333,0.6847869800361008,5.278838124199709e-09,5.929572700017825,0.0,7.940124235932224,241.6059185848345,w20,indole,112,26,3.44,0.89,10.5
52.52727964253819,2.400000001963481,1.3443473613819001,4.693360802205134,3.3490134408232333,0.6847869800361008,6.298436094095848e-07,7.124845785394987,0.5,0.3254765589130031,241.6059185848345,w20,indole,112,26,3.44,0.89,10.5
52.52727964253819,2.400000001963481,1.3443473613819001,4.693360802205134,3.3490134408232333,0.6847869800361008,7.285398973420425e-05,10.887971920273229,1.0,8.110331078710265,241.6059185848345,w20,indole,112,26,3.44,0.89,10.5
52.52727964253819,2.400000001963481,1.3443473613819001,4.693360802205134,3.3490134408232333,0.6847869800361008,26.60956612075492,25.653849209667708,1.5,29.049286468401952,241.6059185848345,w20,indole,112,26,3.44,0.89,10.5
52.52727964253819,2.400000001963481,1.3443473613819001,4.693360802205134,3.3490134408232333,0.6847869800361008,50.153698637095445,42.80504619976601,2.0,48.05892067001865,241.6059185848345,w20,indole,112,26,3.44,0.89,10.5
52.52727964253819,2.400000001963481,1.3443473613819001,4.693360802205134,3.3490134408232333,0.6847869800361008,52.42479233389308,56.43005448341401,2.5,57.46180920919746,241.6059185848345,w20,indole,112,26,3.44,0.89,10.5
52.52727964253819,2.400000001963481,1.3443473613819001,4.693360802205134,3.3490134408232333,0.6847869800361008,49.74266825397625,54.125510751700745,3.0,61.24270013920692,241.6059185848345,w20,indole,112,26,3.44,0.89,10.5
52.52727964253819,2.400000001963481,1.3443473613819001,4.693360802205134,3.3490134408232333,0.6847869800361008,45.16475442616624,42.48009395559051,3.5,41.721173316159394,241.6059185848345,w20,indole,112,26,3.44,0.89,10.5
52.52727964253819,2.400000001963481,1.3443473613819001,4.693360802205134,3.3490134408232333,0.6847869800361008,39.977437237750415,45.58014346486475,4.0,48.34856529185252,241.6059185848345,w20,indole,112,26,3.44,0.89,10.5
52.52727964253819,2.400000001963481,1.3443473613819001,4.693360802205134,3.3490134408232333,0.6847869800361008,34.80287463364173,33.8746223060846,4.5,20.439033074188337,241.6059185848345,w20,indole,112,26,3.44,0.89,10.5
52.52727964253819,2.400000001963481,1.3443473613819001,4.693360802205134,3.3490134408232333,0.6847869800361008,29.945562323488996,27.370320314909797,5.0,20.114396964685902,241.6059185848345,w20,indole,112,26,3.44,0.89,10.5
52.52727964253819,2.400000001963481,1.3443473613819001,4.693360802205134,3.3490134408232333,0.6847869800361008,25.543161593335025,26.59190160865702,5.5,32.36802183283658,241.6059185848345,w20,indole,112,26,3.44,0.89,10.5
52.52727964253819,2.400000001963481,1.3443473613819001,4.693360802205134,3.3490134408232333,0.6847869800361008,21.642214855591575,14.951236750210349,6.0,-3.7252727840213025,241.6059185848345,w20,indole,112,26,3.44,0.89,10.5
52.52727964253819,2.400000001963481,1.3443473613819001,4.693360802205134,3.3490134408232333,0.6847869800361008,18.239360586521727,18.901529202020672,6.5,25.708976821870547,241.6059185848345,w20,indole,112,26,3.44,0.89,10.5
52.52727964253819,2.400000001963481,1.3443473613819001,4.693360802205134,3.3490134408232333,0.6847869800361008,15.30482645902207,12.641080669700381,7.0,-3.8019708260949168,241.6059185848345,w20,indole,112,26,3.44,0.89,10.5
52.52727964253819,2.400000001963481,1.3443473613819001,4.693360802205134,3.3490134408232333,0.6847869800361008,12.796129211065235,15.845162377425082,7.5,14.293177091620713,241.6059185848345,w20,indole,112,26,3.44,0.89,10.5
52.52727964253819,2.400000001963481,1.3443473613819001,4.693360802205134,3.3490134408232333,0.6847869800361008,10.666096650537252,14.394855623575655,8.0,13.459683421673663,241.6059185848345,w20,indole,112,26,3.44,0.89,10.5
52.52727964253819,2.400000001963481,1.3443473613819001,4.693360802205134,3.3490134408232333,0.6847869800361008,8.867496025394885,9.876759164006883,8.5,13.289971485272847,241.6059185848345,w20,indole,112,26,3.44,0.89,10.5
52.52727964253819,2.400000001963481,1.3443473613819001,4.693360802205134,3.3490134408232333,0.6847869800361008,7.355598986181316,13.088523022327388,9.0,14.929592363622346,241.6059185848345,w20,indole,112,26,3.44,0.89,10.5
52.52727964253819,2.400000001963481,1.3443473613819001,4.693360802205134,3.3490134408232333,0.6847869800361008,6.089484622484758,9.626122679188027,9.5,10.306066389861192,241.6059185848345,w20,indole,112,26,3.44,0.89,10.5
52.52727964253819,2.400000001963481,1.3443473613819001,4.693360802205134,3.3490134408232333,0.6847869800361008,5.032574856040163,7.957836111143306,10.0,12.484693961011535,241.6059185848345,w20,indole,112,26,3.44,0.89,10.5
52.52727964253819,2.400000001963481,1.3443473613819001,4.693360802205134,3.3490134408232333,0.6847869800361008,4.152711498117076,8.999569588736957,10.5,9.863805573217306,241.6059185848345,w20,indole,112,26,3.44,0.89,10.5
52.52727964253819,2.400000001963481,1.3443473613819001,4.693360802205134,3.3490134408232333,0.6847869800361008,3.421969884726957,4.717203719664555,11.0,-1.8419841295632562,241.6059185848345,w20,indole,112,26,3.44,0.89,10.5
52.52727964253819,2.400000001963481,1.3443473613819001,4.693360802205134,3.3490134408232333,0.6847869800361008,2.816331875397109,5.795240690383372,11.5,10.782571312149248,241.6059185848345,w20,indole,112,26,3.44,0.89,10.5
52.52727964253819,2.400000001963481,1.3443473613819001,4.693360802205134,3.3490134408232333,0.6847869800361008,2.3152949198321084,5.2227642521288145,12.0,6.542860099687633,241.6059185848345,w20,indole,112,26,3.44,0.89,10.5
52.52727964253819,2.400000001963481,1.3443473613819001,4.693360802205134,3.3490134408232333,0.6847869800361008,1.9014642281042284,1.055560552637897,12.5,0.5403250487360824,241.6059185848345,w20,indole,112,26,3.44,0.89,10.5
52.52727964253819,2.400000001963481,1.3443473613819001,4.693360802205134,3.3490134408232333,0.6847869800361008,1.5601559301001946,2.9006621363181404,13.0,5.203501590586585,241.6059185848345,w20,indole,112,26,3.44,0.89,10.5
52.52727964253819,2.400000001963481,1.3443473613819001,4.693360802205134,3.3490134408232333,0.6847869800361008,1.2790267847180063,1.8670432348148713,13.5,2.8200527934764104,241.6059185848345,w20,indole,112,26,3.44,0.89,10.5
52.52727964253819,2.400000001963481,1.3443473613819001,4.693360802205134,3.3490134408232333,0.6847869800361008,1.047738138157366,0.13257894936703396,14.0,0.9032196375474615,241.6059185848345,w20,indole,112,26,3.44,0.89,10.5
52.52727964253819,2.400000001963481,1.3443473613819001,4.693360802205134,3.3490134408232333,0.6847869800361008,0.8576569019084246,2.2364355784214243,14.5,3.643469307207738,241.6059185848345,w20,indole,112,26,3.44,0.89,10.5
52.52727964253819,2.400000001963481,1.3443473613819001,4.693360802205134,3.3490134408232333,0.6847869800361008,0.7015933192593926,-0.16289762354529946,15.0,-2.212204975777092,241.6059185848345,w20,indole,112,26,3.44,0.89,10.5
52.52727964253819,2.400000001963481,1.3443473613819001,4.693360802205134,3.3490134408232333,0.6847869800361008,0.5735735487436613,2.398969124779738,15.5,3.517803535910639,241.6059185848345,w20,indole,112,26,3.44,0.89,10.5
52.52727964253819,2.400000001963481,1.3443473613819001,4.693360802205134,3.3490134408232333,0.6847869800361008,0.46864417100268313,1.9090154090843439,16.0,5.595974484125373,241.6059185848345,w20,indole,112,26,3.44,0.89,10.5
52.52727964253819,2.400000001963481,1.3443473613819001,4.693360802205134,3.3490134408232333,0.6847869800361008,0.38270532659735995,1.170230249343346,16.5,0.19447104795300962,241.6059185848345,w20,indole,112,26,3.44,0.89,10.5
52.52727964253819,2.400000001963481,1.3443473613819001,4.693360802205134,3.3490134408232333,0.6847869800361008,0.3123691194187419,2.430575970925902,17.0,3.7422615965338406,241.6059185848345,w20,indole,112,26,3.44,0.89,10.5
52.52727964253819,2.400000001963481,1.3443473613819001,4.693360802205134,3.3490134408232333,0.6847869800361008,0.25484004279591155,0.8888949731097999,17.5,3.0483737443735874,241.6059185848345,w20,indole,112,26,3.44,0.89,10.5
52.52727964253819,2.400000001963481,1.3443473613819001,4.693360802205134,3.3490134408232333,0.6847869800361008,0.20781441709813653,1.7014716359254551,18.0,3.9323795056935182,241.6059185848345,w20,indole,112,26,3.44,0.89,10.5
52.52727964253819,2.400000001963481,1.3443473613819001,4.693360802205134,3.3490134408232333,0.6847869800361008,0.16939611266057297,1.3795990134365028,18.5,2.623648356753007,241.6059185848345,w20,indole,112,26,3.44,0.89,10.5
52.52727964253819,2.400000001963481,1.3443473613819001,4.693360802205134,3.3490134408232333,0.6847869800361008,0.13802613465011176,0.8217486197854913,19.0,1.064329643833235,241.6059185848345,w20,indole,112,26,3.44,0.89,10.5
52.52727964253819,2.400000001963481,1.3443473613819001,4.693360802205134,3.3490134408232333,0.6847869800361008,0.11242394511728247,-0.15411888896493364,19.5,0.9090907654890903,241.6059185848345,w20,indole,112,26,3.44,0.89,10.5
52.52727964253819,2.400000001963481,1.3443473613819001,4.693360802205134,3.3490134408232333,0.6847869800361008,0.09153867915041562,1.3307166478684995,20.0,2.7768543260979057,241.6059185848345,w20,indole,112,26,3.44,0.89,10.5
52.52727964253819,2.400000001963481,1.3443473613819001,4.693360802205134,3.3490134408232333,0.6847869800361008,0.0745086699640911,2.1050272206230964,20.5,5.9180164880558745,241.6059185848345,w20,indole,112,26,3.44,0.89,10.5
52.52727964253819,2.400000001963481,1.3443473613819001,4.693360802205134,3.3490134408232333,0.6847869800361008,0.06062792900895993,1.7754423555590373,21.0,5.0838892315445285,241.6059185848345,w20,indole,112,26,3.44,0.89,10.5
52.52727964253819,2.400000001963481,1.3443473613819001,4.693360802205134,3.3490134408232333,0.6847869800361008,0.04931843133054477,1.9010998145935756,21.5,4.866125551697058,241.6059185848345,w20,indole,112,26,3.44,0.89,10.5
52.52727964253819,2.400000001963481,1.3443473613819001,4.693360802205134,3.3490134408232333,0.6847869800361008,0.040107234460680326,0.8953046740134716,22.0,4.563827178067198,241.6059185848345,w20,indole,112,26,3.44,0.89,10.5
55.063997376464606,2.822600427440889,0.7637196359442979,4.385779380773078,3.62205974482878,0.4315718302449158,3.622046973827211e-19,-6.265143729579824,-1.0,-3.1755052443015686,263.50667690095537,w20,indole,113,26,3.13,0.92,10.5
55.063997376464606,2.822600427440889,0.7637196359442979,4.385779380773078,3.62205974482878,0.4315718302449158,3.9040126338302e-17,0.36099813917849843,-0.5,0.881760123569439,263.50667690095537,w20,indole,113,26,3.13,0.92,10.5
55.063997376464606,2.822600427440889,0.7637196359442979,4.385779380773078,3.62205974482878,0.4315718302449158,4.205927730324389e-15,6.560047532287552,0.0,8.968050993640283,263.50667690095537,w20,indole,113,26,3.13,0.92,10.5
55.063997376464606,2.822600427440889,0.7637196359442979,4.385779380773078,3.62205974482878,0.4315718302449158,4.232651869410958e-13,7.779649641053117,0.5,13.556266503111605,263.50667690095537,w20,indole,113,26,3.13,0.92,10.5
55.063997376464606,2.822600427440889,0.7637196359442979,4.385779380773078,3.62205974482878,0.4315718302449158,9.328346735800459,11.789289839925491,1.0,12.719881013493117,263.50667690095537,w20,indole,113,26,3.13,0.92,10.5
55.063997376464606,2.822600427440889,0.7637196359442979,4.385779380773078,3.62205974482878,0.4315718302449158,33.101012331347825,28.391316249307444,1.5,25.85790444604011,263.50667690095537,w20,indole,113,26,3.13,0.92,10.5
55.063997376464606,2.822600427440889,0.7637196359442979,4.385779380773078,3.62205974482878,0.4315718302449158,47.60451951211748,47.41552837339558,2.0,43.299354752610995,263.50667690095537,w20,indole,113,26,3.13,0.92,10.5
55.063997376464606,2.822600427440889,0.7637196359442979,4.385779380773078,3.62205974482878,0.4315718302449158,54.07716097900063,62.63336389846123,2.5,57.21735799924203,263.50667690095537,w20,indole,113,26,3.13,0.92,10.5
55.063997376464606,2.822600427440889,0.7637196359442979,4.385779380773078,3.62205974482878,0.4315718302449158,54.80989748960527,60.03819137995063,3.0,59.259915214818925,263.50667690095537,w20,indole,113,26,3.13,0.92,10.5
55.063997376464606,2.822600427440889,0.7637196359442979,4.385779380773078,3.62205974482878,0.4315718302449158,51.92413963774061,46.91827429433725,3.5,54.79514259392168,263.50667690095537,w20,indole,113,26,3.13,0.92,10.5
55.063997376464606,2.822600427440889,0.7637196359442979,4.385779380773078,3.62205974482878,0.4315718302449158,47.03853823619084,50.39541890528472,4.0,49.097034624917455,263.50667690095537,w20,indole,113,26,3.13,0.92,10.5
55.063997376464606,2.822600427440889,0.7637196359442979,4.385779380773078,3.62205974482878,0.4315718302449158,41.27802371975154,37.14081212553261,4.5,45.89807479433886,263.50667690095537,w20,indole,113,26,3.13,0.92,10.5
55.063997376464606,2.822600427440889,0.7637196359442979,4.385779380773078,3.62205974482878,0.4315718302449158,35.37098687527455,29.75135053584519,5.0,24.711797497482536,263.50667690095537,w20,indole,113,26,3.13,0.92,10.5
55.063997376464606,2.822600427440889,0.7637196359442979,4.385779380773078,3.62205974482878,0.4315718302449158,29.75438088561557,28.873701780791528,5.5,27.94633911101131,263.50667690095537,w20,indole,113,26,3.13,0.92,10.5
55.063997376464606,2.822600427440889,0.7637196359442979,4.385779380773078,3.62205974482878,0.4315718302449158,24.662891374115176,15.704627982373063,6.0,13.593364721156671,263.50667690095537,w20,indole,113,26,3.13,0.92,10.5
55.063997376464606,2.822600427440889,0.7637196359442979,4.385779380773078,3.62205974482878,0.4315718302449158,20.197498195948324,20.056493907845326,6.5,20.075280826810715,263.50667690095537,w20,indole,113,26,3.13,0.92,10.5
55.063997376464606,2.822600427440889,0.7637196359442979,4.385779380773078,3.62205974482878,0.4315718302449158,16.37527524763359,13.074867204011396,7.0,21.60929434041706,263.50667690095537,w20,indole,113,26,3.13,0.92,10.5
55.063997376464606,2.822600427440889,0.7637196359442979,4.385779380773078,3.62205974482878,0.4315718302449158,13.164087302202937,16.71650152121189,7.5,14.210140338645743,263.50667690095537,w20,indole,113,26,3.13,0.92,10.5
55.063997376464606,2.822600427440889,0.7637196359442979,4.385779380773078,3.62205974482878,0.4315718302449158,10.505887940405328,15.02738640256256,8.0,14.116102696069921,263.50667690095537,w20,indole,113,26,3.13,0.92,10.5
55.063997376464606,2.822600427440889,0.7637196359442979,4.385779380773078,3.62205974482878,0.4315718302449158,8.33176994823679,9.978330408693479,8.5,7.434321986753582,263.50667690095537,w20,indole,113,26,3.13,0.92,10.5
55.063997376464606,2.822600427440889,0.7637196359442979,4.385779380773078,3.62205974482878,0.4315718302449158,6.571241177430466,13.503552156249828,9.0,8.702294559461848,263.50667690095537,w20,indole,113,26,3.13,0.92,10.5
55.063997376464606,2.822600427440889,0.7637196359442979,4.385779380773078,3.62205974482878,0.4315718302449158,5.157575355908475,9.640229780274275,9.5,8.266719583230701,263.50667690095537,w20,indole,113,26,3.13,0.92,10.5
55.063997376464606,2.822600427440889,0.7637196359442979,4.385779380773078,3.62205974482878,0.4315718302449158,4.0305750221668815,7.727430038878588,10.0,9.385813079456547,263.50667690095537,w20,indole,113,26,3.13,0.92,10.5
55.063997376464606,2.822600427440889,0.7637196359442979,4.385779380773078,3.62205974482878,0.4315718302449158,3.137687387462233,8.854398025026418,10.5,6.250788250473887,263.50667690095537,w20,indole,113,26,3.13,0.92,10.5
55.063997376464606,2.822600427440889,0.7637196359442979,4.385779380773078,3.62205974482878,0.4315718302449158,2.434118900964047,4.015865566864526,11.0,7.490772553758777,263.50667690095537,w20,indole,113,26,3.13,0.92,10.5
55.063997376464606,2.822600427440889,0.7637196359442979,4.385779380773078,3.62205974482878,0.4315718302449158,1.8823808464679166,5.0912758548991315,11.5,6.716401345093699,263.50667690095537,w20,indole,113,26,3.13,0.92,10.5
55.063997376464606,2.822600427440889,0.7637196359442979,4.385779380773078,3.62205974482878,0.4315718302449158,1.4515474372195645,4.623306302385827,12.0,3.0276261100129194,263.50667690095537,w20,indole,113,26,3.13,0.92,10.5
55.063997376464606,2.822600427440889,0.7637196359442979,4.385779380773078,3.62205974482878,0.4315718302449158,1.1164034838061758,-0.053808338455194615,12.5,0.2012108142531548,263.50667690095537,w20,indole,113,26,3.13,0.92,10.5
55.063997376464606,2.822600427440889,0.7637196359442979,4.385779380773078,3.62205974482878,0.4315718302449158,0.8565879838915046,2.001658397243756,13.0,-0.15197235191397396,263.50667690095537,w20,indole,113,26,3.13,0.92,10.5
55.063997376464606,2.822600427440889,0.7637196359442979,4.385779380773078,3.62205974482878,0.4315718302449158,0.6557931505013392,0.8409187799841686,13.5,2.4516435182102576,263.50667690095537,w20,indole,113,26,3.13,0.92,10.5
55.063997376464606,2.822600427440889,0.7637196359442979,4.385779380773078,3.62205974482878,0.4315718302449158,0.5010482100527186,-1.070639910015415,14.0,-1.6069297282809551,263.50667690095537,w20,indole,113,26,3.13,0.92,10.5
55.063997376464606,2.822600427440889,0.7637196359442979,4.385779380773078,3.62205974482878,0.4315718302449158,0.38209850311085924,1.2080103043375257,14.5,2.0457793501431984,263.50667690095537,w20,indole,113,26,3.13,0.92,10.5
55.063997376464606,2.822600427440889,0.7637196359442979,4.385779380773078,3.62205974482878,0.4315718302449158,0.29087926289228516,-1.3742272344656001,15.0,-0.054624663014288366,263.50667690095537,w20,indole,113,26,3.13,0.92,10.5
55.063997376464606,2.822600427440889,0.7637196359442979,4.385779380773078,3.62205974482878,0.4315718302449158,0.22107730307719511,1.3850814416630501,15.5,0.15518434480342158,263.50667690095537,w20,indole,113,26,3.13,0.92,10.5
55.063997376464606,2.822600427440889,0.7637196359442979,4.385779380773078,3.62205974482878,0.4315718302449158,0.16777090700180006,0.8407582078545239,16.0,0.9032541092525539,263.50667690095537,w20,indole,113,26,3.13,0.92,10.5
55.063997376464606,2.822600427440889,0.7637196359442979,4.385779380773078,3.62205974482878,0.4315718302449158,0.12713724705838672,0.09963801112326198,16.5,0.1038869734636303,263.50667690095537,w20,indole,113,26,3.13,0.92,10.5
55.063997376464606,2.822600427440889,0.7637196359442979,4.385779380773078,3.62205974482878,0.4315718302449158,0.09621685891414554,1.4303372841442727,17.0,2.0733346963497263,263.50667690095537,w20,indole,113,26,3.13,0.92,10.5
55.063997376464606,2.822600427440889,0.7637196359442979,4.385779380773078,3.62205974482878,0.4315718302449158,0.07272551771052549,-0.24775316797407987,17.5,-0.28264822912084253,263.50667690095537,w20,indole,113,26,3.13,0.92,10.5
55.063997376464606,2.822600427440889,0.7637196359442979,4.385779380773078,3.62205974482878,0.4315718302449158,0.05490497539098252,0.6537462736154298,18.0,-0.2750344750274616,263.50667690095537,w20,indole,113,26,3.13,0.92,10.5
55.063997376464606,2.822600427440889,0.7637196359442979,4.385779380773078,3.62205974482878,0.4315718302449158,0.041405213623815766,0.28126465888397245,18.5,1.5670968912261976,263.50667690095537,w20,indole,113,26,3.13,0.92,10.5
55.063997376464606,2.822600427440889,0.7637196359442979,4.385779380773078,3.62205974482878,0.4315718302449158,0.03119202608872728,-0.3358146951439336,19.0,-1.2753082531815563,263.50667690095537,w20,indole,113,26,3.13,0.92,10.5
55.063997376464606,2.822600427440889,0.7637196359442979,4.385779380773078,3.62205974482878,0.4315718302449158,0.02347480393622475,-1.4220972501190592,19.5,-2.2098644175028563,263.50667690095537,w20,indole,113,26,3.13,0.92,10.5
55.063997376464606,2.822600427440889,0.7637196359442979,4.385779380773078,3.62205974482878,0.4315718302449158,0.017650331042216784,0.2863671913543602,20.0,-0.27270247601677644,263.50667690095537,w20,indole,113,26,3.13,0.92,10.5
55.063997376464606,2.822600427440889,0.7637196359442979,4.385779380773078,3.62205974482878,0.4315718302449158,0.013259194645907023,1.0725920672521976,20.5,-1.5783102071265862,263.50667690095537,w20,indole,113,26,3.13,0.92,10.5
55.063997376464606,2.822600427440889,0.7637196359442979,4.385779380773078,3.62205974482878,0.4315718302449158,0.00995208764925273,0.8006619143201021,21.0,0.4660967218208292,263.50667690095537,w20,indole,113,26,3.13,0.92,10.5
55.063997376464606,2.822600427440889,0.7637196359442979,4.385779380773078,3.62205974482878,0.4315718302449158,0.007463833154925927,0.894309561497916,21.5,1.142530172715945,263.50667690095537,w20,indole,113,26,3.13,0.92,10.5
55.063997376464606,2.822600427440889,0.7637196359442979,4.385779380773078,3.62205974482878,0.4315718302449158,0.005593414255076321,-0.1732717329905764,22.0,-2.4001217251345186,263.50667690095537,w20,indole,113,26,3.13,0.92,10.5
31.7930015401667,2.3130814517370615,1.355089666829923,4.354218314039072,2.9991286472091483,0.6805766282154647,1.9704228248294283e-13,-3.2587914605263446,-1.0,-2.1303344249673177,131.06050343629641,w20,indole,114,26,2.97,0.84,10.5
31.7930015401667,2.3130814517370615,1.355089666829923,4.354218314039072,2.9991286472091483,0.6805766282154647,2.2890031821950556e-11,0.19271494158459568,-0.5,2.2760424504942733,131.06050343629641,w20,indole,114,26,2.97,0.84,10.5
31.7930015401667,2.3130814517370615,1.355089666829923,4.354218314039072,2.9991286472091483,0.6805766282154647,2.6590885809046147e-09,3.4030171199315937,0.0,4.3869181410991445,131.06050343629641,w20,indole,114,26,2.97,0.84,10.5
31.7930015401667,2.3130814517370615,1.355089666829923,4.354218314039072,2.9991286472091483,0.6805766282154647,3.088420093649763e-07,4.023082548770907,0.5,7.196735988810018,131.06050343629641,w20,indole,114,26,2.97,0.84,10.5
31.7930015401667,2.3130814517370615,1.355089666829923,4.354218314039072,2.9991286472091483,0.6805766282154647,3.488341854925523e-05,6.084689996372007,1.0,7.815298189405239,131.06050343629641,w20,indole,114,26,2.97,0.84,10.5
31.7930015401667,2.3130814517370615,1.355089666829923,4.354218314039072,2.9991286472091483,0.6805766282154647,15.80366904164794,14.733661858817658,1.5,17.56191726027501,131.06050343629641,w20,indole,114,26,2.97,0.84,10.5
31.7930015401667,2.3130814517370615,1.355089666829923,4.354218314039072,2.9991286472091483,0.6805766282154647,30.73246185836321,24.61252747697401,2.0,27.090481343384337,131.06050343629641,w20,indole,114,26,2.97,0.84,10.5
31.7930015401667,2.3130814517370615,1.355089666829923,4.354218314039072,2.9991286472091483,0.6805766282154647,31.541890314840128,32.527907866540005,2.5,39.74125192520837,131.06050343629641,w20,indole,114,26,2.97,0.84,10.5
31.7930015401667,2.3130814517370615,1.355089666829923,4.354218314039072,2.9991286472091483,0.6805766282154647,29.266286597125003,31.175430646818384,3.0,31.961570175317455,131.06050343629641,w20,indole,114,26,2.97,0.84,10.5
31.7930015401667,2.3130814517370615,1.355089666829923,4.354218314039072,2.9991286472091483,0.6805766282154647,25.946683028718862,24.337247572748424,3.5,16.192225506175483,131.06050343629641,w20,indole,114,26,2.97,0.84,10.5
31.7930015401667,2.3130814517370615,1.355089666829923,4.354218314039072,2.9991286472091483,0.6805766282154647,22.408222268436734,26.147663132620426,4.0,25.765325353000385,131.06050343629641,w20,indole,114,26,2.97,0.84,10.5
31.7930015401667,2.3130814517370615,1.355089666829923,4.354218314039072,2.9991286472091483,0.6805766282154647,19.024587194215783,19.231053473980026,4.5,14.18314114599763,131.06050343629641,w20,indole,114,26,2.97,0.84,10.5
31.7930015401667,2.3130814517370615,1.355089666829923,4.354218314039072,2.9991286472091483,0.6805766282154647,15.958960110841364,15.372053365364675,5.0,16.415449531420798,131.06050343629641,w20,indole,114,26,2.97,0.84,10.5
31.7930015401667,2.3130814517370615,1.355089666829923,4.354218314039072,2.9991286472091483,0.6805766282154647,13.268496875387637,14.914535105052455,5.5,12.681392129061095,131.06050343629641,w20,indole,114,26,2.97,0.84,10.5
31.7930015401667,2.3130814517370615,1.355089666829923,4.354218314039072,2.9991286472091483,0.6805766282154647,10.955973819817308,8.044036623767095,6.0,10.228208578235316,131.06050343629641,w20,indole,114,26,2.97,0.84,10.5
31.7930015401667,2.3130814517370615,1.355089666829923,4.354218314039072,2.9991286472091483,0.6805766282154647,8.99714182282461,10.300147221917879,6.5,-1.5149619483236427,131.06050343629641,w20,indole,114,26,2.97,0.84,10.5
31.7930015401667,2.3130814517370615,1.355089666829923,4.354218314039072,2.9991286472091483,0.6805766282154647,7.355697754771853,6.670060417564213,7.0,-0.18180887347630348,131.06050343629641,w20,indole,114,26,2.97,0.84,10.5
31.7930015401667,2.3130814517370615,1.355089666829923,4.354218314039072,2.9991286472091483,0.6805766282154647,5.991529329499095,8.57201633521109,7.5,8.924215782322484,131.06050343629641,w20,indole,114,26,2.97,0.84,10.5
31.7930015401667,2.3130814517370615,1.355089666829923,4.354218314039072,2.9991286472091483,0.6805766282154647,4.865164006409232,7.684862590962234,8.0,8.278638274410952,131.06050343629641,w20,indole,114,26,2.97,0.84,10.5
31.7930015401667,2.3130814517370615,1.355089666829923,4.354218314039072,2.9991286472091483,0.6805766282154647,3.9400335644254167,5.05831124886055,8.5,6.6679247640721435,131.06050343629641,w20,indole,114,26,2.97,0.84,10.5
31.7930015401667,2.3130814517370615,1.355089666829923,4.354218314039072,2.9991286472091483,0.6805766282154647,3.183476873094646,6.884232201154747,9.0,5.225347553027598,131.06050343629641,w20,indole,114,26,2.97,0.84,10.5
31.7930015401667,2.3130814517370615,1.355089666829923,4.354218314039072,2.9991286472091483,0.6805766282154647,2.5670226561960052,4.875246733255611,9.5,4.156945606373386,131.06050343629641,w20,indole,114,26,2.97,0.84,10.5
31.7930015401667,2.3130814517370615,1.355089666829923,4.354218314039072,2.9991286472091483,0.6805766282154647,2.0662749538439,3.874196169167795,10.0,2.185846298125824,131.06050343629641,w20,indole,114,26,2.97,0.84,10.5
31.7930015401667,2.3130814517370615,1.355089666829923,4.354218314039072,2.9991286472091483,0.6805766282154647,1.66059421903343,4.455847723874972,10.5,4.312800951603813,131.06050343629641,w20,indole,114,26,2.97,0.84,10.5
31.7930015401667,2.3130814517370615,1.355089666829923,4.354218314039072,2.9991286472091483,0.6805766282154647,1.332688609482466,1.9322611281997157,11.0,0.5119981674820788,131.06050343629641,w20,indole,114,26,2.97,0.84,10.5
31.7930015401667,2.3130814517370615,1.355089666829923,4.354218314039072,2.9991286472091483,0.6805766282154647,1.068182154317338,2.4756853922427484,11.5,1.351254025067559,131.06050343629641,w20,indole,114,26,2.97,0.84,10.5
31.7930015401667,2.3130814517370615,1.355089666829923,4.354218314039072,2.9991286472091483,0.6805766282154647,0.8551971010065355,2.2535137587245546,12.0,3.3891502738025325,131.06050343629641,w20,indole,114,26,2.97,0.84,10.5
31.7930015401667,2.3130814517370615,1.355089666829923,4.354218314039072,2.9991286472091483,0.6805766282154647,0.6839697865404007,-0.18205082509947035,12.5,-1.2490206685013479,131.06050343629641,w20,indole,114,26,2.97,0.84,10.5
31.7930015401667,2.3130814517370615,1.355089666829923,4.354218314039072,2.9991286472091483,0.6805766282154647,0.5465085245212205,0.8864153074655068,13.0,2.9953285368627514,131.06050343629641,w20,indole,114,26,2.97,0.84,10.5
31.7930015401667,2.3130814517370615,1.355089666829923,4.354218314039072,2.9991286472091483,0.6805766282154647,0.4362955963235153,0.2818913787843462,13.5,1.9662961286982878,131.06050343629641,w20,indole,114,26,2.97,0.84,10.5
31.7930015401667,2.3130814517370615,1.355089666829923,4.354218314039072,2.9991286472091483,0.6805766282154647,0.3480318126702934,-0.7092033068964094,14.0,-1.3457753068328433,131.06050343629641,w20,indole,114,26,2.97,0.84,10.5
31.7930015401667,2.3130814517370615,1.355089666829923,4.354218314039072,2.9991286472091483,0.6805766282154647,0.27742021738713674,0.46719507289951023,14.5,1.0260772543529835,131.06050343629641,w20,indole,114,26,2.97,0.84,10.5
31.7930015401667,2.3130814517370615,1.355089666829923,4.354218314039072,2.9991286472091483,0.6805766282154647,0.2209846674454577,-0.863836306075263,15.0,-0.10794558530795029,131.06050343629641,w20,indole,114,26,2.97,0.84,10.5
31.7930015401667,2.3130814517370615,1.355089666829923,4.354218314039072,2.9991286472091483,0.6805766282154647,0.17591881624433525,0.5587436419800272,15.5,0.05216673111763803,131.06050343629641,w20,indole,114,26,2.97,0.84,10.5
31.7930015401667,2.3130814517370615,1.355089666829923,4.354218314039072,2.9991286472091483,0.6805766282154647,0.13996118009980443,0.27598052747500035,16.0,0.3600268515717788,131.06050343629641,w20,indole,114,26,2.97,0.84,10.5
31.7930015401667,2.3130814517370615,1.355089666829923,4.354218314039072,2.9991286472091483,0.6805766282154647,0.11129231131132661,-0.09909445797271776,16.5,0.5777607294031193,131.06050343629641,w20,indole,114,26,2.97,0.84,10.5
31.7930015401667,2.3130814517370615,1.355089666829923,4.354218314039072,2.9991286472091483,0.6805766282154647,0.08845052998493072,0.5835160621453835,17.0,2.0086752827059398,131.06050343629641,w20,indole,114,26,2.97,0.84,10.5
31.7930015401667,2.3130814517370615,1.355089666829923,4.354218314039072,2.9991286472091483,0.6805766282154647,0.07026311779161652,-0.28389466590319556,17.5,-0.1340636179822915,131.06050343629641,w20,indole,114,26,2.97,0.84,10.5
31.7930015401667,2.3130814517370615,1.355089666829923,4.354218314039072,2.9991286472091483,0.6805766282154647,0.055790313555863995,0.1842576824689779,18.0,1.7297741185629132,131.06050343629641,w20,indole,114,26,2.97,0.84,10.5
31.7930015401667,2.3130814517370615,1.355089666829923,4.354218314039072,2.9991286472091483,0.6805766282154647,0.04427985349148348,-0.011092358694128057,18.5,-0.39468971112296203,131.06050343629641,w20,indole,114,26,2.97,0.84,10.5
31.7930015401667,2.3130814517370615,1.355089666829923,4.354218314039072,2.9991286472091483,0.6805766282154647,0.0351301590979464,-0.3313174165544306,19.0,-0.43310058775551696,131.06050343629641,w20,indole,114,26,2.97,0.84,10.5
31.7930015401667,2.3130814517370615,1.355089666829923,4.354218314039072,2.9991286472091483,0.6805766282154647,0.02786059069442145,-0.8958802183862298,19.5,1.01511979325634,131.06050343629641,w20,indole,114,26,2.97,0.84,10.5
31.7930015401667,2.3130814517370615,1.355089666829923,4.354218314039072,2.9991286472091483,0.6805766282154647,0.022087455540577818,-0.0010426637194109745,20.0,0.47103600004552826,131.06050343629641,w20,indole,114,26,2.97,0.84,10.5
31.7930015401667,2.3130814517370615,1.355089666829923,4.354218314039072,2.9991286472091483,0.6805766282154647,0.01750468974250683,0.3981652009382429,20.5,2.2184755881358944,131.06050343629641,w20,indole,114,26,2.97,0.84,10.5
31.7930015401667,2.3130814517370615,1.355089666829923,4.354218314039072,2.9991286472091483,0.6805766282154647,0.013868326890705295,0.2686394168954265,21.0,1.5298808901685141,131.06050343629641,w20,indole,114,26,2.97,0.84,10.5
31.7930015401667,2.3130814517370615,1.355089666829923,4.354218314039072,2.9991286472091483,0.6805766282154647,0.010984028138466554,0.31156390795964684,21.5,-0.4590368897155722,131.06050343629641,w20,indole,114,26,2.97,0.84,10.5
31.7930015401667,2.3130814517370615,1.355089666829923,4.354218314039072,2.9991286472091483,0.6805766282154647,0.008697082619694383,-0.2368139985992186,22.0,0.6793934659946832,131.06050343629641,w20,indole,114,26,2.97,0.84,10.5
42.762139604742316,2.502282396759818,1.3744003574262034,5.457085424500928,4.082685067074724,0.7237401316036971,9.928153054872055e-13,-4.80314476669732,-1.0,-2.22562496218149,237.48426006188362,w20,indole,115,26,3.44,0.99,10.5
42.762139604742316,2.502282396759818,1.3744003574262034,5.457085424500928,4.082685067074724,0.7237401316036971,1.2440885343630385e-10,0.18267546366653065,-0.5,0.627385327922795,237.48426006188362,w20,indole,115,26,3.44,0.99,10.5
42.762139604742316,2.502282396759818,1.3744003574262034,5.457085424500928,4.082685067074724,0.7237401316036971,1.558955258469819e-08,5.12897256549398,0.0,3.8912274351846463,237.48426006188362,w20,indole,115,26,3.44,0.99,10.5
42.762139604742316,2.502282396759818,1.3744003574262034,5.457085424500928,4.082685067074724,0.7237401316036971,1.953204505730154e-06,6.275560132906518,0.5,3.3243063866220375,237.48426006188362,w20,indole,115,26,3.44,0.99,10.5
42.762139604742316,2.502282396759818,1.3744003574262034,5.457085424500928,4.082685067074724,0.7237401316036971,0.00023913568097385293,9.698526613725123,1.0,8.78883354775631,237.48426006188362,w20,indole,115,26,3.44,0.99,10.5
42.762139604742316,2.502282396759818,1.3744003574262034,5.457085424500928,4.082685067074724,0.7237401316036971,20.21460234996794,22.174065199667368,1.5,19.16977424945754,237.48426006188362,w20,indole,115,26,3.44,0.99,10.5
42.762139604742316,2.502282396759818,1.3744003574262034,5.457085424500928,4.082685067074724,0.7237401316036971,40.39673841876007,36.95061757336844,2.0,33.225451585019805,237.48426006188362,w20,indole,115,26,3.44,0.99,10.5
42.762139604742316,2.502282396759818,1.3744003574262034,5.457085424500928,4.082685067074724,0.7237401316036971,42.76155325164911,48.57382970963549,2.5,44.76660372847689,237.48426006188362,w20,indole,115,26,3.44,0.99,10.5
42.762139604742316,2.502282396759818,1.3744003574262034,5.457085424500928,4.082685067074724,0.7237401316036971,41.54338931355304,46.631206155721614,3.0,42.73736146079584,237.48426006188362,w20,indole,115,26,3.44,0.99,10.5
42.762139604742316,2.502282396759818,1.3744003574262034,5.457085424500928,4.082685067074724,0.7237401316036971,38.85702055330236,36.82112956816023,3.5,43.78225759991701,237.48426006188362,w20,indole,115,26,3.44,0.99,10.5
42.762139604742316,2.502282396759818,1.3744003574262034,5.457085424500928,4.082685067074724,0.7237401316036971,35.563197828504336,39.44956674352707,4.0,37.68430722227234,237.48426006188362,w20,indole,115,26,3.44,0.99,10.5
42.762139604742316,2.502282396759818,1.3744003574262034,5.457085424500928,4.082685067074724,0.7237401316036971,32.09287511266747,29.66251967830359,4.5,33.87595560273682,237.48426006188362,w20,indole,115,26,3.44,0.99,10.5
42.762139604742316,2.502282396759818,1.3744003574262034,5.457085424500928,4.082685067074724,0.7237401316036971,28.676028737391896,24.251067248483544,5.0,29.31745975736399,237.48426006188362,w20,indole,115,26,3.44,0.99,10.5
42.762139604742316,2.502282396759818,1.3744003574262034,5.457085424500928,4.082685067074724,0.7237401316036971,25.435846563526553,23.596065178431168,5.5,19.45904146920357,237.48426006188362,w20,indole,115,26,3.44,0.99,10.5
42.762139604742316,2.502282396759818,1.3744003574262034,5.457085424500928,4.082685067074724,0.7237401316036971,22.434707076596112,13.849943749946389,6.0,18.205771695146822,237.48426006188362,w20,indole,115,26,3.44,0.99,10.5
42.762139604742316,2.502282396759818,1.3744003574262034,5.457085424500928,4.082685067074724,0.7237401316036971,19.69909311923085,17.286103791616824,6.5,22.383573285092666,237.48426006188362,w20,indole,115,26,3.44,0.99,10.5
42.762139604742316,2.502282396759818,1.3744003574262034,5.457085424500928,4.082685067074724,0.7237401316036971,17.234036425254697,11.9336794089233,7.0,19.511826600498395,237.48426006188362,w20,indole,115,26,3.44,0.99,10.5
42.762139604742316,2.502282396759818,1.3744003574262034,5.457085424500928,4.082685067074724,0.7237401316036971,15.031870680244788,14.597747242506065,7.5,15.110549595345587,237.48426006188362,w20,indole,115,26,3.44,0.99,10.5
42.762139604742316,2.502282396759818,1.3744003574262034,5.457085424500928,4.082685067074724,0.7237401316036971,13.077684874752686,13.436695687867113,8.0,13.019695167348765,237.48426006188362,w20,indole,115,26,3.44,0.99,10.5
42.762139604742316,2.502282396759818,1.3744003574262034,5.457085424500928,4.082685067074724,0.7237401316036971,11.352772275356013,9.585450985970473,8.5,10.09261214893011,237.48426006188362,w20,indole,115,26,3.44,0.99,10.5
42.762139604742316,2.502282396759818,1.3744003574262034,5.457085424500928,4.082685067074724,0.7237401316036971,9.836820145910618,12.393543241224279,9.0,14.401628512617423,237.48426006188362,w20,indole,115,26,3.44,0.99,10.5
42.762139604742316,2.502282396759818,1.3744003574262034,5.457085424500928,4.082685067074724,0.7237401316036971,8.509289341228634,9.435608280307811,9.5,11.339979020427712,237.48426006188362,w20,indole,115,26,3.44,0.99,10.5
42.762139604742316,2.502282396759818,1.3744003574262034,5.457085424500928,4.082685067074724,0.7237401316036971,7.35026446122592,8.066850152709467,10.0,4.190537501175948,237.48426006188362,w20,indole,115,26,3.44,0.99,10.5
42.762139604742316,2.502282396759818,1.3744003574262034,5.457085424500928,4.082685067074724,0.7237401316036971,6.340954958603016,8.99572911860726,10.5,10.245164156519996,237.48426006188362,w20,indole,115,26,3.44,0.99,10.5
42.762139604742316,2.502282396759818,1.3744003574262034,5.457085424500928,4.082685067074724,0.7237401316036971,5.463965624540728,5.403613942937147,11.0,8.141620941304222,237.48426006188362,w20,indole,115,26,3.44,0.99,10.5
42.762139604742316,2.502282396759818,1.3744003574262034,5.457085424500928,4.082685067074724,0.7237401316036971,4.703415421840442,6.464762851038508,11.5,5.343346244946998,237.48426006188362,w20,indole,115,26,3.44,0.99,10.5
42.762139604742316,2.502282396759818,1.3744003574262034,5.457085424500928,4.082685067074724,0.7237401316036971,4.044957896679389,5.78784879741518,12.0,6.611997762665331,237.48426006188362,w20,indole,115,26,3.44,0.99,10.5
42.762139604742316,2.502282396759818,1.3744003574262034,5.457085424500928,4.082685067074724,0.7237401316036971,3.475739280283347,2.2579097117997584,12.5,2.4551424727205826,237.48426006188362,w20,indole,115,26,3.44,0.99,10.5
42.762139604742316,2.502282396759818,1.3744003574262034,5.457085424500928,4.082685067074724,0.7237401316036971,2.984318828958087,3.837796168729519,13.0,3.910101889368362,237.48426006188362,w20,indole,115,26,3.44,0.99,10.5
42.762139604742316,2.502282396759818,1.3744003574262034,5.457085424500928,4.082685067074724,0.7237401316036971,2.5605680496570704,2.962950657431307,13.5,0.6849008604935773,237.48426006188362,w20,indole,115,26,3.44,0.99,10.5
42.762139604742316,2.502282396759818,1.3744003574262034,5.457085424500928,4.082685067074724,0.7237401316036971,2.195560013575728,1.4550796236009993,14.0,2.092979028703038,237.48426006188362,w20,indole,115,26,3.44,0.99,10.5
42.762139604742316,2.502282396759818,1.3744003574262034,5.457085424500928,4.082685067074724,0.7237401316036971,1.8814561883208885,3.328096879938875,14.5,1.7269150016283132,237.48426006188362,w20,indole,115,26,3.44,0.99,10.5
42.762139604742316,2.502282396759818,1.3744003574262034,5.457085424500928,4.082685067074724,0.7237401316036971,1.6113956000119294,1.173944127700283,15.0,1.1088746187443137,237.48426006188362,w20,indole,115,26,3.44,0.99,10.5
42.762139604742316,2.502282396759818,1.3744003574262034,5.457085424500928,4.082685067074724,0.7237401316036971,1.3793893194001496,3.471659799765752,15.5,3.7985992152444297,237.48426006188362,w20,indole,115,26,3.44,0.99,10.5
42.762139604742316,2.502282396759818,1.3744003574262034,5.457085424500928,4.082685067074724,0.7237401316036971,1.1802220106386088,3.0504917320203626,16.0,1.3480862082843053,237.48426006188362,w20,indole,115,26,3.44,0.99,10.5
42.762139604742316,2.502282396759818,1.3744003574262034,5.457085424500928,4.082685067074724,0.7237401316036971,1.0093614213806485,2.3278279929208447,16.5,2.3614421500796006,237.48426006188362,w20,indole,115,26,3.44,0.99,10.5
42.762139604742316,2.502282396759818,1.3744003574262034,5.457085424500928,4.082685067074724,0.7237401316036971,0.8628761120776329,3.487675219774009,17.0,1.5865960300045845,237.48426006188362,w20,indole,115,26,3.44,0.99,10.5
42.762139604742316,2.502282396759818,1.3744003574262034,5.457085424500928,4.082685067074724,0.7237401316036971,0.7373613386277792,2.1243042322098464,17.5,0.9709067519656638,237.48426006188362,w20,indole,115,26,3.44,0.99,10.5
42.762139604742316,2.502282396759818,1.3744003574262034,5.457085424500928,4.082685067074724,0.7237401316036971,0.629872757666586,2.8241738726926107,18.0,2.0490037020394727,237.48426006188362,w20,indole,115,26,3.44,0.99,10.5
42.762139604742316,2.502282396759818,1.3744003574262034,5.457085424500928,4.082685067074724,0.7237401316036971,0.5378674762734257,2.563867448684369,18.5,1.627628650778409,237.48426006188362,w20,indole,115,26,3.44,0.99,10.5
42.762139604742316,2.502282396759818,1.3744003574262034,5.457085424500928,4.082685067074724,0.7237401316036971,0.45915188802180884,2.0813928561030792,19.0,2.234814532070491,237.48426006188362,w20,indole,115,26,3.44,0.99,10.5
42.762139604742316,2.502282396759818,1.3744003574262034,5.457085424500928,4.082685067074724,0.7237401316036971,0.3918357038827349,1.2448658569612006,19.5,-0.7919593267038159,237.48426006188362,w20,indole,115,26,3.44,0.99,10.5
42.762139604742316,2.502282396759818,1.3744003574262034,5.457085424500928,4.082685067074724,0.7237401316036971,0.33429158431048556,2.4565075905722726,20.0,1.227319427533537,237.48426006188362,w20,indole,115,26,3.44,0.99,10.5
42.762139604742316,2.502282396759818,1.3744003574262034,5.457085424500928,4.082685067074724,0.7237401316036971,0.2851197970626373,3.2035094438979934,20.5,2.23078902825666,237.48426006188362,w20,indole,115,26,3.44,0.99,10.5
42.762139604742316,2.502282396759818,1.3744003574262034,5.457085424500928,4.082685067074724,0.7237401316036971,0.24311735624120182,2.816560498076361,21.0,1.6678837495500862,237.48426006188362,w20,indole,115,26,3.44,0.99,10.5
42.762139604742316,2.502282396759818,1.3744003574262034,5.457085424500928,4.082685067074724,0.7237401316036971,0.20725113627565056,2.9751181055001528,21.5,3.0578304748932488,237.48426006188362,w20,indole,115,26,3.44,0.99,10.5
42.762139604742316,2.502282396759818,1.3744003574262034,5.457085424500928,4.082685067074724,0.7237401316036971,0.17663449633413617,2.0557289510717265,22.0,1.1591975766915796,237.48426006188362,w20,indole,115,26,3.44,0.99,10.5
45.888872975606226,2.823830771352498,0.8185685762870982,4.799229622820026,3.980661046532928,0.4962489466889071,1.401276851389584e-16,-5.393297654014063,-1.0,-6.516413947253415,247.97904805786615,w20,indole,116,26,3.32,1.01,10.5
45.888872975606226,2.823830771352498,0.8185685762870982,4.799229622820026,3.980661046532928,0.4962489466889071,1.6146179518728968e-14,0.2754029545225123,-0.5,0.2871130541921332,247.97904805786615,w20,indole,116,26,3.32,1.01,10.5
45.888872975606226,2.823830771352498,0.8185685762870982,4.799229622820026,3.980661046532928,0.4962489466889071,1.859928493265267e-12,5.679920797053855,0.0,0.9030327773667537,247.97904805786615,w20,indole,116,26,3.32,1.01,10.5
45.888872975606226,2.823830771352498,0.8185685762870982,4.799229622820026,3.980661046532928,0.4962489466889071,2.0585773911141424e-10,6.805485896203663,0.5,5.726244034675386,247.97904805786615,w20,indole,116,26,3.32,1.01,10.5
45.888872975606226,2.823830771352498,0.8185685762870982,4.799229622820026,3.980661046532928,0.4962489466889071,8.667327791858227,10.38150534044468,1.0,10.746838258500919,247.97904805786615,w20,indole,116,26,3.32,1.01,10.5
45.888872975606226,2.823830771352498,0.8185685762870982,4.799229622820026,3.980661046532928,0.4962489466889071,29.953092972874924,24.57866739774893,1.5,22.90233938310174,247.97904805786615,w20,indole,116,26,3.32,1.01,10.5
45.888872975606226,2.823830771352498,0.8185685762870982,4.799229622820026,3.980661046532928,0.4962489466889071,40.69944896134811,41.019812672729856,2.0,39.41407052192531,247.97904805786615,w20,indole,116,26,3.32,1.01,10.5
45.888872975606226,2.823830771352498,0.8185685762870982,4.799229622820026,3.980661046532928,0.4962489466889071,45.21199592868651,54.10072685243324,2.5,52.796591045260136,247.97904805786615,w20,indole,116,26,3.32,1.01,10.5
45.888872975606226,2.823830771352498,0.8185685762870982,4.799229622820026,3.980661046532928,0.4962489466889071,45.719299898043054,51.884171234463665,3.0,44.81561519935396,247.97904805786615,w20,indole,116,26,3.32,1.01,10.5
45.888872975606226,2.823830771352498,0.8185685762870982,4.799229622820026,3.980661046532928,0.4962489466889071,43.767712595942236,40.68225939530421,3.5,37.11069519460677,247.97904805786615,w20,indole,116,26,3.32,1.01,10.5
45.888872975606226,2.823830771352498,0.8185685762870982,4.799229622820026,3.980661046532928,0.4962489466889071,40.420950688564545,43.6613095650394,4.0,43.87611423219466,247.97904805786615,w20,indole,116,26,3.32,1.01,10.5
45.888872975606226,2.823830771352498,0.8185685762870982,4.799229622820026,3.980661046532928,0.4962489466889071,36.394291642470506,32.388828202758,4.5,37.8641419229459,247.97904805786615,w20,indole,116,26,3.32,1.01,10.5
45.888872975606226,2.823830771352498,0.8185685762870982,4.799229622820026,3.980661046532928,0.4962489466889071,32.155250240477514,26.120504340286672,5.0,30.66353269992499,247.97904805786615,w20,indole,116,26,3.32,1.01,10.5
45.888872975606226,2.823830771352498,0.8185685762870982,4.799229622820026,3.980661046532928,0.4962489466889071,27.997637475136234,25.371603497492696,5.5,28.13342387940882,247.97904805786615,w20,indole,116,26,3.32,1.01,10.5
45.888872975606226,2.823830771352498,0.8185685762870982,4.799229622820026,3.980661046532928,0.4962489466889071,24.09533419377301,14.163882136835106,6.0,22.69464845128128,247.97904805786615,w20,indole,116,26,3.32,1.01,10.5
45.888872975606226,2.823830771352498,0.8185685762870982,4.799229622820026,3.980661046532928,0.4962489466889071,20.540926293675934,17.944955139244243,6.5,25.087490457257495,247.97904805786615,w20,indole,116,26,3.32,1.01,10.5
45.888872975606226,2.823830771352498,0.8185685762870982,4.799229622820026,3.980661046532928,0.4962489466889071,17.373179961826224,11.936545306779783,7.0,20.621469650726397,247.97904805786615,w20,indole,116,26,3.32,1.01,10.5
45.888872975606226,2.823830771352498,0.8185685762870982,4.799229622820026,3.980661046532928,0.4962489466889071,14.596364092463203,15.024670323751456,7.5,17.758915843525212,247.97904805786615,w20,indole,116,26,3.32,1.01,10.5
45.888872975606226,2.823830771352498,0.8185685762870982,4.799229622820026,3.980661046532928,0.4962489466889071,12.19366414421377,13.619089950710626,8.0,13.89140538390837,247.97904805786615,w20,indole,116,26,3.32,1.01,10.5
45.888872975606226,2.823830771352498,0.8185685762870982,4.799229622820026,3.980661046532928,0.4962489466889071,10.136347801925474,9.280888791873839,8.5,6.159436768530515,247.97904805786615,w20,indole,116,26,3.32,1.01,10.5
45.888872975606226,2.823830771352498,0.8185685762870982,4.799229622820026,3.980661046532928,0.4962489466889071,8.389902203452179,12.352586610430345,9.0,12.991173039312017,247.97904805786615,w20,indole,116,26,3.32,1.01,10.5
45.888872975606226,2.823830771352498,0.8185685762870982,4.799229622820026,3.980661046532928,0.4962489466889071,6.918033065524162,9.029184917545576,9.5,8.323659163726958,247.97904805786615,w20,indole,116,26,3.32,1.01,10.5
45.888872975606226,2.823830771352498,0.8185685762870982,4.799229622820026,3.980661046532928,0.4962489466889071,5.685171432488856,7.418095789906724,10.0,9.176681630818974,247.97904805786615,w20,indole,116,26,3.32,1.01,10.5
45.888872975606226,2.823830771352498,0.8185685762870982,4.799229622820026,3.980661046532928,0.4962489466889071,4.657953190126988,8.41126913103928,10.5,7.952492287932054,247.97904805786615,w20,indole,116,26,3.32,1.01,10.5
45.888872975606226,2.823830771352498,0.8185685762870982,4.799229622820026,3.980661046532928,0.4962489466889071,3.806003887263883,4.289336884469037,11.0,6.155417321849271,247.97904805786615,w20,indole,116,26,3.32,1.01,10.5
45.888872975606226,2.823830771352498,0.8185685762870982,4.799229622820026,3.980661046532928,0.4962489466889071,3.1022645590986975,5.299824249085777,11.5,2.7750506871453267,247.97904805786615,w20,indole,116,26,3.32,1.01,10.5
45.888872975606226,2.823830771352498,0.8185685762870982,4.799229622820026,3.980661046532928,0.4962489466889071,2.5230239031498463,4.7828548667367095,12.0,4.203112295765807,247.97904805786615,w20,indole,116,26,3.32,1.01,10.5
45.888872975606226,2.823830771352498,0.8185685762870982,4.799229622820026,3.980661046532928,0.4962489466889071,2.047771377047096,0.777730718374471,12.5,2.16817987803242,247.97904805786615,w20,indole,116,26,3.32,1.01,10.5
45.888872975606226,2.823830771352498,0.8185685762870982,4.799229622820026,3.980661046532928,0.4962489466889071,1.6589493766575925,2.5481348442081284,13.0,-0.7225124798678448,247.97904805786615,w20,indole,116,26,3.32,1.01,10.5
45.888872975606226,2.823830771352498,0.8185685762870982,4.799229622820026,3.980661046532928,0.4962489466889071,1.3416567505341952,1.5545949305588627,13.5,1.292597431193883,247.97904805786615,w20,indole,116,26,3.32,1.01,10.5
45.888872975606226,2.823830771352498,0.8185685762870982,4.799229622820026,3.980661046532928,0.4962489466889071,1.0833376493976734,-0.10571727512072338,14.0,-0.15982484452153667,247.97904805786615,w20,indole,116,26,3.32,1.01,10.5
45.888872975606226,2.823830771352498,0.8185685762870982,4.799229622820026,3.980661046532928,0.4962489466889071,0.8734769835928337,1.900574462618488,14.5,2.3768764363482093,247.97904805786615,w20,indole,116,26,3.32,1.01,10.5
45.888872975606226,2.823830771352498,0.8185685762870982,4.799229622820026,3.980661046532928,0.4962489466889071,0.7033150129569218,-0.3843609807805173,15.0,-0.9786567703455715,247.97904805786615,w20,indole,116,26,3.32,1.01,10.5
45.888872975606226,2.823830771352498,0.8185685762870982,4.799229622820026,3.980661046532928,0.4962489466889071,0.5655876843178337,2.055767516502354,15.5,1.9108981008074915,247.97904805786615,w20,indole,116,26,3.32,1.01,10.5
45.888872975606226,2.823830771352498,0.8185685762870982,4.799229622820026,3.980661046532928,0.4962489466889071,0.4542954325153055,1.5859332059988425,16.0,0.9840482794299605,247.97904805786615,w20,indole,116,26,3.32,1.01,10.5
45.888872975606226,2.823830771352498,0.8185685762870982,4.799229622820026,3.980661046532928,0.4962489466889071,0.3645006700199733,0.8926527367979298,16.5,1.1005913175243074,247.97904805786615,w20,indole,116,26,3.32,1.01,10.5
45.888872975606226,2.823830771352498,0.8185685762870982,4.799229622820026,3.980661046532928,0.4962489466889071,0.2921526743443885,2.088007748336516,17.0,1.267128868393387,247.97904805786615,w20,indole,116,26,3.32,1.01,10.5
45.888872975606226,2.823830771352498,0.8185685762870982,4.799229622820026,3.980661046532928,0.4962489466889071,0.23393773097599918,0.61623621253056,17.5,0.35588985728222644,247.97904805786615,w20,indole,116,26,3.32,1.01,10.5
45.888872975606226,2.823830771352498,0.8185685762870982,4.799229622820026,3.980661046532928,0.4962489466889071,0.18715198182830878,1.3952076999495655,18.0,-0.8674964468790443,247.97904805786615,w20,indole,116,26,3.32,1.01,10.5
45.888872975606226,2.823830771352498,0.8185685762870982,4.799229622820026,3.980661046532928,0.4962489466889071,0.14959430979269342,1.083716662574869,18.5,1.1766556040014577,247.97904805786615,w20,indole,116,26,3.32,1.01,10.5
45.888872975606226,2.823830771352498,0.8185685762870982,4.799229622820026,3.980661046532928,0.4962489466889071,0.11947665064881532,0.5492831730947239,19.0,0.7713792399908184,247.97904805786615,w20,indole,116,26,3.32,1.01,10.5
45.888872975606226,2.823830771352498,0.8185685762870982,4.799229622820026,3.980661046532928,0.4962489466889071,0.0953492900173759,-0.3869159568089131,19.5,-1.0790380295654352,247.97904805786615,w20,indole,116,26,3.32,1.01,10.5
45.888872975606226,2.823830771352498,0.8185685762870982,4.799229622820026,3.980661046532928,0.4962489466889071,0.07603892505115768,1.0481550046489634,20.0,0.08495557006604892,247.97904805786615,w20,indole,116,26,3.32,1.01,10.5
45.888872975606226,2.823830771352498,0.8185685762870982,4.799229622820026,3.980661046532928,0.4962489466889071,0.06059751509513553,1.7765755489661823,20.5,-0.3224415968624603,247.97904805786615,w20,indole,116,26,3.32,1.01,10.5
45.888872975606226,2.823830771352498,0.8185685762870982,4.799229622820026,3.980661046532928,0.4962489466889071,0.04826019151447474,1.4784687645593464,21.0,-0.9560502310149364,247.97904805786615,w20,indole,116,26,3.32,1.01,10.5
45.888872975606226,2.823830771352498,0.8185685762870982,4.799229622820026,3.980661046532928,0.4962489466889071,0.038410731483131906,1.5902151753510378,21.5,0.29732310596245926,247.97904805786615,w20,indole,116,26,3.32,1.01,10.5
45.888872975606226,2.823830771352498,0.8185685762870982,4.799229622820026,3.980661046532928,0.4962489466889071,0.030553316577429504,0.6352102633557859,22.0,-1.405239481367306,247.97904805786615,w20,indole,116,26,3.32,1.01,10.5
52.52727964253819,2.400000001963481,1.3443473613819001,4.693360802205134,3.3490134408232333,0.6847869800361008,3.7065040696518026e-13,-5.618746224947611,-1.0,-9.564263698311574,241.6059185848345,w25,indole,117,31,3.44,0.89,10.5
52.52727964253819,2.400000001963481,1.3443473613819001,4.693360802205134,3.3490134408232333,0.6847869800361008,4.4233542694825363e-11,0.2777423653805542,-0.5,-2.5289824406214354,241.6059185848345,w25,indole,117,31,3.44,0.89,10.5
52.52727964253819,2.400000001963481,1.3443473613819001,4.693360802205134,3.3490134408232333,0.6847869800361008,5.278838124199709e-09,5.929572700017825,0.0,7.940124235932224,241.6059185848345,w25,indole,117,31,3.44,0.89,10.5
52.52727964253819,2.400000001963481,1.3443473613819001,4.693360802205134,3.3490134408232333,0.6847869800361008,6.298436094095848e-07,7.124845785394987,0.5,0.3254765589130031,241.6059185848345,w25,indole,117,31,3.44,0.89,10.5
52.52727964253819,2.400000001963481,1.3443473613819001,4.693360802205134,3.3490134408232333,0.6847869800361008,7.285398973420425e-05,10.887971920273229,1.0,8.110331078710265,241.6059185848345,w25,indole,117,31,3.44,0.89,10.5
52.52727964253819,2.400000001963481,1.3443473613819001,4.693360802205134,3.3490134408232333,0.6847869800361008,26.60956612075492,25.653849209667708,1.5,29.049286468401952,241.6059185848345,w25,indole,117,31,3.44,0.89,10.5
52.52727964253819,2.400000001963481,1.3443473613819001,4.693360802205134,3.3490134408232333,0.6847869800361008,50.153698637095445,42.80504619976601,2.0,48.05892067001865,241.6059185848345,w25,indole,117,31,3.44,0.89,10.5
52.52727964253819,2.400000001963481,1.3443473613819001,4.693360802205134,3.3490134408232333,0.6847869800361008,52.42479233389308,56.43005448341401,2.5,57.46180920919746,241.6059185848345,w25,indole,117,31,3.44,0.89,10.5
52.52727964253819,2.400000001963481,1.3443473613819001,4.693360802205134,3.3490134408232333,0.6847869800361008,49.74266825397625,54.125510751700745,3.0,61.24270013920692,241.6059185848345,w25,indole,117,31,3.44,0.89,10.5
52.52727964253819,2.400000001963481,1.3443473613819001,4.693360802205134,3.3490134408232333,0.6847869800361008,45.16475442616624,42.48009395559051,3.5,41.721173316159394,241.6059185848345,w25,indole,117,31,3.44,0.89,10.5
52.52727964253819,2.400000001963481,1.3443473613819001,4.693360802205134,3.3490134408232333,0.6847869800361008,39.977437237750415,45.58014346486475,4.0,48.34856529185252,241.6059185848345,w25,indole,117,31,3.44,0.89,10.5
52.52727964253819,2.400000001963481,1.3443473613819001,4.693360802205134,3.3490134408232333,0.6847869800361008,34.80287463364173,33.8746223060846,4.5,20.439033074188337,241.6059185848345,w25,indole,117,31,3.44,0.89,10.5
52.52727964253819,2.400000001963481,1.3443473613819001,4.693360802205134,3.3490134408232333,0.6847869800361008,29.945562323488996,27.370320314909797,5.0,20.114396964685902,241.6059185848345,w25,indole,117,31,3.44,0.89,10.5
52.52727964253819,2.400000001963481,1.3443473613819001,4.693360802205134,3.3490134408232333,0.6847869800361008,25.543161593335025,26.59190160865702,5.5,32.36802183283658,241.6059185848345,w25,indole,117,31,3.44,0.89,10.5
52.52727964253819,2.400000001963481,1.3443473613819001,4.693360802205134,3.3490134408232333,0.6847869800361008,21.642214855591575,14.951236750210349,6.0,-3.7252727840213025,241.6059185848345,w25,indole,117,31,3.44,0.89,10.5
52.52727964253819,2.400000001963481,1.3443473613819001,4.693360802205134,3.3490134408232333,0.6847869800361008,18.239360586521727,18.901529202020672,6.5,25.708976821870547,241.6059185848345,w25,indole,117,31,3.44,0.89,10.5
52.52727964253819,2.400000001963481,1.3443473613819001,4.693360802205134,3.3490134408232333,0.6847869800361008,15.30482645902207,12.641080669700381,7.0,-3.8019708260949168,241.6059185848345,w25,indole,117,31,3.44,0.89,10.5
52.52727964253819,2.400000001963481,1.3443473613819001,4.693360802205134,3.3490134408232333,0.6847869800361008,12.796129211065235,15.845162377425082,7.5,14.293177091620713,241.6059185848345,w25,indole,117,31,3.44,0.89,10.5
52.52727964253819,2.400000001963481,1.3443473613819001,4.693360802205134,3.3490134408232333,0.6847869800361008,10.666096650537252,14.394855623575655,8.0,13.459683421673663,241.6059185848345,w25,indole,117,31,3.44,0.89,10.5
52.52727964253819,2.400000001963481,1.3443473613819001,4.693360802205134,3.3490134408232333,0.6847869800361008,8.867496025394885,9.876759164006883,8.5,13.289971485272847,241.6059185848345,w25,indole,117,31,3.44,0.89,10.5
52.52727964253819,2.400000001963481,1.3443473613819001,4.693360802205134,3.3490134408232333,0.6847869800361008,7.355598986181316,13.088523022327388,9.0,14.929592363622346,241.6059185848345,w25,indole,117,31,3.44,0.89,10.5
52.52727964253819,2.400000001963481,1.3443473613819001,4.693360802205134,3.3490134408232333,0.6847869800361008,6.089484622484758,9.626122679188027,9.5,10.306066389861192,241.6059185848345,w25,indole,117,31,3.44,0.89,10.5
52.52727964253819,2.400000001963481,1.3443473613819001,4.693360802205134,3.3490134408232333,0.6847869800361008,5.032574856040163,7.957836111143306,10.0,12.484693961011535,241.6059185848345,w25,indole,117,31,3.44,0.89,10.5
52.52727964253819,2.400000001963481,1.3443473613819001,4.693360802205134,3.3490134408232333,0.6847869800361008,4.152711498117076,8.999569588736957,10.5,9.863805573217306,241.6059185848345,w25,indole,117,31,3.44,0.89,10.5
52.52727964253819,2.400000001963481,1.3443473613819001,4.693360802205134,3.3490134408232333,0.6847869800361008,3.421969884726957,4.717203719664555,11.0,-1.8419841295632562,241.6059185848345,w25,indole,117,31,3.44,0.89,10.5
52.52727964253819,2.400000001963481,1.3443473613819001,4.693360802205134,3.3490134408232333,0.6847869800361008,2.816331875397109,5.795240690383372,11.5,10.782571312149248,241.6059185848345,w25,indole,117,31,3.44,0.89,10.5
52.52727964253819,2.400000001963481,1.3443473613819001,4.693360802205134,3.3490134408232333,0.6847869800361008,2.3152949198321084,5.2227642521288145,12.0,6.542860099687633,241.6059185848345,w25,indole,117,31,3.44,0.89,10.5
52.52727964253819,2.400000001963481,1.3443473613819001,4.693360802205134,3.3490134408232333,0.6847869800361008,1.9014642281042284,1.055560552637897,12.5,0.5403250487360824,241.6059185848345,w25,indole,117,31,3.44,0.89,10.5
52.52727964253819,2.400000001963481,1.3443473613819001,4.693360802205134,3.3490134408232333,0.6847869800361008,1.5601559301001946,2.9006621363181404,13.0,5.203501590586585,241.6059185848345,w25,indole,117,31,3.44,0.89,10.5
52.52727964253819,2.400000001963481,1.3443473613819001,4.693360802205134,3.3490134408232333,0.6847869800361008,1.2790267847180063,1.8670432348148713,13.5,2.8200527934764104,241.6059185848345,w25,indole,117,31,3.44,0.89,10.5
52.52727964253819,2.400000001963481,1.3443473613819001,4.693360802205134,3.3490134408232333,0.6847869800361008,1.047738138157366,0.13257894936703396,14.0,0.9032196375474615,241.6059185848345,w25,indole,117,31,3.44,0.89,10.5
52.52727964253819,2.400000001963481,1.3443473613819001,4.693360802205134,3.3490134408232333,0.6847869800361008,0.8576569019084246,2.2364355784214243,14.5,3.643469307207738,241.6059185848345,w25,indole,117,31,3.44,0.89,10.5
52.52727964253819,2.400000001963481,1.3443473613819001,4.693360802205134,3.3490134408232333,0.6847869800361008,0.7015933192593926,-0.16289762354529946,15.0,-2.212204975777092,241.6059185848345,w25,indole,117,31,3.44,0.89,10.5
52.52727964253819,2.400000001963481,1.3443473613819001,4.693360802205134,3.3490134408232333,0.6847869800361008,0.5735735487436613,2.398969124779738,15.5,3.517803535910639,241.6059185848345,w25,indole,117,31,3.44,0.89,10.5
52.52727964253819,2.400000001963481,1.3443473613819001,4.693360802205134,3.3490134408232333,0.6847869800361008,0.46864417100268313,1.9090154090843439,16.0,5.595974484125373,241.6059185848345,w25,indole,117,31,3.44,0.89,10.5
52.52727964253819,2.400000001963481,1.3443473613819001,4.693360802205134,3.3490134408232333,0.6847869800361008,0.38270532659735995,1.170230249343346,16.5,0.19447104795300962,241.6059185848345,w25,indole,117,31,3.44,0.89,10.5
52.52727964253819,2.400000001963481,1.3443473613819001,4.693360802205134,3.3490134408232333,0.6847869800361008,0.3123691194187419,2.430575970925902,17.0,3.7422615965338406,241.6059185848345,w25,indole,117,31,3.44,0.89,10.5
52.52727964253819,2.400000001963481,1.3443473613819001,4.693360802205134,3.3490134408232333,0.6847869800361008,0.25484004279591155,0.8888949731097999,17.5,3.0483737443735874,241.6059185848345,w25,indole,117,31,3.44,0.89,10.5
52.52727964253819,2.400000001963481,1.3443473613819001,4.693360802205134,3.3490134408232333,0.6847869800361008,0.20781441709813653,1.7014716359254551,18.0,3.9323795056935182,241.6059185848345,w25,indole,117,31,3.44,0.89,10.5
52.52727964253819,2.400000001963481,1.3443473613819001,4.693360802205134,3.3490134408232333,0.6847869800361008,0.16939611266057297,1.3795990134365028,18.5,2.623648356753007,241.6059185848345,w25,indole,117,31,3.44,0.89,10.5
52.52727964253819,2.400000001963481,1.3443473613819001,4.693360802205134,3.3490134408232333,0.6847869800361008,0.13802613465011176,0.8217486197854913,19.0,1.064329643833235,241.6059185848345,w25,indole,117,31,3.44,0.89,10.5
52.52727964253819,2.400000001963481,1.3443473613819001,4.693360802205134,3.3490134408232333,0.6847869800361008,0.11242394511728247,-0.15411888896493364,19.5,0.9090907654890903,241.6059185848345,w25,indole,117,31,3.44,0.89,10.5
52.52727964253819,2.400000001963481,1.3443473613819001,4.693360802205134,3.3490134408232333,0.6847869800361008,0.09153867915041562,1.3307166478684995,20.0,2.7768543260979057,241.6059185848345,w25,indole,117,31,3.44,0.89,10.5
52.52727964253819,2.400000001963481,1.3443473613819001,4.693360802205134,3.3490134408232333,0.6847869800361008,0.0745086699640911,2.1050272206230964,20.5,5.9180164880558745,241.6059185848345,w25,indole,117,31,3.44,0.89,10.5
52.52727964253819,2.400000001963481,1.3443473613819001,4.693360802205134,3.3490134408232333,0.6847869800361008,0.06062792900895993,1.7754423555590373,21.0,5.0838892315445285,241.6059185848345,w25,indole,117,31,3.44,0.89,10.5
52.52727964253819,2.400000001963481,1.3443473613819001,4.693360802205134,3.3490134408232333,0.6847869800361008,0.04931843133054477,1.9010998145935756,21.5,4.866125551697058,241.6059185848345,w25,indole,117,31,3.44,0.89,10.5
52.52727964253819,2.400000001963481,1.3443473613819001,4.693360802205134,3.3490134408232333,0.6847869800361008,0.040107234460680326,0.8953046740134716,22.0,4.563827178067198,241.6059185848345,w25,indole,117,31,3.44,0.89,10.5
55.063997376464606,2.822600427440889,0.7637196359442979,4.385779380773078,3.62205974482878,0.4315718302449158,3.622046973827211e-19,-6.265143729579824,-1.0,-3.1755052443015686,263.50667690095537,w25,indole,118,31,3.13,0.92,10.5
55.063997376464606,2.822600427440889,0.7637196359442979,4.385779380773078,3.62205974482878,0.4315718302449158,3.9040126338302e-17,0.36099813917849843,-0.5,0.881760123569439,263.50667690095537,w25,indole,118,31,3.13,0.92,10.5
55.063997376464606,2.822600427440889,0.7637196359442979,4.385779380773078,3.62205974482878,0.4315718302449158,4.205927730324389e-15,6.560047532287552,0.0,8.968050993640283,263.50667690095537,w25,indole,118,31,3.13,0.92,10.5
55.063997376464606,2.822600427440889,0.7637196359442979,4.385779380773078,3.62205974482878,0.4315718302449158,4.232651869410958e-13,7.779649641053117,0.5,13.556266503111605,263.50667690095537,w25,indole,118,31,3.13,0.92,10.5
55.063997376464606,2.822600427440889,0.7637196359442979,4.385779380773078,3.62205974482878,0.4315718302449158,9.328346735800459,11.789289839925491,1.0,12.719881013493117,263.50667690095537,w25,indole,118,31,3.13,0.92,10.5
55.063997376464606,2.822600427440889,0.7637196359442979,4.385779380773078,3.62205974482878,0.4315718302449158,33.101012331347825,28.391316249307444,1.5,25.85790444604011,263.50667690095537,w25,indole,118,31,3.13,0.92,10.5
55.063997376464606,2.822600427440889,0.7637196359442979,4.385779380773078,3.62205974482878,0.4315718302449158,47.60451951211748,47.41552837339558,2.0,43.299354752610995,263.50667690095537,w25,indole,118,31,3.13,0.92,10.5
55.063997376464606,2.822600427440889,0.7637196359442979,4.385779380773078,3.62205974482878,0.4315718302449158,54.07716097900063,62.63336389846123,2.5,57.21735799924203,263.50667690095537,w25,indole,118,31,3.13,0.92,10.5
55.063997376464606,2.822600427440889,0.7637196359442979,4.385779380773078,3.62205974482878,0.4315718302449158,54.80989748960527,60.03819137995063,3.0,59.259915214818925,263.50667690095537,w25,indole,118,31,3.13,0.92,10.5
55.063997376464606,2.822600427440889,0.7637196359442979,4.385779380773078,3.62205974482878,0.4315718302449158,51.92413963774061,46.91827429433725,3.5,54.79514259392168,263.50667690095537,w25,indole,118,31,3.13,0.92,10.5
55.063997376464606,2.822600427440889,0.7637196359442979,4.385779380773078,3.62205974482878,0.4315718302449158,47.03853823619084,50.39541890528472,4.0,49.097034624917455,263.50667690095537,w25,indole,118,31,3.13,0.92,10.5
55.063997376464606,2.822600427440889,0.7637196359442979,4.385779380773078,3.62205974482878,0.4315718302449158,41.27802371975154,37.14081212553261,4.5,45.89807479433886,263.50667690095537,w25,indole,118,31,3.13,0.92,10.5
55.063997376464606,2.822600427440889,0.7637196359442979,4.385779380773078,3.62205974482878,0.4315718302449158,35.37098687527455,29.75135053584519,5.0,24.711797497482536,263.50667690095537,w25,indole,118,31,3.13,0.92,10.5
55.063997376464606,2.822600427440889,0.7637196359442979,4.385779380773078,3.62205974482878,0.4315718302449158,29.75438088561557,28.873701780791528,5.5,27.94633911101131,263.50667690095537,w25,indole,118,31,3.13,0.92,10.5
55.063997376464606,2.822600427440889,0.7637196359442979,4.385779380773078,3.62205974482878,0.4315718302449158,24.662891374115176,15.704627982373063,6.0,13.593364721156671,263.50667690095537,w25,indole,118,31,3.13,0.92,10.5
55.063997376464606,2.822600427440889,0.7637196359442979,4.385779380773078,3.62205974482878,0.4315718302449158,20.197498195948324,20.056493907845326,6.5,20.075280826810715,263.50667690095537,w25,indole,118,31,3.13,0.92,10.5
55.063997376464606,2.822600427440889,0.7637196359442979,4.385779380773078,3.62205974482878,0.4315718302449158,16.37527524763359,13.074867204011396,7.0,21.60929434041706,263.50667690095537,w25,indole,118,31,3.13,0.92,10.5
55.063997376464606,2.822600427440889,0.7637196359442979,4.385779380773078,3.62205974482878,0.4315718302449158,13.164087302202937,16.71650152121189,7.5,14.210140338645743,263.50667690095537,w25,indole,118,31,3.13,0.92,10.5
55.063997376464606,2.822600427440889,0.7637196359442979,4.385779380773078,3.62205974482878,0.4315718302449158,10.505887940405328,15.02738640256256,8.0,14.116102696069921,263.50667690095537,w25,indole,118,31,3.13,0.92,10.5
55.063997376464606,2.822600427440889,0.7637196359442979,4.385779380773078,3.62205974482878,0.4315718302449158,8.33176994823679,9.978330408693479,8.5,7.434321986753582,263.50667690095537,w25,indole,118,31,3.13,0.92,10.5
55.063997376464606,2.822600427440889,0.7637196359442979,4.385779380773078,3.62205974482878,0.4315718302449158,6.571241177430466,13.503552156249828,9.0,8.702294559461848,263.50667690095537,w25,indole,118,31,3.13,0.92,10.5
55.063997376464606,2.822600427440889,0.7637196359442979,4.385779380773078,3.62205974482878,0.4315718302449158,5.157575355908475,9.640229780274275,9.5,8.266719583230701,263.50667690095537,w25,indole,118,31,3.13,0.92,10.5
55.063997376464606,2.822600427440889,0.7637196359442979,4.385779380773078,3.62205974482878,0.4315718302449158,4.0305750221668815,7.727430038878588,10.0,9.385813079456547,263.50667690095537,w25,indole,118,31,3.13,0.92,10.5
55.063997376464606,2.822600427440889,0.7637196359442979,4.385779380773078,3.62205974482878,0.4315718302449158,3.137687387462233,8.854398025026418,10.5,6.250788250473887,263.50667690095537,w25,indole,118,31,3.13,0.92,10.5
55.063997376464606,2.822600427440889,0.7637196359442979,4.385779380773078,3.62205974482878,0.4315718302449158,2.434118900964047,4.015865566864526,11.0,7.490772553758777,263.50667690095537,w25,indole,118,31,3.13,0.92,10.5
55.063997376464606,2.822600427440889,0.7637196359442979,4.385779380773078,3.62205974482878,0.4315718302449158,1.8823808464679166,5.0912758548991315,11.5,6.716401345093699,263.50667690095537,w25,indole,118,31,3.13,0.92,10.5
55.063997376464606,2.822600427440889,0.7637196359442979,4.385779380773078,3.62205974482878,0.4315718302449158,1.4515474372195645,4.623306302385827,12.0,3.0276261100129194,263.50667690095537,w25,indole,118,31,3.13,0.92,10.5
55.063997376464606,2.822600427440889,0.7637196359442979,4.385779380773078,3.62205974482878,0.4315718302449158,1.1164034838061758,-0.053808338455194615,12.5,0.2012108142531548,263.50667690095537,w25,indole,118,31,3.13,0.92,10.5
55.063997376464606,2.822600427440889,0.7637196359442979,4.385779380773078,3.62205974482878,0.4315718302449158,0.8565879838915046,2.001658397243756,13.0,-0.15197235191397396,263.50667690095537,w25,indole,118,31,3.13,0.92,10.5
55.063997376464606,2.822600427440889,0.7637196359442979,4.385779380773078,3.62205974482878,0.4315718302449158,0.6557931505013392,0.8409187799841686,13.5,2.4516435182102576,263.50667690095537,w25,indole,118,31,3.13,0.92,10.5
55.063997376464606,2.822600427440889,0.7637196359442979,4.385779380773078,3.62205974482878,0.4315718302449158,0.5010482100527186,-1.070639910015415,14.0,-1.6069297282809551,263.50667690095537,w25,indole,118,31,3.13,0.92,10.5
55.063997376464606,2.822600427440889,0.7637196359442979,4.385779380773078,3.62205974482878,0.4315718302449158,0.38209850311085924,1.2080103043375257,14.5,2.0457793501431984,263.50667690095537,w25,indole,118,31,3.13,0.92,10.5
55.063997376464606,2.822600427440889,0.7637196359442979,4.385779380773078,3.62205974482878,0.4315718302449158,0.29087926289228516,-1.3742272344656001,15.0,-0.054624663014288366,263.50667690095537,w25,indole,118,31,3.13,0.92,10.5
55.063997376464606,2.822600427440889,0.7637196359442979,4.385779380773078,3.62205974482878,0.4315718302449158,0.22107730307719511,1.3850814416630501,15.5,0.15518434480342158,263.50667690095537,w25,indole,118,31,3.13,0.92,10.5
55.063997376464606,2.822600427440889,0.7637196359442979,4.385779380773078,3.62205974482878,0.4315718302449158,0.16777090700180006,0.8407582078545239,16.0,0.9032541092525539,263.50667690095537,w25,indole,118,31,3.13,0.92,10.5
55.063997376464606,2.822600427440889,0.7637196359442979,4.385779380773078,3.62205974482878,0.4315718302449158,0.12713724705838672,0.09963801112326198,16.5,0.1038869734636303,263.50667690095537,w25,indole,118,31,3.13,0.92,10.5
55.063997376464606,2.822600427440889,0.7637196359442979,4.385779380773078,3.62205974482878,0.4315718302449158,0.09621685891414554,1.4303372841442727,17.0,2.0733346963497263,263.50667690095537,w25,indole,118,31,3.13,0.92,10.5
55.063997376464606,2.822600427440889,0.7637196359442979,4.385779380773078,3.62205974482878,0.4315718302449158,0.07272551771052549,-0.24775316797407987,17.5,-0.28264822912084253,263.50667690095537,w25,indole,118,31,3.13,0.92,10.5
55.063997376464606,2.822600427440889,0.7637196359442979,4.385779380773078,3.62205974482878,0.4315718302449158,0.05490497539098252,0.6537462736154298,18.0,-0.2750344750274616,263.50667690095537,w25,indole,118,31,3.13,0.92,10.5
55.063997376464606,2.822600427440889,0.7637196359442979,4.385779380773078,3.62205974482878,0.4315718302449158,0.041405213623815766,0.28126465888397245,18.5,1.5670968912261976,263.50667690095537,w25,indole,118,31,3.13,0.92,10.5
55.063997376464606,2.822600427440889,0.7637196359442979,4.385779380773078,3.62205974482878,0.4315718302449158,0.03119202608872728,-0.3358146951439336,19.0,-1.2753082531815563,263.50667690095537,w25,indole,118,31,3.13,0.92,10.5
55.063997376464606,2.822600427440889,0.7637196359442979,4.385779380773078,3.62205974482878,0.4315718302449158,0.02347480393622475,-1.4220972501190592,19.5,-2.2098644175028563,263.50667690095537,w25,indole,118,31,3.13,0.92,10.5
55.063997376464606,2.822600427440889,0.7637196359442979,4.385779380773078,3.62205974482878,0.4315718302449158,0.017650331042216784,0.2863671913543602,20.0,-0.27270247601677644,263.50667690095537,w25,indole,118,31,3.13,0.92,10.5
55.063997376464606,2.822600427440889,0.7637196359442979,4.385779380773078,3.62205974482878,0.4315718302449158,0.013259194645907023,1.0725920672521976,20.5,-1.5783102071265862,263.50667690095537,w25,indole,118,31,3.13,0.92,10.5
55.063997376464606,2.822600427440889,0.7637196359442979,4.385779380773078,3.62205974482878,0.4315718302449158,0.00995208764925273,0.8006619143201021,21.0,0.4660967218208292,263.50667690095537,w25,indole,118,31,3.13,0.92,10.5
55.063997376464606,2.822600427440889,0.7637196359442979,4.385779380773078,3.62205974482878,0.4315718302449158,0.007463833154925927,0.894309561497916,21.5,1.142530172715945,263.50667690095537,w25,indole,118,31,3.13,0.92,10.5
55.063997376464606,2.822600427440889,0.7637196359442979,4.385779380773078,3.62205974482878,0.4315718302449158,0.005593414255076321,-0.1732717329905764,22.0,-2.4001217251345186,263.50667690095537,w25,indole,118,31,3.13,0.92,10.5
31.7930015401667,2.3130814517370615,1.355089666829923,4.354218314039072,2.9991286472091483,0.6805766282154647,1.9704228248294283e-13,-3.2587914605263446,-1.0,-2.1303344249673177,131.06050343629641,w25,indole,119,31,2.97,0.84,10.5
31.7930015401667,2.3130814517370615,1.355089666829923,4.354218314039072,2.9991286472091483,0.6805766282154647,2.2890031821950556e-11,0.19271494158459568,-0.5,2.2760424504942733,131.06050343629641,w25,indole,119,31,2.97,0.84,10.5
31.7930015401667,2.3130814517370615,1.355089666829923,4.354218314039072,2.9991286472091483,0.6805766282154647,2.6590885809046147e-09,3.4030171199315937,0.0,4.3869181410991445,131.06050343629641,w25,indole,119,31,2.97,0.84,10.5
31.7930015401667,2.3130814517370615,1.355089666829923,4.354218314039072,2.9991286472091483,0.6805766282154647,3.088420093649763e-07,4.023082548770907,0.5,7.196735988810018,131.06050343629641,w25,indole,119,31,2.97,0.84,10.5
31.7930015401667,2.3130814517370615,1.355089666829923,4.354218314039072,2.9991286472091483,0.6805766282154647,3.488341854925523e-05,6.084689996372007,1.0,7.815298189405239,131.06050343629641,w25,indole,119,31,2.97,0.84,10.5
31.7930015401667,2.3130814517370615,1.355089666829923,4.354218314039072,2.9991286472091483,0.6805766282154647,15.80366904164794,14.733661858817658,1.5,17.56191726027501,131.06050343629641,w25,indole,119,31,2.97,0.84,10.5
31.7930015401667,2.3130814517370615,1.355089666829923,4.354218314039072,2.9991286472091483,0.6805766282154647,30.73246185836321,24.61252747697401,2.0,27.090481343384337,131.06050343629641,w25,indole,119,31,2.97,0.84,10.5
31.7930015401667,2.3130814517370615,1.355089666829923,4.354218314039072,2.9991286472091483,0.6805766282154647,31.541890314840128,32.527907866540005,2.5,39.74125192520837,131.06050343629641,w25,indole,119,31,2.97,0.84,10.5
31.7930015401667,2.3130814517370615,1.355089666829923,4.354218314039072,2.9991286472091483,0.6805766282154647,29.266286597125003,31.175430646818384,3.0,31.961570175317455,131.06050343629641,w25,indole,119,31,2.97,0.84,10.5
31.7930015401667,2.3130814517370615,1.355089666829923,4.354218314039072,2.9991286472091483,0.6805766282154647,25.946683028718862,24.337247572748424,3.5,16.192225506175483,131.06050343629641,w25,indole,119,31,2.97,0.84,10.5
31.7930015401667,2.3130814517370615,1.355089666829923,4.354218314039072,2.9991286472091483,0.6805766282154647,22.408222268436734,26.147663132620426,4.0,25.765325353000385,131.06050343629641,w25,indole,119,31,2.97,0.84,10.5
31.7930015401667,2.3130814517370615,1.355089666829923,4.354218314039072,2.9991286472091483,0.6805766282154647,19.024587194215783,19.231053473980026,4.5,14.18314114599763,131.06050343629641,w25,indole,119,31,2.97,0.84,10.5
31.7930015401667,2.3130814517370615,1.355089666829923,4.354218314039072,2.9991286472091483,0.6805766282154647,15.958960110841364,15.372053365364675,5.0,16.415449531420798,131.06050343629641,w25,indole,119,31,2.97,0.84,10.5
31.7930015401667,2.3130814517370615,1.355089666829923,4.354218314039072,2.9991286472091483,0.6805766282154647,13.268496875387637,14.914535105052455,5.5,12.681392129061095,131.06050343629641,w25,indole,119,31,2.97,0.84,10.5
31.7930015401667,2.3130814517370615,1.355089666829923,4.354218314039072,2.9991286472091483,0.6805766282154647,10.955973819817308,8.044036623767095,6.0,10.228208578235316,131.06050343629641,w25,indole,119,31,2.97,0.84,10.5
31.7930015401667,2.3130814517370615,1.355089666829923,4.354218314039072,2.9991286472091483,0.6805766282154647,8.99714182282461,10.300147221917879,6.5,-1.5149619483236427,131.06050343629641,w25,indole,119,31,2.97,0.84,10.5
31.7930015401667,2.3130814517370615,1.355089666829923,4.354218314039072,2.9991286472091483,0.6805766282154647,7.355697754771853,6.670060417564213,7.0,-0.18180887347630348,131.06050343629641,w25,indole,119,31,2.97,0.84,10.5
31.7930015401667,2.3130814517370615,1.355089666829923,4.354218314039072,2.9991286472091483,0.6805766282154647,5.991529329499095,8.57201633521109,7.5,8.924215782322484,131.06050343629641,w25,indole,119,31,2.97,0.84,10.5
31.7930015401667,2.3130814517370615,1.355089666829923,4.354218314039072,2.9991286472091483,0.6805766282154647,4.865164006409232,7.684862590962234,8.0,8.278638274410952,131.06050343629641,w25,indole,119,31,2.97,0.84,10.5
31.7930015401667,2.3130814517370615,1.355089666829923,4.354218314039072,2.9991286472091483,0.6805766282154647,3.9400335644254167,5.05831124886055,8.5,6.6679247640721435,131.06050343629641,w25,indole,119,31,2.97,0.84,10.5
31.7930015401667,2.3130814517370615,1.355089666829923,4.354218314039072,2.9991286472091483,0.6805766282154647,3.183476873094646,6.884232201154747,9.0,5.225347553027598,131.06050343629641,w25,indole,119,31,2.97,0.84,10.5
31.7930015401667,2.3130814517370615,1.355089666829923,4.354218314039072,2.9991286472091483,0.6805766282154647,2.5670226561960052,4.875246733255611,9.5,4.156945606373386,131.06050343629641,w25,indole,119,31,2.97,0.84,10.5
31.7930015401667,2.3130814517370615,1.355089666829923,4.354218314039072,2.9991286472091483,0.6805766282154647,2.0662749538439,3.874196169167795,10.0,2.185846298125824,131.06050343629641,w25,indole,119,31,2.97,0.84,10.5
31.7930015401667,2.3130814517370615,1.355089666829923,4.354218314039072,2.9991286472091483,0.6805766282154647,1.66059421903343,4.455847723874972,10.5,4.312800951603813,131.06050343629641,w25,indole,119,31,2.97,0.84,10.5
31.7930015401667,2.3130814517370615,1.355089666829923,4.354218314039072,2.9991286472091483,0.6805766282154647,1.332688609482466,1.9322611281997157,11.0,0.5119981674820788,131.06050343629641,w25,indole,119,31,2.97,0.84,10.5
31.7930015401667,2.3130814517370615,1.355089666829923,4.354218314039072,2.9991286472091483,0.6805766282154647,1.068182154317338,2.4756853922427484,11.5,1.351254025067559,131.06050343629641,w25,indole,119,31,2.97,0.84,10.5
31.7930015401667,2.3130814517370615,1.355089666829923,4.354218314039072,2.9991286472091483,0.6805766282154647,0.8551971010065355,2.2535137587245546,12.0,3.3891502738025325,131.06050343629641,w25,indole,119,31,2.97,0.84,10.5
31.7930015401667,2.3130814517370615,1.355089666829923,4.354218314039072,2.9991286472091483,0.6805766282154647,0.6839697865404007,-0.18205082509947035,12.5,-1.2490206685013479,131.06050343629641,w25,indole,119,31,2.97,0.84,10.5
31.7930015401667,2.3130814517370615,1.355089666829923,4.354218314039072,2.9991286472091483,0.6805766282154647,0.5465085245212205,0.8864153074655068,13.0,2.9953285368627514,131.06050343629641,w25,indole,119,31,2.97,0.84,10.5
31.7930015401667,2.3130814517370615,1.355089666829923,4.354218314039072,2.9991286472091483,0.6805766282154647,0.4362955963235153,0.2818913787843462,13.5,1.9662961286982878,131.06050343629641,w25,indole,119,31,2.97,0.84,10.5
31.7930015401667,2.3130814517370615,1.355089666829923,4.354218314039072,2.9991286472091483,0.6805766282154647,0.3480318126702934,-0.7092033068964094,14.0,-1.3457753068328433,131.06050343629641,w25,indole,119,31,2.97,0.84,10.5
31.7930015401667,2.3130814517370615,1.355089666829923,4.354218314039072,2.9991286472091483,0.6805766282154647,0.27742021738713674,0.46719507289951023,14.5,1.0260772543529835,131.06050343629641,w25,indole,119,31,2.97,0.84,10.5
31.7930015401667,2.3130814517370615,1.355089666829923,4.354218314039072,2.9991286472091483,0.6805766282154647,0.2209846674454577,-0.863836306075263,15.0,-0.10794558530795029,131.06050343629641,w25,indole,119,31,2.97,0.84,10.5
31.7930015401667,2.3130814517370615,1.355089666829923,4.354218314039072,2.9991286472091483,0.6805766282154647,0.17591881624433525,0.5587436419800272,15.5,0.05216673111763803,131.06050343629641,w25,indole,119,31,2.97,0.84,10.5
31.7930015401667,2.3130814517370615,1.355089666829923,4.354218314039072,2.9991286472091483,0.6805766282154647,0.13996118009980443,0.27598052747500035,16.0,0.3600268515717788,131.06050343629641,w25,indole,119,31,2.97,0.84,10.5
31.7930015401667,2.3130814517370615,1.355089666829923,4.354218314039072,2.9991286472091483,0.6805766282154647,0.11129231131132661,-0.09909445797271776,16.5,0.5777607294031193,131.06050343629641,w25,indole,119,31,2.97,0.84,10.5
31.7930015401667,2.3130814517370615,1.355089666829923,4.354218314039072,2.9991286472091483,0.6805766282154647,0.08845052998493072,0.5835160621453835,17.0,2.0086752827059398,131.06050343629641,w25,indole,119,31,2.97,0.84,10.5
31.7930015401667,2.3130814517370615,1.355089666829923,4.354218314039072,2.9991286472091483,0.6805766282154647,0.07026311779161652,-0.28389466590319556,17.5,-0.1340636179822915,131.06050343629641,w25,indole,119,31,2.97,0.84,10.5
31.7930015401667,2.3130814517370615,1.355089666829923,4.354218314039072,2.9991286472091483,0.6805766282154647,0.055790313555863995,0.1842576824689779,18.0,1.7297741185629132,131.06050343629641,w25,indole,119,31,2.97,0.84,10.5
31.7930015401667,2.3130814517370615,1.355089666829923,4.354218314039072,2.9991286472091483,0.6805766282154647,0.04427985349148348,-0.011092358694128057,18.5,-0.39468971112296203,131.06050343629641,w25,indole,119,31,2.97,0.84,10.5
31.7930015401667,2.3130814517370615,1.355089666829923,4.354218314039072,2.9991286472091483,0.6805766282154647,0.0351301590979464,-0.3313174165544306,19.0,-0.43310058775551696,131.06050343629641,w25,indole,119,31,2.97,0.84,10.5
31.7930015401667,2.3130814517370615,1.355089666829923,4.354218314039072,2.9991286472091483,0.6805766282154647,0.02786059069442145,-0.8958802183862298,19.5,1.01511979325634,131.06050343629641,w25,indole,119,31,2.97,0.84,10.5
31.7930015401667,2.3130814517370615,1.355089666829923,4.354218314039072,2.9991286472091483,0.6805766282154647,0.022087455540577818,-0.0010426637194109745,20.0,0.47103600004552826,131.06050343629641,w25,indole,119,31,2.97,0.84,10.5
31.7930015401667,2.3130814517370615,1.355089666829923,4.354218314039072,2.9991286472091483,0.6805766282154647,0.01750468974250683,0.3981652009382429,20.5,2.2184755881358944,131.06050343629641,w25,indole,119,31,2.97,0.84,10.5
31.7930015401667,2.3130814517370615,1.355089666829923,4.354218314039072,2.9991286472091483,0.6805766282154647,0.013868326890705295,0.2686394168954265,21.0,1.5298808901685141,131.06050343629641,w25,indole,119,31,2.97,0.84,10.5
31.7930015401667,2.3130814517370615,1.355089666829923,4.354218314039072,2.9991286472091483,0.6805766282154647,0.010984028138466554,0.31156390795964684,21.5,-0.4590368897155722,131.06050343629641,w25,indole,119,31,2.97,0.84,10.5
31.7930015401667,2.3130814517370615,1.355089666829923,4.354218314039072,2.9991286472091483,0.6805766282154647,0.008697082619694383,-0.2368139985992186,22.0,0.6793934659946832,131.06050343629641,w25,indole,119,31,2.97,0.84,10.5
42.762139604742316,2.502282396759818,1.3744003574262034,5.457085424500928,4.082685067074724,0.7237401316036971,9.928153054872055e-13,-4.80314476669732,-1.0,-2.22562496218149,237.48426006188362,w25,indole,120,31,3.44,0.99,10.5
42.762139604742316,2.502282396759818,1.3744003574262034,5.457085424500928,4.082685067074724,0.7237401316036971,1.2440885343630385e-10,0.18267546366653065,-0.5,0.627385327922795,237.48426006188362,w25,indole,120,31,3.44,0.99,10.5
42.762139604742316,2.502282396759818,1.3744003574262034,5.457085424500928,4.082685067074724,0.7237401316036971,1.558955258469819e-08,5.12897256549398,0.0,3.8912274351846463,237.48426006188362,w25,indole,120,31,3.44,0.99,10.5
42.762139604742316,2.502282396759818,1.3744003574262034,5.457085424500928,4.082685067074724,0.7237401316036971,1.953204505730154e-06,6.275560132906518,0.5,3.3243063866220375,237.48426006188362,w25,indole,120,31,3.44,0.99,10.5
42.762139604742316,2.502282396759818,1.3744003574262034,5.457085424500928,4.082685067074724,0.7237401316036971,0.00023913568097385293,9.698526613725123,1.0,8.78883354775631,237.48426006188362,w25,indole,120,31,3.44,0.99,10.5
42.762139604742316,2.502282396759818,1.3744003574262034,5.457085424500928,4.082685067074724,0.7237401316036971,20.21460234996794,22.174065199667368,1.5,19.16977424945754,237.48426006188362,w25,indole,120,31,3.44,0.99,10.5
42.762139604742316,2.502282396759818,1.3744003574262034,5.457085424500928,4.082685067074724,0.7237401316036971,40.39673841876007,36.95061757336844,2.0,33.225451585019805,237.48426006188362,w25,indole,120,31,3.44,0.99,10.5
42.762139604742316,2.502282396759818,1.3744003574262034,5.457085424500928,4.082685067074724,0.7237401316036971,42.76155325164911,48.57382970963549,2.5,44.76660372847689,237.48426006188362,w25,indole,120,31,3.44,0.99,10.5
42.762139604742316,2.502282396759818,1.3744003574262034,5.457085424500928,4.082685067074724,0.7237401316036971,41.54338931355304,46.631206155721614,3.0,42.73736146079584,237.48426006188362,w25,indole,120,31,3.44,0.99,10.5
42.762139604742316,2.502282396759818,1.3744003574262034,5.457085424500928,4.082685067074724,0.7237401316036971,38.85702055330236,36.82112956816023,3.5,43.78225759991701,237.48426006188362,w25,indole,120,31,3.44,0.99,10.5
42.762139604742316,2.502282396759818,1.3744003574262034,5.457085424500928,4.082685067074724,0.7237401316036971,35.563197828504336,39.44956674352707,4.0,37.68430722227234,237.48426006188362,w25,indole,120,31,3.44,0.99,10.5
42.762139604742316,2.502282396759818,1.3744003574262034,5.457085424500928,4.082685067074724,0.7237401316036971,32.09287511266747,29.66251967830359,4.5,33.87595560273682,237.48426006188362,w25,indole,120,31,3.44,0.99,10.5
42.762139604742316,2.502282396759818,1.3744003574262034,5.457085424500928,4.082685067074724,0.7237401316036971,28.676028737391896,24.251067248483544,5.0,29.31745975736399,237.48426006188362,w25,indole,120,31,3.44,0.99,10.5
42.762139604742316,2.502282396759818,1.3744003574262034,5.457085424500928,4.082685067074724,0.7237401316036971,25.435846563526553,23.596065178431168,5.5,19.45904146920357,237.48426006188362,w25,indole,120,31,3.44,0.99,10.5
42.762139604742316,2.502282396759818,1.3744003574262034,5.457085424500928,4.082685067074724,0.7237401316036971,22.434707076596112,13.849943749946389,6.0,18.205771695146822,237.48426006188362,w25,indole,120,31,3.44,0.99,10.5
42.762139604742316,2.502282396759818,1.3744003574262034,5.457085424500928,4.082685067074724,0.7237401316036971,19.69909311923085,17.286103791616824,6.5,22.383573285092666,237.48426006188362,w25,indole,120,31,3.44,0.99,10.5
42.762139604742316,2.502282396759818,1.3744003574262034,5.457085424500928,4.082685067074724,0.7237401316036971,17.234036425254697,11.9336794089233,7.0,19.511826600498395,237.48426006188362,w25,indole,120,31,3.44,0.99,10.5
42.762139604742316,2.502282396759818,1.3744003574262034,5.457085424500928,4.082685067074724,0.7237401316036971,15.031870680244788,14.597747242506065,7.5,15.110549595345587,237.48426006188362,w25,indole,120,31,3.44,0.99,10.5
42.762139604742316,2.502282396759818,1.3744003574262034,5.457085424500928,4.082685067074724,0.7237401316036971,13.077684874752686,13.436695687867113,8.0,13.019695167348765,237.48426006188362,w25,indole,120,31,3.44,0.99,10.5
42.762139604742316,2.502282396759818,1.3744003574262034,5.457085424500928,4.082685067074724,0.7237401316036971,11.352772275356013,9.585450985970473,8.5,10.09261214893011,237.48426006188362,w25,indole,120,31,3.44,0.99,10.5
42.762139604742316,2.502282396759818,1.3744003574262034,5.457085424500928,4.082685067074724,0.7237401316036971,9.836820145910618,12.393543241224279,9.0,14.401628512617423,237.48426006188362,w25,indole,120,31,3.44,0.99,10.5
42.762139604742316,2.502282396759818,1.3744003574262034,5.457085424500928,4.082685067074724,0.7237401316036971,8.509289341228634,9.435608280307811,9.5,11.339979020427712,237.48426006188362,w25,indole,120,31,3.44,0.99,10.5
42.762139604742316,2.502282396759818,1.3744003574262034,5.457085424500928,4.082685067074724,0.7237401316036971,7.35026446122592,8.066850152709467,10.0,4.190537501175948,237.48426006188362,w25,indole,120,31,3.44,0.99,10.5
42.762139604742316,2.502282396759818,1.3744003574262034,5.457085424500928,4.082685067074724,0.7237401316036971,6.340954958603016,8.99572911860726,10.5,10.245164156519996,237.48426006188362,w25,indole,120,31,3.44,0.99,10.5
42.762139604742316,2.502282396759818,1.3744003574262034,5.457085424500928,4.082685067074724,0.7237401316036971,5.463965624540728,5.403613942937147,11.0,8.141620941304222,237.48426006188362,w25,indole,120,31,3.44,0.99,10.5
42.762139604742316,2.502282396759818,1.3744003574262034,5.457085424500928,4.082685067074724,0.7237401316036971,4.703415421840442,6.464762851038508,11.5,5.343346244946998,237.48426006188362,w25,indole,120,31,3.44,0.99,10.5
42.762139604742316,2.502282396759818,1.3744003574262034,5.457085424500928,4.082685067074724,0.7237401316036971,4.044957896679389,5.78784879741518,12.0,6.611997762665331,237.48426006188362,w25,indole,120,31,3.44,0.99,10.5
42.762139604742316,2.502282396759818,1.3744003574262034,5.457085424500928,4.082685067074724,0.7237401316036971,3.475739280283347,2.2579097117997584,12.5,2.4551424727205826,237.48426006188362,w25,indole,120,31,3.44,0.99,10.5
42.762139604742316,2.502282396759818,1.3744003574262034,5.457085424500928,4.082685067074724,0.7237401316036971,2.984318828958087,3.837796168729519,13.0,3.910101889368362,237.48426006188362,w25,indole,120,31,3.44,0.99,10.5
42.762139604742316,2.502282396759818,1.3744003574262034,5.457085424500928,4.082685067074724,0.7237401316036971,2.5605680496570704,2.962950657431307,13.5,0.6849008604935773,237.48426006188362,w25,indole,120,31,3.44,0.99,10.5
42.762139604742316,2.502282396759818,1.3744003574262034,5.457085424500928,4.082685067074724,0.7237401316036971,2.195560013575728,1.4550796236009993,14.0,2.092979028703038,237.48426006188362,w25,indole,120,31,3.44,0.99,10.5
42.762139604742316,2.502282396759818,1.3744003574262034,5.457085424500928,4.082685067074724,0.7237401316036971,1.8814561883208885,3.328096879938875,14.5,1.7269150016283132,237.48426006188362,w25,indole,120,31,3.44,0.99,10.5
42.762139604742316,2.502282396759818,1.3744003574262034,5.457085424500928,4.082685067074724,0.7237401316036971,1.6113956000119294,1.173944127700283,15.0,1.1088746187443137,237.48426006188362,w25,indole,120,31,3.44,0.99,10.5
42.762139604742316,2.502282396759818,1.3744003574262034,5.457085424500928,4.082685067074724,0.7237401316036971,1.3793893194001496,3.471659799765752,15.5,3.7985992152444297,237.48426006188362,w25,indole,120,31,3.44,0.99,10.5
42.762139604742316,2.502282396759818,1.3744003574262034,5.457085424500928,4.082685067074724,0.7237401316036971,1.1802220106386088,3.0504917320203626,16.0,1.3480862082843053,237.48426006188362,w25,indole,120,31,3.44,0.99,10.5
42.762139604742316,2.502282396759818,1.3744003574262034,5.457085424500928,4.082685067074724,0.7237401316036971,1.0093614213806485,2.3278279929208447,16.5,2.3614421500796006,237.48426006188362,w25,indole,120,31,3.44,0.99,10.5
42.762139604742316,2.502282396759818,1.3744003574262034,5.457085424500928,4.082685067074724,0.7237401316036971,0.8628761120776329,3.487675219774009,17.0,1.5865960300045845,237.48426006188362,w25,indole,120,31,3.44,0.99,10.5
42.762139604742316,2.502282396759818,1.3744003574262034,5.457085424500928,4.082685067074724,0.7237401316036971,0.7373613386277792,2.1243042322098464,17.5,0.9709067519656638,237.48426006188362,w25,indole,120,31,3.44,0.99,10.5
42.762139604742316,2.502282396759818,1.3744003574262034,5.457085424500928,4.082685067074724,0.7237401316036971,0.629872757666586,2.8241738726926107,18.0,2.0490037020394727,237.48426006188362,w25,indole,120,31,3.44,0.99,10.5
42.762139604742316,2.502282396759818,1.3744003574262034,5.457085424500928,4.082685067074724,0.7237401316036971,0.5378674762734257,2.563867448684369,18.5,1.627628650778409,237.48426006188362,w25,indole,120,31,3.44,0.99,10.5
42.762139604742316,2.502282396759818,1.3744003574262034,5.457085424500928,4.082685067074724,0.7237401316036971,0.45915188802180884,2.0813928561030792,19.0,2.234814532070491,237.48426006188362,w25,indole,120,31,3.44,0.99,10.5
42.762139604742316,2.502282396759818,1.3744003574262034,5.457085424500928,4.082685067074724,0.7237401316036971,0.3918357038827349,1.2448658569612006,19.5,-0.7919593267038159,237.48426006188362,w25,indole,120,31,3.44,0.99,10.5
42.762139604742316,2.502282396759818,1.3744003574262034,5.457085424500928,4.082685067074724,0.7237401316036971,0.33429158431048556,2.4565075905722726,20.0,1.227319427533537,237.48426006188362,w25,indole,120,31,3.44,0.99,10.5
42.762139604742316,2.502282396759818,1.3744003574262034,5.457085424500928,4.082685067074724,0.7237401316036971,0.2851197970626373,3.2035094438979934,20.5,2.23078902825666,237.48426006188362,w25,indole,120,31,3.44,0.99,10.5
42.762139604742316,2.502282396759818,1.3744003574262034,5.457085424500928,4.082685067074724,0.7237401316036971,0.24311735624120182,2.816560498076361,21.0,1.6678837495500862,237.48426006188362,w25,indole,120,31,3.44,0.99,10.5
42.762139604742316,2.502282396759818,1.3744003574262034,5.457085424500928,4.082685067074724,0.7237401316036971,0.20725113627565056,2.9751181055001528,21.5,3.0578304748932488,237.48426006188362,w25,indole,120,31,3.44,0.99,10.5
42.762139604742316,2.502282396759818,1.3744003574262034,5.457085424500928,4.082685067074724,0.7237401316036971,0.17663449633413617,2.0557289510717265,22.0,1.1591975766915796,237.48426006188362,w25,indole,120,31,3.44,0.99,10.5
45.888872975606226,2.823830771352498,0.8185685762870982,4.799229622820026,3.980661046532928,0.4962489466889071,1.401276851389584e-16,-5.393297654014063,-1.0,-6.516413947253415,247.97904805786615,w25,indole,121,31,3.32,1.01,10.5
45.888872975606226,2.823830771352498,0.8185685762870982,4.799229622820026,3.980661046532928,0.4962489466889071,1.6146179518728968e-14,0.2754029545225123,-0.5,0.2871130541921332,247.97904805786615,w25,indole,121,31,3.32,1.01,10.5
45.888872975606226,2.823830771352498,0.8185685762870982,4.799229622820026,3.980661046532928,0.4962489466889071,1.859928493265267e-12,5.679920797053855,0.0,0.9030327773667537,247.97904805786615,w25,indole,121,31,3.32,1.01,10.5
45.888872975606226,2.823830771352498,0.8185685762870982,4.799229622820026,3.980661046532928,0.4962489466889071,2.0585773911141424e-10,6.805485896203663,0.5,5.726244034675386,247.97904805786615,w25,indole,121,31,3.32,1.01,10.5
45.888872975606226,2.823830771352498,0.8185685762870982,4.799229622820026,3.980661046532928,0.4962489466889071,8.667327791858227,10.38150534044468,1.0,10.746838258500919,247.97904805786615,w25,indole,121,31,3.32,1.01,10.5
45.888872975606226,2.823830771352498,0.8185685762870982,4.799229622820026,3.980661046532928,0.4962489466889071,29.953092972874924,24.57866739774893,1.5,22.90233938310174,247.97904805786615,w25,indole,121,31,3.32,1.01,10.5
45.888872975606226,2.823830771352498,0.8185685762870982,4.799229622820026,3.980661046532928,0.4962489466889071,40.69944896134811,41.019812672729856,2.0,39.41407052192531,247.97904805786615,w25,indole,121,31,3.32,1.01,10.5
45.888872975606226,2.823830771352498,0.8185685762870982,4.799229622820026,3.980661046532928,0.4962489466889071,45.21199592868651,54.10072685243324,2.5,52.796591045260136,247.97904805786615,w25,indole,121,31,3.32,1.01,10.5
45.888872975606226,2.823830771352498,0.8185685762870982,4.799229622820026,3.980661046532928,0.4962489466889071,45.719299898043054,51.884171234463665,3.0,44.81561519935396,247.97904805786615,w25,indole,121,31,3.32,1.01,10.5
45.888872975606226,2.823830771352498,0.8185685762870982,4.799229622820026,3.980661046532928,0.4962489466889071,43.767712595942236,40.68225939530421,3.5,37.11069519460677,247.97904805786615,w25,indole,121,31,3.32,1.01,10.5
45.888872975606226,2.823830771352498,0.8185685762870982,4.799229622820026,3.980661046532928,0.4962489466889071,40.420950688564545,43.6613095650394,4.0,43.87611423219466,247.97904805786615,w25,indole,121,31,3.32,1.01,10.5
45.888872975606226,2.823830771352498,0.8185685762870982,4.799229622820026,3.980661046532928,0.4962489466889071,36.394291642470506,32.388828202758,4.5,37.8641419229459,247.97904805786615,w25,indole,121,31,3.32,1.01,10.5
45.888872975606226,2.823830771352498,0.8185685762870982,4.799229622820026,3.980661046532928,0.4962489466889071,32.155250240477514,26.120504340286672,5.0,30.66353269992499,247.97904805786615,w25,indole,121,31,3.32,1.01,10.5
45.888872975606226,2.823830771352498,0.8185685762870982,4.799229622820026,3.980661046532928,0.4962489466889071,27.997637475136234,25.371603497492696,5.5,28.13342387940882,247.97904805786615,w25,indole,121,31,3.32,1.01,10.5
45.888872975606226,2.823830771352498,0.8185685762870982,4.799229622820026,3.980661046532928,0.4962489466889071,24.09533419377301,14.163882136835106,6.0,22.69464845128128,247.97904805786615,w25,indole,121,31,3.32,1.01,10.5
45.888872975606226,2.823830771352498,0.8185685762870982,4.799229622820026,3.980661046532928,0.4962489466889071,20.540926293675934,17.944955139244243,6.5,25.087490457257495,247.97904805786615,w25,indole,121,31,3.32,1.01,10.5
45.888872975606226,2.823830771352498,0.8185685762870982,4.799229622820026,3.980661046532928,0.4962489466889071,17.373179961826224,11.936545306779783,7.0,20.621469650726397,247.97904805786615,w25,indole,121,31,3.32,1.01,10.5
45.888872975606226,2.823830771352498,0.8185685762870982,4.799229622820026,3.980661046532928,0.4962489466889071,14.596364092463203,15.024670323751456,7.5,17.758915843525212,247.97904805786615,w25,indole,121,31,3.32,1.01,10.5
45.888872975606226,2.823830771352498,0.8185685762870982,4.799229622820026,3.980661046532928,0.4962489466889071,12.19366414421377,13.619089950710626,8.0,13.89140538390837,247.97904805786615,w25,indole,121,31,3.32,1.01,10.5
45.888872975606226,2.823830771352498,0.8185685762870982,4.799229622820026,3.980661046532928,0.4962489466889071,10.136347801925474,9.280888791873839,8.5,6.159436768530515,247.97904805786615,w25,indole,121,31,3.32,1.01,10.5
45.888872975606226,2.823830771352498,0.8185685762870982,4.799229622820026,3.980661046532928,0.4962489466889071,8.389902203452179,12.352586610430345,9.0,12.991173039312017,247.97904805786615,w25,indole,121,31,3.32,1.01,10.5
45.888872975606226,2.823830771352498,0.8185685762870982,4.799229622820026,3.980661046532928,0.4962489466889071,6.918033065524162,9.029184917545576,9.5,8.323659163726958,247.97904805786615,w25,indole,121,31,3.32,1.01,10.5
45.888872975606226,2.823830771352498,0.8185685762870982,4.799229622820026,3.980661046532928,0.4962489466889071,5.685171432488856,7.418095789906724,10.0,9.176681630818974,247.97904805786615,w25,indole,121,31,3.32,1.01,10.5
45.888872975606226,2.823830771352498,0.8185685762870982,4.799229622820026,3.980661046532928,0.4962489466889071,4.657953190126988,8.41126913103928,10.5,7.952492287932054,247.97904805786615,w25,indole,121,31,3.32,1.01,10.5
45.888872975606226,2.823830771352498,0.8185685762870982,4.799229622820026,3.980661046532928,0.4962489466889071,3.806003887263883,4.289336884469037,11.0,6.155417321849271,247.97904805786615,w25,indole,121,31,3.32,1.01,10.5
45.888872975606226,2.823830771352498,0.8185685762870982,4.799229622820026,3.980661046532928,0.4962489466889071,3.1022645590986975,5.299824249085777,11.5,2.7750506871453267,247.97904805786615,w25,indole,121,31,3.32,1.01,10.5
45.888872975606226,2.823830771352498,0.8185685762870982,4.799229622820026,3.980661046532928,0.4962489466889071,2.5230239031498463,4.7828548667367095,12.0,4.203112295765807,247.97904805786615,w25,indole,121,31,3.32,1.01,10.5
45.888872975606226,2.823830771352498,0.8185685762870982,4.799229622820026,3.980661046532928,0.4962489466889071,2.047771377047096,0.777730718374471,12.5,2.16817987803242,247.97904805786615,w25,indole,121,31,3.32,1.01,10.5
45.888872975606226,2.823830771352498,0.8185685762870982,4.799229622820026,3.980661046532928,0.4962489466889071,1.6589493766575925,2.5481348442081284,13.0,-0.7225124798678448,247.97904805786615,w25,indole,121,31,3.32,1.01,10.5
45.888872975606226,2.823830771352498,0.8185685762870982,4.799229622820026,3.980661046532928,0.4962489466889071,1.3416567505341952,1.5545949305588627,13.5,1.292597431193883,247.97904805786615,w25,indole,121,31,3.32,1.01,10.5
45.888872975606226,2.823830771352498,0.8185685762870982,4.799229622820026,3.980661046532928,0.4962489466889071,1.0833376493976734,-0.10571727512072338,14.0,-0.15982484452153667,247.97904805786615,w25,indole,121,31,3.32,1.01,10.5
45.888872975606226,2.823830771352498,0.8185685762870982,4.799229622820026,3.980661046532928,0.4962489466889071,0.8734769835928337,1.900574462618488,14.5,2.3768764363482093,247.97904805786615,w25,indole,121,31,3.32,1.01,10.5
45.888872975606226,2.823830771352498,0.8185685762870982,4.799229622820026,3.980661046532928,0.4962489466889071,0.7033150129569218,-0.3843609807805173,15.0,-0.9786567703455715,247.97904805786615,w25,indole,121,31,3.32,1.01,10.5
45.888872975606226,2.823830771352498,0.8185685762870982,4.799229622820026,3.980661046532928,0.4962489466889071,0.5655876843178337,2.055767516502354,15.5,1.9108981008074915,247.97904805786615,w25,indole,121,31,3.32,1.01,10.5
45.888872975606226,2.823830771352498,0.8185685762870982,4.799229622820026,3.980661046532928,0.4962489466889071,0.4542954325153055,1.5859332059988425,16.0,0.9840482794299605,247.97904805786615,w25,indole,121,31,3.32,1.01,10.5
45.888872975606226,2.823830771352498,0.8185685762870982,4.799229622820026,3.980661046532928,0.4962489466889071,0.3645006700199733,0.8926527367979298,16.5,1.1005913175243074,247.97904805786615,w25,indole,121,31,3.32,1.01,10.5
45.888872975606226,2.823830771352498,0.8185685762870982,4.799229622820026,3.980661046532928,0.4962489466889071,0.2921526743443885,2.088007748336516,17.0,1.267128868393387,247.97904805786615,w25,indole,121,31,3.32,1.01,10.5
45.888872975606226,2.823830771352498,0.8185685762870982,4.799229622820026,3.980661046532928,0.4962489466889071,0.23393773097599918,0.61623621253056,17.5,0.35588985728222644,247.97904805786615,w25,indole,121,31,3.32,1.01,10.5
45.888872975606226,2.823830771352498,0.8185685762870982,4.799229622820026,3.980661046532928,0.4962489466889071,0.18715198182830878,1.3952076999495655,18.0,-0.8674964468790443,247.97904805786615,w25,indole,121,31,3.32,1.01,10.5
45.888872975606226,2.823830771352498,0.8185685762870982,4.799229622820026,3.980661046532928,0.4962489466889071,0.14959430979269342,1.083716662574869,18.5,1.1766556040014577,247.97904805786615,w25,indole,121,31,3.32,1.01,10.5
45.888872975606226,2.823830771352498,0.8185685762870982,4.799229622820026,3.980661046532928,0.4962489466889071,0.11947665064881532,0.5492831730947239,19.0,0.7713792399908184,247.97904805786615,w25,indole,121,31,3.32,1.01,10.5
45.888872975606226,2.823830771352498,0.8185685762870982,4.799229622820026,3.980661046532928,0.4962489466889071,0.0953492900173759,-0.3869159568089131,19.5,-1.0790380295654352,247.97904805786615,w25,indole,121,31,3.32,1.01,10.5
45.888872975606226,2.823830771352498,0.8185685762870982,4.799229622820026,3.980661046532928,0.4962489466889071,0.07603892505115768,1.0481550046489634,20.0,0.08495557006604892,247.97904805786615,w25,indole,121,31,3.32,1.01,10.5
45.888872975606226,2.823830771352498,0.8185685762870982,4.799229622820026,3.980661046532928,0.4962489466889071,0.06059751509513553,1.7765755489661823,20.5,-0.3224415968624603,247.97904805786615,w25,indole,121,31,3.32,1.01,10.5
45.888872975606226,2.823830771352498,0.8185685762870982,4.799229622820026,3.980661046532928,0.4962489466889071,0.04826019151447474,1.4784687645593464,21.0,-0.9560502310149364,247.97904805786615,w25,indole,121,31,3.32,1.01,10.5
45.888872975606226,2.823830771352498,0.8185685762870982,4.799229622820026,3.980661046532928,0.4962489466889071,0.038410731483131906,1.5902151753510378,21.5,0.29732310596245926,247.97904805786615,w25,indole,121,31,3.32,1.01,10.5
45.888872975606226,2.823830771352498,0.8185685762870982,4.799229622820026,3.980661046532928,0.4962489466889071,0.030553316577429504,0.6352102633557859,22.0,-1.405239481367306,247.97904805786615,w25,indole,121,31,3.32,1.01,10.5
52.52727964253819,2.400000001963481,1.3443473613819001,4.693360802205134,3.3490134408232333,0.6847869800361008,3.7065040696518026e-13,-5.618746224947611,-1.0,-9.564263698311574,241.6059185848345,w30,indole,122,36,3.44,0.89,10.5
52.52727964253819,2.400000001963481,1.3443473613819001,4.693360802205134,3.3490134408232333,0.6847869800361008,4.4233542694825363e-11,0.2777423653805542,-0.5,-2.5289824406214354,241.6059185848345,w30,indole,122,36,3.44,0.89,10.5
52.52727964253819,2.400000001963481,1.3443473613819001,4.693360802205134,3.3490134408232333,0.6847869800361008,5.278838124199709e-09,5.929572700017825,0.0,7.940124235932224,241.6059185848345,w30,indole,122,36,3.44,0.89,10.5
52.52727964253819,2.400000001963481,1.3443473613819001,4.693360802205134,3.3490134408232333,0.6847869800361008,6.298436094095848e-07,7.124845785394987,0.5,0.3254765589130031,241.6059185848345,w30,indole,122,36,3.44,0.89,10.5
52.52727964253819,2.400000001963481,1.3443473613819001,4.693360802205134,3.3490134408232333,0.6847869800361008,7.285398973420425e-05,10.887971920273229,1.0,8.110331078710265,241.6059185848345,w30,indole,122,36,3.44,0.89,10.5
52.52727964253819,2.400000001963481,1.3443473613819001,4.693360802205134,3.3490134408232333,0.6847869800361008,26.60956612075492,25.653849209667708,1.5,29.049286468401952,241.6059185848345,w30,indole,122,36,3.44,0.89,10.5
52.52727964253819,2.400000001963481,1.3443473613819001,4.693360802205134,3.3490134408232333,0.6847869800361008,50.153698637095445,42.80504619976601,2.0,48.05892067001865,241.6059185848345,w30,indole,122,36,3.44,0.89,10.5
52.52727964253819,2.400000001963481,1.3443473613819001,4.693360802205134,3.3490134408232333,0.6847869800361008,52.42479233389308,56.43005448341401,2.5,57.46180920919746,241.6059185848345,w30,indole,122,36,3.44,0.89,10.5
52.52727964253819,2.400000001963481,1.3443473613819001,4.693360802205134,3.3490134408232333,0.6847869800361008,49.74266825397625,54.125510751700745,3.0,61.24270013920692,241.6059185848345,w30,indole,122,36,3.44,0.89,10.5
52.52727964253819,2.400000001963481,1.3443473613819001,4.693360802205134,3.3490134408232333,0.6847869800361008,45.16475442616624,42.48009395559051,3.5,41.721173316159394,241.6059185848345,w30,indole,122,36,3.44,0.89,10.5
52.52727964253819,2.400000001963481,1.3443473613819001,4.693360802205134,3.3490134408232333,0.6847869800361008,39.977437237750415,45.58014346486475,4.0,48.34856529185252,241.6059185848345,w30,indole,122,36,3.44,0.89,10.5
52.52727964253819,2.400000001963481,1.3443473613819001,4.693360802205134,3.3490134408232333,0.6847869800361008,34.80287463364173,33.8746223060846,4.5,20.439033074188337,241.6059185848345,w30,indole,122,36,3.44,0.89,10.5
52.52727964253819,2.400000001963481,1.3443473613819001,4.693360802205134,3.3490134408232333,0.6847869800361008,29.945562323488996,27.370320314909797,5.0,20.114396964685902,241.6059185848345,w30,indole,122,36,3.44,0.89,10.5
52.52727964253819,2.400000001963481,1.3443473613819001,4.693360802205134,3.3490134408232333,0.6847869800361008,25.543161593335025,26.59190160865702,5.5,32.36802183283658,241.6059185848345,w30,indole,122,36,3.44,0.89,10.5
52.52727964253819,2.400000001963481,1.3443473613819001,4.693360802205134,3.3490134408232333,0.6847869800361008,21.642214855591575,14.951236750210349,6.0,-3.7252727840213025,241.6059185848345,w30,indole,122,36,3.44,0.89,10.5
52.52727964253819,2.400000001963481,1.3443473613819001,4.693360802205134,3.3490134408232333,0.6847869800361008,18.239360586521727,18.901529202020672,6.5,25.708976821870547,241.6059185848345,w30,indole,122,36,3.44,0.89,10.5
52.52727964253819,2.400000001963481,1.3443473613819001,4.693360802205134,3.3490134408232333,0.6847869800361008,15.30482645902207,12.641080669700381,7.0,-3.8019708260949168,241.6059185848345,w30,indole,122,36,3.44,0.89,10.5
52.52727964253819,2.400000001963481,1.3443473613819001,4.693360802205134,3.3490134408232333,0.6847869800361008,12.796129211065235,15.845162377425082,7.5,14.293177091620713,241.6059185848345,w30,indole,122,36,3.44,0.89,10.5
52.52727964253819,2.400000001963481,1.3443473613819001,4.693360802205134,3.3490134408232333,0.6847869800361008,10.666096650537252,14.394855623575655,8.0,13.459683421673663,241.6059185848345,w30,indole,122,36,3.44,0.89,10.5
52.52727964253819,2.400000001963481,1.3443473613819001,4.693360802205134,3.3490134408232333,0.6847869800361008,8.867496025394885,9.876759164006883,8.5,13.289971485272847,241.6059185848345,w30,indole,122,36,3.44,0.89,10.5
52.52727964253819,2.400000001963481,1.3443473613819001,4.693360802205134,3.3490134408232333,0.6847869800361008,7.355598986181316,13.088523022327388,9.0,14.929592363622346,241.6059185848345,w30,indole,122,36,3.44,0.89,10.5
52.52727964253819,2.400000001963481,1.3443473613819001,4.693360802205134,3.3490134408232333,0.6847869800361008,6.089484622484758,9.626122679188027,9.5,10.306066389861192,241.6059185848345,w30,indole,122,36,3.44,0.89,10.5
52.52727964253819,2.400000001963481,1.3443473613819001,4.693360802205134,3.3490134408232333,0.6847869800361008,5.032574856040163,7.957836111143306,10.0,12.484693961011535,241.6059185848345,w30,indole,122,36,3.44,0.89,10.5
52.52727964253819,2.400000001963481,1.3443473613819001,4.693360802205134,3.3490134408232333,0.6847869800361008,4.152711498117076,8.999569588736957,10.5,9.863805573217306,241.6059185848345,w30,indole,122,36,3.44,0.89,10.5
52.52727964253819,2.400000001963481,1.3443473613819001,4.693360802205134,3.3490134408232333,0.6847869800361008,3.421969884726957,4.717203719664555,11.0,-1.8419841295632562,241.6059185848345,w30,indole,122,36,3.44,0.89,10.5
52.52727964253819,2.400000001963481,1.3443473613819001,4.693360802205134,3.3490134408232333,0.6847869800361008,2.816331875397109,5.795240690383372,11.5,10.782571312149248,241.6059185848345,w30,indole,122,36,3.44,0.89,10.5
52.52727964253819,2.400000001963481,1.3443473613819001,4.693360802205134,3.3490134408232333,0.6847869800361008,2.3152949198321084,5.2227642521288145,12.0,6.542860099687633,241.6059185848345,w30,indole,122,36,3.44,0.89,10.5
52.52727964253819,2.400000001963481,1.3443473613819001,4.693360802205134,3.3490134408232333,0.6847869800361008,1.9014642281042284,1.055560552637897,12.5,0.5403250487360824,241.6059185848345,w30,indole,122,36,3.44,0.89,10.5
52.52727964253819,2.400000001963481,1.3443473613819001,4.693360802205134,3.3490134408232333,0.6847869800361008,1.5601559301001946,2.9006621363181404,13.0,5.203501590586585,241.6059185848345,w30,indole,122,36,3.44,0.89,10.5
52.52727964253819,2.400000001963481,1.3443473613819001,4.693360802205134,3.3490134408232333,0.6847869800361008,1.2790267847180063,1.8670432348148713,13.5,2.8200527934764104,241.6059185848345,w30,indole,122,36,3.44,0.89,10.5
52.52727964253819,2.400000001963481,1.3443473613819001,4.693360802205134,3.3490134408232333,0.6847869800361008,1.047738138157366,0.13257894936703396,14.0,0.9032196375474615,241.6059185848345,w30,indole,122,36,3.44,0.89,10.5
52.52727964253819,2.400000001963481,1.3443473613819001,4.693360802205134,3.3490134408232333,0.6847869800361008,0.8576569019084246,2.2364355784214243,14.5,3.643469307207738,241.6059185848345,w30,indole,122,36,3.44,0.89,10.5
52.52727964253819,2.400000001963481,1.3443473613819001,4.693360802205134,3.3490134408232333,0.6847869800361008,0.7015933192593926,-0.16289762354529946,15.0,-2.212204975777092,241.6059185848345,w30,indole,122,36,3.44,0.89,10.5
52.52727964253819,2.400000001963481,1.3443473613819001,4.693360802205134,3.3490134408232333,0.6847869800361008,0.5735735487436613,2.398969124779738,15.5,3.517803535910639,241.6059185848345,w30,indole,122,36,3.44,0.89,10.5
52.52727964253819,2.400000001963481,1.3443473613819001,4.693360802205134,3.3490134408232333,0.6847869800361008,0.46864417100268313,1.9090154090843439,16.0,5.595974484125373,241.6059185848345,w30,indole,122,36,3.44,0.89,10.5
52.52727964253819,2.400000001963481,1.3443473613819001,4.693360802205134,3.3490134408232333,0.6847869800361008,0.38270532659735995,1.170230249343346,16.5,0.19447104795300962,241.6059185848345,w30,indole,122,36,3.44,0.89,10.5
52.52727964253819,2.400000001963481,1.3443473613819001,4.693360802205134,3.3490134408232333,0.6847869800361008,0.3123691194187419,2.430575970925902,17.0,3.7422615965338406,241.6059185848345,w30,indole,122,36,3.44,0.89,10.5
52.52727964253819,2.400000001963481,1.3443473613819001,4.693360802205134,3.3490134408232333,0.6847869800361008,0.25484004279591155,0.8888949731097999,17.5,3.0483737443735874,241.6059185848345,w30,indole,122,36,3.44,0.89,10.5
52.52727964253819,2.400000001963481,1.3443473613819001,4.693360802205134,3.3490134408232333,0.6847869800361008,0.20781441709813653,1.7014716359254551,18.0,3.9323795056935182,241.6059185848345,w30,indole,122,36,3.44,0.89,10.5
52.52727964253819,2.400000001963481,1.3443473613819001,4.693360802205134,3.3490134408232333,0.6847869800361008,0.16939611266057297,1.3795990134365028,18.5,2.623648356753007,241.6059185848345,w30,indole,122,36,3.44,0.89,10.5
52.52727964253819,2.400000001963481,1.3443473613819001,4.693360802205134,3.3490134408232333,0.6847869800361008,0.13802613465011176,0.8217486197854913,19.0,1.064329643833235,241.6059185848345,w30,indole,122,36,3.44,0.89,10.5
52.52727964253819,2.400000001963481,1.3443473613819001,4.693360802205134,3.3490134408232333,0.6847869800361008,0.11242394511728247,-0.15411888896493364,19.5,0.9090907654890903,241.6059185848345,w30,indole,122,36,3.44,0.89,10.5
52.52727964253819,2.400000001963481,1.3443473613819001,4.693360802205134,3.3490134408232333,0.6847869800361008,0.09153867915041562,1.3307166478684995,20.0,2.7768543260979057,241.6059185848345,w30,indole,122,36,3.44,0.89,10.5
52.52727964253819,2.400000001963481,1.3443473613819001,4.693360802205134,3.3490134408232333,0.6847869800361008,0.0745086699640911,2.1050272206230964,20.5,5.9180164880558745,241.6059185848345,w30,indole,122,36,3.44,0.89,10.5
52.52727964253819,2.400000001963481,1.3443473613819001,4.693360802205134,3.3490134408232333,0.6847869800361008,0.06062792900895993,1.7754423555590373,21.0,5.0838892315445285,241.6059185848345,w30,indole,122,36,3.44,0.89,10.5
52.52727964253819,2.400000001963481,1.3443473613819001,4.693360802205134,3.3490134408232333,0.6847869800361008,0.04931843133054477,1.9010998145935756,21.5,4.866125551697058,241.6059185848345,w30,indole,122,36,3.44,0.89,10.5
52.52727964253819,2.400000001963481,1.3443473613819001,4.693360802205134,3.3490134408232333,0.6847869800361008,0.040107234460680326,0.8953046740134716,22.0,4.563827178067198,241.6059185848345,w30,indole,122,36,3.44,0.89,10.5
55.063997376464606,2.822600427440889,0.7637196359442979,4.385779380773078,3.62205974482878,0.4315718302449158,3.622046973827211e-19,-6.265143729579824,-1.0,-3.1755052443015686,263.50667690095537,w30,indole,123,36,3.13,0.92,10.5
55.063997376464606,2.822600427440889,0.7637196359442979,4.385779380773078,3.62205974482878,0.4315718302449158,3.9040126338302e-17,0.36099813917849843,-0.5,0.881760123569439,263.50667690095537,w30,indole,123,36,3.13,0.92,10.5
55.063997376464606,2.822600427440889,0.7637196359442979,4.385779380773078,3.62205974482878,0.4315718302449158,4.205927730324389e-15,6.560047532287552,0.0,8.968050993640283,263.50667690095537,w30,indole,123,36,3.13,0.92,10.5
55.063997376464606,2.822600427440889,0.7637196359442979,4.385779380773078,3.62205974482878,0.4315718302449158,4.232651869410958e-13,7.779649641053117,0.5,13.556266503111605,263.50667690095537,w30,indole,123,36,3.13,0.92,10.5
55.063997376464606,2.822600427440889,0.7637196359442979,4.385779380773078,3.62205974482878,0.4315718302449158,9.328346735800459,11.789289839925491,1.0,12.719881013493117,263.50667690095537,w30,indole,123,36,3.13,0.92,10.5
55.063997376464606,2.822600427440889,0.7637196359442979,4.385779380773078,3.62205974482878,0.4315718302449158,33.101012331347825,28.391316249307444,1.5,25.85790444604011,263.50667690095537,w30,indole,123,36,3.13,0.92,10.5
55.063997376464606,2.822600427440889,0.7637196359442979,4.385779380773078,3.62205974482878,0.4315718302449158,47.60451951211748,47.41552837339558,2.0,43.299354752610995,263.50667690095537,w30,indole,123,36,3.13,0.92,10.5
55.063997376464606,2.822600427440889,0.7637196359442979,4.385779380773078,3.62205974482878,0.4315718302449158,54.07716097900063,62.63336389846123,2.5,57.21735799924203,263.50667690095537,w30,indole,123,36,3.13,0.92,10.5
55.063997376464606,2.822600427440889,0.7637196359442979,4.385779380773078,3.62205974482878,0.4315718302449158,54.80989748960527,60.03819137995063,3.0,59.259915214818925,263.50667690095537,w30,indole,123,36,3.13,0.92,10.5
55.063997376464606,2.822600427440889,0.7637196359442979,4.385779380773078,3.62205974482878,0.4315718302449158,51.92413963774061,46.91827429433725,3.5,54.79514259392168,263.50667690095537,w30,indole,123,36,3.13,0.92,10.5
55.063997376464606,2.822600427440889,0.7637196359442979,4.385779380773078,3.62205974482878,0.4315718302449158,47.03853823619084,50.39541890528472,4.0,49.097034624917455,263.50667690095537,w30,indole,123,36,3.13,0.92,10.5
55.063997376464606,2.822600427440889,0.7637196359442979,4.385779380773078,3.62205974482878,0.4315718302449158,41.27802371975154,37.14081212553261,4.5,45.89807479433886,263.50667690095537,w30,indole,123,36,3.13,0.92,10.5
55.063997376464606,2.822600427440889,0.7637196359442979,4.385779380773078,3.62205974482878,0.4315718302449158,35.37098687527455,29.75135053584519,5.0,24.711797497482536,263.50667690095537,w30,indole,123,36,3.13,0.92,10.5
55.063997376464606,2.822600427440889,0.7637196359442979,4.385779380773078,3.62205974482878,0.4315718302449158,29.75438088561557,28.873701780791528,5.5,27.94633911101131,263.50667690095537,w30,indole,123,36,3.13,0.92,10.5
55.063997376464606,2.822600427440889,0.7637196359442979,4.385779380773078,3.62205974482878,0.4315718302449158,24.662891374115176,15.704627982373063,6.0,13.593364721156671,263.50667690095537,w30,indole,123,36,3.13,0.92,10.5
55.063997376464606,2.822600427440889,0.7637196359442979,4.385779380773078,3.62205974482878,0.4315718302449158,20.197498195948324,20.056493907845326,6.5,20.075280826810715,263.50667690095537,w30,indole,123,36,3.13,0.92,10.5
55.063997376464606,2.822600427440889,0.7637196359442979,4.385779380773078,3.62205974482878,0.4315718302449158,16.37527524763359,13.074867204011396,7.0,21.60929434041706,263.50667690095537,w30,indole,123,36,3.13,0.92,10.5
55.063997376464606,2.822600427440889,0.7637196359442979,4.385779380773078,3.62205974482878,0.4315718302449158,13.164087302202937,16.71650152121189,7.5,14.210140338645743,263.50667690095537,w30,indole,123,36,3.13,0.92,10.5
55.063997376464606,2.822600427440889,0.7637196359442979,4.385779380773078,3.62205974482878,0.4315718302449158,10.505887940405328,15.02738640256256,8.0,14.116102696069921,263.50667690095537,w30,indole,123,36,3.13,0.92,10.5
55.063997376464606,2.822600427440889,0.7637196359442979,4.385779380773078,3.62205974482878,0.4315718302449158,8.33176994823679,9.978330408693479,8.5,7.434321986753582,263.50667690095537,w30,indole,123,36,3.13,0.92,10.5
55.063997376464606,2.822600427440889,0.7637196359442979,4.385779380773078,3.62205974482878,0.4315718302449158,6.571241177430466,13.503552156249828,9.0,8.702294559461848,263.50667690095537,w30,indole,123,36,3.13,0.92,10.5
55.063997376464606,2.822600427440889,0.7637196359442979,4.385779380773078,3.62205974482878,0.4315718302449158,5.157575355908475,9.640229780274275,9.5,8.266719583230701,263.50667690095537,w30,indole,123,36,3.13,0.92,10.5
55.063997376464606,2.822600427440889,0.7637196359442979,4.385779380773078,3.62205974482878,0.4315718302449158,4.0305750221668815,7.727430038878588,10.0,9.385813079456547,263.50667690095537,w30,indole,123,36,3.13,0.92,10.5
55.063997376464606,2.822600427440889,0.7637196359442979,4.385779380773078,3.62205974482878,0.4315718302449158,3.137687387462233,8.854398025026418,10.5,6.250788250473887,263.50667690095537,w30,indole,123,36,3.13,0.92,10.5
55.063997376464606,2.822600427440889,0.7637196359442979,4.385779380773078,3.62205974482878,0.4315718302449158,2.434118900964047,4.015865566864526,11.0,7.490772553758777,263.50667690095537,w30,indole,123,36,3.13,0.92,10.5
55.063997376464606,2.822600427440889,0.7637196359442979,4.385779380773078,3.62205974482878,0.4315718302449158,1.8823808464679166,5.0912758548991315,11.5,6.716401345093699,263.50667690095537,w30,indole,123,36,3.13,0.92,10.5
55.063997376464606,2.822600427440889,0.7637196359442979,4.385779380773078,3.62205974482878,0.4315718302449158,1.4515474372195645,4.623306302385827,12.0,3.0276261100129194,263.50667690095537,w30,indole,123,36,3.13,0.92,10.5
55.063997376464606,2.822600427440889,0.7637196359442979,4.385779380773078,3.62205974482878,0.4315718302449158,1.1164034838061758,-0.053808338455194615,12.5,0.2012108142531548,263.50667690095537,w30,indole,123,36,3.13,0.92,10.5
55.063997376464606,2.822600427440889,0.7637196359442979,4.385779380773078,3.62205974482878,0.4315718302449158,0.8565879838915046,2.001658397243756,13.0,-0.15197235191397396,263.50667690095537,w30,indole,123,36,3.13,0.92,10.5
55.063997376464606,2.822600427440889,0.7637196359442979,4.385779380773078,3.62205974482878,0.4315718302449158,0.6557931505013392,0.8409187799841686,13.5,2.4516435182102576,263.50667690095537,w30,indole,123,36,3.13,0.92,10.5
55.063997376464606,2.822600427440889,0.7637196359442979,4.385779380773078,3.62205974482878,0.4315718302449158,0.5010482100527186,-1.070639910015415,14.0,-1.6069297282809551,263.50667690095537,w30,indole,123,36,3.13,0.92,10.5
55.063997376464606,2.822600427440889,0.7637196359442979,4.385779380773078,3.62205974482878,0.4315718302449158,0.38209850311085924,1.2080103043375257,14.5,2.0457793501431984,263.50667690095537,w30,indole,123,36,3.13,0.92,10.5
55.063997376464606,2.822600427440889,0.7637196359442979,4.385779380773078,3.62205974482878,0.4315718302449158,0.29087926289228516,-1.3742272344656001,15.0,-0.054624663014288366,263.50667690095537,w30,indole,123,36,3.13,0.92,10.5
55.063997376464606,2.822600427440889,0.7637196359442979,4.385779380773078,3.62205974482878,0.4315718302449158,0.22107730307719511,1.3850814416630501,15.5,0.15518434480342158,263.50667690095537,w30,indole,123,36,3.13,0.92,10.5
55.063997376464606,2.822600427440889,0.7637196359442979,4.385779380773078,3.62205974482878,0.4315718302449158,0.16777090700180006,0.8407582078545239,16.0,0.9032541092525539,263.50667690095537,w30,indole,123,36,3.13,0.92,10.5
55.063997376464606,2.822600427440889,0.7637196359442979,4.385779380773078,3.62205974482878,0.4315718302449158,0.12713724705838672,0.09963801112326198,16.5,0.1038869734636303,263.50667690095537,w30,indole,123,36,3.13,0.92,10.5
55.063997376464606,2.822600427440889,0.7637196359442979,4.385779380773078,3.62205974482878,0.4315718302449158,0.09621685891414554,1.4303372841442727,17.0,2.0733346963497263,263.50667690095537,w30,indole,123,36,3.13,0.92,10.5
55.063997376464606,2.822600427440889,0.7637196359442979,4.385779380773078,3.62205974482878,0.4315718302449158,0.07272551771052549,-0.24775316797407987,17.5,-0.28264822912084253,263.50667690095537,w30,indole,123,36,3.13,0.92,10.5
55.063997376464606,2.822600427440889,0.7637196359442979,4.385779380773078,3.62205974482878,0.4315718302449158,0.05490497539098252,0.6537462736154298,18.0,-0.2750344750274616,263.50667690095537,w30,indole,123,36,3.13,0.92,10.5
55.063997376464606,2.822600427440889,0.7637196359442979,4.385779380773078,3.62205974482878,0.4315718302449158,0.041405213623815766,0.28126465888397245,18.5,1.5670968912261976,263.50667690095537,w30,indole,123,36,3.13,0.92,10.5
55.063997376464606,2.822600427440889,0.7637196359442979,4.385779380773078,3.62205974482878,0.4315718302449158,0.03119202608872728,-0.3358146951439336,19.0,-1.2753082531815563,263.50667690095537,w30,indole,123,36,3.13,0.92,10.5
55.063997376464606,2.822600427440889,0.7637196359442979,4.385779380773078,3.62205974482878,0.4315718302449158,0.02347480393622475,-1.4220972501190592,19.5,-2.2098644175028563,263.50667690095537,w30,indole,123,36,3.13,0.92,10.5
55.063997376464606,2.822600427440889,0.7637196359442979,4.385779380773078,3.62205974482878,0.4315718302449158,0.017650331042216784,0.2863671913543602,20.0,-0.27270247601677644,263.50667690095537,w30,indole,123,36,3.13,0.92,10.5
55.063997376464606,2.822600427440889,0.7637196359442979,4.385779380773078,3.62205974482878,0.4315718302449158,0.013259194645907023,1.0725920672521976,20.5,-1.5783102071265862,263.50667690095537,w30,indole,123,36,3.13,0.92,10.5
55.063997376464606,2.822600427440889,0.7637196359442979,4.385779380773078,3.62205974482878,0.4315718302449158,0.00995208764925273,0.8006619143201021,21.0,0.4660967218208292,263.50667690095537,w30,indole,123,36,3.13,0.92,10.5
55.063997376464606,2.822600427440889,0.7637196359442979,4.385779380773078,3.62205974482878,0.4315718302449158,0.007463833154925927,0.894309561497916,21.5,1.142530172715945,263.50667690095537,w30,indole,123,36,3.13,0.92,10.5
55.063997376464606,2.822600427440889,0.7637196359442979,4.385779380773078,3.62205974482878,0.4315718302449158,0.005593414255076321,-0.1732717329905764,22.0,-2.4001217251345186,263.50667690095537,w30,indole,123,36,3.13,0.92,10.5
31.7930015401667,2.3130814517370615,1.355089666829923,4.354218314039072,2.9991286472091483,0.6805766282154647,1.9704228248294283e-13,-3.2587914605263446,-1.0,-2.1303344249673177,131.06050343629641,w30,indole,124,36,2.97,0.84,10.5
31.7930015401667,2.3130814517370615,1.355089666829923,4.354218314039072,2.9991286472091483,0.6805766282154647,2.2890031821950556e-11,0.19271494158459568,-0.5,2.2760424504942733,131.06050343629641,w30,indole,124,36,2.97,0.84,10.5
31.7930015401667,2.3130814517370615,1.355089666829923,4.354218314039072,2.9991286472091483,0.6805766282154647,2.6590885809046147e-09,3.4030171199315937,0.0,4.3869181410991445,131.06050343629641,w30,indole,124,36,2.97,0.84,10.5
31.7930015401667,2.3130814517370615,1.355089666829923,4.354218314039072,2.9991286472091483,0.6805766282154647,3.088420093649763e-07,4.023082548770907,0.5,7.196735988810018,131.06050343629641,w30,indole,124,36,2.97,0.84,10.5
31.7930015401667,2.3130814517370615,1.355089666829923,4.354218314039072,2.9991286472091483,0.6805766282154647,3.488341854925523e-05,6.084689996372007,1.0,7.815298189405239,131.06050343629641,w30,indole,124,36,2.97,0.84,10.5
31.7930015401667,2.3130814517370615,1.355089666829923,4.354218314039072,2.9991286472091483,0.6805766282154647,15.80366904164794,14.733661858817658,1.5,17.56191726027501,131.06050343629641,w30,indole,124,36,2.97,0.84,10.5
31.7930015401667,2.3130814517370615,1.355089666829923,4.354218314039072,2.9991286472091483,0.6805766282154647,30.73246185836321,24.61252747697401,2.0,27.090481343384337,131.06050343629641,w30,indole,124,36,2.97,0.84,10.5
31.7930015401667,2.3130814517370615,1.355089666829923,4.354218314039072,2.9991286472091483,0.6805766282154647,31.541890314840128,32.527907866540005,2.5,39.74125192520837,131.06050343629641,w30,indole,124,36,2.97,0.84,10.5
31.7930015401667,2.3130814517370615,1.355089666829923,4.354218314039072,2.9991286472091483,0.6805766282154647,29.266286597125003,31.175430646818384,3.0,31.961570175317455,131.06050343629641,w30,indole,124,36,2.97,0.84,10.5
31.7930015401667,2.3130814517370615,1.355089666829923,4.354218314039072,2.9991286472091483,0.6805766282154647,25.946683028718862,24.337247572748424,3.5,16.192225506175483,131.06050343629641,w30,indole,124,36,2.97,0.84,10.5
31.7930015401667,2.3130814517370615,1.355089666829923,4.354218314039072,2.9991286472091483,0.6805766282154647,22.408222268436734,26.147663132620426,4.0,25.765325353000385,131.06050343629641,w30,indole,124,36,2.97,0.84,10.5
31.7930015401667,2.3130814517370615,1.355089666829923,4.354218314039072,2.9991286472091483,0.6805766282154647,19.024587194215783,19.231053473980026,4.5,14.18314114599763,131.06050343629641,w30,indole,124,36,2.97,0.84,10.5
31.7930015401667,2.3130814517370615,1.355089666829923,4.354218314039072,2.9991286472091483,0.6805766282154647,15.958960110841364,15.372053365364675,5.0,16.415449531420798,131.06050343629641,w30,indole,124,36,2.97,0.84,10.5
31.7930015401667,2.3130814517370615,1.355089666829923,4.354218314039072,2.9991286472091483,0.6805766282154647,13.268496875387637,14.914535105052455,5.5,12.681392129061095,131.06050343629641,w30,indole,124,36,2.97,0.84,10.5
31.7930015401667,2.3130814517370615,1.355089666829923,4.354218314039072,2.9991286472091483,0.6805766282154647,10.955973819817308,8.044036623767095,6.0,10.228208578235316,131.06050343629641,w30,indole,124,36,2.97,0.84,10.5
31.7930015401667,2.3130814517370615,1.355089666829923,4.354218314039072,2.9991286472091483,0.6805766282154647,8.99714182282461,10.300147221917879,6.5,-1.5149619483236427,131.06050343629641,w30,indole,124,36,2.97,0.84,10.5
31.7930015401667,2.3130814517370615,1.355089666829923,4.354218314039072,2.9991286472091483,0.6805766282154647,7.355697754771853,6.670060417564213,7.0,-0.18180887347630348,131.06050343629641,w30,indole,124,36,2.97,0.84,10.5
31.7930015401667,2.3130814517370615,1.355089666829923,4.354218314039072,2.9991286472091483,0.6805766282154647,5.991529329499095,8.57201633521109,7.5,8.924215782322484,131.06050343629641,w30,indole,124,36,2.97,0.84,10.5
31.7930015401667,2.3130814517370615,1.355089666829923,4.354218314039072,2.9991286472091483,0.6805766282154647,4.865164006409232,7.684862590962234,8.0,8.278638274410952,131.06050343629641,w30,indole,124,36,2.97,0.84,10.5
31.7930015401667,2.3130814517370615,1.355089666829923,4.354218314039072,2.9991286472091483,0.6805766282154647,3.9400335644254167,5.05831124886055,8.5,6.6679247640721435,131.06050343629641,w30,indole,124,36,2.97,0.84,10.5
31.7930015401667,2.3130814517370615,1.355089666829923,4.354218314039072,2.9991286472091483,0.6805766282154647,3.183476873094646,6.884232201154747,9.0,5.225347553027598,131.06050343629641,w30,indole,124,36,2.97,0.84,10.5
31.7930015401667,2.3130814517370615,1.355089666829923,4.354218314039072,2.9991286472091483,0.6805766282154647,2.5670226561960052,4.875246733255611,9.5,4.156945606373386,131.06050343629641,w30,indole,124,36,2.97,0.84,10.5
31.7930015401667,2.3130814517370615,1.355089666829923,4.354218314039072,2.9991286472091483,0.6805766282154647,2.0662749538439,3.874196169167795,10.0,2.185846298125824,131.06050343629641,w30,indole,124,36,2.97,0.84,10.5
31.7930015401667,2.3130814517370615,1.355089666829923,4.354218314039072,2.9991286472091483,0.6805766282154647,1.66059421903343,4.455847723874972,10.5,4.312800951603813,131.06050343629641,w30,indole,124,36,2.97,0.84,10.5
31.7930015401667,2.3130814517370615,1.355089666829923,4.354218314039072,2.9991286472091483,0.6805766282154647,1.332688609482466,1.9322611281997157,11.0,0.5119981674820788,131.06050343629641,w30,indole,124,36,2.97,0.84,10.5
31.7930015401667,2.3130814517370615,1.355089666829923,4.354218314039072,2.9991286472091483,0.6805766282154647,1.068182154317338,2.4756853922427484,11.5,1.351254025067559,131.06050343629641,w30,indole,124,36,2.97,0.84,10.5
31.7930015401667,2.3130814517370615,1.355089666829923,4.354218314039072,2.9991286472091483,0.6805766282154647,0.8551971010065355,2.2535137587245546,12.0,3.3891502738025325,131.06050343629641,w30,indole,124,36,2.97,0.84,10.5
31.7930015401667,2.3130814517370615,1.355089666829923,4.354218314039072,2.9991286472091483,0.6805766282154647,0.6839697865404007,-0.18205082509947035,12.5,-1.2490206685013479,131.06050343629641,w30,indole,124,36,2.97,0.84,10.5
31.7930015401667,2.3130814517370615,1.355089666829923,4.354218314039072,2.9991286472091483,0.6805766282154647,0.5465085245212205,0.8864153074655068,13.0,2.9953285368627514,131.06050343629641,w30,indole,124,36,2.97,0.84,10.5
31.7930015401667,2.3130814517370615,1.355089666829923,4.354218314039072,2.9991286472091483,0.6805766282154647,0.4362955963235153,0.2818913787843462,13.5,1.9662961286982878,131.06050343629641,w30,indole,124,36,2.97,0.84,10.5
31.7930015401667,2.3130814517370615,1.355089666829923,4.354218314039072,2.9991286472091483,0.6805766282154647,0.3480318126702934,-0.7092033068964094,14.0,-1.3457753068328433,131.06050343629641,w30,indole,124,36,2.97,0.84,10.5
31.7930015401667,2.3130814517370615,1.355089666829923,4.354218314039072,2.9991286472091483,0.6805766282154647,0.27742021738713674,0.46719507289951023,14.5,1.0260772543529835,131.06050343629641,w30,indole,124,36,2.97,0.84,10.5
31.7930015401667,2.3130814517370615,1.355089666829923,4.354218314039072,2.9991286472091483,0.6805766282154647,0.2209846674454577,-0.863836306075263,15.0,-0.10794558530795029,131.06050343629641,w30,indole,124,36,2.97,0.84,10.5
31.7930015401667,2.3130814517370615,1.355089666829923,4.354218314039072,2.9991286472091483,0.6805766282154647,0.17591881624433525,0.5587436419800272,15.5,0.05216673111763803,131.06050343629641,w30,indole,124,36,2.97,0.84,10.5
31.7930015401667,2.3130814517370615,1.355089666829923,4.354218314039072,2.9991286472091483,0.6805766282154647,0.13996118009980443,0.27598052747500035,16.0,0.3600268515717788,131.06050343629641,w30,indole,124,36,2.97,0.84,10.5
31.7930015401667,2.3130814517370615,1.355089666829923,4.354218314039072,2.9991286472091483,0.6805766282154647,0.11129231131132661,-0.09909445797271776,16.5,0.5777607294031193,131.06050343629641,w30,indole,124,36,2.97,0.84,10.5
31.7930015401667,2.3130814517370615,1.355089666829923,4.354218314039072,2.9991286472091483,0.6805766282154647,0.08845052998493072,0.5835160621453835,17.0,2.0086752827059398,131.06050343629641,w30,indole,124,36,2.97,0.84,10.5
31.7930015401667,2.3130814517370615,1.355089666829923,4.354218314039072,2.9991286472091483,0.6805766282154647,0.07026311779161652,-0.28389466590319556,17.5,-0.1340636179822915,131.06050343629641,w30,indole,124,36,2.97,0.84,10.5
31.7930015401667,2.3130814517370615,1.355089666829923,4.354218314039072,2.9991286472091483,0.6805766282154647,0.055790313555863995,0.1842576824689779,18.0,1.7297741185629132,131.06050343629641,w30,indole,124,36,2.97,0.84,10.5
31.7930015401667,2.3130814517370615,1.355089666829923,4.354218314039072,2.9991286472091483,0.6805766282154647,0.04427985349148348,-0.011092358694128057,18.5,-0.39468971112296203,131.06050343629641,w30,indole,124,36,2.97,0.84,10.5
31.7930015401667,2.3130814517370615,1.355089666829923,4.354218314039072,2.9991286472091483,0.6805766282154647,0.0351301590979464,-0.3313174165544306,19.0,-0.43310058775551696,131.06050343629641,w30,indole,124,36,2.97,0.84,10.5
31.7930015401667,2.3130814517370615,1.355089666829923,4.354218314039072,2.9991286472091483,0.6805766282154647,0.02786059069442145,-0.8958802183862298,19.5,1.01511979325634,131.06050343629641,w30,indole,124,36,2.97,0.84,10.5
31.7930015401667,2.3130814517370615,1.355089666829923,4.354218314039072,2.9991286472091483,0.6805766282154647,0.022087455540577818,-0.0010426637194109745,20.0,0.47103600004552826,131.06050343629641,w30,indole,124,36,2.97,0.84,10.5
31.7930015401667,2.3130814517370615,1.355089666829923,4.354218314039072,2.9991286472091483,0.6805766282154647,0.01750468974250683,0.3981652009382429,20.5,2.2184755881358944,131.06050343629641,w30,indole,124,36,2.97,0.84,10.5
31.7930015401667,2.3130814517370615,1.355089666829923,4.354218314039072,2.9991286472091483,0.6805766282154647,0.013868326890705295,0.2686394168954265,21.0,1.5298808901685141,131.06050343629641,w30,indole,124,36,2.97,0.84,10.5
31.7930015401667,2.3130814517370615,1.355089666829923,4.354218314039072,2.9991286472091483,0.6805766282154647,0.010984028138466554,0.31156390795964684,21.5,-0.4590368897155722,131.06050343629641,w30,indole,124,36,2.97,0.84,10.5
31.7930015401667,2.3130814517370615,1.355089666829923,4.354218314039072,2.9991286472091483,0.6805766282154647,0.008697082619694383,-0.2368139985992186,22.0,0.6793934659946832,131.06050343629641,w30,indole,124,36,2.97,0.84,10.5
42.762139604742316,2.502282396759818,1.3744003574262034,5.457085424500928,4.082685067074724,0.7237401316036971,9.928153054872055e-13,-4.80314476669732,-1.0,-2.22562496218149,237.48426006188362,w30,indole,125,36,3.44,0.99,10.5
42.762139604742316,2.502282396759818,1.3744003574262034,5.457085424500928,4.082685067074724,0.7237401316036971,1.2440885343630385e-10,0.18267546366653065,-0.5,0.627385327922795,237.48426006188362,w30,indole,125,36,3.44,0.99,10.5
42.762139604742316,2.502282396759818,1.3744003574262034,5.457085424500928,4.082685067074724,0.7237401316036971,1.558955258469819e-08,5.12897256549398,0.0,3.8912274351846463,237.48426006188362,w30,indole,125,36,3.44,0.99,10.5
42.762139604742316,2.502282396759818,1.3744003574262034,5.457085424500928,4.082685067074724,0.7237401316036971,1.953204505730154e-06,6.275560132906518,0.5,3.3243063866220375,237.48426006188362,w30,indole,125,36,3.44,0.99,10.5
42.762139604742316,2.502282396759818,1.3744003574262034,5.457085424500928,4.082685067074724,0.7237401316036971,0.00023913568097385293,9.698526613725123,1.0,8.78883354775631,237.48426006188362,w30,indole,125,36,3.44,0.99,10.5
42.762139604742316,2.502282396759818,1.3744003574262034,5.457085424500928,4.082685067074724,0.7237401316036971,20.21460234996794,22.174065199667368,1.5,19.16977424945754,237.48426006188362,w30,indole,125,36,3.44,0.99,10.5
42.762139604742316,2.502282396759818,1.3744003574262034,5.457085424500928,4.082685067074724,0.7237401316036971,40.39673841876007,36.95061757336844,2.0,33.225451585019805,237.48426006188362,w30,indole,125,36,3.44,0.99,10.5
42.762139604742316,2.502282396759818,1.3744003574262034,5.457085424500928,4.082685067074724,0.7237401316036971,42.76155325164911,48.57382970963549,2.5,44.76660372847689,237.48426006188362,w30,indole,125,36,3.44,0.99,10.5
42.762139604742316,2.502282396759818,1.3744003574262034,5.457085424500928,4.082685067074724,0.7237401316036971,41.54338931355304,46.631206155721614,3.0,42.73736146079584,237.48426006188362,w30,indole,125,36,3.44,0.99,10.5
42.762139604742316,2.502282396759818,1.3744003574262034,5.457085424500928,4.082685067074724,0.7237401316036971,38.85702055330236,36.82112956816023,3.5,43.78225759991701,237.48426006188362,w30,indole,125,36,3.44,0.99,10.5
42.762139604742316,2.502282396759818,1.3744003574262034,5.457085424500928,4.082685067074724,0.7237401316036971,35.563197828504336,39.44956674352707,4.0,37.68430722227234,237.48426006188362,w30,indole,125,36,3.44,0.99,10.5
42.762139604742316,2.502282396759818,1.3744003574262034,5.457085424500928,4.082685067074724,0.7237401316036971,32.09287511266747,29.66251967830359,4.5,33.87595560273682,237.48426006188362,w30,indole,125,36,3.44,0.99,10.5
42.762139604742316,2.502282396759818,1.3744003574262034,5.457085424500928,4.082685067074724,0.7237401316036971,28.676028737391896,24.251067248483544,5.0,29.31745975736399,237.48426006188362,w30,indole,125,36,3.44,0.99,10.5
42.762139604742316,2.502282396759818,1.3744003574262034,5.457085424500928,4.082685067074724,0.7237401316036971,25.435846563526553,23.596065178431168,5.5,19.45904146920357,237.48426006188362,w30,indole,125,36,3.44,0.99,10.5
42.762139604742316,2.502282396759818,1.3744003574262034,5.457085424500928,4.082685067074724,0.7237401316036971,22.434707076596112,13.849943749946389,6.0,18.205771695146822,237.48426006188362,w30,indole,125,36,3.44,0.99,10.5
42.762139604742316,2.502282396759818,1.3744003574262034,5.457085424500928,4.082685067074724,0.7237401316036971,19.69909311923085,17.286103791616824,6.5,22.383573285092666,237.48426006188362,w30,indole,125,36,3.44,0.99,10.5
42.762139604742316,2.502282396759818,1.3744003574262034,5.457085424500928,4.082685067074724,0.7237401316036971,17.234036425254697,11.9336794089233,7.0,19.511826600498395,237.48426006188362,w30,indole,125,36,3.44,0.99,10.5
42.762139604742316,2.502282396759818,1.3744003574262034,5.457085424500928,4.082685067074724,0.7237401316036971,15.031870680244788,14.597747242506065,7.5,15.110549595345587,237.48426006188362,w30,indole,125,36,3.44,0.99,10.5
42.762139604742316,2.502282396759818,1.3744003574262034,5.457085424500928,4.082685067074724,0.7237401316036971,13.077684874752686,13.436695687867113,8.0,13.019695167348765,237.48426006188362,w30,indole,125,36,3.44,0.99,10.5
42.762139604742316,2.502282396759818,1.3744003574262034,5.457085424500928,4.082685067074724,0.7237401316036971,11.352772275356013,9.585450985970473,8.5,10.09261214893011,237.48426006188362,w30,indole,125,36,3.44,0.99,10.5
42.762139604742316,2.502282396759818,1.3744003574262034,5.457085424500928,4.082685067074724,0.7237401316036971,9.836820145910618,12.393543241224279,9.0,14.401628512617423,237.48426006188362,w30,indole,125,36,3.44,0.99,10.5
42.762139604742316,2.502282396759818,1.3744003574262034,5.457085424500928,4.082685067074724,0.7237401316036971,8.509289341228634,9.435608280307811,9.5,11.339979020427712,237.48426006188362,w30,indole,125,36,3.44,0.99,10.5
42.762139604742316,2.502282396759818,1.3744003574262034,5.457085424500928,4.082685067074724,0.7237401316036971,7.35026446122592,8.066850152709467,10.0,4.190537501175948,237.48426006188362,w30,indole,125,36,3.44,0.99,10.5
42.762139604742316,2.502282396759818,1.3744003574262034,5.457085424500928,4.082685067074724,0.7237401316036971,6.340954958603016,8.99572911860726,10.5,10.245164156519996,237.48426006188362,w30,indole,125,36,3.44,0.99,10.5
42.762139604742316,2.502282396759818,1.3744003574262034,5.457085424500928,4.082685067074724,0.7237401316036971,5.463965624540728,5.403613942937147,11.0,8.141620941304222,237.48426006188362,w30,indole,125,36,3.44,0.99,10.5
42.762139604742316,2.502282396759818,1.3744003574262034,5.457085424500928,4.082685067074724,0.7237401316036971,4.703415421840442,6.464762851038508,11.5,5.343346244946998,237.48426006188362,w30,indole,125,36,3.44,0.99,10.5
42.762139604742316,2.502282396759818,1.3744003574262034,5.457085424500928,4.082685067074724,0.7237401316036971,4.044957896679389,5.78784879741518,12.0,6.611997762665331,237.48426006188362,w30,indole,125,36,3.44,0.99,10.5
42.762139604742316,2.502282396759818,1.3744003574262034,5.457085424500928,4.082685067074724,0.7237401316036971,3.475739280283347,2.2579097117997584,12.5,2.4551424727205826,237.48426006188362,w30,indole,125,36,3.44,0.99,10.5
42.762139604742316,2.502282396759818,1.3744003574262034,5.457085424500928,4.082685067074724,0.7237401316036971,2.984318828958087,3.837796168729519,13.0,3.910101889368362,237.48426006188362,w30,indole,125,36,3.44,0.99,10.5
42.762139604742316,2.502282396759818,1.3744003574262034,5.457085424500928,4.082685067074724,0.7237401316036971,2.5605680496570704,2.962950657431307,13.5,0.6849008604935773,237.48426006188362,w30,indole,125,36,3.44,0.99,10.5
42.762139604742316,2.502282396759818,1.3744003574262034,5.457085424500928,4.082685067074724,0.7237401316036971,2.195560013575728,1.4550796236009993,14.0,2.092979028703038,237.48426006188362,w30,indole,125,36,3.44,0.99,10.5
42.762139604742316,2.502282396759818,1.3744003574262034,5.457085424500928,4.082685067074724,0.7237401316036971,1.8814561883208885,3.328096879938875,14.5,1.7269150016283132,237.48426006188362,w30,indole,125,36,3.44,0.99,10.5
42.762139604742316,2.502282396759818,1.3744003574262034,5.457085424500928,4.082685067074724,0.7237401316036971,1.6113956000119294,1.173944127700283,15.0,1.1088746187443137,237.48426006188362,w30,indole,125,36,3.44,0.99,10.5
42.762139604742316,2.502282396759818,1.3744003574262034,5.457085424500928,4.082685067074724,0.7237401316036971,1.3793893194001496,3.471659799765752,15.5,3.7985992152444297,237.48426006188362,w30,indole,125,36,3.44,0.99,10.5
42.762139604742316,2.502282396759818,1.3744003574262034,5.457085424500928,4.082685067074724,0.7237401316036971,1.1802220106386088,3.0504917320203626,16.0,1.3480862082843053,237.48426006188362,w30,indole,125,36,3.44,0.99,10.5
42.762139604742316,2.502282396759818,1.3744003574262034,5.457085424500928,4.082685067074724,0.7237401316036971,1.0093614213806485,2.3278279929208447,16.5,2.3614421500796006,237.48426006188362,w30,indole,125,36,3.44,0.99,10.5
42.762139604742316,2.502282396759818,1.3744003574262034,5.457085424500928,4.082685067074724,0.7237401316036971,0.8628761120776329,3.487675219774009,17.0,1.5865960300045845,237.48426006188362,w30,indole,125,36,3.44,0.99,10.5
42.762139604742316,2.502282396759818,1.3744003574262034,5.457085424500928,4.082685067074724,0.7237401316036971,0.7373613386277792,2.1243042322098464,17.5,0.9709067519656638,237.48426006188362,w30,indole,125,36,3.44,0.99,10.5
42.762139604742316,2.502282396759818,1.3744003574262034,5.457085424500928,4.082685067074724,0.7237401316036971,0.629872757666586,2.8241738726926107,18.0,2.0490037020394727,237.48426006188362,w30,indole,125,36,3.44,0.99,10.5
42.762139604742316,2.502282396759818,1.3744003574262034,5.457085424500928,4.082685067074724,0.7237401316036971,0.5378674762734257,2.563867448684369,18.5,1.627628650778409,237.48426006188362,w30,indole,125,36,3.44,0.99,10.5
42.762139604742316,2.502282396759818,1.3744003574262034,5.457085424500928,4.082685067074724,0.7237401316036971,0.45915188802180884,2.0813928561030792,19.0,2.234814532070491,237.48426006188362,w30,indole,125,36,3.44,0.99,10.5
42.762139604742316,2.502282396759818,1.3744003574262034,5.457085424500928,4.082685067074724,0.7237401316036971,0.3918357038827349,1.2448658569612006,19.5,-0.7919593267038159,237.48426006188362,w30,indole,125,36,3.44,0.99,10.5
42.762139604742316,2.502282396759818,1.3744003574262034,5.457085424500928,4.082685067074724,0.7237401316036971,0.33429158431048556,2.4565075905722726,20.0,1.227319427533537,237.48426006188362,w30,indole,125,36,3.44,0.99,10.5
42.762139604742316,2.502282396759818,1.3744003574262034,5.457085424500928,4.082685067074724,0.7237401316036971,0.2851197970626373,3.2035094438979934,20.5,2.23078902825666,237.48426006188362,w30,indole,125,36,3.44,0.99,10.5
42.762139604742316,2.502282396759818,1.3744003574262034,5.457085424500928,4.082685067074724,0.7237401316036971,0.24311735624120182,2.816560498076361,21.0,1.6678837495500862,237.48426006188362,w30,indole,125,36,3.44,0.99,10.5
42.762139604742316,2.502282396759818,1.3744003574262034,5.457085424500928,4.082685067074724,0.7237401316036971,0.20725113627565056,2.9751181055001528,21.5,3.0578304748932488,237.48426006188362,w30,indole,125,36,3.44,0.99,10.5
42.762139604742316,2.502282396759818,1.3744003574262034,5.457085424500928,4.082685067074724,0.7237401316036971,0.17663449633413617,2.0557289510717265,22.0,1.1591975766915796,237.48426006188362,w30,indole,125,36,3.44,0.99,10.5
45.888872975606226,2.823830771352498,0.8185685762870982,4.799229622820026,3.980661046532928,0.4962489466889071,1.401276851389584e-16,-5.393297654014063,-1.0,-6.516413947253415,247.97904805786615,w30,indole,126,36,3.32,1.01,10.5
45.888872975606226,2.823830771352498,0.8185685762870982,4.799229622820026,3.980661046532928,0.4962489466889071,1.6146179518728968e-14,0.2754029545225123,-0.5,0.2871130541921332,247.97904805786615,w30,indole,126,36,3.32,1.01,10.5
45.888872975606226,2.823830771352498,0.8185685762870982,4.799229622820026,3.980661046532928,0.4962489466889071,1.859928493265267e-12,5.679920797053855,0.0,0.9030327773667537,247.97904805786615,w30,indole,126,36,3.32,1.01,10.5
45.888872975606226,2.823830771352498,0.8185685762870982,4.799229622820026,3.980661046532928,0.4962489466889071,2.0585773911141424e-10,6.805485896203663,0.5,5.726244034675386,247.97904805786615,w30,indole,126,36,3.32,1.01,10.5
45.888872975606226,2.823830771352498,0.8185685762870982,4.799229622820026,3.980661046532928,0.4962489466889071,8.667327791858227,10.38150534044468,1.0,10.746838258500919,247.97904805786615,w30,indole,126,36,3.32,1.01,10.5
45.888872975606226,2.823830771352498,0.8185685762870982,4.799229622820026,3.980661046532928,0.4962489466889071,29.953092972874924,24.57866739774893,1.5,22.90233938310174,247.97904805786615,w30,indole,126,36,3.32,1.01,10.5
45.888872975606226,2.823830771352498,0.8185685762870982,4.799229622820026,3.980661046532928,0.4962489466889071,40.69944896134811,41.019812672729856,2.0,39.41407052192531,247.97904805786615,w30,indole,126,36,3.32,1.01,10.5
45.888872975606226,2.823830771352498,0.8185685762870982,4.799229622820026,3.980661046532928,0.4962489466889071,45.21199592868651,54.10072685243324,2.5,52.796591045260136,247.97904805786615,w30,indole,126,36,3.32,1.01,10.5
45.888872975606226,2.823830771352498,0.8185685762870982,4.799229622820026,3.980661046532928,0.4962489466889071,45.719299898043054,51.884171234463665,3.0,44.81561519935396,247.97904805786615,w30,indole,126,36,3.32,1.01,10.5
45.888872975606226,2.823830771352498,0.8185685762870982,4.799229622820026,3.980661046532928,0.4962489466889071,43.767712595942236,40.68225939530421,3.5,37.11069519460677,247.97904805786615,w30,indole,126,36,3.32,1.01,10.5
45.888872975606226,2.823830771352498,0.8185685762870982,4.799229622820026,3.980661046532928,0.4962489466889071,40.420950688564545,43.6613095650394,4.0,43.87611423219466,247.97904805786615,w30,indole,126,36,3.32,1.01,10.5
45.888872975606226,2.823830771352498,0.8185685762870982,4.799229622820026,3.980661046532928,0.4962489466889071,36.394291642470506,32.388828202758,4.5,37.8641419229459,247.97904805786615,w30,indole,126,36,3.32,1.01,10.5
45.888872975606226,2.823830771352498,0.8185685762870982,4.799229622820026,3.980661046532928,0.4962489466889071,32.155250240477514,26.120504340286672,5.0,30.66353269992499,247.97904805786615,w30,indole,126,36,3.32,1.01,10.5
45.888872975606226,2.823830771352498,0.8185685762870982,4.799229622820026,3.980661046532928,0.4962489466889071,27.997637475136234,25.371603497492696,5.5,28.13342387940882,247.97904805786615,w30,indole,126,36,3.32,1.01,10.5
45.888872975606226,2.823830771352498,0.8185685762870982,4.799229622820026,3.980661046532928,0.4962489466889071,24.09533419377301,14.163882136835106,6.0,22.69464845128128,247.97904805786615,w30,indole,126,36,3.32,1.01,10.5
45.888872975606226,2.823830771352498,0.8185685762870982,4.799229622820026,3.980661046532928,0.4962489466889071,20.540926293675934,17.944955139244243,6.5,25.087490457257495,247.97904805786615,w30,indole,126,36,3.32,1.01,10.5
45.888872975606226,2.823830771352498,0.8185685762870982,4.799229622820026,3.980661046532928,0.4962489466889071,17.373179961826224,11.936545306779783,7.0,20.621469650726397,247.97904805786615,w30,indole,126,36,3.32,1.01,10.5
45.888872975606226,2.823830771352498,0.8185685762870982,4.799229622820026,3.980661046532928,0.4962489466889071,14.596364092463203,15.024670323751456,7.5,17.758915843525212,247.97904805786615,w30,indole,126,36,3.32,1.01,10.5
45.888872975606226,2.823830771352498,0.8185685762870982,4.799229622820026,3.980661046532928,0.4962489466889071,12.19366414421377,13.619089950710626,8.0,13.89140538390837,247.97904805786615,w30,indole,126,36,3.32,1.01,10.5
45.888872975606226,2.823830771352498,0.8185685762870982,4.799229622820026,3.980661046532928,0.4962489466889071,10.136347801925474,9.280888791873839,8.5,6.159436768530515,247.97904805786615,w30,indole,126,36,3.32,1.01,10.5
45.888872975606226,2.823830771352498,0.8185685762870982,4.799229622820026,3.980661046532928,0.4962489466889071,8.389902203452179,12.352586610430345,9.0,12.991173039312017,247.97904805786615,w30,indole,126,36,3.32,1.01,10.5
45.888872975606226,2.823830771352498,0.8185685762870982,4.799229622820026,3.980661046532928,0.4962489466889071,6.918033065524162,9.029184917545576,9.5,8.323659163726958,247.97904805786615,w30,indole,126,36,3.32,1.01,10.5
45.888872975606226,2.823830771352498,0.8185685762870982,4.799229622820026,3.980661046532928,0.4962489466889071,5.685171432488856,7.418095789906724,10.0,9.176681630818974,247.97904805786615,w30,indole,126,36,3.32,1.01,10.5
45.888872975606226,2.823830771352498,0.8185685762870982,4.799229622820026,3.980661046532928,0.4962489466889071,4.657953190126988,8.41126913103928,10.5,7.952492287932054,247.97904805786615,w30,indole,126,36,3.32,1.01,10.5
45.888872975606226,2.823830771352498,0.8185685762870982,4.799229622820026,3.980661046532928,0.4962489466889071,3.806003887263883,4.289336884469037,11.0,6.155417321849271,247.97904805786615,w30,indole,126,36,3.32,1.01,10.5
45.888872975606226,2.823830771352498,0.8185685762870982,4.799229622820026,3.980661046532928,0.4962489466889071,3.1022645590986975,5.299824249085777,11.5,2.7750506871453267,247.97904805786615,w30,indole,126,36,3.32,1.01,10.5
45.888872975606226,2.823830771352498,0.8185685762870982,4.799229622820026,3.980661046532928,0.4962489466889071,2.5230239031498463,4.7828548667367095,12.0,4.203112295765807,247.97904805786615,w30,indole,126,36,3.32,1.01,10.5
45.888872975606226,2.823830771352498,0.8185685762870982,4.799229622820026,3.980661046532928,0.4962489466889071,2.047771377047096,0.777730718374471,12.5,2.16817987803242,247.97904805786615,w30,indole,126,36,3.32,1.01,10.5
45.888872975606226,2.823830771352498,0.8185685762870982,4.799229622820026,3.980661046532928,0.4962489466889071,1.6589493766575925,2.5481348442081284,13.0,-0.7225124798678448,247.97904805786615,w30,indole,126,36,3.32,1.01,10.5
45.888872975606226,2.823830771352498,0.8185685762870982,4.799229622820026,3.980661046532928,0.4962489466889071,1.3416567505341952,1.5545949305588627,13.5,1.292597431193883,247.97904805786615,w30,indole,126,36,3.32,1.01,10.5
45.888872975606226,2.823830771352498,0.8185685762870982,4.799229622820026,3.980661046532928,0.4962489466889071,1.0833376493976734,-0.10571727512072338,14.0,-0.15982484452153667,247.97904805786615,w30,indole,126,36,3.32,1.01,10.5
45.888872975606226,2.823830771352498,0.8185685762870982,4.799229622820026,3.980661046532928,0.4962489466889071,0.8734769835928337,1.900574462618488,14.5,2.3768764363482093,247.97904805786615,w30,indole,126,36,3.32,1.01,10.5
45.888872975606226,2.823830771352498,0.8185685762870982,4.799229622820026,3.980661046532928,0.4962489466889071,0.7033150129569218,-0.3843609807805173,15.0,-0.9786567703455715,247.97904805786615,w30,indole,126,36,3.32,1.01,10.5
45.888872975606226,2.823830771352498,0.8185685762870982,4.799229622820026,3.980661046532928,0.4962489466889071,0.5655876843178337,2.055767516502354,15.5,1.9108981008074915,247.97904805786615,w30,indole,126,36,3.32,1.01,10.5
45.888872975606226,2.823830771352498,0.8185685762870982,4.799229622820026,3.980661046532928,0.4962489466889071,0.4542954325153055,1.5859332059988425,16.0,0.9840482794299605,247.97904805786615,w30,indole,126,36,3.32,1.01,10.5
45.888872975606226,2.823830771352498,0.8185685762870982,4.799229622820026,3.980661046532928,0.4962489466889071,0.3645006700199733,0.8926527367979298,16.5,1.1005913175243074,247.97904805786615,w30,indole,126,36,3.32,1.01,10.5
45.888872975606226,2.823830771352498,0.8185685762870982,4.799229622820026,3.980661046532928,0.4962489466889071,0.2921526743443885,2.088007748336516,17.0,1.267128868393387,247.97904805786615,w30,indole,126,36,3.32,1.01,10.5
45.888872975606226,2.823830771352498,0.8185685762870982,4.799229622820026,3.980661046532928,0.4962489466889071,0.23393773097599918,0.61623621253056,17.5,0.35588985728222644,247.97904805786615,w30,indole,126,36,3.32,1.01,10.5
45.888872975606226,2.823830771352498,0.8185685762870982,4.799229622820026,3.980661046532928,0.4962489466889071,0.18715198182830878,1.3952076999495655,18.0,-0.8674964468790443,247.97904805786615,w30,indole,126,36,3.32,1.01,10.5
45.888872975606226,2.823830771352498,0.8185685762870982,4.799229622820026,3.980661046532928,0.4962489466889071,0.14959430979269342,1.083716662574869,18.5,1.1766556040014577,247.97904805786615,w30,indole,126,36,3.32,1.01,10.5
45.888872975606226,2.823830771352498,0.8185685762870982,4.799229622820026,3.980661046532928,0.4962489466889071,0.11947665064881532,0.5492831730947239,19.0,0.7713792399908184,247.97904805786615,w30,indole,126,36,3.32,1.01,10.5
45.888872975606226,2.823830771352498,0.8185685762870982,4.799229622820026,3.980661046532928,0.4962489466889071,0.0953492900173759,-0.3869159568089131,19.5,-1.0790380295654352,247.97904805786615,w30,indole,126,36,3.32,1.01,10.5
45.888872975606226,2.823830771352498,0.8185685762870982,4.799229622820026,3.980661046532928,0.4962489466889071,0.07603892505115768,1.0481550046489634,20.0,0.08495557006604892,247.97904805786615,w30,indole,126,36,3.32,1.01,10.5
45.888872975606226,2.823830771352498,0.8185685762870982,4.799229622820026,3.980661046532928,0.4962489466889071,0.06059751509513553,1.7765755489661823,20.5,-0.3224415968624603,247.97904805786615,w30,indole,126,36,3.32,1.01,10.5
45.888872975606226,2.823830771352498,0.8185685762870982,4.799229622820026,3.980661046532928,0.4962489466889071,0.04826019151447474,1.4784687645593464,21.0,-0.9560502310149364,247.97904805786615,w30,indole,126,36,3.32,1.01,10.5
45.888872975606226,2.823830771352498,0.8185685762870982,4.799229622820026,3.980661046532928,0.4962489466889071,0.038410731483131906,1.5902151753510378,21.5,0.29732310596245926,247.97904805786615,w30,indole,126,36,3.32,1.01,10.5
45.888872975606226,2.823830771352498,0.8185685762870982,4.799229622820026,3.980661046532928,0.4962489466889071,0.030553316577429504,0.6352102633557859,22.0,-1.405239481367306,247.97904805786615,w30,indole,126,36,3.32,1.01,10.5
47.72015079147441,3.2,4.172107834638528e-09,4.182345672320106,4.182345668147998,0.23487912053790197,9.374173497888322e-36,-5.618746224947611,-1.0,-9.564263698311574,217.55795369368224,w35,indole,127,41,3.44,0.89,10.5
47.72015079147441,3.2,4.172107834638528e-09,4.182345672320106,4.182345668147998,0.23487912053790197,3.7305089448789015e-32,5.929572700017825,0.0,7.940124235932224,217.55795369368224,w35,indole,127,41,3.44,0.89,10.5
47.72015079147441,3.2,4.172107834638528e-09,4.182345672320106,4.182345668147998,0.23487912053790197,10.13375059935602,10.887971920273229,1.0,8.110331078710265,217.55795369368224,w35,indole,127,41,3.44,0.89,10.5
47.72015079147441,3.2,4.172107834638528e-09,4.182345672320106,4.182345668147998,0.23487912053790197,35.01857253251714,42.80504619976601,2.0,48.05892067001865,217.55795369368224,w35,indole,127,41,3.44,0.89,10.5
47.72015079147441,3.2,4.172107834638528e-09,4.182345672320106,4.182345668147998,0.23487912053790197,47.081243817112835,42.48009395559051,3.5,41.721173316159394,217.55795369368224,w35,indole,127,41,3.44,0.89,10.5
47.72015079147441,3.2,4.172107834638528e-09,4.182345672320106,4.182345668147998,0.23487912053790197,43.722752997277354,45.58014346486475,4.0,48.34856529185252,217.55795369368224,w35,indole,127,41,3.44,0.89,10.5
47.72015079147441,3.2,4.172107834638528e-09,4.182345672320106,4.182345668147998,0.23487912053790197,26.796657540303666,26.59190160865702,5.5,32.36802183283658,217.55795369368224,w35,indole,127,41,3.44,0.89,10.5
47.72015079147441,3.2,4.172107834638528e-09,4.182345672320106,4.182345668147998,0.23487912053790197,21.38589759844369,14.951236750210349,6.0,-3.7252727840213025,217.55795369368224,w35,indole,127,41,3.44,0.89,10.5
47.72015079147441,3.2,4.172107834638528e-09,4.182345672320106,4.182345668147998,0.23487912053790197,12.767557165687084,12.641080669700381,7.0,-3.8019708260949168,217.55795369368224,w35,indole,127,41,3.44,0.89,10.5
47.72015079147441,3.2,4.172107834638528e-09,4.182345672320106,4.182345668147998,0.23487912053790197,7.127178854011067,14.394855623575655,8.0,13.459683421673663,217.55795369368224,w35,indole,127,41,3.44,0.89,10.5
47.72015079147441,3.2,4.172107834638528e-09,4.182345672320106,4.182345668147998,0.23487912053790197,3.7796189336174404,13.088523022327388,9.0,14.929592363622346,217.55795369368224,w35,indole,127,41,3.44,0.89,10.5
47.72015079147441,3.2,4.172107834638528e-09,4.182345672320106,4.182345668147998,0.23487912053790197,1.9248815451385393,7.957836111143306,10.0,12.484693961011535,217.55795369368224,w35,indole,127,41,3.44,0.89,10.5
47.72015079147441,3.2,4.172107834638528e-09,4.182345672320106,4.182345668147998,0.23487912053790197,0.9487277594903211,4.717203719664555,11.0,-1.8419841295632562,217.55795369368224,w35,indole,127,41,3.44,0.89,10.5
47.72015079147441,3.2,4.172107834638528e-09,4.182345672320106,4.182345668147998,0.23487912053790197,0.45513343389548006,5.2227642521288145,12.0,6.542860099687633,217.55795369368224,w35,indole,127,41,3.44,0.89,10.5
47.72015079147441,3.2,4.172107834638528e-09,4.182345672320106,4.182345668147998,0.23487912053790197,0.31249324564529535,1.055560552637897,12.5,0.5403250487360824,217.55795369368224,w35,indole,127,41,3.44,0.89,10.5
47.72015079147441,3.2,4.172107834638528e-09,4.182345672320106,4.182345668147998,0.23487912053790197,0.145083950656695,1.8670432348148713,13.5,2.8200527934764104,217.55795369368224,w35,indole,127,41,3.44,0.89,10.5
47.72015079147441,3.2,4.172107834638528e-09,4.182345672320106,4.182345668147998,0.23487912053790197,0.04441458827650091,-0.16289762354529946,15.0,-2.212204975777092,217.55795369368224,w35,indole,127,41,3.44,0.89,10.5
47.72015079147441,3.2,4.172107834638528e-09,4.182345672320106,4.182345668147998,0.23487912053790197,0.019802955571519152,1.9090154090843439,16.0,5.595974484125373,217.55795369368224,w35,indole,127,41,3.44,0.89,10.5
47.72015079147441,3.2,4.172107834638528e-09,4.182345672320106,4.182345668147998,0.23487912053790197,0.0016351264911971747,0.8217486197854913,19.0,1.064329643833235,217.55795369368224,w35,indole,127,41,3.44,0.89,10.5
47.72015079147441,3.2,4.172107834638528e-09,4.182345672320106,4.182345668147998,0.23487912053790197,0.0010696695275222907,-0.15411888896493364,19.5,0.9090907654890903,217.55795369368224,w35,indole,127,41,3.44,0.89,10.5
47.72015079147441,3.2,4.172107834638528e-09,4.182345672320106,4.182345668147998,0.23487912053790197,0.0006982604812795018,1.3307166478684995,20.0,2.7768543260979057,217.55795369368224,w35,indole,127,41,3.44,0.89,10.5
47.72015079147441,3.2,4.172107834638528e-09,4.182345672320106,4.182345668147998,0.23487912053790197,0.0004548841741876845,2.1050272206230964,20.5,5.9180164880558745,217.55795369368224,w35,indole,127,41,3.44,0.89,10.5
47.72015079147441,3.2,4.172107834638528e-09,4.182345672320106,4.182345668147998,0.23487912053790197,0.00012435281253114693,0.8953046740134716,22.0,4.563827178067198,217.55795369368224,w35,indole,127,41,3.44,0.89,10.5
52.65261119490986,2.8000000000025698,0.730731114421115,4.502259669076397,3.7715285546552826,0.4513447649687526,4.310404680291288e-18,-6.265143729579824,-1.0,-3.1755052443015686,264.9257914416111,w35,indole,128,41,3.13,0.92,10.5
52.65261119490986,2.8000000000025698,0.730731114421115,4.502259669076397,3.7715285546552826,0.4513447649687526,5.272826828442688e-14,6.560047532287552,0.0,8.968050993640283,264.9257914416111,w35,indole,128,41,3.13,0.92,10.5
52.65261119490986,2.8000000000025698,0.730731114421115,4.502259669076397,3.7715285546552826,0.4513447649687526,11.902226524928166,11.789289839925491,1.0,12.719881013493117,264.9257914416111,w35,indole,128,41,3.13,0.92,10.5
52.65261119490986,2.8000000000025698,0.730731114421115,4.502259669076397,3.7715285546552826,0.4513447649687526,46.50435694469637,47.41552837339558,2.0,43.299354752610995,264.9257914416111,w35,indole,128,41,3.13,0.92,10.5
52.65261119490986,2.8000000000025698,0.730731114421115,4.502259669076397,3.7715285546552826,0.4513447649687526,49.73502037305203,46.91827429433725,3.5,54.79514259392168,264.9257914416111,w35,indole,128,41,3.13,0.92,10.5
52.65261119490986,2.8000000000025698,0.730731114421115,4.502259669076397,3.7715285546552826,0.4513447649687526,45.3654713487023,50.39541890528472,4.0,49.097034624917455,264.9257914416111,w35,indole,128,41,3.13,0.92,10.5
52.65261119490986,2.8000000000025698,0.730731114421115,4.502259669076397,3.7715285546552826,0.4513447649687526,29.743571072290067,28.873701780791528,5.5,27.94633911101131,264.9257914416111,w35,indole,128,41,3.13,0.92,10.5
52.65261119490986,2.8000000000025698,0.730731114421115,4.502259669076397,3.7715285546552826,0.4513447649687526,25.030110742537534,15.704627982373063,6.0,13.593364721156671,264.9257914416111,w35,indole,128,41,3.13,0.92,10.5
52.65261119490986,2.8000000000025698,0.730731114421115,4.502259669076397,3.7715285546552826,0.4513447649687526,17.18192270601781,13.074867204011396,7.0,21.60929434041706,264.9257914416111,w35,indole,128,41,3.13,0.92,10.5
52.65261119490986,2.8000000000025698,0.730731114421115,4.502259669076397,3.7715285546552826,0.4513447649687526,11.430754354293146,15.02738640256256,8.0,14.116102696069921,264.9257914416111,w35,indole,128,41,3.13,0.92,10.5
52.65261119490986,2.8000000000025698,0.730731114421115,4.502259669076397,3.7715285546552826,0.4513447649687526,7.430048098590309,13.503552156249828,9.0,8.702294559461848,264.9257914416111,w35,indole,128,41,3.13,0.92,10.5
52.65261119490986,2.8000000000025698,0.730731114421115,4.502259669076397,3.7715285546552826,0.4513447649687526,4.743849750777588,7.727430038878588,10.0,9.385813079456547,264.9257914416111,w35,indole,128,41,3.13,0.92,10.5
52.65261119490986,2.8000000000025698,0.730731114421115,4.502259669076397,3.7715285546552826,0.4513447649687526,2.9859994128031104,4.015865566864526,11.0,7.490772553758777,264.9257914416111,w35,indole,128,41,3.13,0.92,10.5
52.65261119490986,2.8000000000025698,0.730731114421115,4.502259669076397,3.7715285546552826,0.4513447649687526,1.8578838551358212,4.623306302385827,12.0,3.0276261100129194,264.9257914416111,w35,indole,128,41,3.13,0.92,10.5
52.65261119490986,2.8000000000025698,0.730731114421115,4.502259669076397,3.7715285546552826,0.4513447649687526,1.4600680022044072,-0.053808338455194615,12.5,0.2012108142531548,264.9257914416111,w35,indole,128,41,3.13,0.92,10.5
52.65261119490986,2.8000000000025698,0.730731114421115,4.502259669076397,3.7715285546552826,0.4513447649687526,0.8959778199524934,0.8409187799841686,13.5,2.4516435182102576,264.9257914416111,w35,indole,128,41,3.13,0.92,10.5
52.65261119490986,2.8000000000025698,0.730731114421115,4.502259669076397,3.7715285546552826,0.4513447649687526,0.4248545643916672,-1.3742272344656001,15.0,-0.054624663014288366,264.9257914416111,w35,indole,128,41,3.13,0.92,10.5
52.65261119490986,2.8000000000025698,0.730731114421115,4.502259669076397,3.7715285546552826,0.4513447649687526,0.2563721379978812,0.8407582078545239,16.0,0.9032541092525539,264.9257914416111,w35,indole,128,41,3.13,0.92,10.5
52.65261119490986,2.8000000000025698,0.730731114421115,4.502259669076397,3.7715285546552826,0.4513447649687526,0.054724909128493766,-0.3358146951439336,19.0,-1.2753082531815563,264.9257914416111,w35,indole,128,41,3.13,0.92,10.5
52.65261119490986,2.8000000000025698,0.730731114421115,4.502259669076397,3.7715285546552826,0.4513447649687526,0.042157544465877494,-1.4220972501190592,19.5,-2.2098644175028563,264.9257914416111,w35,indole,128,41,3.13,0.92,10.5
52.65261119490986,2.8000000000025698,0.730731114421115,4.502259669076397,3.7715285546552826,0.4513447649687526,0.032448213118606545,0.2863671913543602,20.0,-0.27270247601677644,264.9257914416111,w35,indole,128,41,3.13,0.92,10.5
52.65261119490986,2.8000000000025698,0.730731114421115,4.502259669076397,3.7715285546552826,0.4513447649687526,0.02495460441609965,1.0725920672521976,20.5,-1.5783102071265862,264.9257914416111,w35,indole,128,41,3.13,0.92,10.5
52.65261119490986,2.8000000000025698,0.730731114421115,4.502259669076397,3.7715285546552826,0.4513447649687526,0.011299734147014785,-0.1732717329905764,22.0,-2.4001217251345186,264.9257914416111,w35,indole,128,41,3.13,0.92,10.5
26.78180003338474,2.4,0.8582323781027635,4.412277632757455,3.5540452546546915,0.5661935874682514,1.9300784017463012e-14,-3.2587914605263446,-1.0,-2.1303344249673177,131.2279057536583,w35,indole,129,41,2.97,0.84,10.5
26.78180003338474,2.4,0.8582323781027635,4.412277632757455,3.5540452546546915,0.5661935874682514,2.5859257572542765e-10,3.4030171199315937,0.0,4.3869181410991445,131.2279057536583,w35,indole,129,41,2.97,0.84,10.5
26.78180003338474,2.4,0.8582323781027635,4.412277632757455,3.5540452546546915,0.5661935874682514,6.944986643425317,6.084689996372007,1.0,7.815298189405239,131.2279057536583,w35,indole,129,41,2.97,0.84,10.5
26.78180003338474,2.4,0.8582323781027635,4.412277632757455,3.5540452546546915,0.5661935874682514,25.955084061216944,24.61252747697401,2.0,27.090481343384337,131.2279057536583,w35,indole,129,41,2.97,0.84,10.5
26.78180003338474,2.4,0.8582323781027635,4.412277632757455,3.5540452546546915,0.5661935874682514,23.422116970624874,24.337247572748424,3.5,16.192225506175483,131.2279057536583,w35,indole,129,41,2.97,0.84,10.5
26.78180003338474,2.4,0.8582323781027635,4.412277632757455,3.5540452546546915,0.5661935874682514,20.863761340866628,26.147663132620426,4.0,25.765325353000385,131.2279057536583,w35,indole,129,41,2.97,0.84,10.5
26.78180003338474,2.4,0.8582323781027635,4.412277632757455,3.5540452546546915,0.5661935874682514,13.35161530260925,14.914535105052455,5.5,12.681392129061095,131.2279057536583,w35,indole,129,41,2.97,0.84,10.5
26.78180003338474,2.4,0.8582323781027635,4.412277632757455,3.5540452546546915,0.5661935874682514,11.263239091702134,8.044036623767095,6.0,10.228208578235316,131.2279057536583,w35,indole,129,41,2.97,0.84,10.5
26.78180003338474,2.4,0.8582323781027635,4.412277632757455,3.5540452546546915,0.5661935874682514,7.851912906250374,6.670060417564213,7.0,-0.18180887347630348,131.2279057536583,w35,indole,129,41,2.97,0.84,10.5
26.78180003338474,2.4,0.8582323781027635,4.412277632757455,3.5540452546546915,0.5661935874682514,5.362254115884762,7.684862590962234,8.0,8.278638274410952,131.2279057536583,w35,indole,129,41,2.97,0.84,10.5
26.78180003338474,2.4,0.8582323781027635,4.412277632757455,3.5540452546546915,0.5661935874682514,3.6068713991676233,6.884232201154747,9.0,5.225347553027598,131.2279057536583,w35,indole,129,41,2.97,0.84,10.5
26.78180003338474,2.4,0.8582323781027635,4.412277632757455,3.5540452546546915,0.5661935874682514,2.39803752791012,3.874196169167795,10.0,2.185846298125824,131.2279057536583,w35,indole,129,41,2.97,0.84,10.5
26.78180003338474,2.4,0.8582323781027635,4.412277632757455,3.5540452546546915,0.5661935874682514,1.579703948815079,1.9322611281997157,11.0,0.5119981674820788,131.2279057536583,w35,indole,129,41,2.97,0.84,10.5
26.78180003338474,2.4,0.8582323781027635,4.412277632757455,3.5540452546546915,0.5661935874682514,1.032867235005218,2.2535137587245546,12.0,3.3891502738025325,131.2279057536583,w35,indole,129,41,2.97,0.84,10.5
26.78180003338474,2.4,0.8582323781027635,4.412277632757455,3.5540452546546915,0.5661935874682514,0.8331830487789323,-0.18205082509947035,12.5,-1.2490206685013479,131.2279057536583,w35,indole,129,41,2.97,0.84,10.5
26.78180003338474,2.4,0.8582323781027635,4.412277632757455,3.5540452546546915,0.5661935874682514,0.5399316839675656,0.2818913787843462,13.5,1.9662961286982878,131.2279057536583,w35,indole,129,41,2.97,0.84,10.5
26.78180003338474,2.4,0.8582323781027635,4.412277632757455,3.5540452546546915,0.5661935874682514,0.27919981764213475,-0.863836306075263,15.0,-0.10794558530795029,131.2279057536583,w35,indole,129,41,2.97,0.84,10.5
26.78180003338474,2.4,0.8582323781027635,4.412277632757455,3.5540452546546915,0.5661935874682514,0.178989502724906,0.27598052747500035,16.0,0.3600268515717788,131.2279057536583,w35,indole,129,41,2.97,0.84,10.5
26.78180003338474,2.4,0.8582323781027635,4.412277632757455,3.5540452546546915,0.5661935874682514,0.046292218577057925,-0.3313174165544306,19.0,-0.43310058775551696,131.2279057536583,w35,indole,129,41,2.97,0.84,10.5
26.78180003338474,2.4,0.8582323781027635,4.412277632757455,3.5540452546546915,0.5661935874682514,0.036867483003122765,-0.8958802183862298,19.5,1.01511979325634,131.2279057536583,w35,indole,129,41,2.97,0.84,10.5
26.78180003338474,2.4,0.8582323781027635,4.412277632757455,3.5540452546546915,0.5661935874682514,0.02934536528524706,-0.0010426637194109745,20.0,0.47103600004552826,131.2279057536583,w35,indole,129,41,2.97,0.84,10.5
26.78180003338474,2.4,0.8582323781027635,4.412277632757455,3.5540452546546915,0.5661935874682514,0.02334578273070486,0.3981652009382429,20.5,2.2184755881358944,131.2279057536583,w35,indole,129,41,2.97,0.84,10.5
26.78180003338474,2.4,0.8582323781027635,4.412277632757455,3.5540452546546915,0.5661935874682514,0.011720944236563455,-0.2368139985992186,22.0,0.6793934659946832,131.2279057536583,w35,indole,129,41,2.97,0.84,10.5
39.4588497814006,2.8000000000391347,0.8278403170603204,5.091430301165589,4.263589984105269,0.5374415245530042,3.2932583064485006e-15,-4.80314476669732,-1.0,-2.22562496218149,230.85404254287505,w35,indole,130,41,3.44,0.99,10.5
39.4588497814006,2.8000000000391347,0.8278403170603204,5.091430301165589,4.263589984105269,0.5374415245530042,4.687383429764629e-11,5.12897256549398,0.0,3.8912274351846463,230.85404254287505,w35,indole,130,41,3.44,0.99,10.5
39.4588497814006,2.8000000000391347,0.8278403170603204,5.091430301165589,4.263589984105269,0.5374415245530042,9.003454936485294,9.698526613725123,1.0,8.78883354775631,230.85404254287505,w35,indole,130,41,3.44,0.99,10.5
39.4588497814006,2.8000000000391347,0.8278403170603204,5.091430301165589,4.263589984105269,0.5374415245530042,35.751346320185476,36.95061757336844,2.0,33.225451585019805,230.85404254287505,w35,indole,130,41,3.44,0.99,10.5
39.4588497814006,2.8000000000391347,0.8278403170603204,5.091430301165589,4.263589984105269,0.5374415245530042,37.75835461537996,36.82112956816023,3.5,43.78225759991701,230.85404254287505,w35,indole,130,41,3.44,0.99,10.5
39.4588497814006,2.8000000000391347,0.8278403170603204,5.091430301165589,4.263589984105269,0.5374415245530042,35.18532113207747,39.44956674352707,4.0,37.68430722227234,230.85404254287505,w35,indole,130,41,3.44,0.99,10.5
39.4588497814006,2.8000000000391347,0.8278403170603204,5.091430301165589,4.263589984105269,0.5374415245530042,25.515191975466504,23.596065178431168,5.5,19.45904146920357,230.85404254287505,w35,indole,130,41,3.44,0.99,10.5
39.4588497814006,2.8000000000391347,0.8278403170603204,5.091430301165589,4.263589984105269,0.5374415245530042,22.389068947372124,13.849943749946389,6.0,18.205771695146822,230.85404254287505,w35,indole,130,41,3.44,0.99,10.5
39.4588497814006,2.8000000000391347,0.8278403170603204,5.091430301165589,4.263589984105269,0.5374415245530042,16.849053399415613,11.9336794089233,7.0,19.511826600498395,230.85404254287505,w35,indole,130,41,3.44,0.99,10.5
39.4588497814006,2.8000000000391347,0.8278403170603204,5.091430301165589,4.263589984105269,0.5374415245530042,12.392878060624168,13.436695687867113,8.0,13.019695167348765,230.85404254287505,w35,indole,130,41,3.44,0.99,10.5
39.4588497814006,2.8000000000391347,0.8278403170603204,5.091430301165589,4.263589984105269,0.5374415245530042,8.962535281386238,12.393543241224279,9.0,14.401628512617423,230.85404254287505,w35,indole,130,41,3.44,0.99,10.5
39.4588497814006,2.8000000000391347,0.8278403170603204,5.091430301165589,4.263589984105269,0.5374415245530042,6.398090423922711,8.066850152709467,10.0,4.190537501175948,230.85404254287505,w35,indole,130,41,3.44,0.99,10.5
39.4588497814006,2.8000000000391347,0.8278403170603204,5.091430301165589,4.263589984105269,0.5374415245530042,4.52064339568865,5.403613942937147,11.0,8.141620941304222,230.85404254287505,w35,indole,130,41,3.44,0.99,10.5
39.4588497814006,2.8000000000391347,0.8278403170603204,5.091430301165589,4.263589984105269,0.5374415245530042,3.167525917191502,5.78784879741518,12.0,6.611997762665331,230.85404254287505,w35,indole,130,41,3.44,0.99,10.5
39.4588497814006,2.8000000000391347,0.8278403170603204,5.091430301165589,4.263589984105269,0.5374415245530042,2.644356776548293,2.2579097117997584,12.5,2.4551424727205826,230.85404254287505,w35,indole,130,41,3.44,0.99,10.5
39.4588497814006,2.8000000000391347,0.8278403170603204,5.091430301165589,4.263589984105269,0.5374415245530042,1.8344906857030197,2.962950657431307,13.5,0.6849008604935773,230.85404254287505,w35,indole,130,41,3.44,0.99,10.5
39.4588497814006,2.8000000000391347,0.8278403170603204,5.091430301165589,4.263589984105269,0.5374415245530042,1.049630849172904,1.173944127700283,15.0,1.1088746187443137,230.85404254287505,w35,indole,130,41,3.44,0.99,10.5
39.4588497814006,2.8000000000391347,0.8278403170603204,5.091430301165589,4.263589984105269,0.5374415245530042,0.7194361590149767,3.0504917320203626,16.0,1.3480862082843053,230.85404254287505,w35,indole,130,41,3.44,0.99,10.5
39.4588497814006,2.8000000000391347,0.8278403170603204,5.091430301165589,4.263589984105269,0.5374415245530042,0.22690487488516678,2.0813928561030792,19.0,2.234814532070491,230.85404254287505,w35,indole,130,41,3.44,0.99,10.5
39.4588497814006,2.8000000000391347,0.8278403170603204,5.091430301165589,4.263589984105269,0.5374415245530042,0.18673445083729195,1.2448658569612006,19.5,-0.7919593267038159,230.85404254287505,w35,indole,130,41,3.44,0.99,10.5
39.4588497814006,2.8000000000391347,0.8278403170603204,5.091430301165589,4.263589984105269,0.5374415245530042,0.15358080967091886,2.4565075905722726,20.0,1.227319427533537,230.85404254287505,w35,indole,130,41,3.44,0.99,10.5
39.4588497814006,2.8000000000391347,0.8278403170603204,5.091430301165589,4.263589984105269,0.5374415245530042,0.12623946511576403,3.2035094438979934,20.5,2.23078902825666,230.85404254287505,w35,indole,130,41,3.44,0.99,10.5
39.4588497814006,2.8000000000391347,0.8278403170603204,5.091430301165589,4.263589984105269,0.5374415245530042,0.06988225820349497,2.0557289510717265,22.0,1.1591975766915796,230.85404254287505,w35,indole,130,41,3.44,0.99,10.5
42.236191954403075,3.200000008536494,0.47893554717423026,4.937888329445711,4.4589527822714805,0.38975257325418494,8.209804194074345e-21,-5.393297654014063,-1.0,-6.516413947253415,242.6522943797388,w35,indole,131,41,3.32,1.01,10.5
42.236191954403075,3.200000008536494,0.47893554717423026,4.937888329445711,4.4589527822714805,0.38975257325418494,1.0087476433699168e-16,5.679920797053855,0.0,0.9030327773667537,242.6522943797388,w35,indole,131,41,3.32,1.01,10.5
42.236191954403075,3.200000008536494,0.47893554717423026,4.937888329445711,4.4589527822714805,0.38975257325418494,11.198001205349247,10.38150534044468,1.0,10.746838258500919,242.6522943797388,w35,indole,131,41,3.32,1.01,10.5
42.236191954403075,3.200000008536494,0.47893554717423026,4.937888329445711,4.4589527822714805,0.38975257325418494,33.890056620097745,41.019812672729856,2.0,39.41407052192531,242.6522943797388,w35,indole,131,41,3.32,1.01,10.5
42.236191954403075,3.200000008536494,0.47893554717423026,4.937888329445711,4.4589527822714805,0.38975257325418494,41.86322710208507,40.68225939530421,3.5,37.11069519460677,242.6522943797388,w35,indole,131,41,3.32,1.01,10.5
42.236191954403075,3.200000008536494,0.47893554717423026,4.937888329445711,4.4589527822714805,0.38975257325418494,39.904949188555285,43.6613095650394,4.0,43.87611423219466,242.6522943797388,w35,indole,131,41,3.32,1.01,10.5
42.236191954403075,3.200000008536494,0.47893554717423026,4.937888329445711,4.4589527822714805,0.38975257325418494,29.342239731069466,25.371603497492696,5.5,28.13342387940882,242.6522943797388,w35,indole,131,41,3.32,1.01,10.5
42.236191954403075,3.200000008536494,0.47893554717423026,4.937888329445711,4.4589527822714805,0.38975257325418494,25.53258311022455,14.163882136835106,6.0,22.69464845128128,242.6522943797388,w35,indole,131,41,3.32,1.01,10.5
42.236191954403075,3.200000008536494,0.47893554717423026,4.937888329445711,4.4589527822714805,0.38975257325418494,18.637706938519944,11.936545306779783,7.0,20.621469650726397,242.6522943797388,w35,indole,131,41,3.32,1.01,10.5
42.236191954403075,3.200000008536494,0.47893554717423026,4.937888329445711,4.4589527822714805,0.38975257325418494,13.107160045659722,13.619089950710626,8.0,13.89140538390837,242.6522943797388,w35,indole,131,41,3.32,1.01,10.5
42.236191954403075,3.200000008536494,0.47893554717423026,4.937888329445711,4.4589527822714805,0.38975257325418494,8.96388227217556,12.352586610430345,9.0,12.991173039312017,242.6522943797388,w35,indole,131,41,3.32,1.01,10.5
42.236191954403075,3.200000008536494,0.47893554717423026,4.937888329445711,4.4589527822714805,0.38975257325418494,5.998649292346502,7.418095789906724,10.0,9.176681630818974,242.6522943797388,w35,indole,131,41,3.32,1.01,10.5
42.236191954403075,3.200000008536494,0.47893554717423026,4.937888329445711,4.4589527822714805,0.38975257325418494,3.9451900307043686,4.289336884469037,11.0,6.155417321849271,242.6522943797388,w35,indole,131,41,3.32,1.01,10.5
42.236191954403075,3.200000008536494,0.47893554717423026,4.937888329445711,4.4589527822714805,0.38975257325418494,2.5580642365721915,4.7828548667367095,12.0,4.203112295765807,242.6522943797388,w35,indole,131,41,3.32,1.01,10.5
42.236191954403075,3.200000008536494,0.47893554717423026,4.937888329445711,4.4589527822714805,0.38975257325418494,2.050457475657826,0.777730718374471,12.5,2.16817987803242,242.6522943797388,w35,indole,131,41,3.32,1.01,10.5
42.236191954403075,3.200000008536494,0.47893554717423026,4.937888329445711,4.4589527822714805,0.38975257325418494,1.3070415089345733,1.5545949305588627,13.5,1.292597431193883,242.6522943797388,w35,indole,131,41,3.32,1.01,10.5
42.236191954403075,3.200000008536494,0.47893554717423026,4.937888329445711,4.4589527822714805,0.38975257325418494,0.6540080218336725,-0.3843609807805173,15.0,-0.9786567703455715,242.6522943797388,w35,indole,131,41,3.32,1.01,10.5
42.236191954403075,3.200000008536494,0.47893554717423026,4.937888329445711,4.4589527822714805,0.38975257325418494,0.408292086868736,1.5859332059988425,16.0,0.9840482794299605,242.6522943797388,w35,indole,131,41,3.32,1.01,10.5
42.236191954403075,3.200000008536494,0.47893554717423026,4.937888329445711,4.4589527822714805,0.38975257325418494,0.0958161326463845,0.5492831730947239,19.0,0.7713792399908184,242.6522943797388,w35,indole,131,41,3.32,1.01,10.5
42.236191954403075,3.200000008536494,0.47893554717423026,4.937888329445711,4.4589527822714805,0.38975257325418494,0.07492098369146476,-0.3869159568089131,19.5,-1.0790380295654352,242.6522943797388,w35,indole,131,41,3.32,1.01,10.5
42.236191954403075,3.200000008536494,0.47893554717423026,4.937888329445711,4.4589527822714805,0.38975257325418494,0.058519186230711666,1.0481550046489634,20.0,0.08495557006604892,242.6522943797388,w35,indole,131,41,3.32,1.01,10.5
42.236191954403075,3.200000008536494,0.47893554717423026,4.937888329445711,4.4589527822714805,0.38975257325418494,0.04566114912900954,1.7765755489661823,20.5,-0.3224415968624603,242.6522943797388,w35,indole,131,41,3.32,1.01,10.5
42.236191954403075,3.200000008536494,0.47893554717423026,4.937888329445711,4.4589527822714805,0.38975257325418494,0.021568870104653564,0.6352102633557859,22.0,-1.405239481367306,242.6522943797388,w35,indole,131,41,3.32,1.01,10.5
47.72015079147441,3.2,4.172107834638528e-09,4.182345672320106,4.182345668147998,0.23487912053790197,9.374173497888322e-36,-5.618746224947611,-1.0,-9.564263698311574,217.55795369368224,w40,indole,132,46,3.44,0.89,10.5
47.72015079147441,3.2,4.172107834638528e-09,4.182345672320106,4.182345668147998,0.23487912053790197,3.7305089448789015e-32,5.929572700017825,0.0,7.940124235932224,217.55795369368224,w40,indole,132,46,3.44,0.89,10.5
47.72015079147441,3.2,4.172107834638528e-09,4.182345672320106,4.182345668147998,0.23487912053790197,10.13375059935602,10.887971920273229,1.0,8.110331078710265,217.55795369368224,w40,indole,132,46,3.44,0.89,10.5
47.72015079147441,3.2,4.172107834638528e-09,4.182345672320106,4.182345668147998,0.23487912053790197,35.01857253251714,42.80504619976601,2.0,48.05892067001865,217.55795369368224,w40,indole,132,46,3.44,0.89,10.5
47.72015079147441,3.2,4.172107834638528e-09,4.182345672320106,4.182345668147998,0.23487912053790197,47.081243817112835,42.48009395559051,3.5,41.721173316159394,217.55795369368224,w40,indole,132,46,3.44,0.89,10.5
47.72015079147441,3.2,4.172107834638528e-09,4.182345672320106,4.182345668147998,0.23487912053790197,43.722752997277354,45.58014346486475,4.0,48.34856529185252,217.55795369368224,w40,indole,132,46,3.44,0.89,10.5
47.72015079147441,3.2,4.172107834638528e-09,4.182345672320106,4.182345668147998,0.23487912053790197,26.796657540303666,26.59190160865702,5.5,32.36802183283658,217.55795369368224,w40,indole,132,46,3.44,0.89,10.5
47.72015079147441,3.2,4.172107834638528e-09,4.182345672320106,4.182345668147998,0.23487912053790197,21.38589759844369,14.951236750210349,6.0,-3.7252727840213025,217.55795369368224,w40,indole,132,46,3.44,0.89,10.5
47.72015079147441,3.2,4.172107834638528e-09,4.182345672320106,4.182345668147998,0.23487912053790197,12.767557165687084,12.641080669700381,7.0,-3.8019708260949168,217.55795369368224,w40,indole,132,46,3.44,0.89,10.5
47.72015079147441,3.2,4.172107834638528e-09,4.182345672320106,4.182345668147998,0.23487912053790197,7.127178854011067,14.394855623575655,8.0,13.459683421673663,217.55795369368224,w40,indole,132,46,3.44,0.89,10.5
47.72015079147441,3.2,4.172107834638528e-09,4.182345672320106,4.182345668147998,0.23487912053790197,3.7796189336174404,13.088523022327388,9.0,14.929592363622346,217.55795369368224,w40,indole,132,46,3.44,0.89,10.5
47.72015079147441,3.2,4.172107834638528e-09,4.182345672320106,4.182345668147998,0.23487912053790197,1.9248815451385393,7.957836111143306,10.0,12.484693961011535,217.55795369368224,w40,indole,132,46,3.44,0.89,10.5
47.72015079147441,3.2,4.172107834638528e-09,4.182345672320106,4.182345668147998,0.23487912053790197,0.9487277594903211,4.717203719664555,11.0,-1.8419841295632562,217.55795369368224,w40,indole,132,46,3.44,0.89,10.5
47.72015079147441,3.2,4.172107834638528e-09,4.182345672320106,4.182345668147998,0.23487912053790197,0.45513343389548006,5.2227642521288145,12.0,6.542860099687633,217.55795369368224,w40,indole,132,46,3.44,0.89,10.5
47.72015079147441,3.2,4.172107834638528e-09,4.182345672320106,4.182345668147998,0.23487912053790197,0.31249324564529535,1.055560552637897,12.5,0.5403250487360824,217.55795369368224,w40,indole,132,46,3.44,0.89,10.5
47.72015079147441,3.2,4.172107834638528e-09,4.182345672320106,4.182345668147998,0.23487912053790197,0.145083950656695,1.8670432348148713,13.5,2.8200527934764104,217.55795369368224,w40,indole,132,46,3.44,0.89,10.5
47.72015079147441,3.2,4.172107834638528e-09,4.182345672320106,4.182345668147998,0.23487912053790197,0.04441458827650091,-0.16289762354529946,15.0,-2.212204975777092,217.55795369368224,w40,indole,132,46,3.44,0.89,10.5
47.72015079147441,3.2,4.172107834638528e-09,4.182345672320106,4.182345668147998,0.23487912053790197,0.019802955571519152,1.9090154090843439,16.0,5.595974484125373,217.55795369368224,w40,indole,132,46,3.44,0.89,10.5
47.72015079147441,3.2,4.172107834638528e-09,4.182345672320106,4.182345668147998,0.23487912053790197,0.0016351264911971747,0.8217486197854913,19.0,1.064329643833235,217.55795369368224,w40,indole,132,46,3.44,0.89,10.5
47.72015079147441,3.2,4.172107834638528e-09,4.182345672320106,4.182345668147998,0.23487912053790197,0.0010696695275222907,-0.15411888896493364,19.5,0.9090907654890903,217.55795369368224,w40,indole,132,46,3.44,0.89,10.5
47.72015079147441,3.2,4.172107834638528e-09,4.182345672320106,4.182345668147998,0.23487912053790197,0.0006982604812795018,1.3307166478684995,20.0,2.7768543260979057,217.55795369368224,w40,indole,132,46,3.44,0.89,10.5
47.72015079147441,3.2,4.172107834638528e-09,4.182345672320106,4.182345668147998,0.23487912053790197,0.0004548841741876845,2.1050272206230964,20.5,5.9180164880558745,217.55795369368224,w40,indole,132,46,3.44,0.89,10.5
47.72015079147441,3.2,4.172107834638528e-09,4.182345672320106,4.182345668147998,0.23487912053790197,0.00012435281253114693,0.8953046740134716,22.0,4.563827178067198,217.55795369368224,w40,indole,132,46,3.44,0.89,10.5
52.65261119490986,2.8000000000025698,0.730731114421115,4.502259669076397,3.7715285546552826,0.4513447649687526,4.310404680291288e-18,-6.265143729579824,-1.0,-3.1755052443015686,264.9257914416111,w40,indole,133,46,3.13,0.92,10.5
52.65261119490986,2.8000000000025698,0.730731114421115,4.502259669076397,3.7715285546552826,0.4513447649687526,5.272826828442688e-14,6.560047532287552,0.0,8.968050993640283,264.9257914416111,w40,indole,133,46,3.13,0.92,10.5
52.65261119490986,2.8000000000025698,0.730731114421115,4.502259669076397,3.7715285546552826,0.4513447649687526,11.902226524928166,11.789289839925491,1.0,12.719881013493117,264.9257914416111,w40,indole,133,46,3.13,0.92,10.5
52.65261119490986,2.8000000000025698,0.730731114421115,4.502259669076397,3.7715285546552826,0.4513447649687526,46.50435694469637,47.41552837339558,2.0,43.299354752610995,264.9257914416111,w40,indole,133,46,3.13,0.92,10.5
52.65261119490986,2.8000000000025698,0.730731114421115,4.502259669076397,3.7715285546552826,0.4513447649687526,49.73502037305203,46.91827429433725,3.5,54.79514259392168,264.9257914416111,w40,indole,133,46,3.13,0.92,10.5
52.65261119490986,2.8000000000025698,0.730731114421115,4.502259669076397,3.7715285546552826,0.4513447649687526,45.3654713487023,50.39541890528472,4.0,49.097034624917455,264.9257914416111,w40,indole,133,46,3.13,0.92,10.5
52.65261119490986,2.8000000000025698,0.730731114421115,4.502259669076397,3.7715285546552826,0.4513447649687526,29.743571072290067,28.873701780791528,5.5,27.94633911101131,264.9257914416111,w40,indole,133,46,3.13,0.92,10.5
52.65261119490986,2.8000000000025698,0.730731114421115,4.502259669076397,3.7715285546552826,0.4513447649687526,25.030110742537534,15.704627982373063,6.0,13.593364721156671,264.9257914416111,w40,indole,133,46,3.13,0.92,10.5
52.65261119490986,2.8000000000025698,0.730731114421115,4.502259669076397,3.7715285546552826,0.4513447649687526,17.18192270601781,13.074867204011396,7.0,21.60929434041706,264.9257914416111,w40,indole,133,46,3.13,0.92,10.5
52.65261119490986,2.8000000000025698,0.730731114421115,4.502259669076397,3.7715285546552826,0.4513447649687526,11.430754354293146,15.02738640256256,8.0,14.116102696069921,264.9257914416111,w40,indole,133,46,3.13,0.92,10.5
52.65261119490986,2.8000000000025698,0.730731114421115,4.502259669076397,3.7715285546552826,0.4513447649687526,7.430048098590309,13.503552156249828,9.0,8.702294559461848,264.9257914416111,w40,indole,133,46,3.13,0.92,10.5
52.65261119490986,2.8000000000025698,0.730731114421115,4.502259669076397,3.7715285546552826,0.4513447649687526,4.743849750777588,7.727430038878588,10.0,9.385813079456547,264.9257914416111,w40,indole,133,46,3.13,0.92,10.5
52.65261119490986,2.8000000000025698,0.730731114421115,4.502259669076397,3.7715285546552826,0.4513447649687526,2.9859994128031104,4.015865566864526,11.0,7.490772553758777,264.9257914416111,w40,indole,133,46,3.13,0.92,10.5
52.65261119490986,2.8000000000025698,0.730731114421115,4.502259669076397,3.7715285546552826,0.4513447649687526,1.8578838551358212,4.623306302385827,12.0,3.0276261100129194,264.9257914416111,w40,indole,133,46,3.13,0.92,10.5
52.65261119490986,2.8000000000025698,0.730731114421115,4.502259669076397,3.7715285546552826,0.4513447649687526,1.4600680022044072,-0.053808338455194615,12.5,0.2012108142531548,264.9257914416111,w40,indole,133,46,3.13,0.92,10.5
52.65261119490986,2.8000000000025698,0.730731114421115,4.502259669076397,3.7715285546552826,0.4513447649687526,0.8959778199524934,0.8409187799841686,13.5,2.4516435182102576,264.9257914416111,w40,indole,133,46,3.13,0.92,10.5
52.65261119490986,2.8000000000025698,0.730731114421115,4.502259669076397,3.7715285546552826,0.4513447649687526,0.4248545643916672,-1.3742272344656001,15.0,-0.054624663014288366,264.9257914416111,w40,indole,133,46,3.13,0.92,10.5
52.65261119490986,2.8000000000025698,0.730731114421115,4.502259669076397,3.7715285546552826,0.4513447649687526,0.2563721379978812,0.8407582078545239,16.0,0.9032541092525539,264.9257914416111,w40,indole,133,46,3.13,0.92,10.5
52.65261119490986,2.8000000000025698,0.730731114421115,4.502259669076397,3.7715285546552826,0.4513447649687526,0.054724909128493766,-0.3358146951439336,19.0,-1.2753082531815563,264.9257914416111,w40,indole,133,46,3.13,0.92,10.5
52.65261119490986,2.8000000000025698,0.730731114421115,4.502259669076397,3.7715285546552826,0.4513447649687526,0.042157544465877494,-1.4220972501190592,19.5,-2.2098644175028563,264.9257914416111,w40,indole,133,46,3.13,0.92,10.5
52.65261119490986,2.8000000000025698,0.730731114421115,4.502259669076397,3.7715285546552826,0.4513447649687526,0.032448213118606545,0.2863671913543602,20.0,-0.27270247601677644,264.9257914416111,w40,indole,133,46,3.13,0.92,10.5
52.65261119490986,2.8000000000025698,0.730731114421115,4.502259669076397,3.7715285546552826,0.4513447649687526,0.02495460441609965,1.0725920672521976,20.5,-1.5783102071265862,264.9257914416111,w40,indole,133,46,3.13,0.92,10.5
52.65261119490986,2.8000000000025698,0.730731114421115,4.502259669076397,3.7715285546552826,0.4513447649687526,0.011299734147014785,-0.1732717329905764,22.0,-2.4001217251345186,264.9257914416111,w40,indole,133,46,3.13,0.92,10.5
26.78180003338474,2.4,0.8582323781027635,4.412277632757455,3.5540452546546915,0.5661935874682514,1.9300784017463012e-14,-3.2587914605263446,-1.0,-2.1303344249673177,131.2279057536583,w40,indole,134,46,2.97,0.84,10.5
26.78180003338474,2.4,0.8582323781027635,4.412277632757455,3.5540452546546915,0.5661935874682514,2.5859257572542765e-10,3.4030171199315937,0.0,4.3869181410991445,131.2279057536583,w40,indole,134,46,2.97,0.84,10.5
26.78180003338474,2.4,0.8582323781027635,4.412277632757455,3.5540452546546915,0.5661935874682514,6.944986643425317,6.084689996372007,1.0,7.815298189405239,131.2279057536583,w40,indole,134,46,2.97,0.84,10.5
26.78180003338474,2.4,0.8582323781027635,4.412277632757455,3.5540452546546915,0.5661935874682514,25.955084061216944,24.61252747697401,2.0,27.090481343384337,131.2279057536583,w40,indole,134,46,2.97,0.84,10.5
26.78180003338474,2.4,0.8582323781027635,4.412277632757455,3.5540452546546915,0.5661935874682514,23.422116970624874,24.337247572748424,3.5,16.192225506175483,131.2279057536583,w40,indole,134,46,2.97,0.84,10.5
26.78180003338474,2.4,0.8582323781027635,4.412277632757455,3.5540452546546915,0.5661935874682514,20.863761340866628,26.147663132620426,4.0,25.765325353000385,131.2279057536583,w40,indole,134,46,2.97,0.84,10.5
26.78180003338474,2.4,0.8582323781027635,4.412277632757455,3.5540452546546915,0.5661935874682514,13.35161530260925,14.914535105052455,5.5,12.681392129061095,131.2279057536583,w40,indole,134,46,2.97,0.84,10.5
26.78180003338474,2.4,0.8582323781027635,4.412277632757455,3.5540452546546915,0.5661935874682514,11.263239091702134,8.044036623767095,6.0,10.228208578235316,131.2279057536583,w40,indole,134,46,2.97,0.84,10.5
26.78180003338474,2.4,0.8582323781027635,4.412277632757455,3.5540452546546915,0.5661935874682514,7.851912906250374,6.670060417564213,7.0,-0.18180887347630348,131.2279057536583,w40,indole,134,46,2.97,0.84,10.5
26.78180003338474,2.4,0.8582323781027635,4.412277632757455,3.5540452546546915,0.5661935874682514,5.362254115884762,7.684862590962234,8.0,8.278638274410952,131.2279057536583,w40,indole,134,46,2.97,0.84,10.5
26.78180003338474,2.4,0.8582323781027635,4.412277632757455,3.5540452546546915,0.5661935874682514,3.6068713991676233,6.884232201154747,9.0,5.225347553027598,131.2279057536583,w40,indole,134,46,2.97,0.84,10.5
26.78180003338474,2.4,0.8582323781027635,4.412277632757455,3.5540452546546915,0.5661935874682514,2.39803752791012,3.874196169167795,10.0,2.185846298125824,131.2279057536583,w40,indole,134,46,2.97,0.84,10.5
26.78180003338474,2.4,0.8582323781027635,4.412277632757455,3.5540452546546915,0.5661935874682514,1.579703948815079,1.9322611281997157,11.0,0.5119981674820788,131.2279057536583,w40,indole,134,46,2.97,0.84,10.5
26.78180003338474,2.4,0.8582323781027635,4.412277632757455,3.5540452546546915,0.5661935874682514,1.032867235005218,2.2535137587245546,12.0,3.3891502738025325,131.2279057536583,w40,indole,134,46,2.97,0.84,10.5
26.78180003338474,2.4,0.8582323781027635,4.412277632757455,3.5540452546546915,0.5661935874682514,0.8331830487789323,-0.18205082509947035,12.5,-1.2490206685013479,131.2279057536583,w40,indole,134,46,2.97,0.84,10.5
26.78180003338474,2.4,0.8582323781027635,4.412277632757455,3.5540452546546915,0.5661935874682514,0.5399316839675656,0.2818913787843462,13.5,1.9662961286982878,131.2279057536583,w40,indole,134,46,2.97,0.84,10.5
26.78180003338474,2.4,0.8582323781027635,4.412277632757455,3.5540452546546915,0.5661935874682514,0.27919981764213475,-0.863836306075263,15.0,-0.10794558530795029,131.2279057536583,w40,indole,134,46,2.97,0.84,10.5
26.78180003338474,2.4,0.8582323781027635,4.412277632757455,3.5540452546546915,0.5661935874682514,0.178989502724906,0.27598052747500035,16.0,0.3600268515717788,131.2279057536583,w40,indole,134,46,2.97,0.84,10.5
26.78180003338474,2.4,0.8582323781027635,4.412277632757455,3.5540452546546915,0.5661935874682514,0.046292218577057925,-0.3313174165544306,19.0,-0.43310058775551696,131.2279057536583,w40,indole,134,46,2.97,0.84,10.5
26.78180003338474,2.4,0.8582323781027635,4.412277632757455,3.5540452546546915,0.5661935874682514,0.036867483003122765,-0.8958802183862298,19.5,1.01511979325634,131.2279057536583,w40,indole,134,46,2.97,0.84,10.5
26.78180003338474,2.4,0.8582323781027635,4.412277632757455,3.5540452546546915,0.5661935874682514,0.02934536528524706,-0.0010426637194109745,20.0,0.47103600004552826,131.2279057536583,w40,indole,134,46,2.97,0.84,10.5
26.78180003338474,2.4,0.8582323781027635,4.412277632757455,3.5540452546546915,0.5661935874682514,0.02334578273070486,0.3981652009382429,20.5,2.2184755881358944,131.2279057536583,w40,indole,134,46,2.97,0.84,10.5
26.78180003338474,2.4,0.8582323781027635,4.412277632757455,3.5540452546546915,0.5661935874682514,0.011720944236563455,-0.2368139985992186,22.0,0.6793934659946832,131.2279057536583,w40,indole,134,46,2.97,0.84,10.5
39.4588497814006,2.8000000000391347,0.8278403170603204,5.091430301165589,4.263589984105269,0.5374415245530042,3.2932583064485006e-15,-4.80314476669732,-1.0,-2.22562496218149,230.85404254287505,w40,indole,135,46,3.44,0.99,10.5
39.4588497814006,2.8000000000391347,0.8278403170603204,5.091430301165589,4.263589984105269,0.5374415245530042,4.687383429764629e-11,5.12897256549398,0.0,3.8912274351846463,230.85404254287505,w40,indole,135,46,3.44,0.99,10.5
39.4588497814006,2.8000000000391347,0.8278403170603204,5.091430301165589,4.263589984105269,0.5374415245530042,9.003454936485294,9.698526613725123,1.0,8.78883354775631,230.85404254287505,w40,indole,135,46,3.44,0.99,10.5
39.4588497814006,2.8000000000391347,0.8278403170603204,5.091430301165589,4.263589984105269,0.5374415245530042,35.751346320185476,36.95061757336844,2.0,33.225451585019805,230.85404254287505,w40,indole,135,46,3.44,0.99,10.5
39.4588497814006,2.8000000000391347,0.8278403170603204,5.091430301165589,4.263589984105269,0.5374415245530042,37.75835461537996,36.82112956816023,3.5,43.78225759991701,230.85404254287505,w40,indole,135,46,3.44,0.99,10.5
39.4588497814006,2.8000000000391347,0.8278403170603204,5.091430301165589,4.263589984105269,0.5374415245530042,35.18532113207747,39.44956674352707,4.0,37.68430722227234,230.85404254287505,w40,indole,135,46,3.44,0.99,10.5
39.4588497814006,2.8000000000391347,0.8278403170603204,5.091430301165589,4.263589984105269,0.5374415245530042,25.515191975466504,23.596065178431168,5.5,19.45904146920357,230.85404254287505,w40,indole,135,46,3.44,0.99,10.5
39.4588497814006,2.8000000000391347,0.8278403170603204,5.091430301165589,4.263589984105269,0.5374415245530042,22.389068947372124,13.849943749946389,6.0,18.205771695146822,230.85404254287505,w40,indole,135,46,3.44,0.99,10.5
39.4588497814006,2.8000000000391347,0.8278403170603204,5.091430301165589,4.263589984105269,0.5374415245530042,16.849053399415613,11.9336794089233,7.0,19.511826600498395,230.85404254287505,w40,indole,135,46,3.44,0.99,10.5
39.4588497814006,2.8000000000391347,0.8278403170603204,5.091430301165589,4.263589984105269,0.5374415245530042,12.392878060624168,13.436695687867113,8.0,13.019695167348765,230.85404254287505,w40,indole,135,46,3.44,0.99,10.5
39.4588497814006,2.8000000000391347,0.8278403170603204,5.091430301165589,4.263589984105269,0.5374415245530042,8.962535281386238,12.393543241224279,9.0,14.401628512617423,230.85404254287505,w40,indole,135,46,3.44,0.99,10.5
39.4588497814006,2.8000000000391347,0.8278403170603204,5.091430301165589,4.263589984105269,0.5374415245530042,6.398090423922711,8.066850152709467,10.0,4.190537501175948,230.85404254287505,w40,indole,135,46,3.44,0.99,10.5
39.4588497814006,2.8000000000391347,0.8278403170603204,5.091430301165589,4.263589984105269,0.5374415245530042,4.52064339568865,5.403613942937147,11.0,8.141620941304222,230.85404254287505,w40,indole,135,46,3.44,0.99,10.5
39.4588497814006,2.8000000000391347,0.8278403170603204,5.091430301165589,4.263589984105269,0.5374415245530042,3.167525917191502,5.78784879741518,12.0,6.611997762665331,230.85404254287505,w40,indole,135,46,3.44,0.99,10.5
39.4588497814006,2.8000000000391347,0.8278403170603204,5.091430301165589,4.263589984105269,0.5374415245530042,2.644356776548293,2.2579097117997584,12.5,2.4551424727205826,230.85404254287505,w40,indole,135,46,3.44,0.99,10.5
39.4588497814006,2.8000000000391347,0.8278403170603204,5.091430301165589,4.263589984105269,0.5374415245530042,1.8344906857030197,2.962950657431307,13.5,0.6849008604935773,230.85404254287505,w40,indole,135,46,3.44,0.99,10.5
39.4588497814006,2.8000000000391347,0.8278403170603204,5.091430301165589,4.263589984105269,0.5374415245530042,1.049630849172904,1.173944127700283,15.0,1.1088746187443137,230.85404254287505,w40,indole,135,46,3.44,0.99,10.5
39.4588497814006,2.8000000000391347,0.8278403170603204,5.091430301165589,4.263589984105269,0.5374415245530042,0.7194361590149767,3.0504917320203626,16.0,1.3480862082843053,230.85404254287505,w40,indole,135,46,3.44,0.99,10.5
39.4588497814006,2.8000000000391347,0.8278403170603204,5.091430301165589,4.263589984105269,0.5374415245530042,0.22690487488516678,2.0813928561030792,19.0,2.234814532070491,230.85404254287505,w40,indole,135,46,3.44,0.99,10.5
39.4588497814006,2.8000000000391347,0.8278403170603204,5.091430301165589,4.263589984105269,0.5374415245530042,0.18673445083729195,1.2448658569612006,19.5,-0.7919593267038159,230.85404254287505,w40,indole,135,46,3.44,0.99,10.5
39.4588497814006,2.8000000000391347,0.8278403170603204,5.091430301165589,4.263589984105269,0.5374415245530042,0.15358080967091886,2.4565075905722726,20.0,1.227319427533537,230.85404254287505,w40,indole,135,46,3.44,0.99,10.5
39.4588497814006,2.8000000000391347,0.8278403170603204,5.091430301165589,4.263589984105269,0.5374415245530042,0.12623946511576403,3.2035094438979934,20.5,2.23078902825666,230.85404254287505,w40,indole,135,46,3.44,0.99,10.5
39.4588497814006,2.8000000000391347,0.8278403170603204,5.091430301165589,4.263589984105269,0.5374415245530042,0.06988225820349497,2.0557289510717265,22.0,1.1591975766915796,230.85404254287505,w40,indole,135,46,3.44,0.99,10.5
42.236191954403075,3.200000008536494,0.47893554717423026,4.937888329445711,4.4589527822714805,0.38975257325418494,8.209804194074345e-21,-5.393297654014063,-1.0,-6.516413947253415,242.6522943797388,w40,indole,136,46,3.32,1.01,10.5
42.236191954403075,3.200000008536494,0.47893554717423026,4.937888329445711,4.4589527822714805,0.38975257325418494,1.0087476433699168e-16,5.679920797053855,0.0,0.9030327773667537,242.6522943797388,w40,indole,136,46,3.32,1.01,10.5
42.236191954403075,3.200000008536494,0.47893554717423026,4.937888329445711,4.4589527822714805,0.38975257325418494,11.198001205349247,10.38150534044468,1.0,10.746838258500919,242.6522943797388,w40,indole,136,46,3.32,1.01,10.5
42.236191954403075,3.200000008536494,0.47893554717423026,4.937888329445711,4.4589527822714805,0.38975257325418494,33.890056620097745,41.019812672729856,2.0,39.41407052192531,242.6522943797388,w40,indole,136,46,3.32,1.01,10.5
42.236191954403075,3.200000008536494,0.47893554717423026,4.937888329445711,4.4589527822714805,0.38975257325418494,41.86322710208507,40.68225939530421,3.5,37.11069519460677,242.6522943797388,w40,indole,136,46,3.32,1.01,10.5
42.236191954403075,3.200000008536494,0.47893554717423026,4.937888329445711,4.4589527822714805,0.38975257325418494,39.904949188555285,43.6613095650394,4.0,43.87611423219466,242.6522943797388,w40,indole,136,46,3.32,1.01,10.5
42.236191954403075,3.200000008536494,0.47893554717423026,4.937888329445711,4.4589527822714805,0.38975257325418494,29.342239731069466,25.371603497492696,5.5,28.13342387940882,242.6522943797388,w40,indole,136,46,3.32,1.01,10.5
42.236191954403075,3.200000008536494,0.47893554717423026,4.937888329445711,4.4589527822714805,0.38975257325418494,25.53258311022455,14.163882136835106,6.0,22.69464845128128,242.6522943797388,w40,indole,136,46,3.32,1.01,10.5
42.236191954403075,3.200000008536494,0.47893554717423026,4.937888329445711,4.4589527822714805,0.38975257325418494,18.637706938519944,11.936545306779783,7.0,20.621469650726397,242.6522943797388,w40,indole,136,46,3.32,1.01,10.5
42.236191954403075,3.200000008536494,0.47893554717423026,4.937888329445711,4.4589527822714805,0.38975257325418494,13.107160045659722,13.619089950710626,8.0,13.89140538390837,242.6522943797388,w40,indole,136,46,3.32,1.01,10.5
42.236191954403075,3.200000008536494,0.47893554717423026,4.937888329445711,4.4589527822714805,0.38975257325418494,8.96388227217556,12.352586610430345,9.0,12.991173039312017,242.6522943797388,w40,indole,136,46,3.32,1.01,10.5
42.236191954403075,3.200000008536494,0.47893554717423026,4.937888329445711,4.4589527822714805,0.38975257325418494,5.998649292346502,7.418095789906724,10.0,9.176681630818974,242.6522943797388,w40,indole,136,46,3.32,1.01,10.5
42.236191954403075,3.200000008536494,0.47893554717423026,4.937888329445711,4.4589527822714805,0.38975257325418494,3.9451900307043686,4.289336884469037,11.0,6.155417321849271,242.6522943797388,w40,indole,136,46,3.32,1.01,10.5
42.236191954403075,3.200000008536494,0.47893554717423026,4.937888329445711,4.4589527822714805,0.38975257325418494,2.5580642365721915,4.7828548667367095,12.0,4.203112295765807,242.6522943797388,w40,indole,136,46,3.32,1.01,10.5
42.236191954403075,3.200000008536494,0.47893554717423026,4.937888329445711,4.4589527822714805,0.38975257325418494,2.050457475657826,0.777730718374471,12.5,2.16817987803242,242.6522943797388,w40,indole,136,46,3.32,1.01,10.5
42.236191954403075,3.200000008536494,0.47893554717423026,4.937888329445711,4.4589527822714805,0.38975257325418494,1.3070415089345733,1.5545949305588627,13.5,1.292597431193883,242.6522943797388,w40,indole,136,46,3.32,1.01,10.5
42.236191954403075,3.200000008536494,0.47893554717423026,4.937888329445711,4.4589527822714805,0.38975257325418494,0.6540080218336725,-0.3843609807805173,15.0,-0.9786567703455715,242.6522943797388,w40,indole,136,46,3.32,1.01,10.5
42.236191954403075,3.200000008536494,0.47893554717423026,4.937888329445711,4.4589527822714805,0.38975257325418494,0.408292086868736,1.5859332059988425,16.0,0.9840482794299605,242.6522943797388,w40,indole,136,46,3.32,1.01,10.5
42.236191954403075,3.200000008536494,0.47893554717423026,4.937888329445711,4.4589527822714805,0.38975257325418494,0.0958161326463845,0.5492831730947239,19.0,0.7713792399908184,242.6522943797388,w40,indole,136,46,3.32,1.01,10.5
42.236191954403075,3.200000008536494,0.47893554717423026,4.937888329445711,4.4589527822714805,0.38975257325418494,0.07492098369146476,-0.3869159568089131,19.5,-1.0790380295654352,242.6522943797388,w40,indole,136,46,3.32,1.01,10.5
42.236191954403075,3.200000008536494,0.47893554717423026,4.937888329445711,4.4589527822714805,0.38975257325418494,0.058519186230711666,1.0481550046489634,20.0,0.08495557006604892,242.6522943797388,w40,indole,136,46,3.32,1.01,10.5
42.236191954403075,3.200000008536494,0.47893554717423026,4.937888329445711,4.4589527822714805,0.38975257325418494,0.04566114912900954,1.7765755489661823,20.5,-0.3224415968624603,242.6522943797388,w40,indole,136,46,3.32,1.01,10.5
42.236191954403075,3.200000008536494,0.47893554717423026,4.937888329445711,4.4589527822714805,0.38975257325418494,0.021568870104653564,0.6352102633557859,22.0,-1.405239481367306,242.6522943797388,w40,indole,136,46,3.32,1.01,10.5
47.72015079147441,3.2,4.172107834638528e-09,4.182345672320106,4.182345668147998,0.23487912053790197,9.374173497888322e-36,-5.618746224947611,-1.0,-9.564263698311574,217.55795369368224,w45,indole,137,51,3.44,0.89,10.5
47.72015079147441,3.2,4.172107834638528e-09,4.182345672320106,4.182345668147998,0.23487912053790197,3.7305089448789015e-32,5.929572700017825,0.0,7.940124235932224,217.55795369368224,w45,indole,137,51,3.44,0.89,10.5
47.72015079147441,3.2,4.172107834638528e-09,4.182345672320106,4.182345668147998,0.23487912053790197,10.13375059935602,10.887971920273229,1.0,8.110331078710265,217.55795369368224,w45,indole,137,51,3.44,0.89,10.5
47.72015079147441,3.2,4.172107834638528e-09,4.182345672320106,4.182345668147998,0.23487912053790197,35.01857253251714,42.80504619976601,2.0,48.05892067001865,217.55795369368224,w45,indole,137,51,3.44,0.89,10.5
47.72015079147441,3.2,4.172107834638528e-09,4.182345672320106,4.182345668147998,0.23487912053790197,47.081243817112835,42.48009395559051,3.5,41.721173316159394,217.55795369368224,w45,indole,137,51,3.44,0.89,10.5
47.72015079147441,3.2,4.172107834638528e-09,4.182345672320106,4.182345668147998,0.23487912053790197,43.722752997277354,45.58014346486475,4.0,48.34856529185252,217.55795369368224,w45,indole,137,51,3.44,0.89,10.5
47.72015079147441,3.2,4.172107834638528e-09,4.182345672320106,4.182345668147998,0.23487912053790197,26.796657540303666,26.59190160865702,5.5,32.36802183283658,217.55795369368224,w45,indole,137,51,3.44,0.89,10.5
47.72015079147441,3.2,4.172107834638528e-09,4.182345672320106,4.182345668147998,0.23487912053790197,21.38589759844369,14.951236750210349,6.0,-3.7252727840213025,217.55795369368224,w45,indole,137,51,3.44,0.89,10.5
47.72015079147441,3.2,4.172107834638528e-09,4.182345672320106,4.182345668147998,0.23487912053790197,12.767557165687084,12.641080669700381,7.0,-3.8019708260949168,217.55795369368224,w45,indole,137,51,3.44,0.89,10.5
47.72015079147441,3.2,4.172107834638528e-09,4.182345672320106,4.182345668147998,0.23487912053790197,7.127178854011067,14.394855623575655,8.0,13.459683421673663,217.55795369368224,w45,indole,137,51,3.44,0.89,10.5
47.72015079147441,3.2,4.172107834638528e-09,4.182345672320106,4.182345668147998,0.23487912053790197,3.7796189336174404,13.088523022327388,9.0,14.929592363622346,217.55795369368224,w45,indole,137,51,3.44,0.89,10.5
47.72015079147441,3.2,4.172107834638528e-09,4.182345672320106,4.182345668147998,0.23487912053790197,1.9248815451385393,7.957836111143306,10.0,12.484693961011535,217.55795369368224,w45,indole,137,51,3.44,0.89,10.5
47.72015079147441,3.2,4.172107834638528e-09,4.182345672320106,4.182345668147998,0.23487912053790197,0.9487277594903211,4.717203719664555,11.0,-1.8419841295632562,217.55795369368224,w45,indole,137,51,3.44,0.89,10.5
47.72015079147441,3.2,4.172107834638528e-09,4.182345672320106,4.182345668147998,0.23487912053790197,0.45513343389548006,5.2227642521288145,12.0,6.542860099687633,217.55795369368224,w45,indole,137,51,3.44,0.89,10.5
47.72015079147441,3.2,4.172107834638528e-09,4.182345672320106,4.182345668147998,0.23487912053790197,0.31249324564529535,1.055560552637897,12.5,0.5403250487360824,217.55795369368224,w45,indole,137,51,3.44,0.89,10.5
47.72015079147441,3.2,4.172107834638528e-09,4.182345672320106,4.182345668147998,0.23487912053790197,0.145083950656695,1.8670432348148713,13.5,2.8200527934764104,217.55795369368224,w45,indole,137,51,3.44,0.89,10.5
47.72015079147441,3.2,4.172107834638528e-09,4.182345672320106,4.182345668147998,0.23487912053790197,0.04441458827650091,-0.16289762354529946,15.0,-2.212204975777092,217.55795369368224,w45,indole,137,51,3.44,0.89,10.5
47.72015079147441,3.2,4.172107834638528e-09,4.182345672320106,4.182345668147998,0.23487912053790197,0.019802955571519152,1.9090154090843439,16.0,5.595974484125373,217.55795369368224,w45,indole,137,51,3.44,0.89,10.5
47.72015079147441,3.2,4.172107834638528e-09,4.182345672320106,4.182345668147998,0.23487912053790197,0.0016351264911971747,0.8217486197854913,19.0,1.064329643833235,217.55795369368224,w45,indole,137,51,3.44,0.89,10.5
47.72015079147441,3.2,4.172107834638528e-09,4.182345672320106,4.182345668147998,0.23487912053790197,0.0010696695275222907,-0.15411888896493364,19.5,0.9090907654890903,217.55795369368224,w45,indole,137,51,3.44,0.89,10.5
47.72015079147441,3.2,4.172107834638528e-09,4.182345672320106,4.182345668147998,0.23487912053790197,0.0006982604812795018,1.3307166478684995,20.0,2.7768543260979057,217.55795369368224,w45,indole,137,51,3.44,0.89,10.5
47.72015079147441,3.2,4.172107834638528e-09,4.182345672320106,4.182345668147998,0.23487912053790197,0.0004548841741876845,2.1050272206230964,20.5,5.9180164880558745,217.55795369368224,w45,indole,137,51,3.44,0.89,10.5
47.72015079147441,3.2,4.172107834638528e-09,4.182345672320106,4.182345668147998,0.23487912053790197,0.00012435281253114693,0.8953046740134716,22.0,4.563827178067198,217.55795369368224,w45,indole,137,51,3.44,0.89,10.5
52.65261119490986,2.8000000000025698,0.730731114421115,4.502259669076397,3.7715285546552826,0.4513447649687526,4.310404680291288e-18,-6.265143729579824,-1.0,-3.1755052443015686,264.9257914416111,w45,indole,138,51,3.13,0.92,10.5
52.65261119490986,2.8000000000025698,0.730731114421115,4.502259669076397,3.7715285546552826,0.4513447649687526,5.272826828442688e-14,6.560047532287552,0.0,8.968050993640283,264.9257914416111,w45,indole,138,51,3.13,0.92,10.5
52.65261119490986,2.8000000000025698,0.730731114421115,4.502259669076397,3.7715285546552826,0.4513447649687526,11.902226524928166,11.789289839925491,1.0,12.719881013493117,264.9257914416111,w45,indole,138,51,3.13,0.92,10.5
52.65261119490986,2.8000000000025698,0.730731114421115,4.502259669076397,3.7715285546552826,0.4513447649687526,46.50435694469637,47.41552837339558,2.0,43.299354752610995,264.9257914416111,w45,indole,138,51,3.13,0.92,10.5
52.65261119490986,2.8000000000025698,0.730731114421115,4.502259669076397,3.7715285546552826,0.4513447649687526,49.73502037305203,46.91827429433725,3.5,54.79514259392168,264.9257914416111,w45,indole,138,51,3.13,0.92,10.5
52.65261119490986,2.8000000000025698,0.730731114421115,4.502259669076397,3.7715285546552826,0.4513447649687526,45.3654713487023,50.39541890528472,4.0,49.097034624917455,264.9257914416111,w45,indole,138,51,3.13,0.92,10.5
52.65261119490986,2.8000000000025698,0.730731114421115,4.502259669076397,3.7715285546552826,0.4513447649687526,29.743571072290067,28.873701780791528,5.5,27.94633911101131,264.9257914416111,w45,indole,138,51,3.13,0.92,10.5
52.65261119490986,2.8000000000025698,0.730731114421115,4.502259669076397,3.7715285546552826,0.4513447649687526,25.030110742537534,15.704627982373063,6.0,13.593364721156671,264.9257914416111,w45,indole,138,51,3.13,0.92,10.5
52.65261119490986,2.8000000000025698,0.730731114421115,4.502259669076397,3.7715285546552826,0.4513447649687526,17.18192270601781,13.074867204011396,7.0,21.60929434041706,264.9257914416111,w45,indole,138,51,3.13,0.92,10.5
52.65261119490986,2.8000000000025698,0.730731114421115,4.502259669076397,3.7715285546552826,0.4513447649687526,11.430754354293146,15.02738640256256,8.0,14.116102696069921,264.9257914416111,w45,indole,138,51,3.13,0.92,10.5
52.65261119490986,2.8000000000025698,0.730731114421115,4.502259669076397,3.7715285546552826,0.4513447649687526,7.430048098590309,13.503552156249828,9.0,8.702294559461848,264.9257914416111,w45,indole,138,51,3.13,0.92,10.5
52.65261119490986,2.8000000000025698,0.730731114421115,4.502259669076397,3.7715285546552826,0.4513447649687526,4.743849750777588,7.727430038878588,10.0,9.385813079456547,264.9257914416111,w45,indole,138,51,3.13,0.92,10.5
52.65261119490986,2.8000000000025698,0.730731114421115,4.502259669076397,3.7715285546552826,0.4513447649687526,2.9859994128031104,4.015865566864526,11.0,7.490772553758777,264.9257914416111,w45,indole,138,51,3.13,0.92,10.5
52.65261119490986,2.8000000000025698,0.730731114421115,4.502259669076397,3.7715285546552826,0.4513447649687526,1.8578838551358212,4.623306302385827,12.0,3.0276261100129194,264.9257914416111,w45,indole,138,51,3.13,0.92,10.5
52.65261119490986,2.8000000000025698,0.730731114421115,4.502259669076397,3.7715285546552826,0.4513447649687526,1.4600680022044072,-0.053808338455194615,12.5,0.2012108142531548,264.9257914416111,w45,indole,138,51,3.13,0.92,10.5
52.65261119490986,2.8000000000025698,0.730731114421115,4.502259669076397,3.7715285546552826,0.4513447649687526,0.8959778199524934,0.8409187799841686,13.5,2.4516435182102576,264.9257914416111,w45,indole,138,51,3.13,0.92,10.5
52.65261119490986,2.8000000000025698,0.730731114421115,4.502259669076397,3.7715285546552826,0.4513447649687526,0.4248545643916672,-1.3742272344656001,15.0,-0.054624663014288366,264.9257914416111,w45,indole,138,51,3.13,0.92,10.5
52.65261119490986,2.8000000000025698,0.730731114421115,4.502259669076397,3.7715285546552826,0.4513447649687526,0.2563721379978812,0.8407582078545239,16.0,0.9032541092525539,264.9257914416111,w45,indole,138,51,3.13,0.92,10.5
52.65261119490986,2.8000000000025698,0.730731114421115,4.502259669076397,3.7715285546552826,0.4513447649687526,0.054724909128493766,-0.3358146951439336,19.0,-1.2753082531815563,264.9257914416111,w45,indole,138,51,3.13,0.92,10.5
52.65261119490986,2.8000000000025698,0.730731114421115,4.502259669076397,3.7715285546552826,0.4513447649687526,0.042157544465877494,-1.4220972501190592,19.5,-2.2098644175028563,264.9257914416111,w45,indole,138,51,3.13,0.92,10.5
52.65261119490986,2.8000000000025698,0.730731114421115,4.502259669076397,3.7715285546552826,0.4513447649687526,0.032448213118606545,0.2863671913543602,20.0,-0.27270247601677644,264.9257914416111,w45,indole,138,51,3.13,0.92,10.5
52.65261119490986,2.8000000000025698,0.730731114421115,4.502259669076397,3.7715285546552826,0.4513447649687526,0.02495460441609965,1.0725920672521976,20.5,-1.5783102071265862,264.9257914416111,w45,indole,138,51,3.13,0.92,10.5
52.65261119490986,2.8000000000025698,0.730731114421115,4.502259669076397,3.7715285546552826,0.4513447649687526,0.011299734147014785,-0.1732717329905764,22.0,-2.4001217251345186,264.9257914416111,w45,indole,138,51,3.13,0.92,10.5
26.78180003338474,2.4,0.8582323781027635,4.412277632757455,3.5540452546546915,0.5661935874682514,1.9300784017463012e-14,-3.2587914605263446,-1.0,-2.1303344249673177,131.2279057536583,w45,indole,139,51,2.97,0.84,10.5
26.78180003338474,2.4,0.8582323781027635,4.412277632757455,3.5540452546546915,0.5661935874682514,2.5859257572542765e-10,3.4030171199315937,0.0,4.3869181410991445,131.2279057536583,w45,indole,139,51,2.97,0.84,10.5
26.78180003338474,2.4,0.8582323781027635,4.412277632757455,3.5540452546546915,0.5661935874682514,6.944986643425317,6.084689996372007,1.0,7.815298189405239,131.2279057536583,w45,indole,139,51,2.97,0.84,10.5
26.78180003338474,2.4,0.8582323781027635,4.412277632757455,3.5540452546546915,0.5661935874682514,25.955084061216944,24.61252747697401,2.0,27.090481343384337,131.2279057536583,w45,indole,139,51,2.97,0.84,10.5
26.78180003338474,2.4,0.8582323781027635,4.412277632757455,3.5540452546546915,0.5661935874682514,23.422116970624874,24.337247572748424,3.5,16.192225506175483,131.2279057536583,w45,indole,139,51,2.97,0.84,10.5
26.78180003338474,2.4,0.8582323781027635,4.412277632757455,3.5540452546546915,0.5661935874682514,20.863761340866628,26.147663132620426,4.0,25.765325353000385,131.2279057536583,w45,indole,139,51,2.97,0.84,10.5
26.78180003338474,2.4,0.8582323781027635,4.412277632757455,3.5540452546546915,0.5661935874682514,13.35161530260925,14.914535105052455,5.5,12.681392129061095,131.2279057536583,w45,indole,139,51,2.97,0.84,10.5
26.78180003338474,2.4,0.8582323781027635,4.412277632757455,3.5540452546546915,0.5661935874682514,11.263239091702134,8.044036623767095,6.0,10.228208578235316,131.2279057536583,w45,indole,139,51,2.97,0.84,10.5
26.78180003338474,2.4,0.8582323781027635,4.412277632757455,3.5540452546546915,0.5661935874682514,7.851912906250374,6.670060417564213,7.0,-0.18180887347630348,131.2279057536583,w45,indole,139,51,2.97,0.84,10.5
26.78180003338474,2.4,0.8582323781027635,4.412277632757455,3.5540452546546915,0.5661935874682514,5.362254115884762,7.684862590962234,8.0,8.278638274410952,131.2279057536583,w45,indole,139,51,2.97,0.84,10.5
26.78180003338474,2.4,0.8582323781027635,4.412277632757455,3.5540452546546915,0.5661935874682514,3.6068713991676233,6.884232201154747,9.0,5.225347553027598,131.2279057536583,w45,indole,139,51,2.97,0.84,10.5
26.78180003338474,2.4,0.8582323781027635,4.412277632757455,3.5540452546546915,0.5661935874682514,2.39803752791012,3.874196169167795,10.0,2.185846298125824,131.2279057536583,w45,indole,139,51,2.97,0.84,10.5
26.78180003338474,2.4,0.8582323781027635,4.412277632757455,3.5540452546546915,0.5661935874682514,1.579703948815079,1.9322611281997157,11.0,0.5119981674820788,131.2279057536583,w45,indole,139,51,2.97,0.84,10.5
26.78180003338474,2.4,0.8582323781027635,4.412277632757455,3.5540452546546915,0.5661935874682514,1.032867235005218,2.2535137587245546,12.0,3.3891502738025325,131.2279057536583,w45,indole,139,51,2.97,0.84,10.5
26.78180003338474,2.4,0.8582323781027635,4.412277632757455,3.5540452546546915,0.5661935874682514,0.8331830487789323,-0.18205082509947035,12.5,-1.2490206685013479,131.2279057536583,w45,indole,139,51,2.97,0.84,10.5
26.78180003338474,2.4,0.8582323781027635,4.412277632757455,3.5540452546546915,0.5661935874682514,0.5399316839675656,0.2818913787843462,13.5,1.9662961286982878,131.2279057536583,w45,indole,139,51,2.97,0.84,10.5
26.78180003338474,2.4,0.8582323781027635,4.412277632757455,3.5540452546546915,0.5661935874682514,0.27919981764213475,-0.863836306075263,15.0,-0.10794558530795029,131.2279057536583,w45,indole,139,51,2.97,0.84,10.5
26.78180003338474,2.4,0.8582323781027635,4.412277632757455,3.5540452546546915,0.5661935874682514,0.178989502724906,0.27598052747500035,16.0,0.3600268515717788,131.2279057536583,w45,indole,139,51,2.97,0.84,10.5
26.78180003338474,2.4,0.8582323781027635,4.412277632757455,3.5540452546546915,0.5661935874682514,0.046292218577057925,-0.3313174165544306,19.0,-0.43310058775551696,131.2279057536583,w45,indole,139,51,2.97,0.84,10.5
26.78180003338474,2.4,0.8582323781027635,4.412277632757455,3.5540452546546915,0.5661935874682514,0.036867483003122765,-0.8958802183862298,19.5,1.01511979325634,131.2279057536583,w45,indole,139,51,2.97,0.84,10.5
26.78180003338474,2.4,0.8582323781027635,4.412277632757455,3.5540452546546915,0.5661935874682514,0.02934536528524706,-0.0010426637194109745,20.0,0.47103600004552826,131.2279057536583,w45,indole,139,51,2.97,0.84,10.5
26.78180003338474,2.4,0.8582323781027635,4.412277632757455,3.5540452546546915,0.5661935874682514,0.02334578273070486,0.3981652009382429,20.5,2.2184755881358944,131.2279057536583,w45,indole,139,51,2.97,0.84,10.5
26.78180003338474,2.4,0.8582323781027635,4.412277632757455,3.5540452546546915,0.5661935874682514,0.011720944236563455,-0.2368139985992186,22.0,0.6793934659946832,131.2279057536583,w45,indole,139,51,2.97,0.84,10.5
39.4588497814006,2.8000000000391347,0.8278403170603204,5.091430301165589,4.263589984105269,0.5374415245530042,3.2932583064485006e-15,-4.80314476669732,-1.0,-2.22562496218149,230.85404254287505,w45,indole,140,51,3.44,0.99,10.5
39.4588497814006,2.8000000000391347,0.8278403170603204,5.091430301165589,4.263589984105269,0.5374415245530042,4.687383429764629e-11,5.12897256549398,0.0,3.8912274351846463,230.85404254287505,w45,indole,140,51,3.44,0.99,10.5
39.4588497814006,2.8000000000391347,0.8278403170603204,5.091430301165589,4.263589984105269,0.5374415245530042,9.003454936485294,9.698526613725123,1.0,8.78883354775631,230.85404254287505,w45,indole,140,51,3.44,0.99,10.5
39.4588497814006,2.8000000000391347,0.8278403170603204,5.091430301165589,4.263589984105269,0.5374415245530042,35.751346320185476,36.95061757336844,2.0,33.225451585019805,230.85404254287505,w45,indole,140,51,3.44,0.99,10.5
39.4588497814006,2.8000000000391347,0.8278403170603204,5.091430301165589,4.263589984105269,0.5374415245530042,37.75835461537996,36.82112956816023,3.5,43.78225759991701,230.85404254287505,w45,indole,140,51,3.44,0.99,10.5
39.4588497814006,2.8000000000391347,0.8278403170603204,5.091430301165589,4.263589984105269,0.5374415245530042,35.18532113207747,39.44956674352707,4.0,37.68430722227234,230.85404254287505,w45,indole,140,51,3.44,0.99,10.5
39.4588497814006,2.8000000000391347,0.8278403170603204,5.091430301165589,4.263589984105269,0.5374415245530042,25.515191975466504,23.596065178431168,5.5,19.45904146920357,230.85404254287505,w45,indole,140,51,3.44,0.99,10.5
39.4588497814006,2.8000000000391347,0.8278403170603204,5.091430301165589,4.263589984105269,0.5374415245530042,22.389068947372124,13.849943749946389,6.0,18.205771695146822,230.85404254287505,w45,indole,140,51,3.44,0.99,10.5
39.4588497814006,2.8000000000391347,0.8278403170603204,5.091430301165589,4.263589984105269,0.5374415245530042,16.849053399415613,11.9336794089233,7.0,19.511826600498395,230.85404254287505,w45,indole,140,51,3.44,0.99,10.5
39.4588497814006,2.8000000000391347,0.8278403170603204,5.091430301165589,4.263589984105269,0.5374415245530042,12.392878060624168,13.436695687867113,8.0,13.019695167348765,230.85404254287505,w45,indole,140,51,3.44,0.99,10.5
39.4588497814006,2.8000000000391347,0.8278403170603204,5.091430301165589,4.263589984105269,0.5374415245530042,8.962535281386238,12.393543241224279,9.0,14.401628512617423,230.85404254287505,w45,indole,140,51,3.44,0.99,10.5
39.4588497814006,2.8000000000391347,0.8278403170603204,5.091430301165589,4.263589984105269,0.5374415245530042,6.398090423922711,8.066850152709467,10.0,4.190537501175948,230.85404254287505,w45,indole,140,51,3.44,0.99,10.5
39.4588497814006,2.8000000000391347,0.8278403170603204,5.091430301165589,4.263589984105269,0.5374415245530042,4.52064339568865,5.403613942937147,11.0,8.141620941304222,230.85404254287505,w45,indole,140,51,3.44,0.99,10.5
39.4588497814006,2.8000000000391347,0.8278403170603204,5.091430301165589,4.263589984105269,0.5374415245530042,3.167525917191502,5.78784879741518,12.0,6.611997762665331,230.85404254287505,w45,indole,140,51,3.44,0.99,10.5
39.4588497814006,2.8000000000391347,0.8278403170603204,5.091430301165589,4.263589984105269,0.5374415245530042,2.644356776548293,2.2579097117997584,12.5,2.4551424727205826,230.85404254287505,w45,indole,140,51,3.44,0.99,10.5
39.4588497814006,2.8000000000391347,0.8278403170603204,5.091430301165589,4.263589984105269,0.5374415245530042,1.8344906857030197,2.962950657431307,13.5,0.6849008604935773,230.85404254287505,w45,indole,140,51,3.44,0.99,10.5
39.4588497814006,2.8000000000391347,0.8278403170603204,5.091430301165589,4.263589984105269,0.5374415245530042,1.049630849172904,1.173944127700283,15.0,1.1088746187443137,230.85404254287505,w45,indole,140,51,3.44,0.99,10.5
39.4588497814006,2.8000000000391347,0.8278403170603204,5.091430301165589,4.263589984105269,0.5374415245530042,0.7194361590149767,3.0504917320203626,16.0,1.3480862082843053,230.85404254287505,w45,indole,140,51,3.44,0.99,10.5
39.4588497814006,2.8000000000391347,0.8278403170603204,5.091430301165589,4.263589984105269,0.5374415245530042,0.22690487488516678,2.0813928561030792,19.0,2.234814532070491,230.85404254287505,w45,indole,140,51,3.44,0.99,10.5
39.4588497814006,2.8000000000391347,0.8278403170603204,5.091430301165589,4.263589984105269,0.5374415245530042,0.18673445083729195,1.2448658569612006,19.5,-0.7919593267038159,230.85404254287505,w45,indole,140,51,3.44,0.99,10.5
39.4588497814006,2.8000000000391347,0.8278403170603204,5.091430301165589,4.263589984105269,0.5374415245530042,0.15358080967091886,2.4565075905722726,20.0,1.227319427533537,230.85404254287505,w45,indole,140,51,3.44,0.99,10.5
39.4588497814006,2.8000000000391347,0.8278403170603204,5.091430301165589,4.263589984105269,0.5374415245530042,0.12623946511576403,3.2035094438979934,20.5,2.23078902825666,230.85404254287505,w45,indole,140,51,3.44,0.99,10.5
39.4588497814006,2.8000000000391347,0.8278403170603204,5.091430301165589,4.263589984105269,0.5374415245530042,0.06988225820349497,2.0557289510717265,22.0,1.1591975766915796,230.85404254287505,w45,indole,140,51,3.44,0.99,10.5
42.236191954403075,3.200000008536494,0.47893554717423026,4.937888329445711,4.4589527822714805,0.38975257325418494,8.209804194074345e-21,-5.393297654014063,-1.0,-6.516413947253415,242.6522943797388,w45,indole,141,51,3.32,1.01,10.5
42.236191954403075,3.200000008536494,0.47893554717423026,4.937888329445711,4.4589527822714805,0.38975257325418494,1.0087476433699168e-16,5.679920797053855,0.0,0.9030327773667537,242.6522943797388,w45,indole,141,51,3.32,1.01,10.5
42.236191954403075,3.200000008536494,0.47893554717423026,4.937888329445711,4.4589527822714805,0.38975257325418494,11.198001205349247,10.38150534044468,1.0,10.746838258500919,242.6522943797388,w45,indole,141,51,3.32,1.01,10.5
42.236191954403075,3.200000008536494,0.47893554717423026,4.937888329445711,4.4589527822714805,0.38975257325418494,33.890056620097745,41.019812672729856,2.0,39.41407052192531,242.6522943797388,w45,indole,141,51,3.32,1.01,10.5
42.236191954403075,3.200000008536494,0.47893554717423026,4.937888329445711,4.4589527822714805,0.38975257325418494,41.86322710208507,40.68225939530421,3.5,37.11069519460677,242.6522943797388,w45,indole,141,51,3.32,1.01,10.5
42.236191954403075,3.200000008536494,0.47893554717423026,4.937888329445711,4.4589527822714805,0.38975257325418494,39.904949188555285,43.6613095650394,4.0,43.87611423219466,242.6522943797388,w45,indole,141,51,3.32,1.01,10.5
42.236191954403075,3.200000008536494,0.47893554717423026,4.937888329445711,4.4589527822714805,0.38975257325418494,29.342239731069466,25.371603497492696,5.5,28.13342387940882,242.6522943797388,w45,indole,141,51,3.32,1.01,10.5
42.236191954403075,3.200000008536494,0.47893554717423026,4.937888329445711,4.4589527822714805,0.38975257325418494,25.53258311022455,14.163882136835106,6.0,22.69464845128128,242.6522943797388,w45,indole,141,51,3.32,1.01,10.5
42.236191954403075,3.200000008536494,0.47893554717423026,4.937888329445711,4.4589527822714805,0.38975257325418494,18.637706938519944,11.936545306779783,7.0,20.621469650726397,242.6522943797388,w45,indole,141,51,3.32,1.01,10.5
42.236191954403075,3.200000008536494,0.47893554717423026,4.937888329445711,4.4589527822714805,0.38975257325418494,13.107160045659722,13.619089950710626,8.0,13.89140538390837,242.6522943797388,w45,indole,141,51,3.32,1.01,10.5
42.236191954403075,3.200000008536494,0.47893554717423026,4.937888329445711,4.4589527822714805,0.38975257325418494,8.96388227217556,12.352586610430345,9.0,12.991173039312017,242.6522943797388,w45,indole,141,51,3.32,1.01,10.5
42.236191954403075,3.200000008536494,0.47893554717423026,4.937888329445711,4.4589527822714805,0.38975257325418494,5.998649292346502,7.418095789906724,10.0,9.176681630818974,242.6522943797388,w45,indole,141,51,3.32,1.01,10.5
42.236191954403075,3.200000008536494,0.47893554717423026,4.937888329445711,4.4589527822714805,0.38975257325418494,3.9451900307043686,4.289336884469037,11.0,6.155417321849271,242.6522943797388,w45,indole,141,51,3.32,1.01,10.5
42.236191954403075,3.200000008536494,0.47893554717423026,4.937888329445711,4.4589527822714805,0.38975257325418494,2.5580642365721915,4.7828548667367095,12.0,4.203112295765807,242.6522943797388,w45,indole,141,51,3.32,1.01,10.5
42.236191954403075,3.200000008536494,0.47893554717423026,4.937888329445711,4.4589527822714805,0.38975257325418494,2.050457475657826,0.777730718374471,12.5,2.16817987803242,242.6522943797388,w45,indole,141,51,3.32,1.01,10.5
42.236191954403075,3.200000008536494,0.47893554717423026,4.937888329445711,4.4589527822714805,0.38975257325418494,1.3070415089345733,1.5545949305588627,13.5,1.292597431193883,242.6522943797388,w45,indole,141,51,3.32,1.01,10.5
42.236191954403075,3.200000008536494,0.47893554717423026,4.937888329445711,4.4589527822714805,0.38975257325418494,0.6540080218336725,-0.3843609807805173,15.0,-0.9786567703455715,242.6522943797388,w45,indole,141,51,3.32,1.01,10.5
42.236191954403075,3.200000008536494,0.47893554717423026,4.937888329445711,4.4589527822714805,0.38975257325418494,0.408292086868736,1.5859332059988425,16.0,0.9840482794299605,242.6522943797388,w45,indole,141,51,3.32,1.01,10.5
42.236191954403075,3.200000008536494,0.47893554717423026,4.937888329445711,4.4589527822714805,0.38975257325418494,0.0958161326463845,0.5492831730947239,19.0,0.7713792399908184,242.6522943797388,w45,indole,141,51,3.32,1.01,10.5
42.236191954403075,3.200000008536494,0.47893554717423026,4.937888329445711,4.4589527822714805,0.38975257325418494,0.07492098369146476,-0.3869159568089131,19.5,-1.0790380295654352,242.6522943797388,w45,indole,141,51,3.32,1.01,10.5
42.236191954403075,3.200000008536494,0.47893554717423026,4.937888329445711,4.4589527822714805,0.38975257325418494,0.058519186230711666,1.0481550046489634,20.0,0.08495557006604892,242.6522943797388,w45,indole,141,51,3.32,1.01,10.5
42.236191954403075,3.200000008536494,0.47893554717423026,4.937888329445711,4.4589527822714805,0.38975257325418494,0.04566114912900954,1.7765755489661823,20.5,-0.3224415968624603,242.6522943797388,w45,indole,141,51,3.32,1.01,10.5
42.236191954403075,3.200000008536494,0.47893554717423026,4.937888329445711,4.4589527822714805,0.38975257325418494,0.021568870104653564,0.6352102633557859,22.0,-1.405239481367306,242.6522943797388,w45,indole,141,51,3.32,1.01,10.5
47.72015079147441,3.2,4.172107834638528e-09,4.182345672320106,4.182345668147998,0.23487912053790197,9.374173497888322e-36,-5.618746224947611,-1.0,-9.564263698311574,217.55795369368224,w50,indole,142,56,3.44,0.89,10.5
47.72015079147441,3.2,4.172107834638528e-09,4.182345672320106,4.182345668147998,0.23487912053790197,3.7305089448789015e-32,5.929572700017825,0.0,7.940124235932224,217.55795369368224,w50,indole,142,56,3.44,0.89,10.5
47.72015079147441,3.2,4.172107834638528e-09,4.182345672320106,4.182345668147998,0.23487912053790197,10.13375059935602,10.887971920273229,1.0,8.110331078710265,217.55795369368224,w50,indole,142,56,3.44,0.89,10.5
47.72015079147441,3.2,4.172107834638528e-09,4.182345672320106,4.182345668147998,0.23487912053790197,35.01857253251714,42.80504619976601,2.0,48.05892067001865,217.55795369368224,w50,indole,142,56,3.44,0.89,10.5
47.72015079147441,3.2,4.172107834638528e-09,4.182345672320106,4.182345668147998,0.23487912053790197,47.081243817112835,42.48009395559051,3.5,41.721173316159394,217.55795369368224,w50,indole,142,56,3.44,0.89,10.5
47.72015079147441,3.2,4.172107834638528e-09,4.182345672320106,4.182345668147998,0.23487912053790197,43.722752997277354,45.58014346486475,4.0,48.34856529185252,217.55795369368224,w50,indole,142,56,3.44,0.89,10.5
47.72015079147441,3.2,4.172107834638528e-09,4.182345672320106,4.182345668147998,0.23487912053790197,26.796657540303666,26.59190160865702,5.5,32.36802183283658,217.55795369368224,w50,indole,142,56,3.44,0.89,10.5
47.72015079147441,3.2,4.172107834638528e-09,4.182345672320106,4.182345668147998,0.23487912053790197,21.38589759844369,14.951236750210349,6.0,-3.7252727840213025,217.55795369368224,w50,indole,142,56,3.44,0.89,10.5
47.72015079147441,3.2,4.172107834638528e-09,4.182345672320106,4.182345668147998,0.23487912053790197,12.767557165687084,12.641080669700381,7.0,-3.8019708260949168,217.55795369368224,w50,indole,142,56,3.44,0.89,10.5
47.72015079147441,3.2,4.172107834638528e-09,4.182345672320106,4.182345668147998,0.23487912053790197,7.127178854011067,14.394855623575655,8.0,13.459683421673663,217.55795369368224,w50,indole,142,56,3.44,0.89,10.5
47.72015079147441,3.2,4.172107834638528e-09,4.182345672320106,4.182345668147998,0.23487912053790197,3.7796189336174404,13.088523022327388,9.0,14.929592363622346,217.55795369368224,w50,indole,142,56,3.44,0.89,10.5
47.72015079147441,3.2,4.172107834638528e-09,4.182345672320106,4.182345668147998,0.23487912053790197,1.9248815451385393,7.957836111143306,10.0,12.484693961011535,217.55795369368224,w50,indole,142,56,3.44,0.89,10.5
47.72015079147441,3.2,4.172107834638528e-09,4.182345672320106,4.182345668147998,0.23487912053790197,0.9487277594903211,4.717203719664555,11.0,-1.8419841295632562,217.55795369368224,w50,indole,142,56,3.44,0.89,10.5
47.72015079147441,3.2,4.172107834638528e-09,4.182345672320106,4.182345668147998,0.23487912053790197,0.45513343389548006,5.2227642521288145,12.0,6.542860099687633,217.55795369368224,w50,indole,142,56,3.44,0.89,10.5
47.72015079147441,3.2,4.172107834638528e-09,4.182345672320106,4.182345668147998,0.23487912053790197,0.31249324564529535,1.055560552637897,12.5,0.5403250487360824,217.55795369368224,w50,indole,142,56,3.44,0.89,10.5
47.72015079147441,3.2,4.172107834638528e-09,4.182345672320106,4.182345668147998,0.23487912053790197,0.145083950656695,1.8670432348148713,13.5,2.8200527934764104,217.55795369368224,w50,indole,142,56,3.44,0.89,10.5
47.72015079147441,3.2,4.172107834638528e-09,4.182345672320106,4.182345668147998,0.23487912053790197,0.04441458827650091,-0.16289762354529946,15.0,-2.212204975777092,217.55795369368224,w50,indole,142,56,3.44,0.89,10.5
47.72015079147441,3.2,4.172107834638528e-09,4.182345672320106,4.182345668147998,0.23487912053790197,0.019802955571519152,1.9090154090843439,16.0,5.595974484125373,217.55795369368224,w50,indole,142,56,3.44,0.89,10.5
47.72015079147441,3.2,4.172107834638528e-09,4.182345672320106,4.182345668147998,0.23487912053790197,0.0016351264911971747,0.8217486197854913,19.0,1.064329643833235,217.55795369368224,w50,indole,142,56,3.44,0.89,10.5
47.72015079147441,3.2,4.172107834638528e-09,4.182345672320106,4.182345668147998,0.23487912053790197,0.0010696695275222907,-0.15411888896493364,19.5,0.9090907654890903,217.55795369368224,w50,indole,142,56,3.44,0.89,10.5
47.72015079147441,3.2,4.172107834638528e-09,4.182345672320106,4.182345668147998,0.23487912053790197,0.0006982604812795018,1.3307166478684995,20.0,2.7768543260979057,217.55795369368224,w50,indole,142,56,3.44,0.89,10.5
47.72015079147441,3.2,4.172107834638528e-09,4.182345672320106,4.182345668147998,0.23487912053790197,0.0004548841741876845,2.1050272206230964,20.5,5.9180164880558745,217.55795369368224,w50,indole,142,56,3.44,0.89,10.5
47.72015079147441,3.2,4.172107834638528e-09,4.182345672320106,4.182345668147998,0.23487912053790197,0.00012435281253114693,0.8953046740134716,22.0,4.563827178067198,217.55795369368224,w50,indole,142,56,3.44,0.89,10.5
52.65261119490986,2.8000000000025698,0.730731114421115,4.502259669076397,3.7715285546552826,0.4513447649687526,4.310404680291288e-18,-6.265143729579824,-1.0,-3.1755052443015686,264.9257914416111,w50,indole,143,56,3.13,0.92,10.5
52.65261119490986,2.8000000000025698,0.730731114421115,4.502259669076397,3.7715285546552826,0.4513447649687526,5.272826828442688e-14,6.560047532287552,0.0,8.968050993640283,264.9257914416111,w50,indole,143,56,3.13,0.92,10.5
52.65261119490986,2.8000000000025698,0.730731114421115,4.502259669076397,3.7715285546552826,0.4513447649687526,11.902226524928166,11.789289839925491,1.0,12.719881013493117,264.9257914416111,w50,indole,143,56,3.13,0.92,10.5
52.65261119490986,2.8000000000025698,0.730731114421115,4.502259669076397,3.7715285546552826,0.4513447649687526,46.50435694469637,47.41552837339558,2.0,43.299354752610995,264.9257914416111,w50,indole,143,56,3.13,0.92,10.5
52.65261119490986,2.8000000000025698,0.730731114421115,4.502259669076397,3.7715285546552826,0.4513447649687526,49.73502037305203,46.91827429433725,3.5,54.79514259392168,264.9257914416111,w50,indole,143,56,3.13,0.92,10.5
52.65261119490986,2.8000000000025698,0.730731114421115,4.502259669076397,3.7715285546552826,0.4513447649687526,45.3654713487023,50.39541890528472,4.0,49.097034624917455,264.9257914416111,w50,indole,143,56,3.13,0.92,10.5
52.65261119490986,2.8000000000025698,0.730731114421115,4.502259669076397,3.7715285546552826,0.4513447649687526,29.743571072290067,28.873701780791528,5.5,27.94633911101131,264.9257914416111,w50,indole,143,56,3.13,0.92,10.5
52.65261119490986,2.8000000000025698,0.730731114421115,4.502259669076397,3.7715285546552826,0.4513447649687526,25.030110742537534,15.704627982373063,6.0,13.593364721156671,264.9257914416111,w50,indole,143,56,3.13,0.92,10.5
52.65261119490986,2.8000000000025698,0.730731114421115,4.502259669076397,3.7715285546552826,0.4513447649687526,17.18192270601781,13.074867204011396,7.0,21.60929434041706,264.9257914416111,w50,indole,143,56,3.13,0.92,10.5
52.65261119490986,2.8000000000025698,0.730731114421115,4.502259669076397,3.7715285546552826,0.4513447649687526,11.430754354293146,15.02738640256256,8.0,14.116102696069921,264.9257914416111,w50,indole,143,56,3.13,0.92,10.5
52.65261119490986,2.8000000000025698,0.730731114421115,4.502259669076397,3.7715285546552826,0.4513447649687526,7.430048098590309,13.503552156249828,9.0,8.702294559461848,264.9257914416111,w50,indole,143,56,3.13,0.92,10.5
52.65261119490986,2.8000000000025698,0.730731114421115,4.502259669076397,3.7715285546552826,0.4513447649687526,4.743849750777588,7.727430038878588,10.0,9.385813079456547,264.9257914416111,w50,indole,143,56,3.13,0.92,10.5
52.65261119490986,2.8000000000025698,0.730731114421115,4.502259669076397,3.7715285546552826,0.4513447649687526,2.9859994128031104,4.015865566864526,11.0,7.490772553758777,264.9257914416111,w50,indole,143,56,3.13,0.92,10.5
52.65261119490986,2.8000000000025698,0.730731114421115,4.502259669076397,3.7715285546552826,0.4513447649687526,1.8578838551358212,4.623306302385827,12.0,3.0276261100129194,264.9257914416111,w50,indole,143,56,3.13,0.92,10.5
52.65261119490986,2.8000000000025698,0.730731114421115,4.502259669076397,3.7715285546552826,0.4513447649687526,1.4600680022044072,-0.053808338455194615,12.5,0.2012108142531548,264.9257914416111,w50,indole,143,56,3.13,0.92,10.5
52.65261119490986,2.8000000000025698,0.730731114421115,4.502259669076397,3.7715285546552826,0.4513447649687526,0.8959778199524934,0.8409187799841686,13.5,2.4516435182102576,264.9257914416111,w50,indole,143,56,3.13,0.92,10.5
52.65261119490986,2.8000000000025698,0.730731114421115,4.502259669076397,3.7715285546552826,0.4513447649687526,0.4248545643916672,-1.3742272344656001,15.0,-0.054624663014288366,264.9257914416111,w50,indole,143,56,3.13,0.92,10.5
52.65261119490986,2.8000000000025698,0.730731114421115,4.502259669076397,3.7715285546552826,0.4513447649687526,0.2563721379978812,0.8407582078545239,16.0,0.9032541092525539,264.9257914416111,w50,indole,143,56,3.13,0.92,10.5
52.65261119490986,2.8000000000025698,0.730731114421115,4.502259669076397,3.7715285546552826,0.4513447649687526,0.054724909128493766,-0.3358146951439336,19.0,-1.2753082531815563,264.9257914416111,w50,indole,143,56,3.13,0.92,10.5
52.65261119490986,2.8000000000025698,0.730731114421115,4.502259669076397,3.7715285546552826,0.4513447649687526,0.042157544465877494,-1.4220972501190592,19.5,-2.2098644175028563,264.9257914416111,w50,indole,143,56,3.13,0.92,10.5
52.65261119490986,2.8000000000025698,0.730731114421115,4.502259669076397,3.7715285546552826,0.4513447649687526,0.032448213118606545,0.2863671913543602,20.0,-0.27270247601677644,264.9257914416111,w50,indole,143,56,3.13,0.92,10.5
52.65261119490986,2.8000000000025698,0.730731114421115,4.502259669076397,3.7715285546552826,0.4513447649687526,0.02495460441609965,1.0725920672521976,20.5,-1.5783102071265862,264.9257914416111,w50,indole,143,56,3.13,0.92,10.5
52.65261119490986,2.8000000000025698,0.730731114421115,4.502259669076397,3.7715285546552826,0.4513447649687526,0.011299734147014785,-0.1732717329905764,22.0,-2.4001217251345186,264.9257914416111,w50,indole,143,56,3.13,0.92,10.5
26.78180003338474,2.4,0.8582323781027635,4.412277632757455,3.5540452546546915,0.5661935874682514,1.9300784017463012e-14,-3.2587914605263446,-1.0,-2.1303344249673177,131.2279057536583,w50,indole,144,56,2.97,0.84,10.5
26.78180003338474,2.4,0.8582323781027635,4.412277632757455,3.5540452546546915,0.5661935874682514,2.5859257572542765e-10,3.4030171199315937,0.0,4.3869181410991445,131.2279057536583,w50,indole,144,56,2.97,0.84,10.5
26.78180003338474,2.4,0.8582323781027635,4.412277632757455,3.5540452546546915,0.5661935874682514,6.944986643425317,6.084689996372007,1.0,7.815298189405239,131.2279057536583,w50,indole,144,56,2.97,0.84,10.5
26.78180003338474,2.4,0.8582323781027635,4.412277632757455,3.5540452546546915,0.5661935874682514,25.955084061216944,24.61252747697401,2.0,27.090481343384337,131.2279057536583,w50,indole,144,56,2.97,0.84,10.5
26.78180003338474,2.4,0.8582323781027635,4.412277632757455,3.5540452546546915,0.5661935874682514,23.422116970624874,24.337247572748424,3.5,16.192225506175483,131.2279057536583,w50,indole,144,56,2.97,0.84,10.5
26.78180003338474,2.4,0.8582323781027635,4.412277632757455,3.5540452546546915,0.5661935874682514,20.863761340866628,26.147663132620426,4.0,25.765325353000385,131.2279057536583,w50,indole,144,56,2.97,0.84,10.5
26.78180003338474,2.4,0.8582323781027635,4.412277632757455,3.5540452546546915,0.5661935874682514,13.35161530260925,14.914535105052455,5.5,12.681392129061095,131.2279057536583,w50,indole,144,56,2.97,0.84,10.5
26.78180003338474,2.4,0.8582323781027635,4.412277632757455,3.5540452546546915,0.5661935874682514,11.263239091702134,8.044036623767095,6.0,10.228208578235316,131.2279057536583,w50,indole,144,56,2.97,0.84,10.5
26.78180003338474,2.4,0.8582323781027635,4.412277632757455,3.5540452546546915,0.5661935874682514,7.851912906250374,6.670060417564213,7.0,-0.18180887347630348,131.2279057536583,w50,indole,144,56,2.97,0.84,10.5
26.78180003338474,2.4,0.8582323781027635,4.412277632757455,3.5540452546546915,0.5661935874682514,5.362254115884762,7.684862590962234,8.0,8.278638274410952,131.2279057536583,w50,indole,144,56,2.97,0.84,10.5
26.78180003338474,2.4,0.8582323781027635,4.412277632757455,3.5540452546546915,0.5661935874682514,3.6068713991676233,6.884232201154747,9.0,5.225347553027598,131.2279057536583,w50,indole,144,56,2.97,0.84,10.5
26.78180003338474,2.4,0.8582323781027635,4.412277632757455,3.5540452546546915,0.5661935874682514,2.39803752791012,3.874196169167795,10.0,2.185846298125824,131.2279057536583,w50,indole,144,56,2.97,0.84,10.5
26.78180003338474,2.4,0.8582323781027635,4.412277632757455,3.5540452546546915,0.5661935874682514,1.579703948815079,1.9322611281997157,11.0,0.5119981674820788,131.2279057536583,w50,indole,144,56,2.97,0.84,10.5
26.78180003338474,2.4,0.8582323781027635,4.412277632757455,3.5540452546546915,0.5661935874682514,1.032867235005218,2.2535137587245546,12.0,3.3891502738025325,131.2279057536583,w50,indole,144,56,2.97,0.84,10.5
26.78180003338474,2.4,0.8582323781027635,4.412277632757455,3.5540452546546915,0.5661935874682514,0.8331830487789323,-0.18205082509947035,12.5,-1.2490206685013479,131.2279057536583,w50,indole,144,56,2.97,0.84,10.5
26.78180003338474,2.4,0.8582323781027635,4.412277632757455,3.5540452546546915,0.5661935874682514,0.5399316839675656,0.2818913787843462,13.5,1.9662961286982878,131.2279057536583,w50,indole,144,56,2.97,0.84,10.5
26.78180003338474,2.4,0.8582323781027635,4.412277632757455,3.5540452546546915,0.5661935874682514,0.27919981764213475,-0.863836306075263,15.0,-0.10794558530795029,131.2279057536583,w50,indole,144,56,2.97,0.84,10.5
26.78180003338474,2.4,0.8582323781027635,4.412277632757455,3.5540452546546915,0.5661935874682514,0.178989502724906,0.27598052747500035,16.0,0.3600268515717788,131.2279057536583,w50,indole,144,56,2.97,0.84,10.5
26.78180003338474,2.4,0.8582323781027635,4.412277632757455,3.5540452546546915,0.5661935874682514,0.046292218577057925,-0.3313174165544306,19.0,-0.43310058775551696,131.2279057536583,w50,indole,144,56,2.97,0.84,10.5
26.78180003338474,2.4,0.8582323781027635,4.412277632757455,3.5540452546546915,0.5661935874682514,0.036867483003122765,-0.8958802183862298,19.5,1.01511979325634,131.2279057536583,w50,indole,144,56,2.97,0.84,10.5
26.78180003338474,2.4,0.8582323781027635,4.412277632757455,3.5540452546546915,0.5661935874682514,0.02934536528524706,-0.0010426637194109745,20.0,0.47103600004552826,131.2279057536583,w50,indole,144,56,2.97,0.84,10.5
26.78180003338474,2.4,0.8582323781027635,4.412277632757455,3.5540452546546915,0.5661935874682514,0.02334578273070486,0.3981652009382429,20.5,2.2184755881358944,131.2279057536583,w50,indole,144,56,2.97,0.84,10.5
26.78180003338474,2.4,0.8582323781027635,4.412277632757455,3.5540452546546915,0.5661935874682514,0.011720944236563455,-0.2368139985992186,22.0,0.6793934659946832,131.2279057536583,w50,indole,144,56,2.97,0.84,10.5
39.4588497814006,2.8000000000391347,0.8278403170603204,5.091430301165589,4.263589984105269,0.5374415245530042,3.2932583064485006e-15,-4.80314476669732,-1.0,-2.22562496218149,230.85404254287505,w50,indole,145,56,3.44,0.99,10.5
39.4588497814006,2.8000000000391347,0.8278403170603204,5.091430301165589,4.263589984105269,0.5374415245530042,4.687383429764629e-11,5.12897256549398,0.0,3.8912274351846463,230.85404254287505,w50,indole,145,56,3.44,0.99,10.5
39.4588497814006,2.8000000000391347,0.8278403170603204,5.091430301165589,4.263589984105269,0.5374415245530042,9.003454936485294,9.698526613725123,1.0,8.78883354775631,230.85404254287505,w50,indole,145,56,3.44,0.99,10.5
39.4588497814006,2.8000000000391347,0.8278403170603204,5.091430301165589,4.263589984105269,0.5374415245530042,35.751346320185476,36.95061757336844,2.0,33.225451585019805,230.85404254287505,w50,indole,145,56,3.44,0.99,10.5
39.4588497814006,2.8000000000391347,0.8278403170603204,5.091430301165589,4.263589984105269,0.5374415245530042,37.75835461537996,36.82112956816023,3.5,43.78225759991701,230.85404254287505,w50,indole,145,56,3.44,0.99,10.5
39.4588497814006,2.8000000000391347,0.8278403170603204,5.091430301165589,4.263589984105269,0.5374415245530042,35.18532113207747,39.44956674352707,4.0,37.68430722227234,230.85404254287505,w50,indole,145,56,3.44,0.99,10.5
39.4588497814006,2.8000000000391347,0.8278403170603204,5.091430301165589,4.263589984105269,0.5374415245530042,25.515191975466504,23.596065178431168,5.5,19.45904146920357,230.85404254287505,w50,indole,145,56,3.44,0.99,10.5
39.4588497814006,2.8000000000391347,0.8278403170603204,5.091430301165589,4.263589984105269,0.5374415245530042,22.389068947372124,13.849943749946389,6.0,18.205771695146822,230.85404254287505,w50,indole,145,56,3.44,0.99,10.5
39.4588497814006,2.8000000000391347,0.8278403170603204,5.091430301165589,4.263589984105269,0.5374415245530042,16.849053399415613,11.9336794089233,7.0,19.511826600498395,230.85404254287505,w50,indole,145,56,3.44,0.99,10.5
39.4588497814006,2.8000000000391347,0.8278403170603204,5.091430301165589,4.263589984105269,0.5374415245530042,12.392878060624168,13.436695687867113,8.0,13.019695167348765,230.85404254287505,w50,indole,145,56,3.44,0.99,10.5
39.4588497814006,2.8000000000391347,0.8278403170603204,5.091430301165589,4.263589984105269,0.5374415245530042,8.962535281386238,12.393543241224279,9.0,14.401628512617423,230.85404254287505,w50,indole,145,56,3.44,0.99,10.5
39.4588497814006,2.8000000000391347,0.8278403170603204,5.091430301165589,4.263589984105269,0.5374415245530042,6.398090423922711,8.066850152709467,10.0,4.190537501175948,230.85404254287505,w50,indole,145,56,3.44,0.99,10.5
39.4588497814006,2.8000000000391347,0.8278403170603204,5.091430301165589,4.263589984105269,0.5374415245530042,4.52064339568865,5.403613942937147,11.0,8.141620941304222,230.85404254287505,w50,indole,145,56,3.44,0.99,10.5
39.4588497814006,2.8000000000391347,0.8278403170603204,5.091430301165589,4.263589984105269,0.5374415245530042,3.167525917191502,5.78784879741518,12.0,6.611997762665331,230.85404254287505,w50,indole,145,56,3.44,0.99,10.5
39.4588497814006,2.8000000000391347,0.8278403170603204,5.091430301165589,4.263589984105269,0.5374415245530042,2.644356776548293,2.2579097117997584,12.5,2.4551424727205826,230.85404254287505,w50,indole,145,56,3.44,0.99,10.5
39.4588497814006,2.8000000000391347,0.8278403170603204,5.091430301165589,4.263589984105269,0.5374415245530042,1.8344906857030197,2.962950657431307,13.5,0.6849008604935773,230.85404254287505,w50,indole,145,56,3.44,0.99,10.5
39.4588497814006,2.8000000000391347,0.8278403170603204,5.091430301165589,4.263589984105269,0.5374415245530042,1.049630849172904,1.173944127700283,15.0,1.1088746187443137,230.85404254287505,w50,indole,145,56,3.44,0.99,10.5
39.4588497814006,2.8000000000391347,0.8278403170603204,5.091430301165589,4.263589984105269,0.5374415245530042,0.7194361590149767,3.0504917320203626,16.0,1.3480862082843053,230.85404254287505,w50,indole,145,56,3.44,0.99,10.5
39.4588497814006,2.8000000000391347,0.8278403170603204,5.091430301165589,4.263589984105269,0.5374415245530042,0.22690487488516678,2.0813928561030792,19.0,2.234814532070491,230.85404254287505,w50,indole,145,56,3.44,0.99,10.5
39.4588497814006,2.8000000000391347,0.8278403170603204,5.091430301165589,4.263589984105269,0.5374415245530042,0.18673445083729195,1.2448658569612006,19.5,-0.7919593267038159,230.85404254287505,w50,indole,145,56,3.44,0.99,10.5
39.4588497814006,2.8000000000391347,0.8278403170603204,5.091430301165589,4.263589984105269,0.5374415245530042,0.15358080967091886,2.4565075905722726,20.0,1.227319427533537,230.85404254287505,w50,indole,145,56,3.44,0.99,10.5
39.4588497814006,2.8000000000391347,0.8278403170603204,5.091430301165589,4.263589984105269,0.5374415245530042,0.12623946511576403,3.2035094438979934,20.5,2.23078902825666,230.85404254287505,w50,indole,145,56,3.44,0.99,10.5
39.4588497814006,2.8000000000391347,0.8278403170603204,5.091430301165589,4.263589984105269,0.5374415245530042,0.06988225820349497,2.0557289510717265,22.0,1.1591975766915796,230.85404254287505,w50,indole,145,56,3.44,0.99,10.5
42.236191954403075,3.200000008536494,0.47893554717423026,4.937888329445711,4.4589527822714805,0.38975257325418494,8.209804194074345e-21,-5.393297654014063,-1.0,-6.516413947253415,242.6522943797388,w50,indole,146,56,3.32,1.01,10.5
42.236191954403075,3.200000008536494,0.47893554717423026,4.937888329445711,4.4589527822714805,0.38975257325418494,1.0087476433699168e-16,5.679920797053855,0.0,0.9030327773667537,242.6522943797388,w50,indole,146,56,3.32,1.01,10.5
42.236191954403075,3.200000008536494,0.47893554717423026,4.937888329445711,4.4589527822714805,0.38975257325418494,11.198001205349247,10.38150534044468,1.0,10.746838258500919,242.6522943797388,w50,indole,146,56,3.32,1.01,10.5
42.236191954403075,3.200000008536494,0.47893554717423026,4.937888329445711,4.4589527822714805,0.38975257325418494,33.890056620097745,41.019812672729856,2.0,39.41407052192531,242.6522943797388,w50,indole,146,56,3.32,1.01,10.5
42.236191954403075,3.200000008536494,0.47893554717423026,4.937888329445711,4.4589527822714805,0.38975257325418494,41.86322710208507,40.68225939530421,3.5,37.11069519460677,242.6522943797388,w50,indole,146,56,3.32,1.01,10.5
42.236191954403075,3.200000008536494,0.47893554717423026,4.937888329445711,4.4589527822714805,0.38975257325418494,39.904949188555285,43.6613095650394,4.0,43.87611423219466,242.6522943797388,w50,indole,146,56,3.32,1.01,10.5
42.236191954403075,3.200000008536494,0.47893554717423026,4.937888329445711,4.4589527822714805,0.38975257325418494,29.342239731069466,25.371603497492696,5.5,28.13342387940882,242.6522943797388,w50,indole,146,56,3.32,1.01,10.5
42.236191954403075,3.200000008536494,0.47893554717423026,4.937888329445711,4.4589527822714805,0.38975257325418494,25.53258311022455,14.163882136835106,6.0,22.69464845128128,242.6522943797388,w50,indole,146,56,3.32,1.01,10.5
42.236191954403075,3.200000008536494,0.47893554717423026,4.937888329445711,4.4589527822714805,0.38975257325418494,18.637706938519944,11.936545306779783,7.0,20.621469650726397,242.6522943797388,w50,indole,146,56,3.32,1.01,10.5
42.236191954403075,3.200000008536494,0.47893554717423026,4.937888329445711,4.4589527822714805,0.38975257325418494,13.107160045659722,13.619089950710626,8.0,13.89140538390837,242.6522943797388,w50,indole,146,56,3.32,1.01,10.5
42.236191954403075,3.200000008536494,0.47893554717423026,4.937888329445711,4.4589527822714805,0.38975257325418494,8.96388227217556,12.352586610430345,9.0,12.991173039312017,242.6522943797388,w50,indole,146,56,3.32,1.01,10.5
42.236191954403075,3.200000008536494,0.47893554717423026,4.937888329445711,4.4589527822714805,0.38975257325418494,5.998649292346502,7.418095789906724,10.0,9.176681630818974,242.6522943797388,w50,indole,146,56,3.32,1.01,10.5
42.236191954403075,3.200000008536494,0.47893554717423026,4.937888329445711,4.4589527822714805,0.38975257325418494,3.9451900307043686,4.289336884469037,11.0,6.155417321849271,242.6522943797388,w50,indole,146,56,3.32,1.01,10.5
42.236191954403075,3.200000008536494,0.47893554717423026,4.937888329445711,4.4589527822714805,0.38975257325418494,2.5580642365721915,4.7828548667367095,12.0,4.203112295765807,242.6522943797388,w50,indole,146,56,3.32,1.01,10.5
42.236191954403075,3.200000008536494,0.47893554717423026,4.937888329445711,4.4589527822714805,0.38975257325418494,2.050457475657826,0.777730718374471,12.5,2.16817987803242,242.6522943797388,w50,indole,146,56,3.32,1.01,10.5
42.236191954403075,3.200000008536494,0.47893554717423026,4.937888329445711,4.4589527822714805,0.38975257325418494,1.3070415089345733,1.5545949305588627,13.5,1.292597431193883,242.6522943797388,w50,indole,146,56,3.32,1.01,10.5
42.236191954403075,3.200000008536494,0.47893554717423026,4.937888329445711,4.4589527822714805,0.38975257325418494,0.6540080218336725,-0.3843609807805173,15.0,-0.9786567703455715,242.6522943797388,w50,indole,146,56,3.32,1.01,10.5
42.236191954403075,3.200000008536494,0.47893554717423026,4.937888329445711,4.4589527822714805,0.38975257325418494,0.408292086868736,1.5859332059988425,16.0,0.9840482794299605,242.6522943797388,w50,indole,146,56,3.32,1.01,10.5
42.236191954403075,3.200000008536494,0.47893554717423026,4.937888329445711,4.4589527822714805,0.38975257325418494,0.0958161326463845,0.5492831730947239,19.0,0.7713792399908184,242.6522943797388,w50,indole,146,56,3.32,1.01,10.5
42.236191954403075,3.200000008536494,0.47893554717423026,4.937888329445711,4.4589527822714805,0.38975257325418494,0.07492098369146476,-0.3869159568089131,19.5,-1.0790380295654352,242.6522943797388,w50,indole,146,56,3.32,1.01,10.5
42.236191954403075,3.200000008536494,0.47893554717423026,4.937888329445711,4.4589527822714805,0.38975257325418494,0.058519186230711666,1.0481550046489634,20.0,0.08495557006604892,242.6522943797388,w50,indole,146,56,3.32,1.01,10.5
42.236191954403075,3.200000008536494,0.47893554717423026,4.937888329445711,4.4589527822714805,0.38975257325418494,0.04566114912900954,1.7765755489661823,20.5,-0.3224415968624603,242.6522943797388,w50,indole,146,56,3.32,1.01,10.5
42.236191954403075,3.200000008536494,0.47893554717423026,4.937888329445711,4.4589527822714805,0.38975257325418494,0.021568870104653564,0.6352102633557859,22.0,-1.405239481367306,242.6522943797388,w50,indole,146,56,3.32,1.01,10.5
47.72015079147441,3.2,4.172107834638528e-09,4.182345672320106,4.182345668147998,0.23487912053790197,9.374173497888322e-36,-5.618746224947611,-1.0,-9.564263698311574,217.55795369368224,w55,indole,147,61,3.44,0.89,10.5
47.72015079147441,3.2,4.172107834638528e-09,4.182345672320106,4.182345668147998,0.23487912053790197,3.7305089448789015e-32,5.929572700017825,0.0,7.940124235932224,217.55795369368224,w55,indole,147,61,3.44,0.89,10.5
47.72015079147441,3.2,4.172107834638528e-09,4.182345672320106,4.182345668147998,0.23487912053790197,10.13375059935602,10.887971920273229,1.0,8.110331078710265,217.55795369368224,w55,indole,147,61,3.44,0.89,10.5
47.72015079147441,3.2,4.172107834638528e-09,4.182345672320106,4.182345668147998,0.23487912053790197,35.01857253251714,42.80504619976601,2.0,48.05892067001865,217.55795369368224,w55,indole,147,61,3.44,0.89,10.5
47.72015079147441,3.2,4.172107834638528e-09,4.182345672320106,4.182345668147998,0.23487912053790197,47.081243817112835,42.48009395559051,3.5,41.721173316159394,217.55795369368224,w55,indole,147,61,3.44,0.89,10.5
47.72015079147441,3.2,4.172107834638528e-09,4.182345672320106,4.182345668147998,0.23487912053790197,43.722752997277354,45.58014346486475,4.0,48.34856529185252,217.55795369368224,w55,indole,147,61,3.44,0.89,10.5
47.72015079147441,3.2,4.172107834638528e-09,4.182345672320106,4.182345668147998,0.23487912053790197,26.796657540303666,26.59190160865702,5.5,32.36802183283658,217.55795369368224,w55,indole,147,61,3.44,0.89,10.5
47.72015079147441,3.2,4.172107834638528e-09,4.182345672320106,4.182345668147998,0.23487912053790197,21.38589759844369,14.951236750210349,6.0,-3.7252727840213025,217.55795369368224,w55,indole,147,61,3.44,0.89,10.5
47.72015079147441,3.2,4.172107834638528e-09,4.182345672320106,4.182345668147998,0.23487912053790197,12.767557165687084,12.641080669700381,7.0,-3.8019708260949168,217.55795369368224,w55,indole,147,61,3.44,0.89,10.5
47.72015079147441,3.2,4.172107834638528e-09,4.182345672320106,4.182345668147998,0.23487912053790197,7.127178854011067,14.394855623575655,8.0,13.459683421673663,217.55795369368224,w55,indole,147,61,3.44,0.89,10.5
47.72015079147441,3.2,4.172107834638528e-09,4.182345672320106,4.182345668147998,0.23487912053790197,3.7796189336174404,13.088523022327388,9.0,14.929592363622346,217.55795369368224,w55,indole,147,61,3.44,0.89,10.5
47.72015079147441,3.2,4.172107834638528e-09,4.182345672320106,4.182345668147998,0.23487912053790197,1.9248815451385393,7.957836111143306,10.0,12.484693961011535,217.55795369368224,w55,indole,147,61,3.44,0.89,10.5
47.72015079147441,3.2,4.172107834638528e-09,4.182345672320106,4.182345668147998,0.23487912053790197,0.9487277594903211,4.717203719664555,11.0,-1.8419841295632562,217.55795369368224,w55,indole,147,61,3.44,0.89,10.5
47.72015079147441,3.2,4.172107834638528e-09,4.182345672320106,4.182345668147998,0.23487912053790197,0.45513343389548006,5.2227642521288145,12.0,6.542860099687633,217.55795369368224,w55,indole,147,61,3.44,0.89,10.5
47.72015079147441,3.2,4.172107834638528e-09,4.182345672320106,4.182345668147998,0.23487912053790197,0.31249324564529535,1.055560552637897,12.5,0.5403250487360824,217.55795369368224,w55,indole,147,61,3.44,0.89,10.5
47.72015079147441,3.2,4.172107834638528e-09,4.182345672320106,4.182345668147998,0.23487912053790197,0.145083950656695,1.8670432348148713,13.5,2.8200527934764104,217.55795369368224,w55,indole,147,61,3.44,0.89,10.5
47.72015079147441,3.2,4.172107834638528e-09,4.182345672320106,4.182345668147998,0.23487912053790197,0.04441458827650091,-0.16289762354529946,15.0,-2.212204975777092,217.55795369368224,w55,indole,147,61,3.44,0.89,10.5
47.72015079147441,3.2,4.172107834638528e-09,4.182345672320106,4.182345668147998,0.23487912053790197,0.019802955571519152,1.9090154090843439,16.0,5.595974484125373,217.55795369368224,w55,indole,147,61,3.44,0.89,10.5
47.72015079147441,3.2,4.172107834638528e-09,4.182345672320106,4.182345668147998,0.23487912053790197,0.0016351264911971747,0.8217486197854913,19.0,1.064329643833235,217.55795369368224,w55,indole,147,61,3.44,0.89,10.5
47.72015079147441,3.2,4.172107834638528e-09,4.182345672320106,4.182345668147998,0.23487912053790197,0.0010696695275222907,-0.15411888896493364,19.5,0.9090907654890903,217.55795369368224,w55,indole,147,61,3.44,0.89,10.5
47.72015079147441,3.2,4.172107834638528e-09,4.182345672320106,4.182345668147998,0.23487912053790197,0.0006982604812795018,1.3307166478684995,20.0,2.7768543260979057,217.55795369368224,w55,indole,147,61,3.44,0.89,10.5
47.72015079147441,3.2,4.172107834638528e-09,4.182345672320106,4.182345668147998,0.23487912053790197,0.0004548841741876845,2.1050272206230964,20.5,5.9180164880558745,217.55795369368224,w55,indole,147,61,3.44,0.89,10.5
47.72015079147441,3.2,4.172107834638528e-09,4.182345672320106,4.182345668147998,0.23487912053790197,0.00012435281253114693,0.8953046740134716,22.0,4.563827178067198,217.55795369368224,w55,indole,147,61,3.44,0.89,10.5
52.65261119490986,2.8000000000025698,0.730731114421115,4.502259669076397,3.7715285546552826,0.4513447649687526,4.310404680291288e-18,-6.265143729579824,-1.0,-3.1755052443015686,264.9257914416111,w55,indole,148,61,3.13,0.92,10.5
52.65261119490986,2.8000000000025698,0.730731114421115,4.502259669076397,3.7715285546552826,0.4513447649687526,5.272826828442688e-14,6.560047532287552,0.0,8.968050993640283,264.9257914416111,w55,indole,148,61,3.13,0.92,10.5
52.65261119490986,2.8000000000025698,0.730731114421115,4.502259669076397,3.7715285546552826,0.4513447649687526,11.902226524928166,11.789289839925491,1.0,12.719881013493117,264.9257914416111,w55,indole,148,61,3.13,0.92,10.5
52.65261119490986,2.8000000000025698,0.730731114421115,4.502259669076397,3.7715285546552826,0.4513447649687526,46.50435694469637,47.41552837339558,2.0,43.299354752610995,264.9257914416111,w55,indole,148,61,3.13,0.92,10.5
52.65261119490986,2.8000000000025698,0.730731114421115,4.502259669076397,3.7715285546552826,0.4513447649687526,49.73502037305203,46.91827429433725,3.5,54.79514259392168,264.9257914416111,w55,indole,148,61,3.13,0.92,10.5
52.65261119490986,2.8000000000025698,0.730731114421115,4.502259669076397,3.7715285546552826,0.4513447649687526,45.3654713487023,50.39541890528472,4.0,49.097034624917455,264.9257914416111,w55,indole,148,61,3.13,0.92,10.5
52.65261119490986,2.8000000000025698,0.730731114421115,4.502259669076397,3.7715285546552826,0.4513447649687526,29.743571072290067,28.873701780791528,5.5,27.94633911101131,264.9257914416111,w55,indole,148,61,3.13,0.92,10.5
52.65261119490986,2.8000000000025698,0.730731114421115,4.502259669076397,3.7715285546552826,0.4513447649687526,25.030110742537534,15.704627982373063,6.0,13.593364721156671,264.9257914416111,w55,indole,148,61,3.13,0.92,10.5
52.65261119490986,2.8000000000025698,0.730731114421115,4.502259669076397,3.7715285546552826,0.4513447649687526,17.18192270601781,13.074867204011396,7.0,21.60929434041706,264.9257914416111,w55,indole,148,61,3.13,0.92,10.5
52.65261119490986,2.8000000000025698,0.730731114421115,4.502259669076397,3.7715285546552826,0.4513447649687526,11.430754354293146,15.02738640256256,8.0,14.116102696069921,264.9257914416111,w55,indole,148,61,3.13,0.92,10.5
52.65261119490986,2.8000000000025698,0.730731114421115,4.502259669076397,3.7715285546552826,0.4513447649687526,7.430048098590309,13.503552156249828,9.0,8.702294559461848,264.9257914416111,w55,indole,148,61,3.13,0.92,10.5
52.65261119490986,2.8000000000025698,0.730731114421115,4.502259669076397,3.7715285546552826,0.4513447649687526,4.743849750777588,7.727430038878588,10.0,9.385813079456547,264.9257914416111,w55,indole,148,61,3.13,0.92,10.5
52.65261119490986,2.8000000000025698,0.730731114421115,4.502259669076397,3.7715285546552826,0.4513447649687526,2.9859994128031104,4.015865566864526,11.0,7.490772553758777,264.9257914416111,w55,indole,148,61,3.13,0.92,10.5
52.65261119490986,2.8000000000025698,0.730731114421115,4.502259669076397,3.7715285546552826,0.4513447649687526,1.8578838551358212,4.623306302385827,12.0,3.0276261100129194,264.9257914416111,w55,indole,148,61,3.13,0.92,10.5
52.65261119490986,2.8000000000025698,0.730731114421115,4.502259669076397,3.7715285546552826,0.4513447649687526,1.4600680022044072,-0.053808338455194615,12.5,0.2012108142531548,264.9257914416111,w55,indole,148,61,3.13,0.92,10.5
52.65261119490986,2.8000000000025698,0.730731114421115,4.502259669076397,3.7715285546552826,0.4513447649687526,0.8959778199524934,0.8409187799841686,13.5,2.4516435182102576,264.9257914416111,w55,indole,148,61,3.13,0.92,10.5
52.65261119490986,2.8000000000025698,0.730731114421115,4.502259669076397,3.7715285546552826,0.4513447649687526,0.4248545643916672,-1.3742272344656001,15.0,-0.054624663014288366,264.9257914416111,w55,indole,148,61,3.13,0.92,10.5
52.65261119490986,2.8000000000025698,0.730731114421115,4.502259669076397,3.7715285546552826,0.4513447649687526,0.2563721379978812,0.8407582078545239,16.0,0.9032541092525539,264.9257914416111,w55,indole,148,61,3.13,0.92,10.5
52.65261119490986,2.8000000000025698,0.730731114421115,4.502259669076397,3.7715285546552826,0.4513447649687526,0.054724909128493766,-0.3358146951439336,19.0,-1.2753082531815563,264.9257914416111,w55,indole,148,61,3.13,0.92,10.5
52.65261119490986,2.8000000000025698,0.730731114421115,4.502259669076397,3.7715285546552826,0.4513447649687526,0.042157544465877494,-1.4220972501190592,19.5,-2.2098644175028563,264.9257914416111,w55,indole,148,61,3.13,0.92,10.5
52.65261119490986,2.8000000000025698,0.730731114421115,4.502259669076397,3.7715285546552826,0.4513447649687526,0.032448213118606545,0.2863671913543602,20.0,-0.27270247601677644,264.9257914416111,w55,indole,148,61,3.13,0.92,10.5
52.65261119490986,2.8000000000025698,0.730731114421115,4.502259669076397,3.7715285546552826,0.4513447649687526,0.02495460441609965,1.0725920672521976,20.5,-1.5783102071265862,264.9257914416111,w55,indole,148,61,3.13,0.92,10.5
52.65261119490986,2.8000000000025698,0.730731114421115,4.502259669076397,3.7715285546552826,0.4513447649687526,0.011299734147014785,-0.1732717329905764,22.0,-2.4001217251345186,264.9257914416111,w55,indole,148,61,3.13,0.92,10.5
26.78180003338474,2.4,0.8582323781027635,4.412277632757455,3.5540452546546915,0.5661935874682514,1.9300784017463012e-14,-3.2587914605263446,-1.0,-2.1303344249673177,131.2279057536583,w55,indole,149,61,2.97,0.84,10.5
26.78180003338474,2.4,0.8582323781027635,4.412277632757455,3.5540452546546915,0.5661935874682514,2.5859257572542765e-10,3.4030171199315937,0.0,4.3869181410991445,131.2279057536583,w55,indole,149,61,2.97,0.84,10.5
26.78180003338474,2.4,0.8582323781027635,4.412277632757455,3.5540452546546915,0.5661935874682514,6.944986643425317,6.084689996372007,1.0,7.815298189405239,131.2279057536583,w55,indole,149,61,2.97,0.84,10.5
26.78180003338474,2.4,0.8582323781027635,4.412277632757455,3.5540452546546915,0.5661935874682514,25.955084061216944,24.61252747697401,2.0,27.090481343384337,131.2279057536583,w55,indole,149,61,2.97,0.84,10.5
26.78180003338474,2.4,0.8582323781027635,4.412277632757455,3.5540452546546915,0.5661935874682514,23.422116970624874,24.337247572748424,3.5,16.192225506175483,131.2279057536583,w55,indole,149,61,2.97,0.84,10.5
26.78180003338474,2.4,0.8582323781027635,4.412277632757455,3.5540452546546915,0.5661935874682514,20.863761340866628,26.147663132620426,4.0,25.765325353000385,131.2279057536583,w55,indole,149,61,2.97,0.84,10.5
26.78180003338474,2.4,0.8582323781027635,4.412277632757455,3.5540452546546915,0.5661935874682514,13.35161530260925,14.914535105052455,5.5,12.681392129061095,131.2279057536583,w55,indole,149,61,2.97,0.84,10.5
26.78180003338474,2.4,0.8582323781027635,4.412277632757455,3.5540452546546915,0.5661935874682514,11.263239091702134,8.044036623767095,6.0,10.228208578235316,131.2279057536583,w55,indole,149,61,2.97,0.84,10.5
26.78180003338474,2.4,0.8582323781027635,4.412277632757455,3.5540452546546915,0.5661935874682514,7.851912906250374,6.670060417564213,7.0,-0.18180887347630348,131.2279057536583,w55,indole,149,61,2.97,0.84,10.5
26.78180003338474,2.4,0.8582323781027635,4.412277632757455,3.5540452546546915,0.5661935874682514,5.362254115884762,7.684862590962234,8.0,8.278638274410952,131.2279057536583,w55,indole,149,61,2.97,0.84,10.5
26.78180003338474,2.4,0.8582323781027635,4.412277632757455,3.5540452546546915,0.5661935874682514,3.6068713991676233,6.884232201154747,9.0,5.225347553027598,131.2279057536583,w55,indole,149,61,2.97,0.84,10.5
26.78180003338474,2.4,0.8582323781027635,4.412277632757455,3.5540452546546915,0.5661935874682514,2.39803752791012,3.874196169167795,10.0,2.185846298125824,131.2279057536583,w55,indole,149,61,2.97,0.84,10.5
26.78180003338474,2.4,0.8582323781027635,4.412277632757455,3.5540452546546915,0.5661935874682514,1.579703948815079,1.9322611281997157,11.0,0.5119981674820788,131.2279057536583,w55,indole,149,61,2.97,0.84,10.5
26.78180003338474,2.4,0.8582323781027635,4.412277632757455,3.5540452546546915,0.5661935874682514,1.032867235005218,2.2535137587245546,12.0,3.3891502738025325,131.2279057536583,w55,indole,149,61,2.97,0.84,10.5
26.78180003338474,2.4,0.8582323781027635,4.412277632757455,3.5540452546546915,0.5661935874682514,0.8331830487789323,-0.18205082509947035,12.5,-1.2490206685013479,131.2279057536583,w55,indole,149,61,2.97,0.84,10.5
26.78180003338474,2.4,0.8582323781027635,4.412277632757455,3.5540452546546915,0.5661935874682514,0.5399316839675656,0.2818913787843462,13.5,1.9662961286982878,131.2279057536583,w55,indole,149,61,2.97,0.84,10.5
26.78180003338474,2.4,0.8582323781027635,4.412277632757455,3.5540452546546915,0.5661935874682514,0.27919981764213475,-0.863836306075263,15.0,-0.10794558530795029,131.2279057536583,w55,indole,149,61,2.97,0.84,10.5
26.78180003338474,2.4,0.8582323781027635,4.412277632757455,3.5540452546546915,0.5661935874682514,0.178989502724906,0.27598052747500035,16.0,0.3600268515717788,131.2279057536583,w55,indole,149,61,2.97,0.84,10.5
26.78180003338474,2.4,0.8582323781027635,4.412277632757455,3.5540452546546915,0.5661935874682514,0.046292218577057925,-0.3313174165544306,19.0,-0.43310058775551696,131.2279057536583,w55,indole,149,61,2.97,0.84,10.5
26.78180003338474,2.4,0.8582323781027635,4.412277632757455,3.5540452546546915,0.5661935874682514,0.036867483003122765,-0.8958802183862298,19.5,1.01511979325634,131.2279057536583,w55,indole,149,61,2.97,0.84,10.5
26.78180003338474,2.4,0.8582323781027635,4.412277632757455,3.5540452546546915,0.5661935874682514,0.02934536528524706,-0.0010426637194109745,20.0,0.47103600004552826,131.2279057536583,w55,indole,149,61,2.97,0.84,10.5
26.78180003338474,2.4,0.8582323781027635,4.412277632757455,3.5540452546546915,0.5661935874682514,0.02334578273070486,0.3981652009382429,20.5,2.2184755881358944,131.2279057536583,w55,indole,149,61,2.97,0.84,10.5
26.78180003338474,2.4,0.8582323781027635,4.412277632757455,3.5540452546546915,0.5661935874682514,0.011720944236563455,-0.2368139985992186,22.0,0.6793934659946832,131.2279057536583,w55,indole,149,61,2.97,0.84,10.5
39.4588497814006,2.8000000000391347,0.8278403170603204,5.091430301165589,4.263589984105269,0.5374415245530042,3.2932583064485006e-15,-4.80314476669732,-1.0,-2.22562496218149,230.85404254287505,w55,indole,150,61,3.44,0.99,10.5
39.4588497814006,2.8000000000391347,0.8278403170603204,5.091430301165589,4.263589984105269,0.5374415245530042,4.687383429764629e-11,5.12897256549398,0.0,3.8912274351846463,230.85404254287505,w55,indole,150,61,3.44,0.99,10.5
39.4588497814006,2.8000000000391347,0.8278403170603204,5.091430301165589,4.263589984105269,0.5374415245530042,9.003454936485294,9.698526613725123,1.0,8.78883354775631,230.85404254287505,w55,indole,150,61,3.44,0.99,10.5
39.4588497814006,2.8000000000391347,0.8278403170603204,5.091430301165589,4.263589984105269,0.5374415245530042,35.751346320185476,36.95061757336844,2.0,33.225451585019805,230.85404254287505,w55,indole,150,61,3.44,0.99,10.5
39.4588497814006,2.8000000000391347,0.8278403170603204,5.091430301165589,4.263589984105269,0.5374415245530042,37.75835461537996,36.82112956816023,3.5,43.78225759991701,230.85404254287505,w55,indole,150,61,3.44,0.99,10.5
39.4588497814006,2.8000000000391347,0.8278403170603204,5.091430301165589,4.263589984105269,0.5374415245530042,35.18532113207747,39.44956674352707,4.0,37.68430722227234,230.85404254287505,w55,indole,150,61,3.44,0.99,10.5
39.4588497814006,2.8000000000391347,0.8278403170603204,5.091430301165589,4.263589984105269,0.5374415245530042,25.515191975466504,23.596065178431168,5.5,19.45904146920357,230.85404254287505,w55,indole,150,61,3.44,0.99,10.5
39.4588497814006,2.8000000000391347,0.8278403170603204,5.091430301165589,4.263589984105269,0.5374415245530042,22.389068947372124,13.849943749946389,6.0,18.205771695146822,230.85404254287505,w55,indole,150,61,3.44,0.99,10.5
39.4588497814006,2.8000000000391347,0.8278403170603204,5.091430301165589,4.263589984105269,0.5374415245530042,16.849053399415613,11.9336794089233,7.0,19.511826600498395,230.85404254287505,w55,indole,150,61,3.44,0.99,10.5
39.4588497814006,2.8000000000391347,0.8278403170603204,5.091430301165589,4.263589984105269,0.5374415245530042,12.392878060624168,13.436695687867113,8.0,13.019695167348765,230.85404254287505,w55,indole,150,61,3.44,0.99,10.5
39.4588497814006,2.8000000000391347,0.8278403170603204,5.091430301165589,4.263589984105269,0.5374415245530042,8.962535281386238,12.393543241224279,9.0,14.401628512617423,230.85404254287505,w55,indole,150,61,3.44,0.99,10.5
39.4588497814006,2.8000000000391347,0.8278403170603204,5.091430301165589,4.263589984105269,0.5374415245530042,6.398090423922711,8.066850152709467,10.0,4.190537501175948,230.85404254287505,w55,indole,150,61,3.44,0.99,10.5
39.4588497814006,2.8000000000391347,0.8278403170603204,5.091430301165589,4.263589984105269,0.5374415245530042,4.52064339568865,5.403613942937147,11.0,8.141620941304222,230.85404254287505,w55,indole,150,61,3.44,0.99,10.5
39.4588497814006,2.8000000000391347,0.8278403170603204,5.091430301165589,4.263589984105269,0.5374415245530042,3.167525917191502,5.78784879741518,12.0,6.611997762665331,230.85404254287505,w55,indole,150,61,3.44,0.99,10.5
39.4588497814006,2.8000000000391347,0.8278403170603204,5.091430301165589,4.263589984105269,0.5374415245530042,2.644356776548293,2.2579097117997584,12.5,2.4551424727205826,230.85404254287505,w55,indole,150,61,3.44,0.99,10.5
39.4588497814006,2.8000000000391347,0.8278403170603204,5.091430301165589,4.263589984105269,0.5374415245530042,1.8344906857030197,2.962950657431307,13.5,0.6849008604935773,230.85404254287505,w55,indole,150,61,3.44,0.99,10.5
39.4588497814006,2.8000000000391347,0.8278403170603204,5.091430301165589,4.263589984105269,0.5374415245530042,1.049630849172904,1.173944127700283,15.0,1.1088746187443137,230.85404254287505,w55,indole,150,61,3.44,0.99,10.5
39.4588497814006,2.8000000000391347,0.8278403170603204,5.091430301165589,4.263589984105269,0.5374415245530042,0.7194361590149767,3.0504917320203626,16.0,1.3480862082843053,230.85404254287505,w55,indole,150,61,3.44,0.99,10.5
39.4588497814006,2.8000000000391347,0.8278403170603204,5.091430301165589,4.263589984105269,0.5374415245530042,0.22690487488516678,2.0813928561030792,19.0,2.234814532070491,230.85404254287505,w55,indole,150,61,3.44,0.99,10.5
39.4588497814006,2.8000000000391347,0.8278403170603204,5.091430301165589,4.263589984105269,0.5374415245530042,0.18673445083729195,1.2448658569612006,19.5,-0.7919593267038159,230.85404254287505,w55,indole,150,61,3.44,0.99,10.5
39.4588497814006,2.8000000000391347,0.8278403170603204,5.091430301165589,4.263589984105269,0.5374415245530042,0.15358080967091886,2.4565075905722726,20.0,1.227319427533537,230.85404254287505,w55,indole,150,61,3.44,0.99,10.5
39.4588497814006,2.8000000000391347,0.8278403170603204,5.091430301165589,4.263589984105269,0.5374415245530042,0.12623946511576403,3.2035094438979934,20.5,2.23078902825666,230.85404254287505,w55,indole,150,61,3.44,0.99,10.5
39.4588497814006,2.8000000000391347,0.8278403170603204,5.091430301165589,4.263589984105269,0.5374415245530042,0.06988225820349497,2.0557289510717265,22.0,1.1591975766915796,230.85404254287505,w55,indole,150,61,3.44,0.99,10.5
42.236191954403075,3.200000008536494,0.47893554717423026,4.937888329445711,4.4589527822714805,0.38975257325418494,8.209804194074345e-21,-5.393297654014063,-1.0,-6.516413947253415,242.6522943797388,w55,indole,151,61,3.32,1.01,10.5
42.236191954403075,3.200000008536494,0.47893554717423026,4.937888329445711,4.4589527822714805,0.38975257325418494,1.0087476433699168e-16,5.679920797053855,0.0,0.9030327773667537,242.6522943797388,w55,indole,151,61,3.32,1.01,10.5
42.236191954403075,3.200000008536494,0.47893554717423026,4.937888329445711,4.4589527822714805,0.38975257325418494,11.198001205349247,10.38150534044468,1.0,10.746838258500919,242.6522943797388,w55,indole,151,61,3.32,1.01,10.5
42.236191954403075,3.200000008536494,0.47893554717423026,4.937888329445711,4.4589527822714805,0.38975257325418494,33.890056620097745,41.019812672729856,2.0,39.41407052192531,242.6522943797388,w55,indole,151,61,3.32,1.01,10.5
42.236191954403075,3.200000008536494,0.47893554717423026,4.937888329445711,4.4589527822714805,0.38975257325418494,41.86322710208507,40.68225939530421,3.5,37.11069519460677,242.6522943797388,w55,indole,151,61,3.32,1.01,10.5
42.236191954403075,3.200000008536494,0.47893554717423026,4.937888329445711,4.4589527822714805,0.38975257325418494,39.904949188555285,43.6613095650394,4.0,43.87611423219466,242.6522943797388,w55,indole,151,61,3.32,1.01,10.5
42.236191954403075,3.200000008536494,0.47893554717423026,4.937888329445711,4.4589527822714805,0.38975257325418494,29.342239731069466,25.371603497492696,5.5,28.13342387940882,242.6522943797388,w55,indole,151,61,3.32,1.01,10.5
42.236191954403075,3.200000008536494,0.47893554717423026,4.937888329445711,4.4589527822714805,0.38975257325418494,25.53258311022455,14.163882136835106,6.0,22.69464845128128,242.6522943797388,w55,indole,151,61,3.32,1.01,10.5
42.236191954403075,3.200000008536494,0.47893554717423026,4.937888329445711,4.4589527822714805,0.38975257325418494,18.637706938519944,11.936545306779783,7.0,20.621469650726397,242.6522943797388,w55,indole,151,61,3.32,1.01,10.5
42.236191954403075,3.200000008536494,0.47893554717423026,4.937888329445711,4.4589527822714805,0.38975257325418494,13.107160045659722,13.619089950710626,8.0,13.89140538390837,242.6522943797388,w55,indole,151,61,3.32,1.01,10.5
42.236191954403075,3.200000008536494,0.47893554717423026,4.937888329445711,4.4589527822714805,0.38975257325418494,8.96388227217556,12.352586610430345,9.0,12.991173039312017,242.6522943797388,w55,indole,151,61,3.32,1.01,10.5
42.236191954403075,3.200000008536494,0.47893554717423026,4.937888329445711,4.4589527822714805,0.38975257325418494,5.998649292346502,7.418095789906724,10.0,9.176681630818974,242.6522943797388,w55,indole,151,61,3.32,1.01,10.5
42.236191954403075,3.200000008536494,0.47893554717423026,4.937888329445711,4.4589527822714805,0.38975257325418494,3.9451900307043686,4.289336884469037,11.0,6.155417321849271,242.6522943797388,w55,indole,151,61,3.32,1.01,10.5
42.236191954403075,3.200000008536494,0.47893554717423026,4.937888329445711,4.4589527822714805,0.38975257325418494,2.5580642365721915,4.7828548667367095,12.0,4.203112295765807,242.6522943797388,w55,indole,151,61,3.32,1.01,10.5
42.236191954403075,3.200000008536494,0.47893554717423026,4.937888329445711,4.4589527822714805,0.38975257325418494,2.050457475657826,0.777730718374471,12.5,2.16817987803242,242.6522943797388,w55,indole,151,61,3.32,1.01,10.5
42.236191954403075,3.200000008536494,0.47893554717423026,4.937888329445711,4.4589527822714805,0.38975257325418494,1.3070415089345733,1.5545949305588627,13.5,1.292597431193883,242.6522943797388,w55,indole,151,61,3.32,1.01,10.5
42.236191954403075,3.200000008536494,0.47893554717423026,4.937888329445711,4.4589527822714805,0.38975257325418494,0.6540080218336725,-0.3843609807805173,15.0,-0.9786567703455715,242.6522943797388,w55,indole,151,61,3.32,1.01,10.5
42.236191954403075,3.200000008536494,0.47893554717423026,4.937888329445711,4.4589527822714805,0.38975257325418494,0.408292086868736,1.5859332059988425,16.0,0.9840482794299605,242.6522943797388,w55,indole,151,61,3.32,1.01,10.5
42.236191954403075,3.200000008536494,0.47893554717423026,4.937888329445711,4.4589527822714805,0.38975257325418494,0.0958161326463845,0.5492831730947239,19.0,0.7713792399908184,242.6522943797388,w55,indole,151,61,3.32,1.01,10.5
42.236191954403075,3.200000008536494,0.47893554717423026,4.937888329445711,4.4589527822714805,0.38975257325418494,0.07492098369146476,-0.3869159568089131,19.5,-1.0790380295654352,242.6522943797388,w55,indole,151,61,3.32,1.01,10.5
42.236191954403075,3.200000008536494,0.47893554717423026,4.937888329445711,4.4589527822714805,0.38975257325418494,0.058519186230711666,1.0481550046489634,20.0,0.08495557006604892,242.6522943797388,w55,indole,151,61,3.32,1.01,10.5
42.236191954403075,3.200000008536494,0.47893554717423026,4.937888329445711,4.4589527822714805,0.38975257325418494,0.04566114912900954,1.7765755489661823,20.5,-0.3224415968624603,242.6522943797388,w55,indole,151,61,3.32,1.01,10.5
42.236191954403075,3.200000008536494,0.47893554717423026,4.937888329445711,4.4589527822714805,0.38975257325418494,0.021568870104653564,0.6352102633557859,22.0,-1.405239481367306,242.6522943797388,w55,indole,151,61,3.32,1.01,10.5
47.72015079147441,3.2,4.172107834638528e-09,4.182345672320106,4.182345668147998,0.23487912053790197,9.374173497888322e-36,-5.618746224947611,-1.0,-9.564263698311574,217.55795369368224,w60,indole,152,66,3.44,0.89,10.5
47.72015079147441,3.2,4.172107834638528e-09,4.182345672320106,4.182345668147998,0.23487912053790197,3.7305089448789015e-32,5.929572700017825,0.0,7.940124235932224,217.55795369368224,w60,indole,152,66,3.44,0.89,10.5
47.72015079147441,3.2,4.172107834638528e-09,4.182345672320106,4.182345668147998,0.23487912053790197,10.13375059935602,10.887971920273229,1.0,8.110331078710265,217.55795369368224,w60,indole,152,66,3.44,0.89,10.5
47.72015079147441,3.2,4.172107834638528e-09,4.182345672320106,4.182345668147998,0.23487912053790197,35.01857253251714,42.80504619976601,2.0,48.05892067001865,217.55795369368224,w60,indole,152,66,3.44,0.89,10.5
47.72015079147441,3.2,4.172107834638528e-09,4.182345672320106,4.182345668147998,0.23487912053790197,47.081243817112835,42.48009395559051,3.5,41.721173316159394,217.55795369368224,w60,indole,152,66,3.44,0.89,10.5
47.72015079147441,3.2,4.172107834638528e-09,4.182345672320106,4.182345668147998,0.23487912053790197,43.722752997277354,45.58014346486475,4.0,48.34856529185252,217.55795369368224,w60,indole,152,66,3.44,0.89,10.5
47.72015079147441,3.2,4.172107834638528e-09,4.182345672320106,4.182345668147998,0.23487912053790197,26.796657540303666,26.59190160865702,5.5,32.36802183283658,217.55795369368224,w60,indole,152,66,3.44,0.89,10.5
47.72015079147441,3.2,4.172107834638528e-09,4.182345672320106,4.182345668147998,0.23487912053790197,21.38589759844369,14.951236750210349,6.0,-3.7252727840213025,217.55795369368224,w60,indole,152,66,3.44,0.89,10.5
47.72015079147441,3.2,4.172107834638528e-09,4.182345672320106,4.182345668147998,0.23487912053790197,12.767557165687084,12.641080669700381,7.0,-3.8019708260949168,217.55795369368224,w60,indole,152,66,3.44,0.89,10.5
47.72015079147441,3.2,4.172107834638528e-09,4.182345672320106,4.182345668147998,0.23487912053790197,7.127178854011067,14.394855623575655,8.0,13.459683421673663,217.55795369368224,w60,indole,152,66,3.44,0.89,10.5
47.72015079147441,3.2,4.172107834638528e-09,4.182345672320106,4.182345668147998,0.23487912053790197,3.7796189336174404,13.088523022327388,9.0,14.929592363622346,217.55795369368224,w60,indole,152,66,3.44,0.89,10.5
47.72015079147441,3.2,4.172107834638528e-09,4.182345672320106,4.182345668147998,0.23487912053790197,1.9248815451385393,7.957836111143306,10.0,12.484693961011535,217.55795369368224,w60,indole,152,66,3.44,0.89,10.5
47.72015079147441,3.2,4.172107834638528e-09,4.182345672320106,4.182345668147998,0.23487912053790197,0.9487277594903211,4.717203719664555,11.0,-1.8419841295632562,217.55795369368224,w60,indole,152,66,3.44,0.89,10.5
47.72015079147441,3.2,4.172107834638528e-09,4.182345672320106,4.182345668147998,0.23487912053790197,0.45513343389548006,5.2227642521288145,12.0,6.542860099687633,217.55795369368224,w60,indole,152,66,3.44,0.89,10.5
47.72015079147441,3.2,4.172107834638528e-09,4.182345672320106,4.182345668147998,0.23487912053790197,0.31249324564529535,1.055560552637897,12.5,0.5403250487360824,217.55795369368224,w60,indole,152,66,3.44,0.89,10.5
47.72015079147441,3.2,4.172107834638528e-09,4.182345672320106,4.182345668147998,0.23487912053790197,0.145083950656695,1.8670432348148713,13.5,2.8200527934764104,217.55795369368224,w60,indole,152,66,3.44,0.89,10.5
47.72015079147441,3.2,4.172107834638528e-09,4.182345672320106,4.182345668147998,0.23487912053790197,0.04441458827650091,-0.16289762354529946,15.0,-2.212204975777092,217.55795369368224,w60,indole,152,66,3.44,0.89,10.5
47.72015079147441,3.2,4.172107834638528e-09,4.182345672320106,4.182345668147998,0.23487912053790197,0.019802955571519152,1.9090154090843439,16.0,5.595974484125373,217.55795369368224,w60,indole,152,66,3.44,0.89,10.5
47.72015079147441,3.2,4.172107834638528e-09,4.182345672320106,4.182345668147998,0.23487912053790197,0.0016351264911971747,0.8217486197854913,19.0,1.064329643833235,217.55795369368224,w60,indole,152,66,3.44,0.89,10.5
47.72015079147441,3.2,4.172107834638528e-09,4.182345672320106,4.182345668147998,0.23487912053790197,0.0010696695275222907,-0.15411888896493364,19.5,0.9090907654890903,217.55795369368224,w60,indole,152,66,3.44,0.89,10.5
47.72015079147441,3.2,4.172107834638528e-09,4.182345672320106,4.182345668147998,0.23487912053790197,0.0006982604812795018,1.3307166478684995,20.0,2.7768543260979057,217.55795369368224,w60,indole,152,66,3.44,0.89,10.5
47.72015079147441,3.2,4.172107834638528e-09,4.182345672320106,4.182345668147998,0.23487912053790197,0.0004548841741876845,2.1050272206230964,20.5,5.9180164880558745,217.55795369368224,w60,indole,152,66,3.44,0.89,10.5
47.72015079147441,3.2,4.172107834638528e-09,4.182345672320106,4.182345668147998,0.23487912053790197,0.00012435281253114693,0.8953046740134716,22.0,4.563827178067198,217.55795369368224,w60,indole,152,66,3.44,0.89,10.5
52.65261119490986,2.8000000000025698,0.730731114421115,4.502259669076397,3.7715285546552826,0.4513447649687526,4.310404680291288e-18,-6.265143729579824,-1.0,-3.1755052443015686,264.9257914416111,w60,indole,153,66,3.13,0.92,10.5
52.65261119490986,2.8000000000025698,0.730731114421115,4.502259669076397,3.7715285546552826,0.4513447649687526,5.272826828442688e-14,6.560047532287552,0.0,8.968050993640283,264.9257914416111,w60,indole,153,66,3.13,0.92,10.5
52.65261119490986,2.8000000000025698,0.730731114421115,4.502259669076397,3.7715285546552826,0.4513447649687526,11.902226524928166,11.789289839925491,1.0,12.719881013493117,264.9257914416111,w60,indole,153,66,3.13,0.92,10.5
52.65261119490986,2.8000000000025698,0.730731114421115,4.502259669076397,3.7715285546552826,0.4513447649687526,46.50435694469637,47.41552837339558,2.0,43.299354752610995,264.9257914416111,w60,indole,153,66,3.13,0.92,10.5
52.65261119490986,2.8000000000025698,0.730731114421115,4.502259669076397,3.7715285546552826,0.4513447649687526,49.73502037305203,46.91827429433725,3.5,54.79514259392168,264.9257914416111,w60,indole,153,66,3.13,0.92,10.5
52.65261119490986,2.8000000000025698,0.730731114421115,4.502259669076397,3.7715285546552826,0.4513447649687526,45.3654713487023,50.39541890528472,4.0,49.097034624917455,264.9257914416111,w60,indole,153,66,3.13,0.92,10.5
52.65261119490986,2.8000000000025698,0.730731114421115,4.502259669076397,3.7715285546552826,0.4513447649687526,29.743571072290067,28.873701780791528,5.5,27.94633911101131,264.9257914416111,w60,indole,153,66,3.13,0.92,10.5
52.65261119490986,2.8000000000025698,0.730731114421115,4.502259669076397,3.7715285546552826,0.4513447649687526,25.030110742537534,15.704627982373063,6.0,13.593364721156671,264.9257914416111,w60,indole,153,66,3.13,0.92,10.5
52.65261119490986,2.8000000000025698,0.730731114421115,4.502259669076397,3.7715285546552826,0.4513447649687526,17.18192270601781,13.074867204011396,7.0,21.60929434041706,264.9257914416111,w60,indole,153,66,3.13,0.92,10.5
52.65261119490986,2.8000000000025698,0.730731114421115,4.502259669076397,3.7715285546552826,0.4513447649687526,11.430754354293146,15.02738640256256,8.0,14.116102696069921,264.9257914416111,w60,indole,153,66,3.13,0.92,10.5
52.65261119490986,2.8000000000025698,0.730731114421115,4.502259669076397,3.7715285546552826,0.4513447649687526,7.430048098590309,13.503552156249828,9.0,8.702294559461848,264.9257914416111,w60,indole,153,66,3.13,0.92,10.5
52.65261119490986,2.8000000000025698,0.730731114421115,4.502259669076397,3.7715285546552826,0.4513447649687526,4.743849750777588,7.727430038878588,10.0,9.385813079456547,264.9257914416111,w60,indole,153,66,3.13,0.92,10.5
52.65261119490986,2.8000000000025698,0.730731114421115,4.502259669076397,3.7715285546552826,0.4513447649687526,2.9859994128031104,4.015865566864526,11.0,7.490772553758777,264.9257914416111,w60,indole,153,66,3.13,0.92,10.5
52.65261119490986,2.8000000000025698,0.730731114421115,4.502259669076397,3.7715285546552826,0.4513447649687526,1.8578838551358212,4.623306302385827,12.0,3.0276261100129194,264.9257914416111,w60,indole,153,66,3.13,0.92,10.5
52.65261119490986,2.8000000000025698,0.730731114421115,4.502259669076397,3.7715285546552826,0.4513447649687526,1.4600680022044072,-0.053808338455194615,12.5,0.2012108142531548,264.9257914416111,w60,indole,153,66,3.13,0.92,10.5
52.65261119490986,2.8000000000025698,0.730731114421115,4.502259669076397,3.7715285546552826,0.4513447649687526,0.8959778199524934,0.8409187799841686,13.5,2.4516435182102576,264.9257914416111,w60,indole,153,66,3.13,0.92,10.5
52.65261119490986,2.8000000000025698,0.730731114421115,4.502259669076397,3.7715285546552826,0.4513447649687526,0.4248545643916672,-1.3742272344656001,15.0,-0.054624663014288366,264.9257914416111,w60,indole,153,66,3.13,0.92,10.5
52.65261119490986,2.8000000000025698,0.730731114421115,4.502259669076397,3.7715285546552826,0.4513447649687526,0.2563721379978812,0.8407582078545239,16.0,0.9032541092525539,264.9257914416111,w60,indole,153,66,3.13,0.92,10.5
52.65261119490986,2.8000000000025698,0.730731114421115,4.502259669076397,3.7715285546552826,0.4513447649687526,0.054724909128493766,-0.3358146951439336,19.0,-1.2753082531815563,264.9257914416111,w60,indole,153,66,3.13,0.92,10.5
52.65261119490986,2.8000000000025698,0.730731114421115,4.502259669076397,3.7715285546552826,0.4513447649687526,0.042157544465877494,-1.4220972501190592,19.5,-2.2098644175028563,264.9257914416111,w60,indole,153,66,3.13,0.92,10.5
52.65261119490986,2.8000000000025698,0.730731114421115,4.502259669076397,3.7715285546552826,0.4513447649687526,0.032448213118606545,0.2863671913543602,20.0,-0.27270247601677644,264.9257914416111,w60,indole,153,66,3.13,0.92,10.5
52.65261119490986,2.8000000000025698,0.730731114421115,4.502259669076397,3.7715285546552826,0.4513447649687526,0.02495460441609965,1.0725920672521976,20.5,-1.5783102071265862,264.9257914416111,w60,indole,153,66,3.13,0.92,10.5
52.65261119490986,2.8000000000025698,0.730731114421115,4.502259669076397,3.7715285546552826,0.4513447649687526,0.011299734147014785,-0.1732717329905764,22.0,-2.4001217251345186,264.9257914416111,w60,indole,153,66,3.13,0.92,10.5
26.78180003338474,2.4,0.8582323781027635,4.412277632757455,3.5540452546546915,0.5661935874682514,1.9300784017463012e-14,-3.2587914605263446,-1.0,-2.1303344249673177,131.2279057536583,w60,indole,154,66,2.97,0.84,10.5
26.78180003338474,2.4,0.8582323781027635,4.412277632757455,3.5540452546546915,0.5661935874682514,2.5859257572542765e-10,3.4030171199315937,0.0,4.3869181410991445,131.2279057536583,w60,indole,154,66,2.97,0.84,10.5
26.78180003338474,2.4,0.8582323781027635,4.412277632757455,3.5540452546546915,0.5661935874682514,6.944986643425317,6.084689996372007,1.0,7.815298189405239,131.2279057536583,w60,indole,154,66,2.97,0.84,10.5
26.78180003338474,2.4,0.8582323781027635,4.412277632757455,3.5540452546546915,0.5661935874682514,25.955084061216944,24.61252747697401,2.0,27.090481343384337,131.2279057536583,w60,indole,154,66,2.97,0.84,10.5
26.78180003338474,2.4,0.8582323781027635,4.412277632757455,3.5540452546546915,0.5661935874682514,23.422116970624874,24.337247572748424,3.5,16.192225506175483,131.2279057536583,w60,indole,154,66,2.97,0.84,10.5
26.78180003338474,2.4,0.8582323781027635,4.412277632757455,3.5540452546546915,0.5661935874682514,20.863761340866628,26.147663132620426,4.0,25.765325353000385,131.2279057536583,w60,indole,154,66,2.97,0.84,10.5
26.78180003338474,2.4,0.8582323781027635,4.412277632757455,3.5540452546546915,0.5661935874682514,13.35161530260925,14.914535105052455,5.5,12.681392129061095,131.2279057536583,w60,indole,154,66,2.97,0.84,10.5
26.78180003338474,2.4,0.8582323781027635,4.412277632757455,3.5540452546546915,0.5661935874682514,11.263239091702134,8.044036623767095,6.0,10.228208578235316,131.2279057536583,w60,indole,154,66,2.97,0.84,10.5
26.78180003338474,2.4,0.8582323781027635,4.412277632757455,3.5540452546546915,0.5661935874682514,7.851912906250374,6.670060417564213,7.0,-0.18180887347630348,131.2279057536583,w60,indole,154,66,2.97,0.84,10.5
26.78180003338474,2.4,0.8582323781027635,4.412277632757455,3.5540452546546915,0.5661935874682514,5.362254115884762,7.684862590962234,8.0,8.278638274410952,131.2279057536583,w60,indole,154,66,2.97,0.84,10.5
26.78180003338474,2.4,0.8582323781027635,4.412277632757455,3.5540452546546915,0.5661935874682514,3.6068713991676233,6.884232201154747,9.0,5.225347553027598,131.2279057536583,w60,indole,154,66,2.97,0.84,10.5
26.78180003338474,2.4,0.8582323781027635,4.412277632757455,3.5540452546546915,0.5661935874682514,2.39803752791012,3.874196169167795,10.0,2.185846298125824,131.2279057536583,w60,indole,154,66,2.97,0.84,10.5
26.78180003338474,2.4,0.8582323781027635,4.412277632757455,3.5540452546546915,0.5661935874682514,1.579703948815079,1.9322611281997157,11.0,0.5119981674820788,131.2279057536583,w60,indole,154,66,2.97,0.84,10.5
26.78180003338474,2.4,0.8582323781027635,4.412277632757455,3.5540452546546915,0.5661935874682514,1.032867235005218,2.2535137587245546,12.0,3.3891502738025325,131.2279057536583,w60,indole,154,66,2.97,0.84,10.5
26.78180003338474,2.4,0.8582323781027635,4.412277632757455,3.5540452546546915,0.5661935874682514,0.8331830487789323,-0.18205082509947035,12.5,-1.2490206685013479,131.2279057536583,w60,indole,154,66,2.97,0.84,10.5
26.78180003338474,2.4,0.8582323781027635,4.412277632757455,3.5540452546546915,0.5661935874682514,0.5399316839675656,0.2818913787843462,13.5,1.9662961286982878,131.2279057536583,w60,indole,154,66,2.97,0.84,10.5
26.78180003338474,2.4,0.8582323781027635,4.412277632757455,3.5540452546546915,0.5661935874682514,0.27919981764213475,-0.863836306075263,15.0,-0.10794558530795029,131.2279057536583,w60,indole,154,66,2.97,0.84,10.5
26.78180003338474,2.4,0.8582323781027635,4.412277632757455,3.5540452546546915,0.5661935874682514,0.178989502724906,0.27598052747500035,16.0,0.3600268515717788,131.2279057536583,w60,indole,154,66,2.97,0.84,10.5
26.78180003338474,2.4,0.8582323781027635,4.412277632757455,3.5540452546546915,0.5661935874682514,0.046292218577057925,-0.3313174165544306,19.0,-0.43310058775551696,131.2279057536583,w60,indole,154,66,2.97,0.84,10.5
26.78180003338474,2.4,0.8582323781027635,4.412277632757455,3.5540452546546915,0.5661935874682514,0.036867483003122765,-0.8958802183862298,19.5,1.01511979325634,131.2279057536583,w60,indole,154,66,2.97,0.84,10.5
26.78180003338474,2.4,0.8582323781027635,4.412277632757455,3.5540452546546915,0.5661935874682514,0.02934536528524706,-0.0010426637194109745,20.0,0.47103600004552826,131.2279057536583,w60,indole,154,66,2.97,0.84,10.5
26.78180003338474,2.4,0.8582323781027635,4.412277632757455,3.5540452546546915,0.5661935874682514,0.02334578273070486,0.3981652009382429,20.5,2.2184755881358944,131.2279057536583,w60,indole,154,66,2.97,0.84,10.5
26.78180003338474,2.4,0.8582323781027635,4.412277632757455,3.5540452546546915,0.5661935874682514,0.011720944236563455,-0.2368139985992186,22.0,0.6793934659946832,131.2279057536583,w60,indole,154,66,2.97,0.84,10.5
39.4588497814006,2.8000000000391347,0.8278403170603204,5.091430301165589,4.263589984105269,0.5374415245530042,3.2932583064485006e-15,-4.80314476669732,-1.0,-2.22562496218149,230.85404254287505,w60,indole,155,66,3.44,0.99,10.5
39.4588497814006,2.8000000000391347,0.8278403170603204,5.091430301165589,4.263589984105269,0.5374415245530042,4.687383429764629e-11,5.12897256549398,0.0,3.8912274351846463,230.85404254287505,w60,indole,155,66,3.44,0.99,10.5
39.4588497814006,2.8000000000391347,0.8278403170603204,5.091430301165589,4.263589984105269,0.5374415245530042,9.003454936485294,9.698526613725123,1.0,8.78883354775631,230.85404254287505,w60,indole,155,66,3.44,0.99,10.5
39.4588497814006,2.8000000000391347,0.8278403170603204,5.091430301165589,4.263589984105269,0.5374415245530042,35.751346320185476,36.95061757336844,2.0,33.225451585019805,230.85404254287505,w60,indole,155,66,3.44,0.99,10.5
39.4588497814006,2.8000000000391347,0.8278403170603204,5.091430301165589,4.263589984105269,0.5374415245530042,37.75835461537996,36.82112956816023,3.5,43.78225759991701,230.85404254287505,w60,indole,155,66,3.44,0.99,10.5
39.4588497814006,2.8000000000391347,0.8278403170603204,5.091430301165589,4.263589984105269,0.5374415245530042,35.18532113207747,39.44956674352707,4.0,37.68430722227234,230.85404254287505,w60,indole,155,66,3.44,0.99,10.5
39.4588497814006,2.8000000000391347,0.8278403170603204,5.091430301165589,4.263589984105269,0.5374415245530042,25.515191975466504,23.596065178431168,5.5,19.45904146920357,230.85404254287505,w60,indole,155,66,3.44,0.99,10.5
39.4588497814006,2.8000000000391347,0.8278403170603204,5.091430301165589,4.263589984105269,0.5374415245530042,22.389068947372124,13.849943749946389,6.0,18.205771695146822,230.85404254287505,w60,indole,155,66,3.44,0.99,10.5
39.4588497814006,2.8000000000391347,0.8278403170603204,5.091430301165589,4.263589984105269,0.5374415245530042,16.849053399415613,11.9336794089233,7.0,19.511826600498395,230.85404254287505,w60,indole,155,66,3.44,0.99,10.5
39.4588497814006,2.8000000000391347,0.8278403170603204,5.091430301165589,4.263589984105269,0.5374415245530042,12.392878060624168,13.436695687867113,8.0,13.019695167348765,230.85404254287505,w60,indole,155,66,3.44,0.99,10.5
39.4588497814006,2.8000000000391347,0.8278403170603204,5.091430301165589,4.263589984105269,0.5374415245530042,8.962535281386238,12.393543241224279,9.0,14.401628512617423,230.85404254287505,w60,indole,155,66,3.44,0.99,10.5
39.4588497814006,2.8000000000391347,0.8278403170603204,5.091430301165589,4.263589984105269,0.5374415245530042,6.398090423922711,8.066850152709467,10.0,4.190537501175948,230.85404254287505,w60,indole,155,66,3.44,0.99,10.5
39.4588497814006,2.8000000000391347,0.8278403170603204,5.091430301165589,4.263589984105269,0.5374415245530042,4.52064339568865,5.403613942937147,11.0,8.141620941304222,230.85404254287505,w60,indole,155,66,3.44,0.99,10.5
39.4588497814006,2.8000000000391347,0.8278403170603204,5.091430301165589,4.263589984105269,0.5374415245530042,3.167525917191502,5.78784879741518,12.0,6.611997762665331,230.85404254287505,w60,indole,155,66,3.44,0.99,10.5
39.4588497814006,2.8000000000391347,0.8278403170603204,5.091430301165589,4.263589984105269,0.5374415245530042,2.644356776548293,2.2579097117997584,12.5,2.4551424727205826,230.85404254287505,w60,indole,155,66,3.44,0.99,10.5
39.4588497814006,2.8000000000391347,0.8278403170603204,5.091430301165589,4.263589984105269,0.5374415245530042,1.8344906857030197,2.962950657431307,13.5,0.6849008604935773,230.85404254287505,w60,indole,155,66,3.44,0.99,10.5
39.4588497814006,2.8000000000391347,0.8278403170603204,5.091430301165589,4.263589984105269,0.5374415245530042,1.049630849172904,1.173944127700283,15.0,1.1088746187443137,230.85404254287505,w60,indole,155,66,3.44,0.99,10.5
39.4588497814006,2.8000000000391347,0.8278403170603204,5.091430301165589,4.263589984105269,0.5374415245530042,0.7194361590149767,3.0504917320203626,16.0,1.3480862082843053,230.85404254287505,w60,indole,155,66,3.44,0.99,10.5
39.4588497814006,2.8000000000391347,0.8278403170603204,5.091430301165589,4.263589984105269,0.5374415245530042,0.22690487488516678,2.0813928561030792,19.0,2.234814532070491,230.85404254287505,w60,indole,155,66,3.44,0.99,10.5
39.4588497814006,2.8000000000391347,0.8278403170603204,5.091430301165589,4.263589984105269,0.5374415245530042,0.18673445083729195,1.2448658569612006,19.5,-0.7919593267038159,230.85404254287505,w60,indole,155,66,3.44,0.99,10.5
39.4588497814006,2.8000000000391347,0.8278403170603204,5.091430301165589,4.263589984105269,0.5374415245530042,0.15358080967091886,2.4565075905722726,20.0,1.227319427533537,230.85404254287505,w60,indole,155,66,3.44,0.99,10.5
39.4588497814006,2.8000000000391347,0.8278403170603204,5.091430301165589,4.263589984105269,0.5374415245530042,0.12623946511576403,3.2035094438979934,20.5,2.23078902825666,230.85404254287505,w60,indole,155,66,3.44,0.99,10.5
39.4588497814006,2.8000000000391347,0.8278403170603204,5.091430301165589,4.263589984105269,0.5374415245530042,0.06988225820349497,2.0557289510717265,22.0,1.1591975766915796,230.85404254287505,w60,indole,155,66,3.44,0.99,10.5
42.236191954403075,3.200000008536494,0.47893554717423026,4.937888329445711,4.4589527822714805,0.38975257325418494,8.209804194074345e-21,-5.393297654014063,-1.0,-6.516413947253415,242.6522943797388,w60,indole,156,66,3.32,1.01,10.5
42.236191954403075,3.200000008536494,0.47893554717423026,4.937888329445711,4.4589527822714805,0.38975257325418494,1.0087476433699168e-16,5.679920797053855,0.0,0.9030327773667537,242.6522943797388,w60,indole,156,66,3.32,1.01,10.5
42.236191954403075,3.200000008536494,0.47893554717423026,4.937888329445711,4.4589527822714805,0.38975257325418494,11.198001205349247,10.38150534044468,1.0,10.746838258500919,242.6522943797388,w60,indole,156,66,3.32,1.01,10.5
42.236191954403075,3.200000008536494,0.47893554717423026,4.937888329445711,4.4589527822714805,0.38975257325418494,33.890056620097745,41.019812672729856,2.0,39.41407052192531,242.6522943797388,w60,indole,156,66,3.32,1.01,10.5
42.236191954403075,3.200000008536494,0.47893554717423026,4.937888329445711,4.4589527822714805,0.38975257325418494,41.86322710208507,40.68225939530421,3.5,37.11069519460677,242.6522943797388,w60,indole,156,66,3.32,1.01,10.5
42.236191954403075,3.200000008536494,0.47893554717423026,4.937888329445711,4.4589527822714805,0.38975257325418494,39.904949188555285,43.6613095650394,4.0,43.87611423219466,242.6522943797388,w60,indole,156,66,3.32,1.01,10.5
42.236191954403075,3.200000008536494,0.47893554717423026,4.937888329445711,4.4589527822714805,0.38975257325418494,29.342239731069466,25.371603497492696,5.5,28.13342387940882,242.6522943797388,w60,indole,156,66,3.32,1.01,10.5
42.236191954403075,3.200000008536494,0.47893554717423026,4.937888329445711,4.4589527822714805,0.38975257325418494,25.53258311022455,14.163882136835106,6.0,22.69464845128128,242.6522943797388,w60,indole,156,66,3.32,1.01,10.5
42.236191954403075,3.200000008536494,0.47893554717423026,4.937888329445711,4.4589527822714805,0.38975257325418494,18.637706938519944,11.936545306779783,7.0,20.621469650726397,242.6522943797388,w60,indole,156,66,3.32,1.01,10.5
42.236191954403075,3.200000008536494,0.47893554717423026,4.937888329445711,4.4589527822714805,0.38975257325418494,13.107160045659722,13.619089950710626,8.0,13.89140538390837,242.6522943797388,w60,indole,156,66,3.32,1.01,10.5
42.236191954403075,3.200000008536494,0.47893554717423026,4.937888329445711,4.4589527822714805,0.38975257325418494,8.96388227217556,12.352586610430345,9.0,12.991173039312017,242.6522943797388,w60,indole,156,66,3.32,1.01,10.5
42.236191954403075,3.200000008536494,0.47893554717423026,4.937888329445711,4.4589527822714805,0.38975257325418494,5.998649292346502,7.418095789906724,10.0,9.176681630818974,242.6522943797388,w60,indole,156,66,3.32,1.01,10.5
42.236191954403075,3.200000008536494,0.47893554717423026,4.937888329445711,4.4589527822714805,0.38975257325418494,3.9451900307043686,4.289336884469037,11.0,6.155417321849271,242.6522943797388,w60,indole,156,66,3.32,1.01,10.5
42.236191954403075,3.200000008536494,0.47893554717423026,4.937888329445711,4.4589527822714805,0.38975257325418494,2.5580642365721915,4.7828548667367095,12.0,4.203112295765807,242.6522943797388,w60,indole,156,66,3.32,1.01,10.5
42.236191954403075,3.200000008536494,0.47893554717423026,4.937888329445711,4.4589527822714805,0.38975257325418494,2.050457475657826,0.777730718374471,12.5,2.16817987803242,242.6522943797388,w60,indole,156,66,3.32,1.01,10.5
42.236191954403075,3.200000008536494,0.47893554717423026,4.937888329445711,4.4589527822714805,0.38975257325418494,1.3070415089345733,1.5545949305588627,13.5,1.292597431193883,242.6522943797388,w60,indole,156,66,3.32,1.01,10.5
42.236191954403075,3.200000008536494,0.47893554717423026,4.937888329445711,4.4589527822714805,0.38975257325418494,0.6540080218336725,-0.3843609807805173,15.0,-0.9786567703455715,242.6522943797388,w60,indole,156,66,3.32,1.01,10.5
42.236191954403075,3.200000008536494,0.47893554717423026,4.937888329445711,4.4589527822714805,0.38975257325418494,0.408292086868736,1.5859332059988425,16.0,0.9840482794299605,242.6522943797388,w60,indole,156,66,3.32,1.01,10.5
42.236191954403075,3.200000008536494,0.47893554717423026,4.937888329445711,4.4589527822714805,0.38975257325418494,0.0958161326463845,0.5492831730947239,19.0,0.7713792399908184,242.6522943797388,w60,indole,156,66,3.32,1.01,10.5
42.236191954403075,3.200000008536494,0.47893554717423026,4.937888329445711,4.4589527822714805,0.38975257325418494,0.07492098369146476,-0.3869159568089131,19.5,-1.0790380295654352,242.6522943797388,w60,indole,156,66,3.32,1.01,10.5
42.236191954403075,3.200000008536494,0.47893554717423026,4.937888329445711,4.4589527822714805,0.38975257325418494,0.058519186230711666,1.0481550046489634,20.0,0.08495557006604892,242.6522943797388,w60,indole,156,66,3.32,1.01,10.5
42.236191954403075,3.200000008536494,0.47893554717423026,4.937888329445711,4.4589527822714805,0.38975257325418494,0.04566114912900954,1.7765755489661823,20.5,-0.3224415968624603,242.6522943797388,w60,indole,156,66,3.32,1.01,10.5
42.236191954403075,3.200000008536494,0.47893554717423026,4.937888329445711,4.4589527822714805,0.38975257325418494,0.021568870104653564,0.6352102633557859,22.0,-1.405239481367306,242.6522943797388,w60,indole,156,66,3.32,1.01,10.5
13.680005002283815,8.11686935622148,2.703727198302974,8.71832959598937,6.014602397686397,0.09999999999987541,5.318275219657058,14.951236750210349,6.0,-3.7252727840213025,62.44878084999228,w65,indole,157,71,3.44,0.89,10.5
13.680005002283815,8.11686935622148,2.703727198302974,8.71832959598937,6.014602397686397,0.09999999999987541,13.38858852984878,9.876759164006883,8.5,13.289971485272847,62.44878084999228,w65,indole,157,71,3.44,0.89,10.5
13.680005002283815,8.11686935622148,2.703727198302974,8.71832959598937,6.014602397686397,0.09999999999987541,12.277610708354517,13.088523022327388,9.0,14.929592363622346,62.44878084999228,w65,indole,157,71,3.44,0.89,10.5
13.680005002283815,8.11686935622148,2.703727198302974,8.71832959598937,6.014602397686397,0.09999999999987541,10.635694336061938,9.626122679188027,9.5,10.306066389861192,62.44878084999228,w65,indole,157,71,3.44,0.89,10.5
13.680005002283815,8.11686935622148,2.703727198302974,8.71832959598937,6.014602397686397,0.09999999999987541,8.774144495408787,7.957836111143306,10.0,12.484693961011535,62.44878084999228,w65,indole,157,71,3.44,0.89,10.5
13.680005002283815,8.11686935622148,2.703727198302974,8.71832959598937,6.014602397686397,0.09999999999987541,6.938171747408462,8.999569588736957,10.5,9.863805573217306,62.44878084999228,w65,indole,157,71,3.44,0.89,10.5
13.680005002283815,8.11686935622148,2.703727198302974,8.71832959598937,6.014602397686397,0.09999999999987541,5.286589757043541,4.717203719664555,11.0,-1.8419841295632562,62.44878084999228,w65,indole,157,71,3.44,0.89,10.5
13.680005002283815,8.11686935622148,2.703727198302974,8.71832959598937,6.014602397686397,0.09999999999987541,1.948390481947898,1.055560552637897,12.5,0.5403250487360824,62.44878084999228,w65,indole,157,71,3.44,0.89,10.5
13.680005002283815,8.11686935622148,2.703727198302974,8.71832959598937,6.014602397686397,0.09999999999987541,0.37299052013182254,2.2364355784214243,14.5,3.643469307207738,62.44878084999228,w65,indole,157,71,3.44,0.89,10.5
13.680005002283815,8.11686935622148,2.703727198302974,8.71832959598937,6.014602397686397,0.09999999999987541,0.03294829309075341,2.430575970925902,17.0,3.7422615965338406,62.44878084999228,w65,indole,157,71,3.44,0.89,10.5
14.463972016266839,6.227311737021762,1.7711590752809358e-16,7.483794863642132,7.483794863642132,0.167893849245472,14.415102036339167,15.704627982373063,6.0,13.593364721156671,103.13323346854128,w65,indole,158,71,3.13,0.92,10.5
14.463972016266839,6.227311737021762,1.7711590752809358e-16,7.483794863642132,7.483794863642132,0.167893849245472,11.076814519262738,9.978330408693479,8.5,7.434321986753582,103.13323346854128,w65,indole,158,71,3.13,0.92,10.5
14.463972016266839,6.227311737021762,1.7711590752809358e-16,7.483794863642132,7.483794863642132,0.167893849245472,9.876946320464095,13.503552156249828,9.0,8.702294559461848,103.13323346854128,w65,indole,158,71,3.13,0.92,10.5
14.463972016266839,6.227311737021762,1.7711590752809358e-16,7.483794863642132,7.483794863642132,0.167893849245472,8.673151642095139,9.640229780274275,9.5,8.266719583230701,103.13323346854128,w65,indole,158,71,3.13,0.92,10.5
14.463972016266839,6.227311737021762,1.7711590752809358e-16,7.483794863642132,7.483794863642132,0.167893849245472,7.512085343099633,7.727430038878588,10.0,9.385813079456547,103.13323346854128,w65,indole,158,71,3.13,0.92,10.5
14.463972016266839,6.227311737021762,1.7711590752809358e-16,7.483794863642132,7.483794863642132,0.167893849245472,6.426230274648267,8.854398025026418,10.5,6.250788250473887,103.13323346854128,w65,indole,158,71,3.13,0.92,10.5
14.463972016266839,6.227311737021762,1.7711590752809358e-16,7.483794863642132,7.483794863642132,0.167893849245472,5.435828262774767,4.015865566864526,11.0,7.490772553758777,103.13323346854128,w65,indole,158,71,3.13,0.92,10.5
14.463972016266839,6.227311737021762,1.7711590752809358e-16,7.483794863642132,7.483794863642132,0.167893849245472,3.104225451697195,-0.053808338455194615,12.5,0.2012108142531548,103.13323346854128,w65,indole,158,71,3.13,0.92,10.5
14.463972016266839,6.227311737021762,1.7711590752809358e-16,7.483794863642132,7.483794863642132,0.167893849245472,1.3186530318481162,1.2080103043375257,14.5,2.0457793501431984,103.13323346854128,w65,indole,158,71,3.13,0.92,10.5
14.463972016266839,6.227311737021762,1.7711590752809358e-16,7.483794863642132,7.483794863642132,0.167893849245472,0.3966416113724991,1.4303372841442727,17.0,2.0733346963497263,103.13323346854128,w65,indole,158,71,3.13,0.92,10.5
9.398285117359032,6.533784671506123,0.19110540183831434,7.2385268125685185,7.0474214107302044,0.09999999999849231,9.086109364284438,8.044036623767095,6.0,10.228208578235316,50.270087682760284,w65,indole,159,71,2.97,0.84,10.5
9.398285117359032,6.533784671506123,0.19110540183831434,7.2385268125685185,7.0474214107302044,0.09999999999849231,6.558596240109984,5.05831124886055,8.5,6.6679247640721435,50.270087682760284,w65,indole,159,71,2.97,0.84,10.5
9.398285117359032,6.533784671506123,0.19110540183831434,7.2385268125685185,7.0474214107302044,0.09999999999849231,5.458727314829402,6.884232201154747,9.0,5.225347553027598,50.270087682760284,w65,indole,159,71,2.97,0.84,10.5
9.398285117359032,6.533784671506123,0.19110540183831434,7.2385268125685185,7.0474214107302044,0.09999999999849231,4.413251991696697,4.875246733255611,9.5,4.156945606373386,50.270087682760284,w65,indole,159,71,2.97,0.84,10.5
9.398285117359032,6.533784671506123,0.19110540183831434,7.2385268125685185,7.0474214107302044,0.09999999999849231,3.4764288932477663,3.874196169167795,10.0,2.185846298125824,50.270087682760284,w65,indole,159,71,2.97,0.84,10.5
9.398285117359032,6.533784671506123,0.19110540183831434,7.2385268125685185,7.0474214107302044,0.09999999999849231,2.67509164265985,4.455847723874972,10.5,4.312800951603813,50.270087682760284,w65,indole,159,71,2.97,0.84,10.5
9.398285117359032,6.533784671506123,0.19110540183831434,7.2385268125685185,7.0474214107302044,0.09999999999849231,2.0152936619803925,1.9322611281997157,11.0,0.5119981674820788,50.270087682760284,w65,indole,159,71,2.97,0.84,10.5
9.398285117359032,6.533784671506123,0.19110540183831434,7.2385268125685185,7.0474214107302044,0.09999999999849231,0.7725193566066473,-0.18205082509947035,12.5,-1.2490206685013479,50.270087682760284,w65,indole,159,71,2.97,0.84,10.5
9.398285117359032,6.533784671506123,0.19110540183831434,7.2385268125685185,7.0474214107302044,0.09999999999849231,0.17534798510849342,0.46719507289951023,14.5,1.0260772543529835,50.270087682760284,w65,indole,159,71,2.97,0.84,10.5
9.398285117359032,6.533784671506123,0.19110540183831434,7.2385268125685185,7.0474214107302044,0.09999999999849231,0.021512137154626253,0.5835160621453835,17.0,2.0086752827059398,50.270087682760284,w65,indole,159,71,2.97,0.84,10.5
15.977037144489412,6.004650439237061,3.2597217993702343,8.45864214653398,5.198920347163746,0.47201948547561173,15.977011467689042,13.849943749946389,6.0,18.205771695146822,111.79323304149366,w65,indole,160,71,3.44,0.99,10.5
15.977037144489412,6.004650439237061,3.2597217993702343,8.45864214653398,5.198920347163746,0.47201948547561173,11.91239841221792,9.585450985970473,8.5,10.09261214893011,111.79323304149366,w65,indole,160,71,3.44,0.99,10.5
15.977037144489412,6.004650439237061,3.2597217993702343,8.45864214653398,5.198920347163746,0.47201948547561173,10.75926870898911,12.393543241224279,9.0,14.401628512617423,111.79323304149366,w65,indole,160,71,3.44,0.99,10.5
15.977037144489412,6.004650439237061,3.2597217993702343,8.45864214653398,5.198920347163746,0.47201948547561173,9.635329602778704,9.435608280307811,9.5,11.339979020427712,111.79323304149366,w65,indole,160,71,3.44,0.99,10.5
15.977037144489412,6.004650439237061,3.2597217993702343,8.45864214653398,5.198920347163746,0.47201948547561173,8.566859360567879,8.066850152709467,10.0,4.190537501175948,111.79323304149366,w65,indole,160,71,3.44,0.99,10.5
15.977037144489412,6.004650439237061,3.2597217993702343,8.45864214653398,5.198920347163746,0.47201948547561173,7.570004656175605,8.99572911860726,10.5,10.245164156519996,111.79323304149366,w65,indole,160,71,3.44,0.99,10.5
15.977037144489412,6.004650439237061,3.2597217993702343,8.45864214653398,5.198920347163746,0.47201948547561173,6.6534730721844335,5.403613942937147,11.0,8.141620941304222,111.79323304149366,w65,indole,160,71,3.44,0.99,10.5
15.977037144489412,6.004650439237061,3.2597217993702343,8.45864214653398,5.198920347163746,0.47201948547561173,4.401849475940755,2.2579097117997584,12.5,2.4551424727205826,111.79323304149366,w65,indole,160,71,3.44,0.99,10.5
15.977037144489412,6.004650439237061,3.2597217993702343,8.45864214653398,5.198920347163746,0.47201948547561173,2.4258614456076777,3.328096879938875,14.5,1.7269150016283132,111.79323304149366,w65,indole,160,71,3.44,0.99,10.5
15.977037144489412,6.004650439237061,3.2597217993702343,8.45864214653398,5.198920347163746,0.47201948547561173,1.0964478923115568,3.487675219774009,17.0,1.5865960300045845,111.79323304149366,w65,indole,160,71,3.44,0.99,10.5
19.93474150518622,4.800000000000001,2.5185302465042883,7.375009976422036,4.856479729917748,0.53022150191609,18.19055535624337,14.163882136835106,6.0,22.69464845128128,132.64231448660286,w65,indole,161,71,3.32,1.01,10.5
19.93474150518622,4.800000000000001,2.5185302465042883,7.375009976422036,4.856479729917748,0.53022150191609,11.128934391763202,9.280888791873839,8.5,6.159436768530515,132.64231448660286,w65,indole,161,71,3.32,1.01,10.5
19.93474150518622,4.800000000000001,2.5185302465042883,7.375009976422036,4.856479729917748,0.53022150191609,9.840472266988128,12.352586610430345,9.0,12.991173039312017,132.64231448660286,w65,indole,161,71,3.32,1.01,10.5
19.93474150518622,4.800000000000001,2.5185302465042883,7.375009976422036,4.856479729917748,0.53022150191609,8.655289098383449,9.029184917545576,9.5,8.323659163726958,132.64231448660286,w65,indole,161,71,3.32,1.01,10.5
19.93474150518622,4.800000000000001,2.5185302465042883,7.375009976422036,4.856479729917748,0.53022150191609,7.578242586312635,7.418095789906724,10.0,9.176681630818974,132.64231448660286,w65,indole,161,71,3.32,1.01,10.5
19.93474150518622,4.800000000000001,2.5185302465042883,7.375009976422036,4.856479729917748,0.53022150191609,6.608957105755606,8.41126913103928,10.5,7.952492287932054,132.64231448660286,w65,indole,161,71,3.32,1.01,10.5
19.93474150518622,4.800000000000001,2.5185302465042883,7.375009976422036,4.856479729917748,0.53022150191609,5.74360191462507,4.289336884469037,11.0,6.155417321849271,132.64231448660286,w65,indole,161,71,3.32,1.01,10.5
19.93474150518622,4.800000000000001,2.5185302465042883,7.375009976422036,4.856479729917748,0.53022150191609,3.705607759254138,0.777730718374471,12.5,2.16817987803242,132.64231448660286,w65,indole,161,71,3.32,1.01,10.5
19.93474150518622,4.800000000000001,2.5185302465042883,7.375009976422036,4.856479729917748,0.53022150191609,2.0036350020112006,1.900574462618488,14.5,2.3768764363482093,132.64231448660286,w65,indole,161,71,3.32,1.01,10.5
19.93474150518622,4.800000000000001,2.5185302465042883,7.375009976422036,4.856479729917748,0.53022150191609,0.8976261989522837,2.088007748336516,17.0,1.267128868393387,132.64231448660286,w65,indole,161,71,3.32,1.01,10.5
13.680005002283815,8.11686935622148,2.703727198302974,8.71832959598937,6.014602397686397,0.09999999999987541,5.318275219657058,14.951236750210349,6.0,-3.7252727840213025,62.44878084999228,w70,indole,162,76,3.44,0.89,10.5
13.680005002283815,8.11686935622148,2.703727198302974,8.71832959598937,6.014602397686397,0.09999999999987541,13.38858852984878,9.876759164006883,8.5,13.289971485272847,62.44878084999228,w70,indole,162,76,3.44,0.89,10.5
13.680005002283815,8.11686935622148,2.703727198302974,8.71832959598937,6.014602397686397,0.09999999999987541,12.277610708354517,13.088523022327388,9.0,14.929592363622346,62.44878084999228,w70,indole,162,76,3.44,0.89,10.5
13.680005002283815,8.11686935622148,2.703727198302974,8.71832959598937,6.014602397686397,0.09999999999987541,10.635694336061938,9.626122679188027,9.5,10.306066389861192,62.44878084999228,w70,indole,162,76,3.44,0.89,10.5
13.680005002283815,8.11686935622148,2.703727198302974,8.71832959598937,6.014602397686397,0.09999999999987541,8.774144495408787,7.957836111143306,10.0,12.484693961011535,62.44878084999228,w70,indole,162,76,3.44,0.89,10.5
13.680005002283815,8.11686935622148,2.703727198302974,8.71832959598937,6.014602397686397,0.09999999999987541,6.938171747408462,8.999569588736957,10.5,9.863805573217306,62.44878084999228,w70,indole,162,76,3.44,0.89,10.5
13.680005002283815,8.11686935622148,2.703727198302974,8.71832959598937,6.014602397686397,0.09999999999987541,5.286589757043541,4.717203719664555,11.0,-1.8419841295632562,62.44878084999228,w70,indole,162,76,3.44,0.89,10.5
13.680005002283815,8.11686935622148,2.703727198302974,8.71832959598937,6.014602397686397,0.09999999999987541,1.948390481947898,1.055560552637897,12.5,0.5403250487360824,62.44878084999228,w70,indole,162,76,3.44,0.89,10.5
13.680005002283815,8.11686935622148,2.703727198302974,8.71832959598937,6.014602397686397,0.09999999999987541,0.37299052013182254,2.2364355784214243,14.5,3.643469307207738,62.44878084999228,w70,indole,162,76,3.44,0.89,10.5
13.680005002283815,8.11686935622148,2.703727198302974,8.71832959598937,6.014602397686397,0.09999999999987541,0.03294829309075341,2.430575970925902,17.0,3.7422615965338406,62.44878084999228,w70,indole,162,76,3.44,0.89,10.5
14.463972016266839,6.227311737021762,1.7711590752809358e-16,7.483794863642132,7.483794863642132,0.167893849245472,14.415102036339167,15.704627982373063,6.0,13.593364721156671,103.13323346854128,w70,indole,163,76,3.13,0.92,10.5
14.463972016266839,6.227311737021762,1.7711590752809358e-16,7.483794863642132,7.483794863642132,0.167893849245472,11.076814519262738,9.978330408693479,8.5,7.434321986753582,103.13323346854128,w70,indole,163,76,3.13,0.92,10.5
14.463972016266839,6.227311737021762,1.7711590752809358e-16,7.483794863642132,7.483794863642132,0.167893849245472,9.876946320464095,13.503552156249828,9.0,8.702294559461848,103.13323346854128,w70,indole,163,76,3.13,0.92,10.5
14.463972016266839,6.227311737021762,1.7711590752809358e-16,7.483794863642132,7.483794863642132,0.167893849245472,8.673151642095139,9.640229780274275,9.5,8.266719583230701,103.13323346854128,w70,indole,163,76,3.13,0.92,10.5
14.463972016266839,6.227311737021762,1.7711590752809358e-16,7.483794863642132,7.483794863642132,0.167893849245472,7.512085343099633,7.727430038878588,10.0,9.385813079456547,103.13323346854128,w70,indole,163,76,3.13,0.92,10.5
14.463972016266839,6.227311737021762,1.7711590752809358e-16,7.483794863642132,7.483794863642132,0.167893849245472,6.426230274648267,8.854398025026418,10.5,6.250788250473887,103.13323346854128,w70,indole,163,76,3.13,0.92,10.5
14.463972016266839,6.227311737021762,1.7711590752809358e-16,7.483794863642132,7.483794863642132,0.167893849245472,5.435828262774767,4.015865566864526,11.0,7.490772553758777,103.13323346854128,w70,indole,163,76,3.13,0.92,10.5
14.463972016266839,6.227311737021762,1.7711590752809358e-16,7.483794863642132,7.483794863642132,0.167893849245472,3.104225451697195,-0.053808338455194615,12.5,0.2012108142531548,103.13323346854128,w70,indole,163,76,3.13,0.92,10.5
14.463972016266839,6.227311737021762,1.7711590752809358e-16,7.483794863642132,7.483794863642132,0.167893849245472,1.3186530318481162,1.2080103043375257,14.5,2.0457793501431984,103.13323346854128,w70,indole,163,76,3.13,0.92,10.5
14.463972016266839,6.227311737021762,1.7711590752809358e-16,7.483794863642132,7.483794863642132,0.167893849245472,0.3966416113724991,1.4303372841442727,17.0,2.0733346963497263,103.13323346854128,w70,indole,163,76,3.13,0.92,10.5
9.398285117359032,6.533784671506123,0.19110540183831434,7.2385268125685185,7.0474214107302044,0.09999999999849231,9.086109364284438,8.044036623767095,6.0,10.228208578235316,50.270087682760284,w70,indole,164,76,2.97,0.84,10.5
9.398285117359032,6.533784671506123,0.19110540183831434,7.2385268125685185,7.0474214107302044,0.09999999999849231,6.558596240109984,5.05831124886055,8.5,6.6679247640721435,50.270087682760284,w70,indole,164,76,2.97,0.84,10.5
9.398285117359032,6.533784671506123,0.19110540183831434,7.2385268125685185,7.0474214107302044,0.09999999999849231,5.458727314829402,6.884232201154747,9.0,5.225347553027598,50.270087682760284,w70,indole,164,76,2.97,0.84,10.5
9.398285117359032,6.533784671506123,0.19110540183831434,7.2385268125685185,7.0474214107302044,0.09999999999849231,4.413251991696697,4.875246733255611,9.5,4.156945606373386,50.270087682760284,w70,indole,164,76,2.97,0.84,10.5
9.398285117359032,6.533784671506123,0.19110540183831434,7.2385268125685185,7.0474214107302044,0.09999999999849231,3.4764288932477663,3.874196169167795,10.0,2.185846298125824,50.270087682760284,w70,indole,164,76,2.97,0.84,10.5
9.398285117359032,6.533784671506123,0.19110540183831434,7.2385268125685185,7.0474214107302044,0.09999999999849231,2.67509164265985,4.455847723874972,10.5,4.312800951603813,50.270087682760284,w70,indole,164,76,2.97,0.84,10.5
9.398285117359032,6.533784671506123,0.19110540183831434,7.2385268125685185,7.0474214107302044,0.09999999999849231,2.0152936619803925,1.9322611281997157,11.0,0.5119981674820788,50.270087682760284,w70,indole,164,76,2.97,0.84,10.5
9.398285117359032,6.533784671506123,0.19110540183831434,7.2385268125685185,7.0474214107302044,0.09999999999849231,0.7725193566066473,-0.18205082509947035,12.5,-1.2490206685013479,50.270087682760284,w70,indole,164,76,2.97,0.84,10.5
9.398285117359032,6.533784671506123,0.19110540183831434,7.2385268125685185,7.0474214107302044,0.09999999999849231,0.17534798510849342,0.46719507289951023,14.5,1.0260772543529835,50.270087682760284,w70,indole,164,76,2.97,0.84,10.5
9.398285117359032,6.533784671506123,0.19110540183831434,7.2385268125685185,7.0474214107302044,0.09999999999849231,0.021512137154626253,0.5835160621453835,17.0,2.0086752827059398,50.270087682760284,w70,indole,164,76,2.97,0.84,10.5
15.977037144489412,6.004650439237061,3.2597217993702343,8.45864214653398,5.198920347163746,0.47201948547561173,15.977011467689042,13.849943749946389,6.0,18.205771695146822,111.79323304149366,w70,indole,165,76,3.44,0.99,10.5
15.977037144489412,6.004650439237061,3.2597217993702343,8.45864214653398,5.198920347163746,0.47201948547561173,11.91239841221792,9.585450985970473,8.5,10.09261214893011,111.79323304149366,w70,indole,165,76,3.44,0.99,10.5
15.977037144489412,6.004650439237061,3.2597217993702343,8.45864214653398,5.198920347163746,0.47201948547561173,10.75926870898911,12.393543241224279,9.0,14.401628512617423,111.79323304149366,w70,indole,165,76,3.44,0.99,10.5
15.977037144489412,6.004650439237061,3.2597217993702343,8.45864214653398,5.198920347163746,0.47201948547561173,9.635329602778704,9.435608280307811,9.5,11.339979020427712,111.79323304149366,w70,indole,165,76,3.44,0.99,10.5
15.977037144489412,6.004650439237061,3.2597217993702343,8.45864214653398,5.198920347163746,0.47201948547561173,8.566859360567879,8.066850152709467,10.0,4.190537501175948,111.79323304149366,w70,indole,165,76,3.44,0.99,10.5
15.977037144489412,6.004650439237061,3.2597217993702343,8.45864214653398,5.198920347163746,0.47201948547561173,7.570004656175605,8.99572911860726,10.5,10.245164156519996,111.79323304149366,w70,indole,165,76,3.44,0.99,10.5
15.977037144489412,6.004650439237061,3.2597217993702343,8.45864214653398,5.198920347163746,0.47201948547561173,6.6534730721844335,5.403613942937147,11.0,8.141620941304222,111.79323304149366,w70,indole,165,76,3.44,0.99,10.5
15.977037144489412,6.004650439237061,3.2597217993702343,8.45864214653398,5.198920347163746,0.47201948547561173,4.401849475940755,2.2579097117997584,12.5,2.4551424727205826,111.79323304149366,w70,indole,165,76,3.44,0.99,10.5
15.977037144489412,6.004650439237061,3.2597217993702343,8.45864214653398,5.198920347163746,0.47201948547561173,2.4258614456076777,3.328096879938875,14.5,1.7269150016283132,111.79323304149366,w70,indole,165,76,3.44,0.99,10.5
15.977037144489412,6.004650439237061,3.2597217993702343,8.45864214653398,5.198920347163746,0.47201948547561173,1.0964478923115568,3.487675219774009,17.0,1.5865960300045845,111.79323304149366,w70,indole,165,76,3.44,0.99,10.5
19.93474150518622,4.800000000000001,2.5185302465042883,7.375009976422036,4.856479729917748,0.53022150191609,18.19055535624337,14.163882136835106,6.0,22.69464845128128,132.64231448660286,w70,indole,166,76,3.32,1.01,10.5
19.93474150518622,4.800000000000001,2.5185302465042883,7.375009976422036,4.856479729917748,0.53022150191609,11.128934391763202,9.280888791873839,8.5,6.159436768530515,132.64231448660286,w70,indole,166,76,3.32,1.01,10.5
19.93474150518622,4.800000000000001,2.5185302465042883,7.375009976422036,4.856479729917748,0.53022150191609,9.840472266988128,12.352586610430345,9.0,12.991173039312017,132.64231448660286,w70,indole,166,76,3.32,1.01,10.5
19.93474150518622,4.800000000000001,2.5185302465042883,7.375009976422036,4.856479729917748,0.53022150191609,8.655289098383449,9.029184917545576,9.5,8.323659163726958,132.64231448660286,w70,indole,166,76,3.32,1.01,10.5
19.93474150518622,4.800000000000001,2.5185302465042883,7.375009976422036,4.856479729917748,0.53022150191609,7.578242586312635,7.418095789906724,10.0,9.176681630818974,132.64231448660286,w70,indole,166,76,3.32,1.01,10.5
19.93474150518622,4.800000000000001,2.5185302465042883,7.375009976422036,4.856479729917748,0.53022150191609,6.608957105755606,8.41126913103928,10.5,7.952492287932054,132.64231448660286,w70,indole,166,76,3.32,1.01,10.5
19.93474150518622,4.800000000000001,2.5185302465042883,7.375009976422036,4.856479729917748,0.53022150191609,5.74360191462507,4.289336884469037,11.0,6.155417321849271,132.64231448660286,w70,indole,166,76,3.32,1.01,10.5
19.93474150518622,4.800000000000001,2.5185302465042883,7.375009976422036,4.856479729917748,0.53022150191609,3.705607759254138,0.777730718374471,12.5,2.16817987803242,132.64231448660286,w70,indole,166,76,3.32,1.01,10.5
19.93474150518622,4.800000000000001,2.5185302465042883,7.375009976422036,4.856479729917748,0.53022150191609,2.0036350020112006,1.900574462618488,14.5,2.3768764363482093,132.64231448660286,w70,indole,166,76,3.32,1.01,10.5
19.93474150518622,4.800000000000001,2.5185302465042883,7.375009976422036,4.856479729917748,0.53022150191609,0.8976261989522837,2.088007748336516,17.0,1.267128868393387,132.64231448660286,w70,indole,166,76,3.32,1.01,10.5
30.01669163590297,4.4,4.300000000000001,6.921148556352323,2.6211485563523222,0.9618487858089345,21.413057033902064,26.59190160865702,5.5,32.36802183283658,87.57682549423944,w75,indole,167,81,3.44,0.89,10.5
30.01669163590297,4.4,4.300000000000001,6.921148556352323,2.6211485563523222,0.9618487858089345,17.805369519710812,14.951236750210349,6.0,-3.7252727840213025,87.57682549423944,w75,indole,167,81,3.44,0.89,10.5
30.01669163590297,4.4,4.300000000000001,6.921148556352323,2.6211485563523222,0.9618487858089345,8.306664242256248,14.394855623575655,8.0,13.459683421673663,87.57682549423944,w75,indole,167,81,3.44,0.89,10.5
30.01669163590297,4.4,4.300000000000001,6.921148556352323,2.6211485563523222,0.9618487858089345,2.5874582433476516,4.717203719664555,11.0,-1.8419841295632562,87.57682549423944,w75,indole,167,81,3.44,0.89,10.5
30.01669163590297,4.4,4.300000000000001,6.921148556352323,2.6211485563523222,0.9618487858089345,0.9720402383032068,1.8670432348148713,13.5,2.8200527934764104,87.57682549423944,w75,indole,167,81,3.44,0.89,10.5
30.01669163590297,4.4,4.300000000000001,6.921148556352323,2.6211485563523222,0.9618487858089345,0.5393804726798082,-0.16289762354529946,15.0,-2.212204975777092,87.57682549423944,w75,indole,167,81,3.44,0.89,10.5
30.01669163590297,4.4,4.300000000000001,6.921148556352323,2.6211485563523222,0.9618487858089345,0.0753697618296136,1.3307166478684995,20.0,2.7768543260979057,87.57682549423944,w75,indole,167,81,3.44,0.89,10.5
30.01669163590297,4.4,4.300000000000001,6.921148556352323,2.6211485563523222,0.9618487858089345,0.03425638091182897,0.8953046740134716,22.0,4.563827178067198,87.57682549423944,w75,indole,167,81,3.44,0.89,10.5
31.48827959397851,4.4,4.3,7.6663187885342445,3.3663187885342447,0.9702939601737652,24.262097789421624,28.873701780791528,5.5,27.94633911101131,116.01455523107403,w75,indole,168,81,3.13,0.92,10.5
31.48827959397851,4.4,4.3,7.6663187885342445,3.3663187885342447,0.9702939601737652,21.04172840236852,15.704627982373063,6.0,13.593364721156671,116.01455523107403,w75,indole,168,81,3.13,0.92,10.5
31.48827959397851,4.4,4.3,7.6663187885342445,3.3663187885342447,0.9702939601737652,11.681510442053673,15.02738640256256,8.0,14.116102696069921,116.01455523107403,w75,indole,168,81,3.13,0.92,10.5
31.48827959397851,4.4,4.3,7.6663187885342445,3.3663187885342447,0.9702939601737652,4.747987495110913,4.015865566864526,11.0,7.490772553758777,116.01455523107403,w75,indole,168,81,3.13,0.92,10.5
31.48827959397851,4.4,4.3,7.6663187885342445,3.3663187885342447,0.9702939601737652,2.2300884868205078,0.8409187799841686,13.5,2.4516435182102576,116.01455523107403,w75,indole,168,81,3.13,0.92,10.5
31.48827959397851,4.4,4.3,7.6663187885342445,3.3663187885342447,0.9702939601737652,1.4154292755048776,-1.3742272344656001,15.0,-0.054624663014288366,116.01455523107403,w75,indole,168,81,3.13,0.92,10.5
31.48827959397851,4.4,4.3,7.6663187885342445,3.3663187885342447,0.9702939601737652,0.3098695433646651,0.2863671913543602,20.0,-0.27270247601677644,116.01455523107403,w75,indole,168,81,3.13,0.92,10.5
31.48827959397851,4.4,4.3,7.6663187885342445,3.3663187885342447,0.9702939601737652,0.16859715909858516,-0.1732717329905764,22.0,-2.4001217251345186,116.01455523107403,w75,indole,168,81,3.13,0.92,10.5
13.437694725940025,4.4,7.249419203912936e-17,5.784541800231179,5.784541800231179,0.23935202614939105,12.338388710216398,14.914535105052455,5.5,12.681392129061095,85.33864075402838,w75,indole,169,81,2.97,0.84,10.5
13.437694725940025,4.4,7.249419203912936e-17,5.784541800231179,5.784541800231179,0.23935202614939105,11.337350713188039,8.044036623767095,6.0,10.228208578235316,85.33864075402838,w75,indole,169,81,2.97,0.84,10.5
13.437694725940025,4.4,7.249419203912936e-17,5.784541800231179,5.784541800231179,0.23935202614939105,6.67133319179703,7.684862590962234,8.0,8.278638274410952,85.33864075402838,w75,indole,169,81,2.97,0.84,10.5
13.437694725940025,4.4,7.249419203912936e-17,5.784541800231179,5.784541800231179,0.23935202614939105,2.1023733507835485,1.9322611281997157,11.0,0.5119981674820788,85.33864075402838,w75,indole,169,81,2.97,0.84,10.5
13.437694725940025,4.4,7.249419203912936e-17,5.784541800231179,5.784541800231179,0.23935202614939105,0.6624839679023165,0.2818913787843462,13.5,1.9662961286982878,85.33864075402838,w75,indole,169,81,2.97,0.84,10.5
13.437694725940025,4.4,7.249419203912936e-17,5.784541800231179,5.784541800231179,0.23935202614939105,0.3133859657949112,-0.863836306075263,15.0,-0.10794558530795029,85.33864075402838,w75,indole,169,81,2.97,0.84,10.5
13.437694725940025,4.4,7.249419203912936e-17,5.784541800231179,5.784541800231179,0.23935202614939105,0.021123175458073438,-0.0010426637194109745,20.0,0.47103600004552826,85.33864075402838,w75,indole,169,81,2.97,0.84,10.5
13.437694725940025,4.4,7.249419203912936e-17,5.784541800231179,5.784541800231179,0.23935202614939105,0.006744586994766528,-0.2368139985992186,22.0,0.6793934659946832,85.33864075402838,w75,indole,169,81,2.97,0.84,10.5
23.150680499144954,4.4,3.9705578920186966,8.383619437756657,4.4130615457379605,0.9026883936400004,20.14226121764223,23.596065178431168,5.5,19.45904146920357,123.84198195026072,w75,indole,170,81,3.44,0.99,10.5
23.150680499144954,4.4,3.9705578920186966,8.383619437756657,4.4130615457379605,0.9026883936400004,18.316440224888257,13.849943749946389,6.0,18.205771695146822,123.84198195026072,w75,indole,170,81,3.44,0.99,10.5
23.150680499144954,4.4,3.9705578920186966,8.383619437756657,4.4130615457379605,0.9026883936400004,11.937454204810798,13.436695687867113,8.0,13.019695167348765,123.84198195026072,w75,indole,170,81,3.44,0.99,10.5
23.150680499144954,4.4,3.9705578920186966,8.383619437756657,4.4130615457379605,0.9026883936400004,5.969042167306635,5.403613942937147,11.0,8.141620941304222,123.84198195026072,w75,indole,170,81,3.44,0.99,10.5
23.150680499144954,4.4,3.9705578920186966,8.383619437756657,4.4130615457379605,0.9026883936400004,3.2930637095611153,2.962950657431307,13.5,0.6849008604935773,123.84198195026072,w75,indole,170,81,3.44,0.99,10.5
23.150680499144954,4.4,3.9705578920186966,8.383619437756657,4.4130615457379605,0.9026883936400004,2.29569373021314,1.173944127700283,15.0,1.1088746187443137,123.84198195026072,w75,indole,170,81,3.44,0.99,10.5
23.150680499144954,4.4,3.9705578920186966,8.383619437756657,4.4130615457379605,0.9026883936400004,0.6812661936436201,2.4565075905722726,20.0,1.227319427533537,123.84198195026072,w75,indole,170,81,3.44,0.99,10.5
23.150680499144954,4.4,3.9705578920186966,8.383619437756657,4.4130615457379605,0.9026883936400004,0.4176201842201868,2.0557289510717265,22.0,1.1591975766915796,123.84198195026072,w75,indole,170,81,3.44,0.99,10.5
32.56915076700943,4.4,4.3,7.584510541613486,3.2845105416134865,0.9695540633123143,24.92742092108316,25.371603497492696,5.5,28.13342387940882,117.26284598548713,w75,indole,171,81,3.32,1.01,10.5
32.56915076700943,4.4,4.3,7.584510541613486,3.2845105416134865,0.9695540633123143,21.539793158384313,14.163882136835106,6.0,22.69464845128128,117.26284598548713,w75,indole,171,81,3.32,1.01,10.5
32.56915076700943,4.4,4.3,7.584510541613486,3.2845105416134865,0.9695540633123143,11.778591328327783,13.619089950710626,8.0,13.89140538390837,117.26284598548713,w75,indole,171,81,3.32,1.01,10.5
32.56915076700943,4.4,4.3,7.584510541613486,3.2845105416134865,0.9695540633123143,4.677993613937755,4.289336884469037,11.0,6.155417321849271,117.26284598548713,w75,indole,171,81,3.32,1.01,10.5
32.56915076700943,4.4,4.3,7.584510541613486,3.2845105416134865,0.9695540633123143,2.154969888300953,1.5545949305588627,13.5,1.292597431193883,117.26284598548713,w75,indole,171,81,3.32,1.01,10.5
32.56915076700943,4.4,4.3,7.584510541613486,3.2845105416134865,0.9695540633123143,1.351871213510722,-0.3843609807805173,15.0,-0.9786567703455715,117.26284598548713,w75,indole,171,81,3.32,1.01,10.5
32.56915076700943,4.4,4.3,7.584510541613486,3.2845105416134865,0.9695540633123143,0.28462856681615417,1.0481550046489634,20.0,0.08495557006604892,117.26284598548713,w75,indole,171,81,3.32,1.01,10.5
32.56915076700943,4.4,4.3,7.584510541613486,3.2845105416134865,0.9695540633123143,0.15246122161726355,0.6352102633557859,22.0,-1.405239481367306,117.26284598548713,w75,indole,171,81,3.32,1.01,10.5
62.08582964409919,2.328400876008116,2.2284008760081147,5.583036627514845,3.3546357515067307,0.9701905043028631,1.4103947399745993e-08,5.929572700017825,0.0,7.940124235932224,228.00321510582543,w80,indole,172,86,3.44,0.89,10.5
62.08582964409919,2.328400876008116,2.2284008760081147,5.583036627514845,3.3546357515067307,0.9701905043028631,56.965664260938404,56.43005448341401,2.5,57.46180920919746,228.00321510582543,w80,indole,172,86,3.44,0.89,10.5
62.08582964409919,2.328400876008116,2.2284008760081147,5.583036627514845,3.3546357515067307,0.9701905043028631,40.57821501105229,45.58014346486475,4.0,48.34856529185252,228.00321510582543,w80,indole,172,86,3.44,0.89,10.5
62.08582964409919,2.328400876008116,2.2284008760081147,5.583036627514845,3.3546357515067307,0.9701905043028631,35.06637604855287,33.8746223060846,4.5,20.439033074188337,228.00321510582543,w80,indole,172,86,3.44,0.89,10.5
62.08582964409919,2.328400876008116,2.2284008760081147,5.583036627514845,3.3546357515067307,0.9701905043028631,7.82028709402471,9.626122679188027,9.5,10.306066389861192,228.00321510582543,w80,indole,172,86,3.44,0.89,10.5
62.08582964409919,2.328400876008116,2.2284008760081147,5.583036627514845,3.3546357515067307,0.9701905043028631,4.960976173265184,4.717203719664555,11.0,-1.8419841295632562,228.00321510582543,w80,indole,172,86,3.44,0.89,10.5
62.08582964409919,2.328400876008116,2.2284008760081147,5.583036627514845,3.3546357515067307,0.9701905043028631,4.2617455258322,5.795240690383372,11.5,10.782571312149248,228.00321510582543,w80,indole,172,86,3.44,0.89,10.5
62.08582964409919,2.328400876008116,2.2284008760081147,5.583036627514845,3.3546357515067307,0.9701905043028631,1.082412348649662,1.9090154090843439,16.0,5.595974484125373,228.00321510582543,w80,indole,172,86,3.44,0.89,10.5
68.66082959909043,2.5109241196053222,2.3074591784874143,5.635184414377134,3.32772523588972,0.9388576499875873,3.617175939922227e-09,6.560047532287552,0.0,8.968050993640283,264.32414489801255,w80,indole,173,86,3.13,0.92,10.5
68.66082959909043,2.5109241196053222,2.3074591784874143,5.635184414377134,3.32772523588972,0.9388576499875873,59.91723928308113,62.63336389846123,2.5,57.21735799924203,264.32414489801255,w80,indole,173,86,3.13,0.92,10.5
68.66082959909043,2.5109241196053222,2.3074591784874143,5.635184414377134,3.32772523588972,0.9388576499875873,48.9366616415391,50.39541890528472,4.0,49.097034624917455,264.32414489801255,w80,indole,173,86,3.13,0.92,10.5
68.66082959909043,2.5109241196053222,2.3074591784874143,5.635184414377134,3.32772523588972,0.9388576499875873,42.408343132106566,37.14081212553261,4.5,45.89807479433886,264.32414489801255,w80,indole,173,86,3.13,0.92,10.5
68.66082959909043,2.5109241196053222,2.3074591784874143,5.635184414377134,3.32772523588972,0.9388576499875873,9.247310592999906,9.640229780274275,9.5,8.266719583230701,264.32414489801255,w80,indole,173,86,3.13,0.92,10.5
68.66082959909043,2.5109241196053222,2.3074591784874143,5.635184414377134,3.32772523588972,0.9388576499875873,5.792447961994774,4.015865566864526,11.0,7.490772553758777,264.32414489801255,w80,indole,173,86,3.13,0.92,10.5
68.66082959909043,2.5109241196053222,2.3074591784874143,5.635184414377134,3.32772523588972,0.9388576499875873,4.953821598285972,5.0912758548991315,11.5,6.716401345093699,264.32414489801255,w80,indole,173,86,3.13,0.92,10.5
68.66082959909043,2.5109241196053222,2.3074591784874143,5.635184414377134,3.32772523588972,0.9388576499875873,1.2041424982661248,0.8407582078545239,16.0,0.9032541092525539,264.32414489801255,w80,indole,173,86,3.13,0.92,10.5
40.37508325733609,2.365250581128686,2.2652505811286865,4.899850082911342,2.634599501782655,0.9620435667993043,6.5833451692820434e-09,3.4030171199315937,0.0,4.3869181410991445,118.35930995543822,w80,indole,174,86,2.97,0.84,10.5
40.37508325733609,2.365250581128686,2.2652505811286865,4.899850082911342,2.634599501782655,0.9620435667993043,36.140241743197585,32.527907866540005,2.5,39.74125192520837,118.35930995543822,w80,indole,174,86,2.97,0.84,10.5
40.37508325733609,2.365250581128686,2.2652505811286865,4.899850082911342,2.634599501782655,0.9620435667993043,23.70815759514381,26.147663132620426,4.0,25.765325353000385,118.35930995543822,w80,indole,174,86,2.97,0.84,10.5
40.37508325733609,2.365250581128686,2.2652505811286865,4.899850082911342,2.634599501782655,0.9620435667993043,19.65912777651234,19.231053473980026,4.5,14.18314114599763,118.35930995543822,w80,indole,174,86,2.97,0.84,10.5
40.37508325733609,2.365250581128686,2.2652505811286865,4.899850082911342,2.634599501782655,0.9620435667993043,2.8639239651834685,4.875246733255611,9.5,4.156945606373386,118.35930995543822,w80,indole,174,86,2.97,0.84,10.5
40.37508325733609,2.365250581128686,2.2652505811286865,4.899850082911342,2.634599501782655,0.9620435667993043,1.5965050340279006,1.9322611281997157,11.0,0.5119981674820788,118.35930995543822,w80,indole,174,86,2.97,0.84,10.5
40.37508325733609,2.365250581128686,2.2652505811286865,4.899850082911342,2.634599501782655,0.9620435667993043,1.3135629254724854,2.4756853922427484,11.5,1.351254025067559,118.35930995543822,w80,indole,174,86,2.97,0.84,10.5
40.37508325733609,2.365250581128686,2.2652505811286865,4.899850082911342,2.634599501782655,0.9620435667993043,0.2260444276453341,0.27598052747500035,16.0,0.3600268515717788,118.35930995543822,w80,indole,174,86,2.97,0.84,10.5
52.15738142342733,2.3749922938037913,2.274992293803791,6.3990899365947,4.124097642790908,0.9757522714878478,7.409936901919281e-09,5.12897256549398,0.0,3.8912274351846463,232.6170573625741,w80,indole,175,86,3.44,0.99,10.5
52.15738142342733,2.3749922938037913,2.274992293803791,6.3990899365947,4.124097642790908,0.9757522714878478,46.67246732994962,48.57382970963549,2.5,44.76660372847689,232.6170573625741,w80,indole,175,86,3.44,0.99,10.5
52.15738142342733,2.3749922938037913,2.274992293803791,6.3990899365947,4.124097642790908,0.9757522714878478,37.38298298735934,39.44956674352707,4.0,37.68430722227234,232.6170573625741,w80,indole,175,86,3.44,0.99,10.5
52.15738142342733,2.3749922938037913,2.274992293803791,6.3990899365947,4.124097642790908,0.9757522714878478,33.22455765217338,29.66251967830359,4.5,33.87595560273682,232.6170573625741,w80,indole,175,86,3.44,0.99,10.5
52.15738142342733,2.3749922938037913,2.274992293803791,6.3990899365947,4.124097642790908,0.9757522714878478,9.875363127334367,9.435608280307811,9.5,11.339979020427712,232.6170573625741,w80,indole,175,86,3.44,0.99,10.5
52.15738142342733,2.3749922938037913,2.274992293803791,6.3990899365947,4.124097642790908,0.9757522714878478,6.834454057667043,5.403613942937147,11.0,8.141620941304222,232.6170573625741,w80,indole,175,86,3.44,0.99,10.5
52.15738142342733,2.3749922938037913,2.274992293803791,6.3990899365947,4.124097642790908,0.9757522714878478,6.044265121464247,6.464762851038508,11.5,5.343346244946998,232.6170573625741,w80,indole,175,86,3.44,0.99,10.5
52.15738142342733,2.3749922938037913,2.274992293803791,6.3990899365947,4.124097642790908,0.9757522714878478,1.9951512135494252,3.0504917320203626,16.0,1.3480862082843053,232.6170573625741,w80,indole,175,86,3.44,0.99,10.5
63.35590925431216,2.4287677058707753,2.3280676939039813,5.650446798768806,3.322379104864825,0.9696903908950839,5.4590487882873145e-09,5.679920797053855,0.0,0.9030327773667537,230.67248605893002,w80,indole,176,86,3.32,1.01,10.5
63.35590925431216,2.4287677058707753,2.3280676939039813,5.650446798768806,3.322379104864825,0.9696903908950839,53.439672596394686,54.10072685243324,2.5,52.796591045260136,230.67248605893002,w80,indole,176,86,3.32,1.01,10.5
63.35590925431216,2.4287677058707753,2.3280676939039813,5.650446798768806,3.322379104864825,0.9696903908950839,42.47354581486644,43.6613095650394,4.0,43.87611423219466,230.67248605893002,w80,indole,176,86,3.32,1.01,10.5
63.35590925431216,2.4287677058707753,2.3280676939039813,5.650446798768806,3.322379104864825,0.9696903908950839,36.66640368156377,32.388828202758,4.5,37.8641419229459,230.67248605893002,w80,indole,176,86,3.32,1.01,10.5
63.35590925431216,2.4287677058707753,2.3280676939039813,5.650446798768806,3.322379104864825,0.9696903908950839,8.062417584972824,9.029184917545576,9.5,8.323659163726958,230.67248605893002,w80,indole,176,86,3.32,1.01,10.5
63.35590925431216,2.4287677058707753,2.3280676939039813,5.650446798768806,3.322379104864825,0.9696903908950839,5.091405688417823,4.289336884469037,11.0,6.155417321849271,230.67248605893002,w80,indole,176,86,3.32,1.01,10.5
63.35590925431216,2.4287677058707753,2.3280676939039813,5.650446798768806,3.322379104864825,0.9696903908950839,4.367136531849996,5.299824249085777,11.5,2.7750506871453267,230.67248605893002,w80,indole,176,86,3.32,1.01,10.5
63.35590925431216,2.4287677058707753,2.3280676939039813,5.650446798768806,3.322379104864825,0.9696903908950839,1.0939533649469209,1.5859332059988425,16.0,0.9840482794299605,230.67248605893002,w80,indole,176,86,3.32,1.01,10.5
58.062728586783585,2.274535172422309,1.9489849538526567,5.79369273122531,3.844707777372653,0.9153251072849748,3.8949269921409616e-10,0.2777423653805542,-0.5,-2.5289824406214354,266.61558776246926,w85,indole,177,91,3.44,0.89,10.5
58.062728586783585,2.274535172422309,1.9489849538526567,5.79369273122531,3.844707777372653,0.9153251072849748,56.94584231763934,56.43005448341401,2.5,57.46180920919746,266.61558776246926,w85,indole,177,91,3.44,0.89,10.5
58.062728586783585,2.274535172422309,1.9489849538526567,5.79369273122531,3.844707777372653,0.9153251072849748,22.305170377440394,18.901529202020672,6.5,25.708976821870547,266.61558776246926,w85,indole,177,91,3.44,0.89,10.5
58.062728586783585,2.274535172422309,1.9489849538526567,5.79369273122531,3.844707777372653,0.9153251072849748,9.966021811847481,9.626122679188027,9.5,10.306066389861192,266.61558776246926,w85,indole,177,91,3.44,0.89,10.5
65.82111247492367,2.0,1.9,5.493427621228821,3.593427621228821,0.9721714166693571,2.808438890684401e-09,0.36099813917849843,-0.5,0.881760123569439,257.832382693526,w85,indole,178,91,3.13,0.92,10.5
65.82111247492367,2.0,1.9,5.493427621228821,3.593427621228821,0.9721714166693571,59.897124098649435,62.63336389846123,2.5,57.21735799924203,257.832382693526,w85,indole,178,91,3.13,0.92,10.5
65.82111247492367,2.0,1.9,5.493427621228821,3.593427621228821,0.9721714166693571,20.255027395021653,20.056493907845326,6.5,20.075280826810715,257.832382693526,w85,indole,178,91,3.13,0.92,10.5
65.82111247492367,2.0,1.9,5.493427621228821,3.593427621228821,0.9721714166693571,8.706066267214947,9.640229780274275,9.5,8.266719583230701,257.832382693526,w85,indole,178,91,3.13,0.92,10.5
42.21522121522099,2.0000000000000004,1.9000000000000004,4.061451981778138,2.1614519817781375,0.9537348038064051,1.9611066101184552e-09,0.19271494158459568,-0.5,2.2760424504942733,103.0671920775975,w85,indole,179,91,2.97,0.84,10.5
42.21522121522099,2.0000000000000004,1.9000000000000004,4.061451981778138,2.1614519817781375,0.9537348038064051,36.04164324695597,32.527907866540005,2.5,39.74125192520837,103.0671920775975,w85,indole,179,91,2.97,0.84,10.5
42.21522121522099,2.0000000000000004,1.9000000000000004,4.061451981778138,2.1614519817781375,0.9537348038064051,5.729217309516646,10.300147221917879,6.5,-1.5149619483236427,103.0671920775975,w85,indole,179,91,2.97,0.84,10.5
42.21522121522099,2.0000000000000004,1.9000000000000004,4.061451981778138,2.1614519817781375,0.9537348038064051,1.3697801131474199,4.875246733255611,9.5,4.156945606373386,103.0671920775975,w85,indole,179,91,2.97,0.84,10.5
50.26134430668672,2.0,1.9,6.452275191575592,4.552275191575593,0.9780329624656567,2.088736607828613e-09,0.18267546366653065,-0.5,0.627385327922795,246.11961680412873,w85,indole,180,91,3.44,0.99,10.5
50.26134430668672,2.0,1.9,6.452275191575592,4.552275191575593,0.9780329624656567,46.651362924034686,48.57382970963549,2.5,44.76660372847689,246.11961680412873,w85,indole,180,91,3.44,0.99,10.5
50.26134430668672,2.0,1.9,6.452275191575592,4.552275191575593,0.9780329624656567,19.935658291740015,17.286103791616824,6.5,22.383573285092666,246.11961680412873,w85,indole,180,91,3.44,0.99,10.5
50.26134430668672,2.0,1.9,6.452275191575592,4.552275191575593,0.9780329624656567,10.277678466292754,9.435608280307811,9.5,11.339979020427712,246.11961680412873,w85,indole,180,91,3.44,0.99,10.5
54.64628459990494,2.6006362797552933,2.1006283212420467,5.617629253575016,3.5170009323329694,0.8578311555403623,1.9146671416768005e-11,0.2754029545225123,-0.5,0.2871130541921332,243.23806454527548,w85,indole,181,91,3.32,1.01,10.5
54.64628459990494,2.6006362797552933,2.1006283212420467,5.617629253575016,3.5170009323329694,0.8578311555403623,53.44908630758956,54.10072685243324,2.5,52.796591045260136,243.23806454527548,w85,indole,181,91,3.32,1.01,10.5
54.64628459990494,2.6006362797552933,2.1006283212420467,5.617629253575016,3.5170009323329694,0.8578311555403623,21.516300360002624,17.944955139244243,6.5,25.087490457257495,243.23806454527548,w85,indole,181,91,3.32,1.01,10.5
54.64628459990494,2.6006362797552933,2.1006283212420467,5.617629253575016,3.5170009323329694,0.8578311555403623,8.676446674062117,9.029184917545576,9.5,8.323659163726958,243.23806454527548,w85,indole,181,91,3.32,1.01,10.5
