R_peak_fit,t_peak_fit,t_onset_fit,t_mean_fit,duration,shape,fitted_emission,prior,time,emission,integral,Type,comp,Channel_number,intensity1,Totalbio,Leaf3,d1_time
1177.2845262674932,2.839538985979785,1.408380719472341,4.2011942627876975,2.7928135433153565,0.4875568152650419,3.1863301797639607e-16,0.7280674594387939,-0.666666667,28.711336622851583,4450.613948928099,l2,DMNT,65,1,1,1,1
1177.2845262674932,2.839538985979785,1.408380719472341,4.2011942627876975,2.7928135433153565,0.4875568152650419,1.4926474697957093e-15,-1.061894418066057,-0.5,16.909511651015645,4450.613948928099,l2,DMNT,65,1,1,1,1
1177.2845262674932,2.839538985979785,1.408380719472341,4.2011942627876975,2.7928135433153565,0.4875568152650419,6.992358931444268e-15,-3.52249856676136,-0.333333333,18.661824524697863,4450.613948928099,l2,DMNT,65,1,1,1,1
1177.2845262674932,2.839538985979785,1.408380719472341,4.2011942627876975,2.7928135433153565,0.4875568152650419,3.2755944934422645e-14,1.5168892816624862,-0.166666667,30.635372744921895,4450.613948928099,l2,DMNT,65,1,1,1,1
1177.2845262674932,2.839538985979785,1.408380719472341,4.2011942627876975,2.7928135433153565,0.4875568152650419,1.5344627030810698e-13,0.923022496976774,0.0,29.963967881445328,4450.613948928099,l2,DMNT,65,1,1,1,1
1177.2845262674932,2.839538985979785,1.408380719472341,4.2011942627876975,2.7928135433153565,0.4875568152650419,7.188220398129291e-13,3.5357621771375563,0.166666667,29.486852603320337,4450.613948928099,l2,DMNT,65,1,1,1,1
1177.2845262674932,2.839538985979785,1.408380719472341,4.2011942627876975,2.7928135433153565,0.4875568152650419,3.367288317274728e-12,-8.878376781881256,0.333333333,18.19470176141661,4450.613948928099,l2,DMNT,65,1,1,1,1
1177.2845262674932,2.839538985979785,1.408380719472341,4.2011942627876975,2.7928135433153565,0.4875568152650419,1.577272755825751e-11,1.7189841679702944,0.5,31.62808499012756,4450.613948928099,l2,DMNT,65,1,1,1,1
1177.2845262674932,2.839538985979785,1.408380719472341,4.2011942627876975,2.7928135433153565,0.4875568152650419,7.385190230425637e-11,4.679189516082847,0.666666667,34.49299032958069,4450.613948928099,l2,DMNT,65,1,1,1,1
1177.2845262674932,2.839538985979785,1.408380719472341,4.2011942627876975,2.7928135433153565,0.4875568152650419,3.450719149783723e-10,12.695766016821374,0.833333333,43.99292075703127,4450.613948928099,l2,DMNT,65,1,1,1,1
1177.2845262674932,2.839538985979785,1.408380719472341,4.2011942627876975,2.7928135433153565,0.4875568152650419,1.59478267034556e-09,25.59575309636384,1.0,60.85938027812503,4450.613948928099,l2,DMNT,65,1,1,1,1
1177.2845262674932,2.839538985979785,1.408380719472341,4.2011942627876975,2.7928135433153565,0.4875568152650419,6.974672422704217e-09,46.39055019658792,1.166666667,79.9884621330963,4450.613948928099,l2,DMNT,65,1,1,1,1
1177.2845262674932,2.839538985979785,1.408380719472341,4.2011942627876975,2.7928135433153565,0.4875568152650419,2.4173443397718364e-08,99.01988096414189,1.333333333,159.1296018542969,4450.613948928099,l2,DMNT,65,1,1,1,1
1177.2845262674932,2.839538985979785,1.408380719472341,4.2011942627876975,2.7928135433153565,0.4875568152650419,125.12697796156954,209.40227362352115,1.5,312.02225298437503,4450.613948928099,l2,DMNT,65,1,1,1,1
1177.2845262674932,2.839538985979785,1.408380719472341,4.2011942627876975,2.7928135433153565,0.4875568152650419,428.3402255919518,329.97549688006234,1.666666667,461.45122343730475,4450.613948928099,l2,DMNT,65,1,1,1,1
1177.2845262674932,2.839538985979785,1.408380719472341,4.2011942627876975,2.7928135433153565,0.4875568152650419,678.2473947803165,486.7174452577982,1.833333333,713.0535663710938,4450.613948928099,l2,DMNT,65,1,1,1,1
1177.2845262674932,2.839538985979785,1.408380719472341,4.2011942627876975,2.7928135433153565,0.4875568152650419,859.5125520775456,684.8770652839835,2.0,898.2328674652343,4450.613948928099,l2,DMNT,65,1,1,1,1
1177.2845262674932,2.839538985979785,1.408380719472341,4.2011942627876975,2.7928135433153565,0.4875568152650419,989.316395087087,888.4632928601851,2.166666667,1138.4609406822083,4450.613948928099,l2,DMNT,65,1,1,1,1
1177.2845262674932,2.839538985979785,1.408380719472341,4.2011942627876975,2.7928135433153565,0.4875568152650419,1079.0650503549778,1095.1279008851343,2.333333333,1322.0396672222655,4450.613948928099,l2,DMNT,65,1,1,1,1
1177.2845262674932,2.839538985979785,1.408380719472341,4.2011942627876975,2.7928135433153565,0.4875568152650419,1136.4443652936654,1211.8717689190632,2.5,1408.2941888534374,4450.613948928099,l2,DMNT,65,1,1,1,1
1177.2845262674932,2.839538985979785,1.408380719472341,4.2011942627876975,2.7928135433153565,0.4875568152650419,1167.4944694899707,1197.9789263192952,2.666666667,1280.7750497759089,4450.613948928099,l2,DMNT,65,1,1,1,1
1177.2845262674932,2.839538985979785,1.408380719472341,4.2011942627876975,2.7928135433153565,0.4875568152650419,1177.2720973718283,1258.877367067964,2.833333333,1323.371956664435,4450.613948928099,l2,DMNT,65,1,1,1,1
1177.2845262674932,2.839538985979785,1.408380719472341,4.2011942627876975,2.7928135433153565,0.4875568152650419,1170.065644753238,1154.641766512291,3.0,1165.0354455552736,4450.613948928099,l2,DMNT,65,1,1,1,1
1177.2845262674932,2.839538985979785,1.408380719472341,4.2011942627876975,2.7928135433153565,0.4875568152650419,1149.5041591743245,1151.1196639268178,3.166666667,1175.9542200752837,4450.613948928099,l2,DMNT,65,1,1,1,1
1177.2845262674932,2.839538985979785,1.408380719472341,4.2011942627876975,2.7928135433153565,0.4875568152650419,1118.6416323222106,1112.915706609492,3.333333333,1083.2301324019534,4450.613948928099,l2,DMNT,65,1,1,1,1
1177.2845262674932,2.839538985979785,1.408380719472341,4.2011942627876975,2.7928135433153565,0.4875568152650419,1080.0320734907384,1031.4018763248575,3.5,1002.221508795987,4450.613948928099,l2,DMNT,65,1,1,1,1
1177.2845262674932,2.839538985979785,1.408380719472341,4.2011942627876975,2.7928135433153565,0.4875568152650419,1035.7974271377711,1048.559744955224,3.666666667,938.8944118118072,4450.613948928099,l2,DMNT,65,1,1,1,1
1177.2845262674932,2.839538985979785,1.408380719472341,4.2011942627876975,2.7928135433153565,0.4875568152650419,987.6884137804685,968.7100718930136,3.833333333,832.0606396612212,4450.613948928099,l2,DMNT,65,1,1,1,1
1177.2845262674932,2.839538985979785,1.408380719472341,4.2011942627876975,2.7928135433153565,0.4875568152650419,937.1384306416218,936.4657568179639,4.0,838.4320249226379,4450.613948928099,l2,DMNT,65,1,1,1,1
1177.2845262674932,2.839538985979785,1.408380719472341,4.2011942627876975,2.7928135433153565,0.4875568152650419,885.3108874788171,886.8965244280256,4.166666667,770.6705105619142,4450.613948928099,l2,DMNT,65,1,1,1,1
1177.2845262674932,2.839538985979785,1.408380719472341,4.2011942627876975,2.7928135433153565,0.4875568152650419,833.1404912958479,835.9618747821353,4.333333333,751.9920725361328,4450.613948928099,l2,DMNT,65,1,1,1,1
1177.2845262674932,2.839538985979785,1.408380719472341,4.2011942627876975,2.7928135433153565,0.4875568152650419,781.3690619501281,777.8699702989007,4.5,654.1421222716614,4450.613948928099,l2,DMNT,65,1,1,1,1
1177.2845262674932,2.839538985979785,1.408380719472341,4.2011942627876975,2.7928135433153565,0.4875568152650419,730.5764676411766,793.3146807952606,4.666666667,646.512393452237,4450.613948928099,l2,DMNT,65,1,1,1,1
1177.2845262674932,2.839538985979785,1.408380719472341,4.2011942627876975,2.7928135433153565,0.4875568152650419,681.2072368132149,713.8656651818802,4.833333333,596.1766949268463,4450.613948928099,l2,DMNT,65,1,1,1,1
1177.2845262674932,2.839538985979785,1.408380719472341,4.2011942627876975,2.7928135433153565,0.4875568152650419,633.5933725441558,659.5540970570997,5.0,566.622582138672,4450.613948928099,l2,DMNT,65,1,1,1,1
1177.2845262674932,2.839538985979785,1.408380719472341,4.2011942627876975,2.7928135433153565,0.4875568152650419,587.973849228707,609.6677237557184,5.166666667,502.75697135321354,4450.613948928099,l2,DMNT,65,1,1,1,1
1177.2845262674932,2.839538985979785,1.408380719472341,4.2011942627876975,2.7928135433153565,0.4875568152650419,544.5112158545027,579.3441344556439,5.333333333,482.2442291183594,4450.613948928099,l2,DMNT,65,1,1,1,1
1177.2845262674932,2.839538985979785,1.408380719472341,4.2011942627876975,2.7928135433153565,0.4875568152650419,503.3056919513555,506.95256338842074,5.5,421.560866736026,4450.613948928099,l2,DMNT,65,1,1,1,1
1177.2845262674932,2.839538985979785,1.408380719472341,4.2011942627876975,2.7928135433153565,0.4875568152650419,464.4070975370225,491.06071738114923,5.666666667,411.0172613457032,4450.613948928099,l2,DMNT,65,1,1,1,1
1177.2845262674932,2.839538985979785,1.408380719472341,4.2011942627876975,2.7928135433153565,0.4875568152650419,427.8249110728526,443.8945586330099,5.833333333,370.66254065820317,4450.613948928099,l2,DMNT,65,1,1,1,1
1177.2845262674932,2.839538985979785,1.408380719472341,4.2011942627876975,2.7928135433153565,0.4875568152650419,393.5367199610375,399.4423768560717,6.0,344.28689463750004,4450.613948928099,l2,DMNT,65,1,1,1,1
1177.2845262674932,2.839538985979785,1.408380719472341,4.2011942627876975,2.7928135433153565,0.4875568152650419,361.4952939831665,366.7222092447265,6.166666667,316.5714437876954,4450.613948928099,l2,DMNT,65,1,1,1,1
1177.2845262674932,2.839538985979785,1.408380719472341,4.2011942627876975,2.7928135433153565,0.4875568152650419,331.6344768948496,336.2540157077604,6.333333333,290.43004015507813,4450.613948928099,l2,DMNT,65,1,1,1,1
1177.2845262674932,2.839538985979785,1.408380719472341,4.2011942627876975,2.7928135433153565,0.4875568152650419,303.87407139430474,329.8095477312012,6.5,274.560198640625,4450.613948928099,l2,DMNT,65,1,1,1,1
1177.2845262674932,2.839538985979785,1.408380719472341,4.2011942627876975,2.7928135433153565,0.4875568152650419,278.1238685714583,307.70790145247304,6.666666667,241.2951585755676,4450.613948928099,l2,DMNT,65,1,1,1,1
1177.2845262674932,2.839538985979785,1.408380719472341,4.2011942627876975,2.7928135433153565,0.4875568152650419,254.28694807483936,289.4723467883189,6.833333333,260.5272595244141,4450.613948928099,l2,DMNT,65,1,1,1,1
1177.2845262674932,2.839538985979785,1.408380719472341,4.2011942627876975,2.7928135433153565,0.4875568152650419,232.2623625114962,252.38515761299257,7.0,240.49339215117192,4450.613948928099,l2,DMNT,65,1,1,1,1
1177.2845262674932,2.839538985979785,1.408380719472341,4.2011942627876975,2.7928135433153565,0.4875568152650419,211.94730315789644,235.1799089874949,7.166666667,211.01898800468751,4450.613948928099,l2,DMNT,65,1,1,1,1
1177.2845262674932,2.839538985979785,1.408380719472341,4.2011942627876975,2.7928135433153565,0.4875568152650419,193.23882691238376,240.51113581688827,7.333333333,195.3019080914063,4450.613948928099,l2,DMNT,65,1,1,1,1
1177.2845262674932,2.839538985979785,1.408380719472341,4.2011942627876975,2.7928135433153565,0.4875568152650419,176.03521670463616,217.47303814251524,7.5,208.91628623222658,4450.613948928099,l2,DMNT,65,1,1,1,1
1177.2845262674932,2.839538985979785,1.408380719472341,4.2011942627876975,2.7928135433153565,0.4875568152650419,160.237036603131,210.6480832027415,7.666666667,203.64917914316408,4450.613948928099,l2,DMNT,65,1,1,1,1
1177.2845262674932,2.839538985979785,1.408380719472341,4.2011942627876975,2.7928135433153565,0.4875568152650419,145.74793120795107,179.9586998548094,7.833333333,169.6135025426666,4450.613948928099,l2,DMNT,65,1,1,1,1
1177.2845262674932,2.839538985979785,1.408380719472341,4.2011942627876975,2.7928135433153565,0.4875568152650419,132.47521446294036,164.2435187391124,8.0,154.322678701651,4450.613948928099,l2,DMNT,65,1,1,1,1
1177.2845262674932,2.839538985979785,1.408380719472341,4.2011942627876975,2.7928135433153565,0.4875568152650419,120.33028580105758,155.79840246204716,8.166666667,155.72121428164064,4450.613948928099,l2,DMNT,65,1,1,1,1
1177.2845262674932,2.839538985979785,1.408380719472341,4.2011942627876975,2.7928135433153565,0.4875568152650419,109.22890369296965,141.5670255562282,8.333333333,143.57344033574222,4450.613948928099,l2,DMNT,65,1,1,1,1
1177.2845262674932,2.839538985979785,1.408380719472341,4.2011942627876975,2.7928135433153565,0.4875568152650419,99.0913442599448,130.6878705084378,8.5,132.6078921237213,4450.613948928099,l2,DMNT,65,1,1,1,1
1177.2845262674932,2.839538985979785,1.408380719472341,4.2011942627876975,2.7928135433153565,0.4875568152650419,89.84246791910839,132.11681755369534,8.666666667,129.54135283007815,4450.613948928099,l2,DMNT,65,1,1,1,1
1177.2845262674932,2.839538985979785,1.408380719472341,4.2011942627876975,2.7928135433153565,0.4875568152650419,81.41171178804328,116.91563743251143,8.833333333,126.03394016063538,4450.613948928099,l2,DMNT,65,1,1,1,1
1177.2845262674932,2.839538985979785,1.408380719472341,4.2011942627876975,2.7928135433153565,0.4875568152650419,73.73302440318261,110.96830226342875,9.0,118.21718201278381,4450.613948928099,l2,DMNT,65,1,1,1,1
1177.2845262674932,2.839538985979785,1.408380719472341,4.2011942627876975,2.7928135433153565,0.4875568152650419,66.74475629037703,102.01857544701744,9.166666667,101.4849994170807,4450.613948928099,l2,DMNT,65,1,1,1,1
762.6463485653762,2.9667184774943194,1.3844504581495873,4.246409292842837,2.8619588346932496,0.4471380929158883,3.9505598110156435e-18,0.32393720481417176,-0.666666667,19.35086766191408,2906.1858647582317,l2,DMNT,74,1,1,1,1
762.6463485653762,2.9667184774943194,1.3844504581495873,4.246409292842837,2.8619588346932496,0.4471380929158883,1.836201566400738e-17,-0.7005217294823236,-0.5,14.864232531640644,2906.1858647582317,l2,DMNT,74,1,1,1,1
762.6463485653762,2.9667184774943194,1.3844504581495873,4.246409292842837,2.8619588346932496,0.4471380929158883,8.53457807720784e-17,-1.933509641529275,-0.333333333,13.270775436736923,2906.1858647582317,l2,DMNT,74,1,1,1,1
762.6463485653762,2.9667184774943194,1.3844504581495873,4.246409292842837,2.8619588346932496,0.4471380929158883,3.9668310290438425e-16,0.8852905610413302,-0.166666667,21.423264291796894,2906.1858647582317,l2,DMNT,74,1,1,1,1
762.6463485653762,2.9667184774943194,1.3844504581495873,4.246409292842837,2.8619588346932496,0.4471380929158883,1.843762908799725e-15,0.6625617814555209,0.0,21.21179476425783,2906.1858647582317,l2,DMNT,74,1,1,1,1
762.6463485653762,2.9667184774943194,1.3844504581495873,4.246409292842837,2.8619588346932496,0.4471380929158883,8.569687329443326e-15,2.1763746605993823,0.166666667,19.460780361132834,2906.1858647582317,l2,DMNT,74,1,1,1,1
762.6463485653762,2.9667184774943194,1.3844504581495873,4.246409292842837,2.8619588346932496,0.4471380929158883,3.983062259301677e-14,-5.204088478035803,0.333333333,8.205113642205673,2906.1858647582317,l2,DMNT,74,1,1,1,1
762.6463485653762,2.9667184774943194,1.3844504581495873,4.246409292842837,2.8619588346932496,0.4471380929158883,1.8510920976592817e-13,1.102176026096858,0.5,15.222624894354123,2906.1858647582317,l2,DMNT,74,1,1,1,1
762.6463485653762,2.9667184774943194,1.3844504581495873,4.246409292842837,2.8619588346932496,0.4471380929158883,8.598465878382369e-13,3.0659855833088603,0.666666667,22.18153606193225,2906.1858647582317,l2,DMNT,74,1,1,1,1
762.6463485653762,2.9667184774943194,1.3844504581495873,4.246409292842837,2.8619588346932496,0.4471380929158883,3.9834782679753004e-12,7.9726006072733355,0.833333333,27.091145538281275,2906.1858647582317,l2,DMNT,74,1,1,1,1
762.6463485653762,2.9667184774943194,1.3844504581495873,4.246409292842837,2.8619588346932496,0.4471380929158883,1.820041107697997e-11,16.209902415851275,1.0,33.299209403125026,2906.1858647582317,l2,DMNT,74,1,1,1,1
762.6463485653762,2.9667184774943194,1.3844504581495873,4.246409292842837,2.8619588346932496,0.4471380929158883,7.761231957858255e-11,30.17547892122573,1.166666667,55.33036925607287,2906.1858647582317,l2,DMNT,74,1,1,1,1
762.6463485653762,2.9667184774943194,1.3844504581495873,4.246409292842837,2.8619588346932496,0.4471380929158883,2.5103570744386887e-10,64.14785726408473,1.333333333,84.2127277761719,2906.1858647582317,l2,DMNT,74,1,1,1,1
762.6463485653762,2.9667184774943194,1.3844504581495873,4.246409292842837,2.8619588346932496,0.4471380929158883,71.7731317006653,136.02262903922548,1.5,148.14708235937505,2906.1858647582317,l2,DMNT,74,1,1,1,1
762.6463485653762,2.9667184774943194,1.3844504581495873,4.246409292842837,2.8619588346932496,0.4471380929158883,235.8911397282846,215.25370270096553,1.666666667,227.19491330449222,2906.1858647582317,l2,DMNT,74,1,1,1,1
762.6463485653762,2.9667184774943194,1.3844504581495873,4.246409292842837,2.8619588346932496,0.4471380929158883,385.12010469623203,317.2341026260533,1.833333333,322.9921487148438,2906.1858647582317,l2,DMNT,74,1,1,1,1
762.6463485653762,2.9667184774943194,1.3844504581495873,4.246409292842837,2.8619588346932496,0.4471380929158883,504.1021910689992,446.6393062722027,2.0,425.9366888246094,2906.1858647582317,l2,DMNT,74,1,1,1,1
762.6463485653762,2.9667184774943194,1.3844504581495873,4.246409292842837,2.8619588346932496,0.4471380929158883,596.1724153930637,580.8608360461325,2.166666667,571.6644928187864,2906.1858647582317,l2,DMNT,74,1,1,1,1
762.6463485653762,2.9667184774943194,1.3844504581495873,4.246409292842837,2.8619588346932496,0.4471380929158883,664.7690856311505,715.0082850004281,2.333333333,693.4684333628907,2906.1858647582317,l2,DMNT,74,1,1,1,1
762.6463485653762,2.9667184774943194,1.3844504581495873,4.246409292842837,2.8619588346932496,0.4471380929158883,712.8986879385136,791.4034341808447,2.5,787.6180851909374,2906.1858647582317,l2,DMNT,74,1,1,1,1
762.6463485653762,2.9667184774943194,1.3844504581495873,4.246409292842837,2.8619588346932496,0.4471380929158883,743.4320136947573,782.5261956542216,2.666666667,766.7934260113855,2906.1858647582317,l2,DMNT,74,1,1,1,1
762.6463485653762,2.9667184774943194,1.3844504581495873,4.246409292842837,2.8619588346932496,0.4471380929158883,759.1025422950421,822.475740758282,2.833333333,811.8000542150754,2906.1858647582317,l2,DMNT,74,1,1,1,1
762.6463485653762,2.9667184774943194,1.3844504581495873,4.246409292842837,2.8619588346932496,0.4471380929158883,762.4405825407139,754.3291603927969,3.0,761.175065641211,2906.1858647582317,l2,DMNT,74,1,1,1,1
762.6463485653762,2.9667184774943194,1.3844504581495873,4.246409292842837,2.8619588346932496,0.4471380929158883,755.7284776748822,751.4474628941654,3.166666667,751.3869678857604,2906.1858647582317,l2,DMNT,74,1,1,1,1
762.6463485653762,2.9667184774943194,1.3844504581495873,4.246409292842837,2.8619588346932496,0.4471380929158883,740.9839528831199,726.010177098024,3.333333333,732.8679207300781,2906.1858647582317,l2,DMNT,74,1,1,1,1
762.6463485653762,2.9667184774943194,1.3844504581495873,4.246409292842837,2.8619588346932496,0.4471380929158883,719.9629708120942,672.8466140907907,3.5,684.0754616845885,2906.1858647582317,l2,DMNT,74,1,1,1,1
762.6463485653762,2.9667184774943194,1.3844504581495873,4.246409292842837,2.8619588346932496,0.4471380929158883,694.1739665608959,684.4927883714192,3.666666667,724.5550629582212,2906.1858647582317,l2,DMNT,74,1,1,1,1
762.6463485653762,2.9667184774943194,1.3844504581495873,4.246409292842837,2.8619588346932496,0.4471380929158883,664.8979851910342,632.1716278418945,3.833333333,660.7940059091978,2906.1858647582317,l2,DMNT,74,1,1,1,1
762.6463485653762,2.9667184774943194,1.3844504581495873,4.246409292842837,2.8619588346932496,0.4471380929158883,633.2113275780872,611.5148447637233,4.0,631.5103330514034,2906.1858647582317,l2,DMNT,74,1,1,1,1
762.6463485653762,2.9667184774943194,1.3844504581495873,4.246409292842837,2.8619588346932496,0.4471380929158883,600.0086641275603,578.2963559956568,4.166666667,614.3547501634766,2906.1858647582317,l2,DMNT,74,1,1,1,1
762.6463485653762,2.9667184774943194,1.3844504581495873,4.246409292842837,2.8619588346932496,0.4471380929158883,566.0254150064382,545.2210620583134,4.333333333,550.3711846064454,2906.1858647582317,l2,DMNT,74,1,1,1,1
762.6463485653762,2.9667184774943194,1.3844504581495873,4.246409292842837,2.8619588346932496,0.4471380929158883,531.8587269487408,507.7328783847061,4.5,512.9923102363645,2906.1858647582317,l2,DMNT,74,1,1,1,1
762.6463485653762,2.9667184774943194,1.3844504581495873,4.246409292842837,2.8619588346932496,0.4471380929158883,497.98670724188764,517.5250969122251,4.666666667,528.6163125908386,2906.1858647582317,l2,DMNT,74,1,1,1,1
762.6463485653762,2.9667184774943194,1.3844504581495873,4.246409292842837,2.8619588346932496,0.4471380929158883,464.78577622922836,465.27558490349435,4.833333333,470.4272417998229,2906.1858647582317,l2,DMNT,74,1,1,1,1
762.6463485653762,2.9667184774943194,1.3844504581495873,4.246409292842837,2.8619588346932496,0.4471380929158883,432.54613326690526,429.93012469983375,5.0,412.32356143554694,2906.1858647582317,l2,DMNT,74,1,1,1,1
762.6463485653762,2.9667184774943194,1.3844504581495873,4.246409292842837,2.8619588346932496,0.4471380929158883,401.4854083342354,398.0116009726691,5.166666667,405.37098065587753,2906.1858647582317,l2,DMNT,74,1,1,1,1
762.6463485653762,2.9667184774943194,1.3844504581495873,4.246409292842837,2.8619588346932496,0.4471380929158883,371.7606106014142,377.51364691512435,5.333333333,343.7148146027344,2906.1858647582317,l2,DMNT,74,1,1,1,1
762.6463485653762,2.9667184774943194,1.3844504581495873,4.246409292842837,2.8619588346932496,0.4471380929158883,343.47851387848294,330.8022990600892,5.5,312.53183635119007,2906.1858647582317,l2,DMNT,74,1,1,1,1
762.6463485653762,2.9667184774943194,1.3844504581495873,4.246409292842837,2.8619588346932496,0.4471380929158883,316.70462753050197,319.5480244387962,5.666666667,297.4082514238282,2906.1858647582317,l2,DMNT,74,1,1,1,1
762.6463485653762,2.9667184774943194,1.3844504581495873,4.246409292842837,2.8619588346932496,0.4471380929158883,291.4708970575657,289.5200897567644,5.833333333,275.07526323632817,2906.1858647582317,l2,DMNT,74,1,1,1,1
762.6463485653762,2.9667184774943194,1.3844504581495873,4.246409292842837,2.8619588346932496,0.4471380929158883,267.78227832685343,260.715165118044,6.0,253.92388813750003,2906.1858647582317,l2,DMNT,74,1,1,1,1
762.6463485653762,2.9667184774943194,1.3844504581495873,4.246409292842837,2.8619588346932496,0.4471380929158883,245.62232028084532,238.8649826144822,6.166666667,233.37098692050785,2906.1858647582317,l2,DMNT,74,1,1,1,1
762.6463485653762,2.9667184774943194,1.3844504581495873,4.246409292842837,2.8619588346932496,0.4471380929158883,224.9578767800565,219.4287984030056,6.333333333,210.15386060820316,2906.1858647582317,l2,DMNT,74,1,1,1,1
762.6463485653762,2.9667184774943194,1.3844504581495873,4.246409292842837,2.8619588346932496,0.4471380929158883,205.74306149461583,214.71101588723423,6.5,197.38367426562505,2906.1858647582317,l2,DMNT,74,1,1,1,1
762.6463485653762,2.9667184774943194,1.3844504581495873,4.246409292842837,2.8619588346932496,0.4471380929158883,187.92254796216272,200.96747122342612,6.666666667,173.00934319652072,2906.1858647582317,l2,DMNT,74,1,1,1,1
762.6463485653762,2.9667184774943194,1.3844504581495873,4.246409292842837,2.8619588346932496,0.4471380929158883,171.43430297618104,188.57243236653605,6.833333333,160.44307362597658,2906.1858647582317,l2,DMNT,74,1,1,1,1
762.6463485653762,2.9667184774943194,1.3844504581495873,4.246409292842837,2.8619588346932496,0.4471380929158883,156.21183476418892,164.34618688553925,7.0,141.5450199480469,2906.1858647582317,l2,DMNT,74,1,1,1,1
762.6463485653762,2.9667184774943194,1.3844504581495873,4.246409292842837,2.8619588346932496,0.4471380929158883,142.18602730514257,153.2173683573096,7.166666667,139.60837119218752,2906.1858647582317,l2,DMNT,74,1,1,1,1
762.6463485653762,2.9667184774943194,1.3844504581495873,4.246409292842837,2.8619588346932496,0.4471380929158883,129.28662094829716,156.68244966004875,7.333333333,139.77184024765629,2906.1858647582317,l2,DMNT,74,1,1,1,1
762.6463485653762,2.9667184774943194,1.3844504581495873,4.246409292842837,2.8619588346932496,0.4471380929158883,117.44339442674764,141.5767678261098,7.5,119.47940164628909,2906.1858647582317,l2,DMNT,74,1,1,1,1
762.6463485653762,2.9667184774943194,1.3844504581495873,4.246409292842837,2.8619588346932496,0.4471380929158883,106.58709574938938,137.00036407460237,7.666666667,123.9142139947266,2906.1858647582317,l2,DMNT,74,1,1,1,1
762.6463485653762,2.9667184774943194,1.3844504581495873,4.246409292842837,2.8619588346932496,0.4471380929158883,96.65016120779794,117.4973628037728,7.833333333,103.92799567345568,2906.1858647582317,l2,DMNT,74,1,1,1,1
762.6463485653762,2.9667184774943194,1.3844504581495873,4.246409292842837,2.8619588346932496,0.4471380929158883,87.56725834088529,107.22268370462105,8.0,96.77112494181506,2906.1858647582317,l2,DMNT,74,1,1,1,1
762.6463485653762,2.9667184774943194,1.3844504581495873,4.246409292842837,2.8619588346932496,0.4471380929158883,79.27568332661764,101.36655045995207,8.166666667,95.74552079726566,2906.1858647582317,l2,DMNT,74,1,1,1,1
762.6463485653762,2.9667184774943194,1.3844504581495873,4.246409292842837,2.8619588346932496,0.4471380929158883,71.71563745763936,92.05284594701646,8.333333333,84.45512114042971,2906.1858647582317,l2,DMNT,74,1,1,1,1
762.6463485653762,2.9667184774943194,1.3844504581495873,4.246409292842837,2.8619588346932496,0.4471380929158883,64.83040527044233,85.39085054083327,8.5,81.48431287169788,2906.1858647582317,l2,DMNT,74,1,1,1,1
762.6463485653762,2.9667184774943194,1.3844504581495873,4.246409292842837,2.8619588346932496,0.4471380929158883,58.566453248647996,85.98599870296506,8.666666667,83.44845228320315,2906.1858647582317,l2,DMNT,74,1,1,1,1
762.6463485653762,2.9667184774943194,1.3844504581495873,4.246409292842837,2.8619588346932496,0.4471380929158883,52.87346403935481,76.01953209004702,8.833333333,56.42780351017444,2906.1858647582317,l2,DMNT,74,1,1,1,1
762.6463485653762,2.9667184774943194,1.3844504581495873,4.246409292842837,2.8619588346932496,0.4471380929158883,47.70431994170526,72.16741602909744,9.0,57.66364732326038,2906.1858647582317,l2,DMNT,74,1,1,1,1
762.6463485653762,2.9667184774943194,1.3844504581495873,4.246409292842837,2.8619588346932496,0.4471380929158883,43.01504701781264,66.18500865871471,9.166666667,65.65022464943226,2906.1858647582317,l2,DMNT,74,1,1,1,1
843.7894538938094,2.9358386642614884,1.400857628836219,4.2472060033123284,2.8463483744761096,0.4607191975550802,1.648634232812087e-17,1.1047472323477976,-0.666666667,25.033480100976583,3217.4650277417395,l2,DMNT,79,1,1,1,1
843.7894538938094,2.9358386642614884,1.400857628836219,4.2472060033123284,2.8463483744761096,0.4607191975550802,7.686919102160107e-17,-0.7376782416018592,-0.5,26.039082622265642,3217.4650277417395,l2,DMNT,79,1,1,1,1
843.7894538938094,2.9358386642614884,1.400857628836219,4.2472060033123284,2.8463483744761096,0.4607191975550802,3.5841014922396525e-16,-3.941136240142571,-0.333333333,15.156794952575986,3217.4650277417395,l2,DMNT,79,1,1,1,1
843.7894538938094,2.9358386642614884,1.400857628836219,4.2472060033123284,2.8463483744761096,0.4607191975550802,1.6711223184823417e-15,1.4962645521010032,-0.166666667,26.12661423867189,3217.4650277417395,l2,DMNT,79,1,1,1,1
843.7894538938094,2.9358386642614884,1.400857628836219,4.2472060033123284,2.8463483744761096,0.4607191975550802,7.791766835883376e-15,0.43671334828179376,0.0,16.54348545707033,3217.4650277417395,l2,DMNT,79,1,1,1,1
843.7894538938094,2.9358386642614884,1.400857628836219,4.2472060033123284,2.8463483744761096,0.4607191975550802,3.6329750014973125e-14,3.0554442623403553,0.166666667,34.26837151894533,3217.4650277417395,l2,DMNT,79,1,1,1,1
843.7894538938094,2.9358386642614884,1.400857628836219,4.2472060033123284,2.8463483744761096,0.4607191975550802,1.6938785315294306e-13,-8.668800325404163,0.333333333,18.534823326794736,3217.4650277417395,l2,DMNT,79,1,1,1,1
843.7894538938094,2.9358386642614884,1.400857628836219,4.2472060033123284,2.8463483744761096,0.4607191975550802,7.897091390451524e-13,1.3170044349787453,0.5,30.957635202380686,3217.4650277417395,l2,DMNT,79,1,1,1,1
843.7894538938094,2.9358386642614884,1.400857628836219,4.2472060033123284,2.8463483744761096,0.4607191975550802,3.680162944363676e-12,3.3325304678275103,0.666666667,30.370226998083808,3217.4650277417395,l2,DMNT,79,1,1,1,1
843.7894538938094,2.9358386642614884,1.400857628836219,4.2472060033123284,2.8463483744761096,0.4607191975550802,1.7111547348222802e-11,10.365668740147651,0.833333333,30.170189919531275,3217.4650277417395,l2,DMNT,79,1,1,1,1
843.7894538938094,2.9358386642614884,1.400857628836219,4.2472060033123284,2.8463483744761096,0.4607191975550802,7.863005683551174e-11,20.375550832040204,1.0,40.66300892812502,3217.4650277417395,l2,DMNT,79,1,1,1,1
843.7894538938094,2.9358386642614884,1.400857628836219,4.2472060033123284,2.8463483744761096,0.4607191975550802,3.4053733584309563e-10,33.88281161544543,1.166666667,50.36605798284943,3217.4650277417395,l2,DMNT,79,1,1,1,1
843.7894538938094,2.9358386642614884,1.400857628836219,4.2472060033123284,2.8463483744761096,0.4607191975550802,1.1533513452168616e-09,73.32128116621116,1.333333333,87.8274860980469,3217.4650277417395,l2,DMNT,79,1,1,1,1
843.7894538938094,2.9358386642614884,1.400857628836219,4.2472060033123284,2.8463483744761096,0.4607191975550802,74.46679413449068,153.65548192644422,1.5,163.57839973437504,3217.4650277417395,l2,DMNT,79,1,1,1,1
843.7894538938094,2.9358386642614884,1.400857628836219,4.2472060033123284,2.8463483744761096,0.4607191975550802,266.5310980989945,238.64923041718933,1.666666667,254.3403585716797,3217.4650277417395,l2,DMNT,79,1,1,1,1
843.7894538938094,2.9358386642614884,1.400857628836219,4.2472060033123284,2.8463483744761096,0.4607191975550802,438.22410275250036,353.033303520617,1.833333333,370.44170305859376,3217.4650277417395,l2,DMNT,79,1,1,1,1
843.7894538938094,2.9358386642614884,1.400857628836219,4.2472060033123284,2.8463483744761096,0.4607191975550802,571.2617076055083,495.81581332671635,2.0,522.9511313839844,3217.4650277417395,l2,DMNT,79,1,1,1,1
843.7894538938094,2.9358386642614884,1.400857628836219,4.2472060033123284,2.8463483744761096,0.4607191975550802,671.8689569980379,637.639445694402,2.166666667,631.8686381629644,3217.4650277417395,l2,DMNT,79,1,1,1,1
843.7894538938094,2.9358386642614884,1.400857628836219,4.2472060033123284,2.8463483744761096,0.4607191975550802,745.3394231096636,789.6562585766445,2.333333333,834.3985383035156,3217.4650277417395,l2,DMNT,79,1,1,1,1
843.7894538938094,2.9358386642614884,1.400857628836219,4.2472060033123284,2.8463483744761096,0.4607191975550802,795.7629009940329,873.1733904379896,2.5,885.1244016884375,3217.4650277417395,l2,DMNT,79,1,1,1,1
843.7894538938094,2.9358386642614884,1.400857628836219,4.2472060033123284,2.8463483744761096,0.4607191975550802,826.728671231609,862.4158480938256,2.666666667,918.0276153706619,3217.4650277417395,l2,DMNT,79,1,1,1,1
843.7894538938094,2.9358386642614884,1.400857628836219,4.2472060033123284,2.8463483744761096,0.4607191975550802,841.4865972428978,905.6043270747119,2.833333333,940.2317183733161,3217.4650277417395,l2,DMNT,79,1,1,1,1
843.7894538938094,2.9358386642614884,1.400857628836219,4.2472060033123284,2.8463483744761096,0.4607191975550802,842.9502634981669,830.7929680341972,3.0,834.9039235271484,3217.4650277417395,l2,DMNT,79,1,1,1,1
843.7894538938094,2.9358386642614884,1.400857628836219,4.2472060033123284,2.8463483744761096,0.4607191975550802,833.6897215337068,830.4805741538406,3.166666667,841.835211700037,3217.4650277417395,l2,DMNT,79,1,1,1,1
843.7894538938094,2.9358386642614884,1.400857628836219,4.2472060033123284,2.8463483744761096,0.4607191975550802,815.9394365234735,804.823033115025,3.333333333,809.6267598582032,3217.4650277417395,l2,DMNT,79,1,1,1,1
843.7894538938094,2.9358386642614884,1.400857628836219,4.2472060033123284,2.8463483744761096,0.4607191975550802,791.6186885136082,745.8292709575896,3.5,768.14186057699,3217.4650277417395,l2,DMNT,79,1,1,1,1
843.7894538938094,2.9358386642614884,1.400857628836219,4.2472060033123284,2.8463483744761096,0.4607191975550802,762.3587459404714,756.503082781345,3.666666667,728.4932287084355,3217.4650277417395,l2,DMNT,79,1,1,1,1
843.7894538938094,2.9358386642614884,1.400857628836219,4.2472060033123284,2.8463483744761096,0.4607191975550802,729.5326836815988,699.6433348585066,3.833333333,686.8821561609744,3217.4650277417395,l2,DMNT,79,1,1,1,1
843.7894538938094,2.9358386642614884,1.400857628836219,4.2472060033123284,2.8463483744761096,0.4607191975550802,694.2853306006241,674.8798946949601,4.0,706.9393049877691,3217.4650277417395,l2,DMNT,79,1,1,1,1
843.7894538938094,2.9358386642614884,1.400857628836219,4.2472060033123284,2.8463483744761096,0.4607191975550802,657.5619213087939,642.4078312431743,4.166666667,611.1670239650391,3217.4650277417395,l2,DMNT,79,1,1,1,1
843.7894538938094,2.9358386642614884,1.400857628836219,4.2472060033123284,2.8463483744761096,0.4607191975550802,620.1346941599058,604.9924165010988,4.333333333,583.1430676767579,3217.4650277417395,l2,DMNT,79,1,1,1,1
843.7894538938094,2.9358386642614884,1.400857628836219,4.2472060033123284,2.8463483744761096,0.4607191975550802,582.6270912063109,561.4210834081484,4.5,519.6172062086677,3217.4650277417395,l2,DMNT,79,1,1,1,1
843.7894538938094,2.9358386642614884,1.400857628836219,4.2472060033123284,2.8463483744761096,0.4607191975550802,545.5354622094219,573.6734739285562,4.666666667,552.0087017332401,3217.4650277417395,l2,DMNT,79,1,1,1,1
843.7894538938094,2.9358386642614884,1.400857628836219,4.2472060033123284,2.8463483744761096,0.4607191975550802,509.248314026521,517.8293619233809,4.833333333,504.7625886765995,3217.4650277417395,l2,DMNT,79,1,1,1,1
843.7894538938094,2.9358386642614884,1.400857628836219,4.2472060033123284,2.8463483744761096,0.4607191975550802,474.0632361940349,478.22912364220014,5.0,457.56907073242195,3217.4650277417395,l2,DMNT,79,1,1,1,1
843.7894538938094,2.9358386642614884,1.400857628836219,4.2472060033123284,2.8463483744761096,0.4607191975550802,440.2016776568394,439.7623047267296,5.166666667,382.95810376234164,3217.4650277417395,l2,DMNT,79,1,1,1,1
843.7894538938094,2.9358386642614884,1.400857628836219,4.2472060033123284,2.8463483744761096,0.4607191975550802,407.8217635271414,420.5742493956582,5.333333333,405.7316356871094,3217.4650277417395,l2,DMNT,79,1,1,1,1
843.7894538938094,2.9358386642614884,1.400857628836219,4.2472060033123284,2.8463483744761096,0.4607191975550802,377.02935135465214,366.2593069062542,5.5,332.77437577015417,3217.4650277417395,l2,DMNT,79,1,1,1,1
843.7894538938094,2.9358386642614884,1.400857628836219,4.2472060033123284,2.8463483744761096,0.4607191975550802,347.88752098628896,358.1615403716217,5.666666667,326.1050555019532,3217.4650277417395,l2,DMNT,79,1,1,1,1
843.7894538938094,2.9358386642614884,1.400857628836219,4.2472060033123284,2.8463483744761096,0.4607191975550802,320.424676676398,321.2178346697398,5.833333333,301.51836781445314,3217.4650277417395,l2,DMNT,79,1,1,1,1
843.7894538938094,2.9358386642614884,1.400857628836219,4.2472060033123284,2.8463483744761096,0.4607191975550802,294.6414322623383,288.3314061773155,6.0,261.9685440375,3217.4650277417395,l2,DMNT,79,1,1,1,1
843.7894538938094,2.9358386642614884,1.400857628836219,4.2472060033123284,2.8463483744761096,0.4607191975550802,270.51643482478363,266.60223069627256,6.166666667,232.85913785332036,3217.4650277417395,l2,DMNT,79,1,1,1,1
843.7894538938094,2.9358386642614884,1.400857628836219,4.2472060033123284,2.8463483744761096,0.4607191975550802,248.011263023155,242.88620525417943,6.333333333,229.25457346132816,3217.4650277417395,l2,DMNT,79,1,1,1,1
843.7894538938094,2.9358386642614884,1.400857628836219,4.2472060033123284,2.8463483744761096,0.4607191975550802,227.0745263114346,240.19140684324978,6.5,221.521133890625,3217.4650277417395,l2,DMNT,79,1,1,1,1
843.7894538938094,2.9358386642614884,1.400857628836219,4.2472060033123284,2.8463483744761096,0.4607191975550802,207.64527660861626,221.62769300679727,6.666666667,202.30790542507384,3217.4650277417395,l2,DMNT,79,1,1,1,1
843.7894538938094,2.9358386642614884,1.400857628836219,4.2472060033123284,2.8463483744761096,0.4607191975550802,189.65582762963788,210.34991171011137,6.833333333,208.16980672753908,3217.4650277417395,l2,DMNT,79,1,1,1,1
843.7894538938094,2.9358386642614884,1.400857628836219,4.2472060033123284,2.8463483744761096,0.4607191975550802,173.0340690489014,183.6538067403724,7.0,163.8185521449219,3217.4650277417395,l2,DMNT,79,1,1,1,1
843.7894538938094,2.9358386642614884,1.400857628836219,4.2472060033123284,2.8463483744761096,0.4607191975550802,157.70535124592894,170.84800202328705,7.166666667,156.38700077968753,3217.4650277417395,l2,DMNT,79,1,1,1,1
843.7894538938094,2.9358386642614884,1.400857628836219,4.2472060033123284,2.8463483744761096,0.4607191975550802,143.59400399536554,174.7521182416242,7.333333333,170.3240612039063,3217.4650277417395,l2,DMNT,79,1,1,1,1
843.7894538938094,2.9358386642614884,1.400857628836219,4.2472060033123284,2.8463483744761096,0.4607191975550802,130.6245469006604,158.38554931048628,7.5,144.77461846035158,3217.4650277417395,l2,DMNT,79,1,1,1,1
843.7894538938094,2.9358386642614884,1.400857628836219,4.2472060033123284,2.8463483744761096,0.4607191975550802,118.72264114207759,153.92497664102783,7.666666667,133.4877486462891,3217.4650277417395,l2,DMNT,79,1,1,1,1
843.7894538938094,2.9358386642614884,1.400857628836219,4.2472060033123284,2.8463483744761096,0.4607191975550802,107.81582323433169,129.75256094071875,7.833333333,120.32877660804473,3217.4650277417395,l2,DMNT,79,1,1,1,1
843.7894538938094,2.9358386642614884,1.400857628836219,4.2472060033123284,2.8463483744761096,0.4607191975550802,97.83405795851529,118.47544420180313,8.0,101.93691538577912,3217.4650277417395,l2,DMNT,79,1,1,1,1
843.7894538938094,2.9358386642614884,1.400857628836219,4.2472060033123284,2.8463483744761096,0.4607191975550802,88.7101419591281,113.6957559638389,8.166666667,94.56746851289066,3217.4650277417395,l2,DMNT,79,1,1,1,1
843.7894538938094,2.9358386642614884,1.400857628836219,4.2472060033123284,2.8463483744761096,0.4607191975550802,80.37998333353588,103.51839962791897,8.333333333,85.87354934511721,3217.4650277417395,l2,DMNT,79,1,1,1,1
843.7894538938094,2.9358386642614884,1.400857628836219,4.2472060033123284,2.8463483744761096,0.4607191975550802,72.78278046047592,93.98653267117248,8.5,99.56623442347444,3217.4650277417395,l2,DMNT,79,1,1,1,1
843.7894538938094,2.9358386642614884,1.400857628836219,4.2472060033123284,2.8463483744761096,0.4607191975550802,65.86111951277802,96.3093994165041,8.666666667,89.19800573632816,3217.4650277417395,l2,DMNT,79,1,1,1,1
843.7894538938094,2.9358386642614884,1.400857628836219,4.2472060033123284,2.8463483744761096,0.4607191975550802,59.56100590617394,85.50766299644171,8.833333333,86.9530930635135,3217.4650277417395,l2,DMNT,79,1,1,1,1
843.7894538938094,2.9358386642614884,1.400857628836219,4.2472060033123284,2.8463483744761096,0.4607191975550802,53.831843812498896,81.1010528298267,9.0,88.74966063753693,3217.4650277417395,l2,DMNT,79,1,1,1,1
843.7894538938094,2.9358386642614884,1.400857628836219,4.2472060033123284,2.8463483744761096,0.4607191975550802,48.62637537377773,75.18009375286121,9.166666667,82.30020388558381,3217.4650277417395,l2,DMNT,79,1,1,1,1
674.1540215504696,2.9393548032702403,1.542342292802297,4.310064486878038,2.7677221940757413,0.49524828992656006,1.0909510356139984e-16,-4.015441902350027,-0.666666667,-23.119381602148472,2532.1789145885673,l2,DMNT,83,1,1,1,1
674.1540215504696,2.9393548032702403,1.542342292802297,4.310064486878038,2.7677221940757413,0.49524828992656006,5.114731879265313e-16,-0.8263542276574398,-0.5,-14.064431408984408,2532.1789145885673,l2,DMNT,83,1,1,1,1
674.1540215504696,2.9393548032702403,1.542342292802297,4.310064486878038,2.7677221940757413,0.49524828992656006,2.3979519904906347e-15,8.68892372332752,-0.333333333,-2.359500511127166,2532.1789145885673,l2,DMNT,83,1,1,1,1
674.1540215504696,2.9393548032702403,1.542342292802297,4.310064486878038,2.7677221940757413,0.49524828992656006,1.1242375334617474e-14,-2.20445585418161,-0.166666667,-19.51132960507816,2532.1789145885673,l2,DMNT,83,1,1,1,1
674.1540215504696,2.9393548032702403,1.542342292802297,4.310064486878038,2.7677221940757413,0.49524828992656006,5.270788914075188e-14,2.28308730910355,0.0,-11.784555443554716,2532.1789145885673,l2,DMNT,83,1,1,1,1
674.1540215504696,2.9393548032702403,1.542342292802297,4.310064486878038,2.7677221940757413,0.49524828992656006,2.471114472333997e-13,-1.8318822109762642,0.166666667,-24.80505911167973,2532.1789145885673,l2,DMNT,83,1,1,1,1
674.1540215504696,2.9393548032702403,1.542342292802297,4.310064486878038,2.7677221940757413,0.49524828992656006,1.1585332329566898e-12,12.224228815009624,0.333333333,-2.910577574408416,2532.1789145885673,l2,DMNT,83,1,1,1,1
674.1540215504696,2.9393548032702403,1.542342292802297,4.310064486878038,2.7677221940757413,0.49524828992656006,5.431448152147538e-12,0.39829175679216533,0.5,-18.6669191206975,2532.1789145885673,l2,DMNT,83,1,1,1,1
674.1540215504696,2.9393548032702403,1.542342292802297,4.310064486878038,2.7677221940757413,0.49524828992656006,2.5461138101446997e-11,3.015122264915224,0.666666667,-19.482154231244373,2532.1789145885673,l2,DMNT,83,1,1,1,1
674.1540215504696,2.9393548032702403,1.542342292802297,4.310064486878038,2.7677221940757413,0.49524828992656006,1.1928944439865098e-10,-1.946424992062589,0.833333333,-18.01379014296879,2532.1789145885673,l2,DMNT,83,1,1,1,1
674.1540215504696,2.9393548032702403,1.542342292802297,4.310064486878038,2.7677221940757413,0.49524828992656006,5.572749039688502e-10,0.07314711650258943,1.0,-12.744991321875048,2532.1789145885673,l2,DMNT,83,1,1,1,1
674.1540215504696,2.9393548032702403,1.542342292802297,4.310064486878038,2.7677221940757413,0.49524828992656006,2.5643117470554065e-09,23.43901181174094,1.166666667,6.335625722271253,2532.1789145885673,l2,DMNT,83,1,1,1,1
674.1540215504696,2.9393548032702403,1.542342292802297,4.310064486878038,2.7677221940757413,0.49524828992656006,1.0949025932213403e-08,42.38754420609933,1.333333333,18.637113504296828,2532.1789145885673,l2,DMNT,83,1,1,1,1
674.1540215504696,2.9393548032702403,1.542342292802297,4.310064486878038,2.7677221940757413,0.49524828992656006,3.48568615629332e-08,100.35453220269014,1.5,63.74075098437494,2532.1789145885673,l2,DMNT,83,1,1,1,1
674.1540215504696,2.9393548032702403,1.542342292802297,4.310064486878038,2.7677221940757413,0.49524828992656006,112.49285458933724,184.766289607449,1.666666667,136.10943996230463,2532.1789145885673,l2,DMNT,83,1,1,1,1
674.1540215504696,2.9393548032702403,1.542342292802297,4.310064486878038,2.7677221940757413,0.49524828992656006,289.5721206694115,264.7051791522414,1.833333333,204.9630408710937,2532.1789145885673,l2,DMNT,83,1,1,1,1
674.1540215504696,2.9393548032702403,1.542342292802297,4.310064486878038,2.7677221940757413,0.49524828992656006,424.5977384236628,379.740870958709,2.0,294.16376891523436,2532.1789145885673,l2,DMNT,83,1,1,1,1
674.1540215504696,2.9393548032702403,1.542342292802297,4.310064486878038,2.7677221940757413,0.49524828992656006,520.2732899949534,535.1761654370123,2.166666667,458.1849416105582,2532.1789145885673,l2,DMNT,83,1,1,1,1
674.1540215504696,2.9393548032702403,1.542342292802297,4.310064486878038,2.7677221940757413,0.49524828992656006,587.2757153074896,631.3865076352213,2.333333333,533.4289257722655,2532.1789145885673,l2,DMNT,83,1,1,1,1
674.1540215504696,2.9393548032702403,1.542342292802297,4.310064486878038,2.7677221940757413,0.49524828992656006,632.1163074374012,703.7629382455976,2.5,662.4055972134375,2532.1789145885673,l2,DMNT,83,1,1,1,1
674.1540215504696,2.9393548032702403,1.542342292802297,4.310064486878038,2.7677221940757413,0.49524828992656006,659.224500906837,701.4138332966014,2.666666667,685.9314702850837,2532.1789145885673,l2,DMNT,83,1,1,1,1
674.1540215504696,2.9393548032702403,1.542342292802297,4.310064486878038,2.7677221940757413,0.49524828992656006,672.0707439402286,742.0565263810911,2.833333333,708.1045333677848,2532.1789145885673,l2,DMNT,83,1,1,1,1
674.1540215504696,2.9393548032702403,1.542342292802297,4.310064486878038,2.7677221940757413,0.49524828992656006,673.5247419102963,679.2898286284556,3.0,693.4435049802735,2532.1789145885673,l2,DMNT,83,1,1,1,1
674.1540215504696,2.9393548032702403,1.542342292802297,4.310064486878038,2.7677221940757413,0.49524828992656006,665.9883397201701,660.2198699755775,3.166666667,634.3095110644588,2532.1789145885673,l2,DMNT,83,1,1,1,1
674.1540215504696,2.9393548032702403,1.542342292802297,4.310064486878038,2.7677221940757413,0.49524828992656006,651.4705730091736,623.7351850722324,3.333333333,671.0324679519531,2532.1789145885673,l2,DMNT,83,1,1,1,1
674.1540215504696,2.9393548032702403,1.542342292802297,4.310064486878038,2.7677221940757413,0.49524828992656006,631.6451496427834,578.4003886785575,3.5,578.9707185351618,2532.1789145885673,l2,DMNT,83,1,1,1,1
674.1540215504696,2.9393548032702403,1.542342292802297,4.310064486878038,2.7677221940757413,0.49524828992656006,607.8992778087912,601.2835914988113,3.666666667,626.7844590259822,2532.1789145885673,l2,DMNT,83,1,1,1,1
674.1540215504696,2.9393548032702403,1.542342292802297,4.310064486878038,2.7677221940757413,0.49524828992656006,581.3760240350422,549.7624378387875,3.833333333,609.3326036503963,2532.1789145885673,l2,DMNT,83,1,1,1,1
674.1540215504696,2.9393548032702403,1.542342292802297,4.310064486878038,2.7677221940757413,0.49524828992656006,553.01107793425,542.7491826928263,4.0,561.2498115759879,2532.1789145885673,l2,DMNT,83,1,1,1,1
674.1540215504696,2.9393548032702403,1.542342292802297,4.310064486878038,2.7677221940757413,0.49524828992656006,523.5645619330725,489.1502190446837,4.166666667,532.233288136914,2532.1789145885673,l2,DMNT,83,1,1,1,1
674.1540215504696,2.9393548032702403,1.542342292802297,4.310064486878038,2.7677221940757413,0.49524828992656006,493.64845803652696,465.05018597230435,4.333333333,491.5159354111328,2532.1789145885673,l2,DMNT,83,1,1,1,1
674.1540215504696,2.9393548032702403,1.542342292802297,4.310064486878038,2.7677221940757413,0.49524828992656006,463.7501846654631,444.4364472009416,4.5,496.83280275001124,2532.1789145885673,l2,DMNT,83,1,1,1,1
674.1540215504696,2.9393548032702403,1.542342292802297,4.310064486878038,2.7677221940757413,0.49524828992656006,434.25281040260467,444.8048612271445,4.666666667,470.03060719141183,2532.1789145885673,l2,DMNT,83,1,1,1,1
674.1540215504696,2.9393548032702403,1.542342292802297,4.310064486878038,2.7677221940757413,0.49524828992656006,405.4523375539634,387.954922787201,4.833333333,404.47274491602127,2532.1789145885673,l2,DMNT,83,1,1,1,1
674.1540215504696,2.9393548032702403,1.542342292802297,4.310064486878038,2.7677221940757413,0.49524828992656006,377.57244530704884,359.99424387279566,5.0,408.6629933886718,2532.1789145885673,l2,DMNT,83,1,1,1,1
674.1540215504696,2.9393548032702403,1.542342292802297,4.310064486878038,2.7677221940757413,0.49524828992656006,350.77703673985405,350.3248674951832,5.166666667,379.3477392673885,2532.1789145885673,l2,DMNT,83,1,1,1,1
674.1540215504696,2.9393548032702403,1.542342292802297,4.310064486878038,2.7677221940757413,0.49524828992656006,325.18088758258835,312.3608605605448,5.333333333,347.7921829683593,2532.1789145885673,l2,DMNT,83,1,1,1,1
674.1540215504696,2.9393548032702403,1.542342292802297,4.310064486878038,2.7677221940757413,0.49524828992656006,300.8586617439501,286.8126805035523,5.5,327.009085650201,2532.1789145885673,l2,DMNT,83,1,1,1,1
674.1540215504696,2.9393548032702403,1.542342292802297,4.310064486878038,2.7677221940757413,0.49524828992656006,277.85252440674105,251.93563293042058,5.666666667,266.828324095703,2532.1789145885673,l2,DMNT,83,1,1,1,1
674.1540215504696,2.9393548032702403,1.542342292802297,4.310064486878038,2.7677221940757413,0.49524828992656006,256.1785495374828,247.187967253685,5.833333333,259.74853140820306,2532.1789145885673,l2,DMNT,83,1,1,1,1
674.1540215504696,2.9393548032702403,1.542342292802297,4.310064486878038,2.7677221940757413,0.49524828992656006,235.83209655450665,227.93679826952354,6.0,232.42820503749996,2532.1789145885673,l2,DMNT,83,1,1,1,1
674.1540215504696,2.9393548032702403,1.542342292802297,4.310064486878038,2.7677221940757413,0.49524828992656006,216.79230710526923,194.81106552736154,6.166666667,214.94505446269525,2532.1789145885673,l2,DMNT,83,1,1,1,1
674.1540215504696,2.9393548032702403,1.542342292802297,4.310064486878038,2.7677221940757413,0.49524828992656006,199.0258492252129,190.60649496156998,6.333333333,195.41839930507808,2532.1789145885673,l2,DMNT,83,1,1,1,1
674.1540215504696,2.9393548032702403,1.542342292802297,4.310064486878038,2.7677221940757413,0.49524828992656006,182.4900220673237,171.95700569898116,6.5,190.52961264062495,2532.1789145885673,l2,DMNT,83,1,1,1,1
674.1540215504696,2.9393548032702403,1.542342292802297,4.310064486878038,2.7677221940757413,0.49524828992656006,167.13531834181444,179.3121886047505,6.666666667,216.85743815391754,2532.1789145885673,l2,DMNT,83,1,1,1,1
674.1540215504696,2.9393548032702403,1.542342292802297,4.310064486878038,2.7677221940757413,0.49524828992656006,152.9075254371602,154.48330479728804,6.833333333,169.70641789941402,2532.1789145885673,l2,DMNT,83,1,1,1,1
674.1540215504696,2.9393548032702403,1.542342292802297,4.310064486878038,2.7677221940757413,0.49524828992656006,139.74943753009583,132.7483592117687,7.0,145.11106580117183,2532.1789145885673,l2,DMNT,83,1,1,1,1
674.1540215504696,2.9393548032702403,1.542342292802297,4.310064486878038,2.7677221940757413,0.49524828992656006,127.60224034180725,125.88693845293795,7.166666667,144.54868740468746,2532.1789145885673,l2,DMNT,83,1,1,1,1
674.1540215504696,2.9393548032702403,1.542342292802297,4.310064486878038,2.7677221940757413,0.49524828992656006,116.40661927898306,128.50185335952003,7.333333333,144.9137103914062,2532.1789145885673,l2,DMNT,83,1,1,1,1
674.1540215504696,2.9393548032702403,1.542342292802297,4.310064486878038,2.7677221940757413,0.49524828992656006,106.1036365437751,113.34241677649177,7.5,125.36355000722651,2532.1789145885673,l2,DMNT,83,1,1,1,1
674.1540215504696,2.9393548032702403,1.542342292802297,4.310064486878038,2.7677221940757413,0.49524828992656006,96.63541580685852,105.88342059032416,7.666666667,118.40183431816402,2532.1789145885673,l2,DMNT,83,1,1,1,1
674.1540215504696,2.9393548032702403,1.542342292802297,4.310064486878038,2.7677221940757413,0.49524828992656006,87.94566571604436,103.82269830670279,7.833333333,116.42839320684156,2532.1789145885673,l2,DMNT,83,1,1,1,1
674.1540215504696,2.9393548032702403,1.542342292802297,4.310064486878038,2.7677221940757413,0.49524828992656006,79.98007056657127,94.34515613161507,8.0,112.37491001582596,2532.1789145885673,l2,DMNT,83,1,1,1,1
674.1540215504696,2.9393548032702403,1.542342292802297,4.310064486878038,2.7677221940757413,0.49524828992656006,72.68657191288439,79.45599379467416,8.166666667,92.34967323164058,2532.1789145885673,l2,DMNT,83,1,1,1,1
674.1540215504696,2.9393548032702403,1.542342292802297,4.310064486878038,2.7677221940757413,0.49524828992656006,66.01556001744544,70.6056089990933,8.333333333,75.89431386074213,2532.1789145885673,l2,DMNT,83,1,1,1,1
674.1540215504696,2.9393548032702403,1.542342292802297,4.310064486878038,2.7677221940757413,0.49524828992656006,59.919992441030296,77.24182089299977,8.5,71.19830891289625,2532.1789145885673,l2,DMNT,83,1,1,1,1
674.1540215504696,2.9393548032702403,1.542342292802297,4.310064486878038,2.7677221940757413,0.49524828992656006,54.35545414687957,68.1775622665806,8.666666667,73.20710558007808,2532.1789145885673,l2,DMNT,83,1,1,1,1
674.1540215504696,2.9393548032702403,1.542342292802297,4.310064486878038,2.7677221940757413,0.49524828992656006,49.28017024702888,58.19496555142768,8.833333333,61.5558497248103,2532.1789145885673,l2,DMNT,83,1,1,1,1
674.1540215504696,2.9393548032702403,1.542342292802297,4.310064486878038,2.7677221940757413,0.49524828992656006,44.65498173726071,55.67040205712959,9.0,64.71326500195875,2532.1789145885673,l2,DMNT,83,1,1,1,1
674.1540215504696,2.9393548032702403,1.542342292802297,4.310064486878038,2.7677221940757413,0.49524828992656006,40.44329269259586,46.4377964987852,9.166666667,49.837239656255605,2532.1789145885673,l2,DMNT,83,1,1,1,1
865.4420900214994,2.913242202380322,1.5685317438299955,4.325456511099936,2.75692476726994,0.5122425992487515,4.856620334270964e-16,-8.826624170942551,-0.666666667,-55.67863468476574,3254.433353453328,l2,DMNT,91,1,1,1,1
865.4420900214994,2.913242202380322,1.5685317438299955,4.325456511099936,2.75692476726994,0.5122425992487515,2.285092253226102e-15,-1.2425333920782435,-0.5,-45.63890537265635,3254.433353453328,l2,DMNT,91,1,1,1,1
865.4420900214994,2.913242202380322,1.5685317438299955,4.325456511099936,2.75692476726994,0.5122425992487515,1.0751605494081444e-14,20.0223613607606,-0.333333333,-21.025759568234825,3254.433353453328,l2,DMNT,91,1,1,1,1
865.4420900214994,2.913242202380322,1.5685317438299955,4.325456511099936,2.75692476726994,0.5122425992487515,5.058746194980773e-14,-5.374665741485643,-0.166666667,-60.24717942671886,3254.433353453328,l2,DMNT,91,1,1,1,1
865.4420900214994,2.913242202380322,1.5685317438299955,4.325456511099936,2.75692476726994,0.5122425992487515,2.380194355312854e-13,4.385882807028992,0.0,-44.72198944570322,3254.433353453328,l2,DMNT,91,1,1,1,1
865.4420900214994,2.913242202380322,1.5685317438299955,4.325456511099936,2.75692476726994,0.5122425992487515,1.1199063777031353e-12,-5.543603602599681,0.166666667,-54.231905364453254,3254.433353453328,l2,DMNT,91,1,1,1,1
865.4420900214994,2.913242202380322,1.5685317438299955,4.325456511099936,2.75692476726994,0.5122425992487515,5.269261792524345e-12,30.0262784596318,0.333333333,-22.41005621042232,3254.433353453328,l2,DMNT,91,1,1,1,1
865.4420900214994,2.913242202380322,1.5685317438299955,4.325456511099936,2.75692476726994,0.5122425992487515,2.47919850553265e-11,0.027604954408275262,0.5,-56.33448429128177,3254.433353453328,l2,DMNT,91,1,1,1,1
865.4420900214994,2.913242202380322,1.5685317438299955,4.325456511099936,2.75692476726994,0.5122425992487515,1.166375044767427e-10,4.153638594026127,0.666666667,-49.391213598313016,3254.433353453328,l2,DMNT,91,1,1,1,1
865.4420900214994,2.913242202380322,1.5685317438299955,4.325456511099936,2.75692476726994,0.5122425992487515,5.485067423062595e-10,-10.122888600746776,0.833333333,-63.17485189531263,3254.433353453328,l2,DMNT,91,1,1,1,1
865.4420900214994,2.913242202380322,1.5685317438299955,4.325456511099936,2.75692476726994,0.5122425992487515,2.5736996121356422e-09,-11.965044097043204,1.0,-65.60448408125015,3254.433353453328,l2,DMNT,91,1,1,1,1
865.4420900214994,2.913242202380322,1.5685317438299955,4.325456511099936,2.75692476726994,0.5122425992487515,1.1936074434043802e-08,27.545803186383367,1.166666667,-25.66820899596926,3254.433353453328,l2,DMNT,91,1,1,1,1
865.4420900214994,2.913242202380322,1.5685317438299955,4.325456511099936,2.75692476726994,0.5122425992487515,5.220157386408758e-08,42.651730523069475,1.333333333,-15.94075603046889,3254.433353453328,l2,DMNT,91,1,1,1,1
865.4420900214994,2.913242202380322,1.5685317438299955,4.325456511099936,2.75692476726994,0.5122425992487515,1.788591015859172e-07,112.83255049627742,1.5,55.33289665624979,3254.433353453328,l2,DMNT,91,1,1,1,1
865.4420900214994,2.913242202380322,1.5685317438299955,4.325456511099936,2.75692476726994,0.5122425992487515,125.8597957931803,234.04905663385688,1.666666667,167.613458858203,3254.433353453328,l2,DMNT,91,1,1,1,1
865.4420900214994,2.913242202380322,1.5685317438299955,4.325456511099936,2.75692476726994,0.5122425992487515,369.5381028747853,328.6910600836021,1.833333333,198.83049291406235,3254.433353453328,l2,DMNT,91,1,1,1,1
865.4420900214994,2.913242202380322,1.5685317438299955,4.325456511099936,2.75692476726994,0.5122425992487515,552.3756514432171,477.858902056131,2.0,418.8077005101561,3254.433353453328,l2,DMNT,91,1,1,1,1
865.4420900214994,2.913242202380322,1.5685317438299955,4.325456511099936,2.75692476726994,0.5122425992487515,677.2091693394058,709.7960854766819,2.166666667,640.6250312854054,3254.433353453328,l2,DMNT,91,1,1,1,1
865.4420900214994,2.913242202380322,1.5685317438299955,4.325456511099936,2.75692476726994,0.5122425992487515,762.0852448286425,815.1706636968078,2.333333333,745.5800826148436,3254.433353453328,l2,DMNT,91,1,1,1,1
865.4420900214994,2.913242202380322,1.5685317438299955,4.325456511099936,2.75692476726994,0.5122425992487515,817.4169802680586,912.777342770865,2.5,814.4538161956249,3254.433353453328,l2,DMNT,91,1,1,1,1
865.4420900214994,2.913242202380322,1.5685317438299955,4.325456511099936,2.75692476726994,0.5122425992487515,849.7503865958639,914.393527518717,2.666666667,835.0359638859057,3254.433353453328,l2,DMNT,91,1,1,1,1
865.4420900214994,2.913242202380322,1.5685317438299955,4.325456511099936,2.75692476726994,0.5122425992487515,863.9252803986844,971.4100497799695,2.833333333,955.1595015068898,3254.433353453328,l2,DMNT,91,1,1,1,1
865.4420900214994,2.913242202380322,1.5685317438299955,4.325456511099936,2.75692476726994,0.5122425992487515,863.798378974075,888.1799196690857,3.0,851.7199580035156,3254.433353453328,l2,DMNT,91,1,1,1,1
865.4420900214994,2.913242202380322,1.5685317438299955,4.325456511099936,2.75692476726994,0.5122425992487515,852.5177085796273,849.5648660289243,3.166666667,854.7805560321556,3254.433353453328,l2,DMNT,91,1,1,1,1
865.4420900214994,2.913242202380322,1.5685317438299955,4.325456511099936,2.75692476726994,0.5122425992487515,832.6682388720775,790.5855897754224,3.333333333,736.9786980679685,3254.433353453328,l2,DMNT,91,1,1,1,1
865.4420900214994,2.913242202380322,1.5685317438299955,4.325456511099936,2.75692476726994,0.5122425992487515,806.3726315463687,733.4191493065787,3.5,723.0010735126244,3254.433353453328,l2,DMNT,91,1,1,1,1
865.4420900214994,2.913242202380322,1.5685317438299955,4.325456511099936,2.75692476726994,0.5122425992487515,775.3697503786133,773.6325485186725,3.666666667,806.9907096231714,3254.433353453328,l2,DMNT,91,1,1,1,1
865.4420900214994,2.913242202380322,1.5685317438299955,4.325456511099936,2.75692476726994,0.5122425992487515,741.0785527028293,702.6102464849228,3.833333333,712.5375304227807,3254.433353453328,l2,DMNT,91,1,1,1,1
865.4420900214994,2.913242202380322,1.5685317438299955,4.325456511099936,2.75692476726994,0.5122425992487515,704.6509739075157,703.0635791498166,4.0,696.1068752123585,3254.433353453328,l2,DMNT,91,1,1,1,1
865.4420900214994,2.913242202380322,1.5685317438299955,4.325456511099936,2.75692476726994,0.5122425992487515,667.0160580352014,613.3141665488833,4.166666667,640.3736780746092,3254.433353453328,l2,DMNT,91,1,1,1,1
865.4420900214994,2.913242202380322,1.5685317438299955,4.325456511099936,2.75692476726994,0.5122425992487515,628.9169469797179,586.5239236238474,4.333333333,632.4068368574217,3254.433353453328,l2,DMNT,91,1,1,1,1
865.4420900214994,2.913242202380322,1.5685317438299955,4.325456511099936,2.75692476726994,0.5122425992487515,590.9419686900582,570.4870338230324,4.5,642.669879478374,3254.433353453328,l2,DMNT,91,1,1,1,1
865.4420900214994,2.913242202380322,1.5685317438299955,4.325456511099936,2.75692476726994,0.5122425992487515,553.5508084088095,563.9520777001342,4.666666667,654.7868739501245,3254.433353453328,l2,DMNT,91,1,1,1,1
865.4420900214994,2.913242202380322,1.5685317438299955,4.325456511099936,2.75692476726994,0.5122425992487515,517.0965531913441,481.4837001951284,4.833333333,558.5342632665307,3254.433353453328,l2,DMNT,91,1,1,1,1
865.4420900214994,2.913242202380322,1.5685317438299955,4.325456511099936,2.75692476726994,0.5122425992487515,481.84426384106087,448.13734302534255,5.0,491.09227642578105,3254.433353453328,l2,DMNT,91,1,1,1,1
865.4420900214994,2.913242202380322,1.5685317438299955,4.325456511099936,2.75692476726994,0.5122425992487515,447.98661678021836,451.33360950407655,5.166666667,558.8555811841088,3254.433353453328,l2,DMNT,91,1,1,1,1
865.4420900214994,2.913242202380322,1.5685317438299955,4.325456511099936,2.75692476726994,0.5122425992487515,415.6570635678909,385.4980473485481,5.333333333,469.99353467890603,3254.433353453328,l2,DMNT,91,1,1,1,1
865.4420900214994,2.913242202380322,1.5685317438299955,4.325456511099936,2.75692476726994,0.5122425992487515,384.94088971390164,365.8087913554923,5.5,440.30301410598383,3254.433353453328,l2,DMNT,91,1,1,1,1
865.4420900214994,2.913242202380322,1.5685317438299955,4.325456511099936,2.75692476726994,0.5122425992487515,355.8844945346892,299.6604920527538,5.666666667,403.0670832304685,3254.433353453328,l2,DMNT,91,1,1,1,1
865.4420900214994,2.913242202380322,1.5685317438299955,4.325456511099936,2.75692476726994,0.5122425992487515,328.50315954218036,311.9651876646369,5.833333333,385.93514410546857,3254.433353453328,l2,DMNT,91,1,1,1,1
865.4420900214994,2.913242202380322,1.5685317438299955,4.325456511099936,2.75692476726994,0.5122425992487515,302.7875372193247,292.3480406562652,6.0,359.9106108249998,3254.433353453328,l2,DMNT,91,1,1,1,1
865.4420900214994,2.913242202380322,1.5685317438299955,4.325456511099936,2.75692476726994,0.5122425992487515,278.7090567744572,237.86749750099278,6.166666667,291.9642184917967,3254.433353453328,l2,DMNT,91,1,1,1,1
865.4420900214994,2.913242202380322,1.5685317438299955,4.325456511099936,2.75692476726994,0.5122425992487515,256.2244100899034,243.4128027371338,6.333333333,295.7357128367186,3254.433353453328,l2,DMNT,91,1,1,1,1
865.4420900214994,2.913242202380322,1.5685317438299955,4.325456511099936,2.75692476726994,0.5122425992487515,235.27926103064755,207.06969695699217,6.5,264.1181030937498,3254.433353453328,l2,DMNT,91,1,1,1,1
865.4420900214994,2.913242202380322,1.5685317438299955,4.325456511099936,2.75692476726994,0.5122425992487515,215.81129958962603,233.07184939792137,6.666666667,301.3936646143116,3254.433353453328,l2,DMNT,91,1,1,1,1
865.4420900214994,2.913242202380322,1.5685317438299955,4.325456511099936,2.75692476726994,0.5122425992487515,197.7527410706011,189.25874560738077,6.833333333,226.87723284960921,3254.433353453328,l2,DMNT,91,1,1,1,1
865.4420900214994,2.913242202380322,1.5685317438299955,4.325456511099936,2.75692476726994,0.5122425992487515,181.0323591220824,160.9075677242484,7.0,204.0719695007811,3254.433353453328,l2,DMNT,91,1,1,1,1
865.4420900214994,2.913242202380322,1.5685317438299955,4.325456511099936,2.75692476726994,0.5122425992487515,165.5771278065136,154.56052349269967,7.166666667,177.89941040312488,3254.433353453328,l2,DMNT,91,1,1,1,1
865.4420900214994,2.913242202380322,1.5685317438299955,4.325456511099936,2.75692476726994,0.5122425992487515,151.3135340742962,157.55981478257982,7.333333333,195.76773486093737,3254.433353453328,l2,DMNT,91,1,1,1,1
865.4420900214994,2.913242202380322,1.5685317438299955,4.325456511099936,2.75692476726994,0.5122425992487515,138.16861561907257,136.44619324197026,7.5,160.9195517214842,3254.433353453328,l2,DMNT,91,1,1,1,1
865.4420900214994,2.913242202380322,1.5685317438299955,4.325456511099936,2.75692476726994,0.5122425992487515,126.07077043937775,123.92170458501133,7.666666667,151.10634406210923,3254.433353453328,l2,DMNT,91,1,1,1,1
865.4420900214994,2.913242202380322,1.5685317438299955,4.325456511099936,2.75692476726994,0.5122425992487515,114.95037537136687,134.10034405152618,7.833333333,157.96167097707763,3254.433353453328,l2,DMNT,91,1,1,1,1
865.4420900214994,2.913242202380322,1.5685317438299955,4.325456511099936,2.75692476726994,0.5122425992487515,104.74024737969812,121.52152752409648,8.0,141.6033751497339,3254.433353453328,l2,DMNT,91,1,1,1,1
865.4420900214994,2.913242202380322,1.5685317438299955,4.325456511099936,2.75692476726994,0.5122425992487515,95.3759758807374,94.06894231853194,8.166666667,107.0545017210936,3254.433353453328,l2,DMNT,91,1,1,1,1
865.4420900214994,2.913242202380322,1.5685317438299955,4.325456511099936,2.75692476726994,0.5122425992487515,86.79614839715974,82.11232170206743,8.333333333,100.41612212382798,3254.433353453328,l2,DMNT,91,1,1,1,1
865.4420900214994,2.913242202380322,1.5685317438299955,4.325456511099936,2.75692476726994,0.5122425992487515,78.94249006192081,101.28181075986267,8.5,102.69534619778074,3254.433353453328,l2,DMNT,91,1,1,1,1
865.4420900214994,2.913242202380322,1.5685317438299955,4.325456511099936,2.75692476726994,0.5122425992487515,71.75993397641666,81.45813250342235,8.666666667,82.53965088671859,3254.433353453328,l2,DMNT,91,1,1,1,1
865.4420900214994,2.913242202380322,1.5685317438299955,4.325456511099936,2.75692476726994,0.5122425992487515,65.19663547579364,67.56907107769523,8.833333333,82.7403831223901,3254.433353453328,l2,DMNT,91,1,1,1,1
865.4420900214994,2.913242202380322,1.5685317438299955,4.325456511099936,2.75692476726994,0.5122425992487515,59.20394254473458,65.05236710894667,9.0,59.86604265715572,3254.433353453328,l2,DMNT,91,1,1,1,1
865.4420900214994,2.913242202380322,1.5685317438299955,4.325456511099936,2.75692476726994,0.5122425992487515,53.73633239434116,49.7874554182622,9.166666667,39.168131926686954,3254.433353453328,l2,DMNT,91,1,1,1,1
877.9406635029927,3.032641586364325,1.572963998714578,4.815045222833923,3.242081224119345,0.5497714317610156,6.227880715063623e-15,-2.049484579289794,-0.666666667,2.3616173572265673,3914.7426651191813,l3,DMNT,66,1,1,1,1
877.9406635029927,3.032641586364325,1.572963998714578,4.815045222833923,3.242081224119345,0.5497714317610156,3.002997586965612e-14,-1.94433345348209,-0.5,4.496007984765629,3914.7426651191813,l3,DMNT,66,1,1,1,1
877.9406635029927,3.032641586364325,1.572963998714578,4.815045222833923,3.242081224119345,0.5497714317610156,1.4480037252954696e-13,2.0710765823918464,-0.333333333,4.934890503432229,3914.7426651191813,l3,DMNT,66,1,1,1,1
877.9406635029927,3.032641586364325,1.572963998714578,4.815045222833923,3.242081224119345,0.5497714317610156,6.98207264420121e-13,0.3533319974152218,-0.166666667,8.30832902617188,3914.7426651191813,l3,DMNT,66,1,1,1,1
877.9406635029927,3.032641586364325,1.572963998714578,4.815045222833923,3.242081224119345,0.5497714317610156,3.3666580608585318e-12,2.7029283582005026,0.0,8.453185678320317,3914.7426651191813,l3,DMNT,66,1,1,1,1
877.9406635029927,3.032641586364325,1.572963998714578,4.815045222833923,3.242081224119345,0.5497714317610156,1.6233547334648083e-11,1.4988359272316734,0.166666667,6.225993650195318,3914.7426651191813,l3,DMNT,66,1,1,1,1
877.9406635029927,3.032641586364325,1.572963998714578,4.815045222833923,3.242081224119345,0.5497714317610156,7.827564756812949e-11,6.695744716542831,0.333333333,10.86421955265098,3914.7426651191813,l3,DMNT,66,1,1,1,1
877.9406635029927,3.032641586364325,1.572963998714578,4.815045222833923,3.242081224119345,0.5497714317610156,3.77427601500956e-10,1.330357507658086,0.5,6.932856421986919,3914.7426651191813,l3,DMNT,66,1,1,1,1
877.9406635029927,3.032641586364325,1.572963998714578,4.815045222833923,3.242081224119345,0.5497714317610156,1.8197324426602095e-09,5.145424053232389,0.666666667,2.886075730190044,3914.7426651191813,l3,DMNT,66,1,1,1,1
877.9406635029927,3.032641586364325,1.572963998714578,4.815045222833923,3.242081224119345,0.5497714317610156,8.77013320189024e-09,7.16418793732438,0.833333333,8.433567444531256,3914.7426651191813,l3,DMNT,66,1,1,1,1
877.9406635029927,3.032641586364325,1.572963998714578,4.815045222833923,3.242081224119345,0.5497714317610156,4.21773065621122e-08,14.254504802824506,1.0,14.913207028125008,3914.7426651191813,l3,DMNT,66,1,1,1,1
877.9406635029927,3.032641586364325,1.572963998714578,4.815045222833923,3.242081224119345,0.5497714317610156,2.0058411357722945e-07,26.97631428829647,1.166666667,23.243312877455672,3914.7426651191813,l3,DMNT,66,1,1,1,1
877.9406635029927,3.032641586364325,1.572963998714578,4.815045222833923,3.242081224119345,0.5497714317610156,9.017175999463844e-07,63.1354943676505,1.333333333,58.143244385546886,3914.7426651191813,l3,DMNT,66,1,1,1,1
877.9406635029927,3.032641586364325,1.572963998714578,4.815045222833923,3.242081224119345,0.5497714317610156,3.2008030876357344e-06,134.03239665934836,1.5,106.32966923437502,3914.7426651191813,l3,DMNT,66,1,1,1,1
877.9406635029927,3.032641586364325,1.572963998714578,4.815045222833923,3.242081224119345,0.5497714317610156,143.26254783031462,223.62362378616075,1.666666667,214.6216021404297,3914.7426651191813,l3,DMNT,66,1,1,1,1
877.9406635029927,3.032641586364325,1.572963998714578,4.815045222833923,3.242081224119345,0.5497714317610156,390.45290335482457,331.4104339599708,1.833333333,314.4901704335938,3914.7426651191813,l3,DMNT,66,1,1,1,1
877.9406635029927,3.032641586364325,1.572963998714578,4.815045222833923,3.242081224119345,0.5497714317610156,564.8125915505706,492.18250057290487,2.0,484.1402266214844,3914.7426651191813,l3,DMNT,66,1,1,1,1
877.9406635029927,3.032641586364325,1.572963998714578,4.815045222833923,3.242081224119345,0.5497714317610156,681.352166607117,619.1139282260683,2.166666667,612.094294514677,3914.7426651191813,l3,DMNT,66,1,1,1,1
877.9406635029927,3.032641586364325,1.572963998714578,4.815045222833923,3.242081224119345,0.5497714317610156,761.5354441004602,760.2595888236732,2.333333333,781.4996330660156,3914.7426651191813,l3,DMNT,66,1,1,1,1
877.9406635029927,3.032641586364325,1.572963998714578,4.815045222833923,3.242081224119345,0.5497714317610156,816.1009542644433,846.6006958948689,2.5,893.4571276784375,3914.7426651191813,l3,DMNT,66,1,1,1,1
877.9406635029927,3.032641586364325,1.572963998714578,4.815045222833923,3.242081224119345,0.5497714317610156,851.0783344430884,879.2696190155278,2.666666667,912.8385927952683,3914.7426651191813,l3,DMNT,66,1,1,1,1
877.9406635029927,3.032641586364325,1.572963998714578,4.815045222833923,3.242081224119345,0.5497714317610156,870.5861278804427,982.4626489387251,2.833333333,986.5055374812786,3914.7426651191813,l3,DMNT,66,1,1,1,1
877.9406635029927,3.032641586364325,1.572963998714578,4.815045222833923,3.242081224119345,0.5497714317610156,877.757630756848,921.5573752414034,3.0,918.4574675708984,3914.7426651191813,l3,DMNT,66,1,1,1,1
877.9406635029927,3.032641586364325,1.572963998714578,4.815045222833923,3.242081224119345,0.5497714317610156,875.0881057849921,933.5536725148971,3.166666667,926.7636869446432,3914.7426651191813,l3,DMNT,66,1,1,1,1
877.9406635029927,3.032641586364325,1.572963998714578,4.815045222833923,3.242081224119345,0.5497714317610156,864.6047608777133,869.4936596231342,3.333333333,861.0952913707032,3914.7426651191813,l3,DMNT,66,1,1,1,1
877.9406635029927,3.032641586364325,1.572963998714578,4.815045222833923,3.242081224119345,0.5497714317610156,847.9710113388729,842.3283039743695,3.5,829.6683311340963,3914.7426651191813,l3,DMNT,66,1,1,1,1
877.9406635029927,3.032641586364325,1.572963998714578,4.815045222833923,3.242081224119345,0.5497714317610156,826.5591631257528,822.821390802969,3.666666667,786.4883041967915,3914.7426651191813,l3,DMNT,66,1,1,1,1
877.9406635029927,3.032641586364325,1.572963998714578,4.815045222833923,3.242081224119345,0.5497714317610156,801.5045231210597,759.1864497783824,3.833333333,736.0837571555807,3914.7426651191813,l3,DMNT,66,1,1,1,1
877.9406635029927,3.032641586364325,1.572963998714578,4.815045222833923,3.242081224119345,0.5497714317610156,773.7472211670289,747.641649161599,4.0,732.8309302082316,3914.7426651191813,l3,DMNT,66,1,1,1,1
877.9406635029927,3.032641586364325,1.572963998714578,4.815045222833923,3.242081224119345,0.5497714317610156,744.0653452062256,732.2073312708771,4.166666667,701.2385066712891,3914.7426651191813,l3,DMNT,66,1,1,1,1
877.9406635029927,3.032641586364325,1.572963998714578,4.815045222833923,3.242081224119345,0.5497714317610156,713.1016657760948,682.212610415844,4.333333333,704.1220374580078,3914.7426651191813,l3,DMNT,66,1,1,1,1
877.9406635029927,3.032641586364325,1.572963998714578,4.815045222833923,3.242081224119345,0.5497714317610156,681.3854849937148,646.0780188676466,4.5,659.4780400728802,3914.7426651191813,l3,DMNT,66,1,1,1,1
877.9406635029927,3.032641586364325,1.572963998714578,4.815045222833923,3.242081224119345,0.5497714317610156,649.3506894893538,651.7474721093713,4.666666667,659.7151332903463,3914.7426651191813,l3,DMNT,66,1,1,1,1
877.9406635029927,3.032641586364325,1.572963998714578,4.815045222833923,3.242081224119345,0.5497714317610156,617.350786314279,600.9793270218642,4.833333333,595.7539761712056,3914.7426651191813,l3,DMNT,66,1,1,1,1
877.9406635029927,3.032641586364325,1.572963998714578,4.815045222833923,3.242081224119345,0.5497714317610156,585.6715073984989,556.437644044135,5.0,584.3987329199219,3914.7426651191813,l3,DMNT,66,1,1,1,1
877.9406635029927,3.032641586364325,1.572963998714578,4.815045222833923,3.242081224119345,0.5497714317610156,554.5414303529926,539.1716601911104,5.166666667,535.4779586756979,3914.7426651191813,l3,DMNT,66,1,1,1,1
877.9406635029927,3.032641586364325,1.572963998714578,4.815045222833923,3.242081224119345,0.5497714317610156,524.1409595603011,510.1659255398372,5.333333333,526.2356450246094,3914.7426651191813,l3,DMNT,66,1,1,1,1
877.9406635029927,3.032641586364325,1.572963998714578,4.815045222833923,3.242081224119345,0.5497714317610156,494.6099445474416,460.355951119046,5.5,461.74939593351036,3914.7426651191813,l3,DMNT,66,1,1,1,1
877.9406635029927,3.032641586364325,1.572963998714578,4.815045222833923,3.242081224119345,0.5497714317610156,466.05415830180374,446.76910919178806,5.666666667,455.66964681445313,3914.7426651191813,l3,DMNT,66,1,1,1,1
877.9406635029927,3.032641586364325,1.572963998714578,4.815045222833923,3.242081224119345,0.5497714317610156,438.5508120122298,430.6718686682439,5.833333333,415.91016112695314,3914.7426651191813,l3,DMNT,66,1,1,1,1
877.9406635029927,3.032641586364325,1.572963998714578,4.815045222833923,3.242081224119345,0.5497714317610156,412.15325570125157,400.84301089023876,6.0,417.0345676375,3914.7426651191813,l3,DMNT,66,1,1,1,1
877.9406635029927,3.032641586364325,1.572963998714578,4.815045222833923,3.242081224119345,0.5497714317610156,386.89498849502735,384.175405089417,6.166666667,374.0134790845703,3914.7426651191813,l3,DMNT,66,1,1,1,1
877.9406635029927,3.032641586364325,1.572963998714578,4.815045222833923,3.242081224119345,0.5497714317610156,362.7930777303999,349.3221959697837,6.333333333,357.74319987382813,3914.7426651191813,l3,DMNT,66,1,1,1,1
877.9406635029927,3.032641586364325,1.572963998714578,4.815045222833923,3.242081224119345,0.5497714317610156,339.8510743717981,318.9865061872482,6.5,289.627972390625,3914.7426651191813,l3,DMNT,66,1,1,1,1
877.9406635029927,3.032641586364325,1.572963998714578,4.815045222833923,3.242081224119345,0.5497714317610156,318.06149837616147,324.1207448701572,6.666666667,307.3577543142863,3914.7426651191813,l3,DMNT,66,1,1,1,1
877.9406635029927,3.032641586364325,1.572963998714578,4.815045222833923,3.242081224119345,0.5497714317610156,297.407952898507,298.2367552545474,6.833333333,284.61792663378907,3914.7426651191813,l3,DMNT,66,1,1,1,1
877.9406635029927,3.032641586364325,1.572963998714578,4.815045222833923,3.242081224119345,0.5497714317610156,277.86692116349457,292.524816081802,7.0,301.7397059324219,3914.7426651191813,l3,DMNT,66,1,1,1,1
877.9406635029927,3.032641586364325,1.572963998714578,4.815045222833923,3.242081224119345,0.5497714317610156,259.40929170203145,259.8401003441522,7.166666667,261.1664191296875,3914.7426651191813,l3,DMNT,66,1,1,1,1
877.9406635029927,3.032641586364325,1.572963998714578,4.815045222833923,3.242081224119345,0.5497714317610156,242.00164804902286,263.36351872231756,7.333333333,263.22349502890626,3914.7426651191813,l3,DMNT,66,1,1,1,1
877.9406635029927,3.032641586364325,1.572963998714578,4.815045222833923,3.242081224119345,0.5497714317610156,225.60735706689042,258.8322218606363,7.5,264.4095732166016,3914.7426651191813,l3,DMNT,66,1,1,1,1
877.9406635029927,3.032641586364325,1.572963998714578,4.815045222833923,3.242081224119345,0.5497714317610156,210.1874849903603,250.2023981119816,7.666666667,237.64087475253908,3914.7426651191813,l3,DMNT,66,1,1,1,1
877.9406635029927,3.032641586364325,1.572963998714578,4.815045222833923,3.242081224119345,0.5497714317610156,195.7015636969389,213.61665446954987,7.833333333,236.35363783390096,3914.7426651191813,l3,DMNT,66,1,1,1,1
877.9406635029927,3.032641586364325,1.572963998714578,4.815045222833923,3.242081224119345,0.5497714317610156,182.10822930285582,207.6550665979321,8.0,228.07133964913535,3914.7426651191813,l3,DMNT,66,1,1,1,1
877.9406635029927,3.032641586364325,1.572963998714578,4.815045222833923,3.242081224119345,0.5497714317610156,169.36575188920077,195.5144659649854,8.166666667,210.53293437539065,3914.7426651191813,l3,DMNT,66,1,1,1,1
877.9406635029927,3.032641586364325,1.572963998714578,4.815045222833923,3.242081224119345,0.5497714317610156,157.4324704816463,177.07503053693992,8.333333333,180.1304246638672,3914.7426651191813,l3,DMNT,66,1,1,1,1
877.9406635029927,3.032641586364325,1.572963998714578,4.815045222833923,3.242081224119345,0.5497714317610156,146.2671477362906,174.70601958576438,8.5,154.8413206180807,3914.7426651191813,l3,DMNT,66,1,1,1,1
877.9406635029927,3.032641586364325,1.572963998714578,4.815045222833923,3.242081224119345,0.5497714317610156,135.8292565802535,171.5943761345468,8.666666667,168.17819454882815,3914.7426651191813,l3,DMNT,66,1,1,1,1
877.9406635029927,3.032641586364325,1.572963998714578,4.815045222833923,3.242081224119345,0.5497714317610156,126.07920765475767,151.47775391803268,8.833333333,155.5238387643697,3914.7426651191813,l3,DMNT,66,1,1,1,1
877.9406635029927,3.032641586364325,1.572963998714578,4.815045222833923,3.242081224119345,0.5497714317610156,116.97852706208737,138.00819584068407,9.0,133.31351388214316,3914.7426651191813,l3,DMNT,66,1,1,1,1
877.9406635029927,3.032641586364325,1.572963998714578,4.815045222833923,3.242081224119345,0.5497714317610156,108.48999241380358,132.49620814365653,9.166666667,129.43014581769003,3914.7426651191813,l3,DMNT,66,1,1,1,1
1431.3527964433176,2.954232454551901,1.5744429953875796,4.793098533883907,3.2186555384963276,0.5713149659348378,4.672070375243837e-14,-4.320125191090947,-0.666666667,-8.458455849218764,6355.469330979126,l3,DMNT,68,1,1,1,1
1431.3527964433176,2.954232454551901,1.5744429953875796,4.793098533883907,3.2186555384963276,0.5713149659348378,2.2592848367903842e-13,-3.213251683171725,-0.5,-4.403999442187512,6355.469330979126,l3,DMNT,68,1,1,1,1
1431.3527964433176,2.954232454551901,1.5744429953875796,4.793098533883907,3.2186555384963276,0.5713149659348378,1.092528054241169e-12,5.748970095747511,-0.333333333,-1.502816614749225,6355.469330979126,l3,DMNT,68,1,1,1,1
1431.3527964433176,2.954232454551901,1.5744429953875796,4.793098533883907,3.2186555384963276,0.5713149659348378,5.2831652610927344e-12,-0.1067533914629184,-0.166666667,-11.696974189062514,6355.469330979126,l3,DMNT,68,1,1,1,1
1431.3527964433176,2.954232454551901,1.5744429953875796,4.793098533883907,3.2186555384963276,0.5713149659348378,2.5547932305486247e-11,4.7890893381450415,0.0,1.0143045476562378,6355.469330979126,l3,DMNT,68,1,1,1,1
1431.3527964433176,2.954232454551901,1.5744429953875796,4.793098533883907,3.2186555384963276,0.5713149659348378,1.2354270261609636e-10,1.5781070734878213,0.166666667,-4.707410114843766,6355.469330979126,l3,DMNT,68,1,1,1,1
1431.3527964433176,2.954232454551901,1.5744429953875796,4.793098533883907,3.2186555384963276,0.5713149659348378,5.974165792211919e-10,14.773476845192647,0.333333333,2.9962280446257745,6355.469330979126,l3,DMNT,68,1,1,1,1
1431.3527964433176,2.954232454551901,1.5744429953875796,4.793098533883907,3.2186555384963276,0.5713149659348378,2.888891866419094e-09,2.031689617360227,0.5,-11.878619324905486,6355.469330979126,l3,DMNT,68,1,1,1,1
1431.3527964433176,2.954232454551901,1.5744429953875796,4.793098533883907,3.2186555384963276,0.5713149659348378,1.3968593534375613e-08,8.44008910038504,0.666666667,3.2301738516570158,6355.469330979126,l3,DMNT,68,1,1,1,1
1431.3527964433176,2.954232454551901,1.5744429953875796,4.793098533883907,3.2186555384963276,0.5713149659348378,6.75151779471305e-08,9.589917500625539,0.833333333,11.334435415624982,6355.469330979126,l3,DMNT,68,1,1,1,1
1431.3527964433176,2.954232454551901,1.5744429953875796,4.793098533883907,3.2186555384963276,0.5713149659348378,3.2563997916572017e-07,19.90268692848048,1.0,25.20261466249998,6355.469330979126,l3,DMNT,68,1,1,1,1
1431.3527964433176,2.954232454551901,1.5744429953875796,4.793098533883907,3.2186555384963276,0.5713149659348378,1.5534221424877877e-06,43.04841386422996,1.166666667,61.923116459469526,6355.469330979126,l3,DMNT,68,1,1,1,1
1431.3527964433176,2.954232454551901,1.5744429953875796,4.793098533883907,3.2186555384963276,0.5713149659348378,7.010274681196176e-06,99.27036905456578,1.333333333,126.97121449843749,6355.469330979126,l3,DMNT,68,1,1,1,1
1431.3527964433176,2.954232454551901,1.5744429953875796,4.793098533883907,3.2186555384963276,0.5713149659348378,2.504475707998383e-05,213.12624315746677,1.5,269.9458741875,6355.469330979126,l3,DMNT,68,1,1,1,1
1431.3527964433176,2.954232454551901,1.5744429953875796,4.793098533883907,3.2186555384963276,0.5713149659348378,270.9001576569285,361.9412047694356,1.666666667,459.94894362734374,6355.469330979126,l3,DMNT,68,1,1,1,1
1431.3527964433176,2.954232454551901,1.5744429953875796,4.793098533883907,3.2186555384963276,0.5713149659348378,697.8302411176262,534.6992750878471,1.833333333,669.7071810468749,6355.469330979126,l3,DMNT,68,1,1,1,1
1431.3527964433176,2.954232454551901,1.5744429953875796,4.793098533883907,3.2186555384963276,0.5713149659348378,981.016755299268,796.1461335814565,2.0,967.2280181671874,6355.469330979126,l3,DMNT,68,1,1,1,1
1431.3527964433176,2.954232454551901,1.5744429953875796,4.793098533883907,3.2186555384963276,0.5713149659348378,1161.355114443116,1010.5419607225728,2.166666667,1168.8594921767515,6355.469330979126,l3,DMNT,68,1,1,1,1
1431.3527964433176,2.954232454551901,1.5744429953875796,4.793098533883907,3.2186555384963276,0.5713149659348378,1280.419341499303,1234.722339174415,2.333333333,1378.2897655828124,6355.469330979126,l3,DMNT,68,1,1,1,1
1431.3527964433176,2.954232454551901,1.5744429953875796,4.793098533883907,3.2186555384963276,0.5713149659348378,1357.8944774994754,1376.097752888593,2.5,1585.79559995875,6355.469330979126,l3,DMNT,68,1,1,1,1
1431.3527964433176,2.954232454551901,1.5744429953875796,4.793098533883907,3.2186555384963276,0.5713149659348378,1404.4086503287774,1430.701841462972,2.666666667,1623.8062561457195,6355.469330979126,l3,DMNT,68,1,1,1,1
1431.3527964433176,2.954232454551901,1.5744429953875796,4.793098533883907,3.2186555384963276,0.5713149659348378,1426.9738954337884,1599.948510383458,2.833333333,1687.0494040150327,6355.469330979126,l3,DMNT,68,1,1,1,1
1431.3527964433176,2.954232454551901,1.5744429953875796,4.793098533883907,3.2186555384963276,0.5713149659348378,1430.773901696711,1500.529923224904,3.0,1447.2579337117188,6355.469330979126,l3,DMNT,68,1,1,1,1
1431.3527964433176,2.954232454551901,1.5744429953875796,4.793098533883907,3.2186555384963276,0.5713149659348378,1419.8420583962463,1516.3773117116489,3.166666667,1504.4952041532194,6355.469330979126,l3,DMNT,68,1,1,1,1
1431.3527964433176,2.954232454551901,1.5744429953875796,4.793098533883907,3.2186555384963276,0.5713149659348378,1397.3931626937963,1408.8951514371115,3.333333333,1409.6068984265626,6355.469330979126,l3,DMNT,68,1,1,1,1
1431.3527964433176,2.954232454551901,1.5744429953875796,4.793098533883907,3.2186555384963276,0.5713149659348378,1366.0229342171647,1365.3530057450512,3.5,1312.518270754782,6355.469330979126,l3,DMNT,68,1,1,1,1
1431.3527964433176,2.954232454551901,1.5744429953875796,4.793098533883907,3.2186555384963276,0.5713149659348378,1327.8432504424543,1336.2970022715622,3.666666667,1221.6817396899382,6355.469330979126,l3,DMNT,68,1,1,1,1
1431.3527964433176,2.954232454551901,1.5744429953875796,4.793098533883907,3.2186555384963276,0.5713149659348378,1284.5799689092512,1231.6860296045031,3.833333333,1140.1617041219695,6355.469330979126,l3,DMNT,68,1,1,1,1
1431.3527964433176,2.954232454551901,1.5744429953875796,4.793098533883907,3.2186555384963276,0.5713149659348378,1237.6465387221633,1215.5552047313151,4.0,1112.4000201665951,6355.469330979126,l3,DMNT,68,1,1,1,1
1431.3527964433176,2.954232454551901,1.5744429953875796,4.793098533883907,3.2186555384963276,0.5713149659348378,1188.2009320381776,1185.134207191245,4.166666667,1086.5535078820312,6355.469330979126,l3,DMNT,68,1,1,1,1
1431.3527964433176,2.954232454551901,1.5744429953875796,4.793098533883907,3.2186555384963276,0.5713149659348378,1137.190582959584,1104.98906818778,4.333333333,989.8449276914063,6355.469330979126,l3,DMNT,68,1,1,1,1
1431.3527964433176,2.954232454551901,1.5744429953875796,4.793098533883907,3.2186555384963276,0.5713149659348378,1085.3884312487785,1049.1602747201723,4.5,1004.0852803533141,6355.469330979126,l3,DMNT,68,1,1,1,1
1431.3527964433176,2.954232454551901,1.5744429953875796,4.793098533883907,3.2186555384963276,0.5713149659348378,1033.4222014317263,1056.458120771925,4.666666667,989.623834879782,6355.469330979126,l3,DMNT,68,1,1,1,1
1431.3527964433176,2.954232454551901,1.5744429953875796,4.793098533883907,3.2186555384963276,0.5713149659348378,981.7984225726208,971.6143406966468,4.833333333,919.1454109344695,6355.469330979126,l3,DMNT,68,1,1,1,1
1431.3527964433176,2.954232454551901,1.5744429953875796,4.793098533883907,3.2186555384963276,0.5713149659348378,930.9222943616737,899.96154068812,5.0,856.8578330859375,6355.469330979126,l3,DMNT,68,1,1,1,1
1431.3527964433176,2.954232454551901,1.5744429953875796,4.793098533883907,3.2186555384963276,0.5713149659348378,881.1142266394069,876.2354293979693,5.166666667,806.6776316930632,6355.469330979126,l3,DMNT,68,1,1,1,1
1431.3527964433176,2.954232454551901,1.5744429953875796,4.793098533883907,3.2186555384963276,0.5713149659348378,832.6236754829664,824.5755350691045,5.333333333,807.0271363296874,6355.469330979126,l3,DMNT,68,1,1,1,1
1431.3527964433176,2.954232454551901,1.5744429953875796,4.793098533883907,3.2186555384963276,0.5713149659348378,785.6407668776124,747.23624762107,5.5,722.0579320993132,6355.469330979126,l3,DMNT,68,1,1,1,1
1431.3527964433176,2.954232454551901,1.5744429953875796,4.793098533883907,3.2186555384963276,0.5713149659348378,740.3060951704584,719.5081702560408,5.666666667,651.4328751015624,6355.469330979126,l3,DMNT,68,1,1,1,1
1431.3527964433176,2.954232454551901,1.5744429953875796,4.793098533883907,3.2186555384963276,0.5713149659348378,696.7189983119423,698.4109696227877,5.833333333,657.1342833515625,6355.469330979126,l3,DMNT,68,1,1,1,1
1431.3527964433176,2.954232454551901,1.5744429953875796,4.793098533883907,3.2186555384963276,0.5713149659348378,654.9445609396649,651.3735773989741,6.0,606.9508323499999,6355.469330979126,l3,DMNT,68,1,1,1,1
1431.3527964433176,2.954232454551901,1.5744429953875796,4.793098533883907,3.2186555384963276,0.5713149659348378,615.019549937444,621.2177434044736,6.166666667,579.3780736726562,6355.469330979126,l3,DMNT,68,1,1,1,1
1431.3527964433176,2.954232454551901,1.5744429953875796,4.793098533883907,3.2186555384963276,0.5713149659348378,576.9574443736623,567.4470969481085,6.333333333,546.7969673890625,6355.469330979126,l3,DMNT,68,1,1,1,1
1431.3527964433176,2.954232454551901,1.5744429953875796,4.793098533883907,3.2186555384963276,0.5713149659348378,540.7527005301793,514.7156875493321,6.5,515.2207463125,6355.469330979126,l3,DMNT,68,1,1,1,1
1431.3527964433176,2.954232454551901,1.5744429953875796,4.793098533883907,3.2186555384963276,0.5713149659348378,506.38436903519727,527.6124152501337,6.666666667,520.4495792064391,6355.469330979126,l3,DMNT,68,1,1,1,1
1431.3527964433176,2.954232454551901,1.5744429953875796,4.793098533883907,3.2186555384963276,0.5713149659348378,473.81915662145394,482.33773151585933,6.833333333,444.91985633203126,6355.469330979126,l3,DMNT,68,1,1,1,1
1431.3527964433176,2.954232454551901,1.5744429953875796,4.793098533883907,3.2186555384963276,0.5713149659348378,443.01401624824587,473.1280159424285,7.0,475.7195209359375,6355.469330979126,l3,DMNT,68,1,1,1,1
1431.3527964433176,2.954232454551901,1.5744429953875796,4.793098533883907,3.2186555384963276,0.5713149659348378,413.91833600721264,420.56718419007,7.166666667,398.92146694375,6355.469330979126,l3,DMNT,68,1,1,1,1
1431.3527964433176,2.954232454551901,1.5744429953875796,4.793098533883907,3.2186555384963276,0.5713149659348378,386.47578181224065,426.18753418098134,7.333333333,419.24378140312496,6355.469330979126,l3,DMNT,68,1,1,1,1
1431.3527964433176,2.954232454551901,1.5744429953875796,4.793098533883907,3.2186555384963276,0.5713149659348378,360.6258456962137,418.4989710874951,7.5,411.0316288382813,6355.469330979126,l3,DMNT,68,1,1,1,1
1431.3527964433176,2.954232454551901,1.5744429953875796,4.793098533883907,3.2186555384963276,0.5713149659348378,336.3051435151814,403.6819812634569,7.666666667,423.7753769070312,6355.469330979126,l3,DMNT,68,1,1,1,1
1431.3527964433176,2.954232454551901,1.5744429953875796,4.793098533883907,3.2186555384963276,0.5713149659348378,313.4484955098614,347.5846799613417,7.833333333,351.4349686696258,6355.469330979126,l3,DMNT,68,1,1,1,1
1431.3527964433176,2.954232454551901,1.5744429953875796,4.793098533883907,3.2186555384963276,0.5713149659348378,291.98982261998543,337.8466934742111,8.0,336.2058465118133,6355.469330979126,l3,DMNT,68,1,1,1,1
1431.3527964433176,2.954232454551901,1.5744429953875796,4.793098533883907,3.2186555384963276,0.5713149659348378,271.8628863681791,315.8850533577547,8.166666667,329.81131887031245,6355.469330979126,l3,DMNT,68,1,1,1,1
1431.3527964433176,2.954232454551901,1.5744429953875796,4.793098533883907,3.2186555384963276,0.5713149659348378,253.0018928746332,285.7346331621145,8.333333333,277.55015584609373,6355.469330979126,l3,DMNT,68,1,1,1,1
1431.3527964433176,2.954232454551901,1.5744429953875796,4.793098533883907,3.2186555384963276,0.5713149659348378,235.3419822203281,284.75751222040697,8.5,293.7992505719695,6355.469330979126,l3,DMNT,68,1,1,1,1
1431.3527964433176,2.954232454551901,1.5744429953875796,4.793098533883907,3.2186555384963276,0.5713149659348378,218.81962104320417,277.50427139018024,8.666666667,274.83232728906245,6355.469330979126,l3,DMNT,68,1,1,1,1
1431.3527964433176,2.954232454551901,1.5744429953875796,4.793098533883907,3.2186555384963276,0.5713149659348378,203.37291101505457,244.4969614572157,8.833333333,229.10129275400078,6355.469330979126,l3,DMNT,68,1,1,1,1
1431.3527964433176,2.954232454551901,1.5744429953875796,4.793098533883907,3.2186555384963276,0.5713149659348378,188.94182701233566,222.7525073457034,9.0,228.3959009032195,6355.469330979126,l3,DMNT,68,1,1,1,1
1431.3527964433176,2.954232454551901,1.5744429953875796,4.793098533883907,3.2186555384963276,0.5713149659348378,175.46839654801312,212.91181935854897,9.166666667,200.921880801657,6355.469330979126,l3,DMNT,68,1,1,1,1
999.9935789454674,3.065226173176915,1.577812634347266,4.82939920614922,3.251586571801954,0.5425576081139495,3.930437691196745e-15,-3.9367992021414935,-0.666666667,-13.014157163671893,4466.276037966151,l3,DMNT,73,1,1,1,1
999.9935789454674,3.065226173176915,1.577812634347266,4.82939920614922,3.251586571801954,0.5425576081139495,1.893372058270231e-14,-2.3103955336769335,-0.5,-4.891710211718765,4466.276037966151,l3,DMNT,73,1,1,1,1
999.9935789454674,3.065226173176915,1.577812634347266,4.82939920614922,3.251586571801954,0.5425576081139495,9.120759622387454e-14,6.204410049334948,-0.333333333,-1.74930102381368,4466.276037966151,l3,DMNT,73,1,1,1,1
999.9935789454674,3.065226173176915,1.577812634347266,4.82939920614922,3.251586571801954,0.5425576081139495,4.3936559372453275e-13,-0.6913905294834954,-0.166666667,-13.753063841406266,4466.276037966151,l3,DMNT,73,1,1,1,1
999.9935789454674,3.065226173176915,1.577812634347266,4.82939920614922,3.251586571801954,0.5425576081139495,2.1165135023713748e-12,3.730465455714821,0.0,-4.782809008984389,4466.276037966151,l3,DMNT,73,1,1,1,1
999.9935789454674,3.065226173176915,1.577812634347266,4.82939920614922,3.251586571801954,0.5425576081139495,1.01956713895339e-11,0.33478431358518534,0.166666667,-8.318672015234396,4466.276037966151,l3,DMNT,73,1,1,1,1
999.9935789454674,3.065226173176915,1.577812634347266,4.82939920614922,3.251586571801954,0.5425576081139495,4.91144727623544e-11,13.923272788495453,0.333333333,2.0371507371238193,4466.276037966151,l3,DMNT,73,1,1,1,1
999.9935789454674,3.065226173176915,1.577812634347266,4.82939920614922,3.251586571801954,0.5425576081139495,2.365904387056377e-10,1.312461773998848,0.5,-7.6694597710793175,4466.276037966151,l3,DMNT,73,1,1,1,1
999.9935789454674,3.065226173176915,1.577812634347266,4.82939920614922,3.251586571801954,0.5425576081139495,1.139602392452034e-09,6.012595902115306,0.666666667,-4.909816410923067,4466.276037966151,l3,DMNT,73,1,1,1,1
999.9935789454674,3.065226173176915,1.577812634347266,4.82939920614922,3.251586571801954,0.5425576081139495,5.48709622082946e-09,4.893360385446925,0.833333333,-13.433631873437523,4466.276037966151,l3,DMNT,73,1,1,1,1
999.9935789454674,3.065226173176915,1.577812634347266,4.82939920614922,3.251586571801954,0.5425576081139495,2.636632083960743e-08,11.058413662774008,1.0,-4.669876993750025,4466.276037966151,l3,DMNT,73,1,1,1,1
999.9935789454674,3.065226173176915,1.577812634347266,4.82939920614922,3.251586571801954,0.5425576081139495,1.2535125345879205e-07,29.589562269527374,1.166666667,10.849080302358185,4466.276037966151,l3,DMNT,73,1,1,1,1
999.9935789454674,3.065226173176915,1.577812634347266,4.82939920614922,3.251586571801954,0.5425576081139495,5.647473362148027e-07,66.86938552534173,1.333333333,37.25557012734373,4466.276037966151,l3,DMNT,73,1,1,1,1
999.9935789454674,3.065226173176915,1.577812634347266,4.82939920614922,3.251586571801954,0.5425576081139495,2.026012625676635e-06,145.79186590990957,1.5,108.99846371874997,4466.276037966151,l3,DMNT,73,1,1,1,1
999.9935789454674,3.065226173176915,1.577812634347266,4.82939920614922,3.251586571801954,0.5425576081139495,145.51459247281207,253.46934048411566,1.666666667,202.21519674648437,4466.276037966151,l3,DMNT,73,1,1,1,1
999.9935789454674,3.065226173176915,1.577812634347266,4.82939920614922,3.251586571801954,0.5425576081139495,422.4509677290598,372.90958694386444,1.833333333,325.2831721796875,4466.276037966151,l3,DMNT,73,1,1,1,1
999.9935789454674,3.065226173176915,1.577812634347266,4.82939920614922,3.251586571801954,0.5425576081139495,623.4154613436792,557.122391386957,2.0,481.3209421242187,4466.276037966151,l3,DMNT,73,1,1,1,1
999.9935789454674,3.065226173176915,1.577812634347266,4.82939920614922,3.251586571801954,0.5425576081139495,759.8103686527986,715.4019475778048,2.166666667,666.7956123429976,4466.276037966151,l3,DMNT,73,1,1,1,1
999.9935789454674,3.065226173176915,1.577812634347266,4.82939920614922,3.251586571801954,0.5425576081139495,854.8878152054949,868.5179393928071,2.333333333,804.0588822507812,4466.276037966151,l3,DMNT,73,1,1,1,1
999.9935789454674,3.065226173176915,1.577812634347266,4.82939920614922,3.251586571801954,0.5425576081139495,920.5678497768345,969.0050702083129,2.5,831.153785561875,4466.276037966151,l3,DMNT,73,1,1,1,1
999.9935789454674,3.065226173176915,1.577812634347266,4.82939920614922,3.251586571801954,0.5425576081139495,963.5920824336615,1008.8154463394402,2.666666667,1021.8803892729833,4466.276037966151,l3,DMNT,73,1,1,1,1
999.9935789454674,3.065226173176915,1.577812634347266,4.82939920614922,3.251586571801954,0.5425576081139495,988.6017473298297,1129.3625428053165,2.833333333,1163.8720536480757,4466.276037966151,l3,DMNT,73,1,1,1,1
999.9935789454674,3.065226173176915,1.577812634347266,4.82939920614922,3.251586571801954,0.5425576081139495,999.158096073675,1058.9743057880744,3.0,1084.9266503699218,4466.276037966151,l3,DMNT,73,1,1,1,1
999.9935789454674,3.065226173176915,1.577812634347266,4.82939920614922,3.251586571801954,0.5425576081139495,998.1193076494019,1066.8288523651786,3.166666667,1074.3138062617331,4466.276037966151,l3,DMNT,73,1,1,1,1
999.9935789454674,3.065226173176915,1.577812634347266,4.82939920614922,3.251586571801954,0.5425576081139495,987.8229563894872,988.1058547166344,3.333333333,986.3309704851562,4466.276037966151,l3,DMNT,73,1,1,1,1
999.9935789454674,3.065226173176915,1.577812634347266,4.82939920614922,3.251586571801954,0.5425576081139495,970.1980997489868,957.9999983787975,3.5,977.4980344843894,4466.276037966151,l3,DMNT,73,1,1,1,1
999.9935789454674,3.065226173176915,1.577812634347266,4.82939920614922,3.251586571801954,0.5425576081139495,946.8441014208046,939.9389123971071,3.666666667,963.023043894155,4466.276037966151,l3,DMNT,73,1,1,1,1
999.9935789454674,3.065226173176915,1.577812634347266,4.82939920614922,3.251586571801954,0.5425576081139495,919.0899320653247,865.2107033040986,3.833333333,890.4108938086082,4466.276037966151,l3,DMNT,73,1,1,1,1
999.9935789454674,3.065226173176915,1.577812634347266,4.82939920614922,3.251586571801954,0.5425576081139495,888.0404690165803,856.2359664884489,4.0,891.9686175457321,4466.276037966151,l3,DMNT,73,1,1,1,1
999.9935789454674,3.065226173176915,1.577812634347266,4.82939920614922,3.251586571801954,0.5425576081139495,854.6135165078925,829.9880329746012,4.166666667,806.023474739453,4466.276037966151,l3,DMNT,73,1,1,1,1
999.9935789454674,3.065226173176915,1.577812634347266,4.82939920614922,3.251586571801954,0.5425576081139495,819.5699075053616,774.5642559602451,4.333333333,763.2963537753906,4466.276037966151,l3,DMNT,73,1,1,1,1
999.9935789454674,3.065226173176915,1.577812634347266,4.82939920614922,3.251586571801954,0.5425576081139495,783.5382913556151,737.8809022342361,4.5,740.0859482031539,4466.276037966151,l3,DMNT,73,1,1,1,1
999.9935789454674,3.065226173176915,1.577812634347266,4.82939920614922,3.251586571801954,0.5425576081139495,747.0357451447799,741.2846045977498,4.666666667,748.5381382968894,4466.276037966151,l3,DMNT,73,1,1,1,1
999.9935789454674,3.065226173176915,1.577812634347266,4.82939920614922,3.251586571801954,0.5425576081139495,710.4850370284702,679.4378769401958,4.833333333,656.0712585898582,4466.276037966151,l3,DMNT,73,1,1,1,1
999.9935789454674,3.065226173176915,1.577812634347266,4.82939920614922,3.251586571801954,0.5425576081139495,674.2291700303037,629.6581908682153,5.0,680.7477972460938,4466.276037966151,l3,DMNT,73,1,1,1,1
999.9935789454674,3.065226173176915,1.577812634347266,4.82939920614922,3.251586571801954,0.5425576081139495,638.543691262635,616.8772302724838,5.166666667,624.4771221394676,4466.276037966151,l3,DMNT,73,1,1,1,1
999.9935789454674,3.065226173176915,1.577812634347266,4.82939920614922,3.251586571801954,0.5425576081139495,603.6471419788339,576.4161298403747,5.333333333,600.6337098804687,4466.276037966151,l3,DMNT,73,1,1,1,1
999.9935789454674,3.065226173176915,1.577812634347266,4.82939920614922,3.251586571801954,0.5425576081139495,569.7099534659345,525.2355068557496,5.5,529.5502840300926,4466.276037966151,l3,DMNT,73,1,1,1,1
999.9935789454674,3.065226173176915,1.577812634347266,4.82939920614922,3.251586571801954,0.5425576081139495,536.8620358516686,500.60327876409644,5.666666667,520.3882154726563,4466.276037966151,l3,DMNT,73,1,1,1,1
999.9935789454674,3.065226173176915,1.577812634347266,4.82939920614922,3.251586571801954,0.5425576081139495,505.19925690087916,490.33338246302844,5.833333333,513.9290030976562,4466.276037966151,l3,DMNT,73,1,1,1,1
999.9935789454674,3.065226173176915,1.577812634347266,4.82939920614922,3.251586571801954,0.5425576081139495,474.78897893703214,458.5210996837423,6.0,474.120471475,4466.276037966151,l3,DMNT,73,1,1,1,1
999.9935789454674,3.065226173176915,1.577812634347266,4.82939920614922,3.251586571801954,0.5425576081139495,445.67479394268923,434.5139005048566,6.166666667,437.2182373035156,4466.276037966151,l3,DMNT,73,1,1,1,1
999.9935789454674,3.065226173176915,1.577812634347266,4.82939920614922,3.251586571801954,0.5425576081139495,417.880569674934,399.2575121103568,6.333333333,446.55247204140625,4466.276037966151,l3,DMNT,73,1,1,1,1
999.9935789454674,3.065226173176915,1.577812634347266,4.82939920614922,3.251586571801954,0.5425576081139495,391.41390685031433,359.02848351356505,6.5,373.92170553125,4466.276037966151,l3,DMNT,73,1,1,1,1
999.9935789454674,3.065226173176915,1.577812634347266,4.82939920614922,3.251586571801954,0.5425576081139495,366.2690920238234,372.2286088587384,6.666666667,419.6125361734664,4466.276037966151,l3,DMNT,73,1,1,1,1
999.9935789454674,3.065226173176915,1.577812634347266,4.82939920614922,3.251586571801954,0.5425576081139495,342.42961412768153,337.4501449319428,6.833333333,353.24689206445305,4466.276037966151,l3,DMNT,73,1,1,1,1
999.9935789454674,3.065226173176915,1.577812634347266,4.82939920614922,3.251586571801954,0.5425576081139495,319.8703070209468,331.0325435477059,7.0,321.8225854710937,4466.276037966151,l3,DMNT,73,1,1,1,1
999.9935789454674,3.065226173176915,1.577812634347266,4.82939920614922,3.251586571801954,0.5425576081139495,298.55917117761373,294.53320461689344,7.166666667,330.015907084375,4466.276037966151,l3,DMNT,73,1,1,1,1
999.9935789454674,3.065226173176915,1.577812634347266,4.82939920614922,3.251586571801954,0.5425576081139495,278.4589166468005,298.3942762123754,7.333333333,328.7936241453125,4466.276037966151,l3,DMNT,73,1,1,1,1
999.9935789454674,3.065226173176915,1.577812634347266,4.82939920614922,3.251586571801954,0.5425576081139495,259.5282672373708,292.68774140230755,7.5,314.9602658050781,4466.276037966151,l3,DMNT,73,1,1,1,1
999.9935789454674,3.065226173176915,1.577812634347266,4.82939920614922,3.251586571801954,0.5425576081139495,241.72306004739298,281.5394210477658,7.666666667,300.4416012019531,4466.276037966151,l3,DMNT,73,1,1,1,1
999.9935789454674,3.065226173176915,1.577812634347266,4.82939920614922,3.251586571801954,0.5425576081139495,224.99716684669187,245.08761646047986,7.833333333,256.6218947996238,4466.276037966151,l3,DMNT,73,1,1,1,1
999.9935789454674,3.065226173176915,1.577812634347266,4.82939920614922,3.251586571801954,0.5425576081139495,209.30326333842342,238.1871850798283,8.0,254.38835741134255,4466.276037966151,l3,DMNT,73,1,1,1,1
999.9935789454674,3.065226173176915,1.577812634347266,4.82939920614922,3.251586571801954,0.5425576081139495,194.59346849634625,220.70644467744307,8.166666667,228.4066473195312,4466.276037966151,l3,DMNT,73,1,1,1,1
999.9935789454674,3.065226173176915,1.577812634347266,4.82939920614922,3.251586571801954,0.5425576081139495,180.81987073910705,199.31416416073787,8.333333333,227.80991591835934,4466.276037966151,l3,DMNT,73,1,1,1,1
999.9935789454674,3.065226173176915,1.577812634347266,4.82939920614922,3.251586571801954,0.5425576081139495,167.934958050029,201.22648648897615,8.5,211.6086141336082,4466.276037966151,l3,DMNT,73,1,1,1,1
999.9935789454674,3.065226173176915,1.577812634347266,4.82939920614922,3.251586571801954,0.5425576081139495,155.89196657119436,194.13224266999725,8.666666667,187.9144121914062,4466.276037966151,l3,DMNT,73,1,1,1,1
999.9935789454674,3.065226173176915,1.577812634347266,4.82939920614922,3.251586571801954,0.5425576081139495,144.64515824063693,170.6099324923884,8.833333333,194.6211474230613,4466.276037966151,l3,DMNT,73,1,1,1,1
999.9935789454674,3.065226173176915,1.577812634347266,4.82939920614922,3.251586571801954,0.5425576081139495,134.15003876245487,155.43344725789387,9.0,167.19136113673318,4466.276037966151,l3,DMNT,73,1,1,1,1
999.9935789454674,3.065226173176915,1.577812634347266,4.82939920614922,3.251586571801954,0.5425576081139495,124.3635254305264,147.70643597730916,9.166666667,164.54136316407693,4466.276037966151,l3,DMNT,73,1,1,1,1
550.2785513548354,3.1292742056228158,1.4401958279891756,4.709007075068774,3.2688112470795985,0.48327442303599316,4.9954778774528766e-17,-3.2916565050162596,-0.666666667,-11.099901229687521,2431.1642099614974,l3,DMNT,77,1,1,1,1
550.2785513548354,3.1292742056228158,1.4401958279891756,4.709007075068774,3.2688112470795985,0.48327442303599316,2.3800264069340133e-16,-1.3369466130572452,-0.5,-14.76966418687502,2431.1642099614974,l3,DMNT,77,1,1,1,1
550.2785513548354,3.1292742056228158,1.4401958279891756,4.709007075068774,3.2688112470795985,0.48327442303599316,1.1339306794470487e-15,6.116180320979462,-0.333333333,0.6599997409703029,2431.1642099614974,l3,DMNT,77,1,1,1,1
550.2785513548354,3.1292742056228158,1.4401958279891756,4.709007075068774,3.2688112470795985,0.48327442303599316,5.402455540473241e-15,-1.1509371615403658,-0.166666667,-8.23127581562502,2431.1642099614974,l3,DMNT,77,1,1,1,1
550.2785513548354,3.1292742056228158,1.4401958279891756,4.709007075068774,3.2688112470795985,0.48327442303599316,2.5739241372391367e-14,2.507451012801699,0.0,-3.848842310937517,2431.1642099614974,l3,DMNT,77,1,1,1,1
550.2785513548354,3.1292742056228158,1.4401958279891756,4.709007075068774,3.2688112470795985,0.48327442303599316,1.2263076626183331e-13,-0.7836099927842142,0.166666667,-6.6596891359375245,2431.1642099614974,l3,DMNT,77,1,1,1,1
550.2785513548354,3.1292742056228158,1.4401958279891756,4.709007075068774,3.2688112470795985,0.48327442303599316,5.842499470130782e-13,12.082489738321803,0.333333333,6.835724684720303,2431.1642099614974,l3,DMNT,77,1,1,1,1
550.2785513548354,3.1292742056228158,1.4401958279891756,4.709007075068774,3.2688112470795985,0.48327442303599316,2.7833917531077346e-12,0.5773438667660606,0.5,-7.2371717730922125,2431.1642099614974,l3,DMNT,77,1,1,1,1
550.2785513548354,3.1292742056228158,1.4401958279891756,4.709007075068774,3.2688112470795985,0.48327442303599316,1.325638560607448e-11,3.4086268453861948,0.666666667,-2.87255948246721,2431.1642099614974,l3,DMNT,77,1,1,1,1
550.2785513548354,3.1292742056228158,1.4401958279891756,4.709007075068774,3.2688112470795985,0.48327442303599316,6.303992840387014e-11,0.38539929344871027,0.833333333,-1.6503397937500246,2431.1642099614974,l3,DMNT,77,1,1,1,1
550.2785513548354,3.1292742056228158,1.4401958279891756,4.709007075068774,3.2688112470795985,0.48327442303599316,2.9739604425141187e-10,2.4250264390149034,1.0,1.6961868249999732,2431.1642099614974,l3,DMNT,77,1,1,1,1
550.2785513548354,3.1292742056228158,1.4401958279891756,4.709007075068774,3.2688112470795985,0.48327442303599316,1.3468848514774075e-09,15.449447852623592,1.166666667,16.35355042065779,2431.1642099614974,l3,DMNT,77,1,1,1,1
550.2785513548354,3.1292742056228158,1.4401958279891756,4.709007075068774,3.2688112470795985,0.48327442303599316,5.086306203464454e-09,33.17210830611913,1.333333333,47.02798805937498,2431.1642099614974,l3,DMNT,77,1,1,1,1
550.2785513548354,3.1292742056228158,1.4401958279891756,4.709007075068774,3.2688112470795985,0.48327442303599316,27.980087091416095,75.22797240183216,1.5,105.20246087499996,2431.1642099614974,l3,DMNT,77,1,1,1,1
550.2785513548354,3.1292742056228158,1.4401958279891756,4.709007075068774,3.2688112470795985,0.48327442303599316,146.79923027797182,138.33356383939383,1.666666667,160.2611236609375,2431.1642099614974,l3,DMNT,77,1,1,1,1
550.2785513548354,3.1292742056228158,1.4401958279891756,4.709007075068774,3.2688112470795985,0.48327442303599316,257.9251116985295,201.58524661644978,1.833333333,180.15979021874998,2431.1642099614974,l3,DMNT,77,1,1,1,1
550.2785513548354,3.1292742056228158,1.4401958279891756,4.709007075068774,3.2688112470795985,0.48327442303599316,344.04956863728273,303.5259808222745,2.0,314.476616646875,2431.1642099614974,l3,DMNT,77,1,1,1,1
550.2785513548354,3.1292742056228158,1.4401958279891756,4.709007075068774,3.2688112470795985,0.48327442303599316,410.317648176162,400.1091738566007,2.166666667,391.00177404444065,2431.1642099614974,l3,DMNT,77,1,1,1,1
550.2785513548354,3.1292742056228158,1.4401958279891756,4.709007075068774,3.2688112470795985,0.48327442303599316,460.7402904727011,478.8121109703124,2.333333333,464.04420085312495,2431.1642099614974,l3,DMNT,77,1,1,1,1
550.2785513548354,3.1292742056228158,1.4401958279891756,4.709007075068774,3.2688112470795985,0.48327442303599316,497.8907159654777,535.5109873701134,2.5,519.3751991675,2431.1642099614974,l3,DMNT,77,1,1,1,1
550.2785513548354,3.1292742056228158,1.4401958279891756,4.709007075068774,3.2688112470795985,0.48327442303599316,523.7760234765458,559.2071303941455,2.666666667,409.35116954315777,2431.1642099614974,l3,DMNT,77,1,1,1,1
550.2785513548354,3.1292742056228158,1.4401958279891756,4.709007075068774,3.2688112470795985,0.48327442303599316,540.1257919219875,627.5328828841912,2.833333333,586.5459606897531,2431.1642099614974,l3,DMNT,77,1,1,1,1
550.2785513548354,3.1292742056228158,1.4401958279891756,4.709007075068774,3.2688112470795985,0.48327442303599316,548.4649230797885,588.1587865178692,3.0,556.6805144546875,2431.1642099614974,l3,DMNT,77,1,1,1,1
550.2785513548354,3.1292742056228158,1.4401958279891756,4.709007075068774,3.2688112470795985,0.48327442303599316,550.1364712033169,588.3797057675607,3.166666667,567.0253020581578,2431.1642099614974,l3,DMNT,77,1,1,1,1
550.2785513548354,3.1292742056228158,1.4401958279891756,4.709007075068774,3.2688112470795985,0.48327442303599316,546.3164211511946,541.0875508325604,3.333333333,569.378972790625,2431.1642099614974,l3,DMNT,77,1,1,1,1
550.2785513548354,3.1292742056228158,1.4401958279891756,4.709007075068774,3.2688112470795985,0.48327442303599316,538.0281866206032,525.1419293037692,3.5,553.6413961987828,2431.1642099614974,l3,DMNT,77,1,1,1,1
550.2785513548354,3.1292742056228158,1.4401958279891756,4.709007075068774,3.2688112470795985,0.48327442303599316,526.1573567909226,518.1516793677617,3.666666667,553.6642351628452,2431.1642099614974,l3,DMNT,77,1,1,1,1
550.2785513548354,3.1292742056228158,1.4401958279891756,4.709007075068774,3.2688112470795985,0.48327442303599316,511.4661638030301,475.52685122094465,3.833333333,492.48448324565777,2431.1642099614974,l3,DMNT,77,1,1,1,1
550.2785513548354,3.1292742056228158,1.4401958279891756,4.709007075068774,3.2688112470795985,0.48327442303599316,494.6072292449272,473.5391905570451,4.0,525.2059639303781,2431.1642099614974,l3,DMNT,77,1,1,1,1
550.2785513548354,3.1292742056228158,1.4401958279891756,4.709007075068774,3.2688112470795985,0.48327442303599316,476.13634240605177,453.01661619333316,4.166666667,523.4561249828125,2431.1642099614974,l3,DMNT,77,1,1,1,1
550.2785513548354,3.1292742056228158,1.4401958279891756,4.709007075068774,3.2688112470795985,0.48327442303599316,456.5241602680547,423.6487113788933,4.333333333,448.5173702265625,2431.1642099614974,l3,DMNT,77,1,1,1,1
550.2785513548354,3.1292742056228158,1.4401958279891756,4.709007075068774,3.2688112470795985,0.48327442303599316,436.1668079004371,406.65413822532776,4.5,438.12797633506557,2431.1642099614974,l3,DMNT,77,1,1,1,1
550.2785513548354,3.1292742056228158,1.4401958279891756,4.709007075068774,3.2688112470795985,0.48327442303599316,415.39540909539915,406.3719428660842,4.666666667,417.8995994487828,2431.1642099614974,l3,DMNT,77,1,1,1,1
550.2785513548354,3.1292742056228158,1.4401958279891756,4.709007075068774,3.2688112470795985,0.48327442303599316,394.484601759986,369.5719646796022,4.833333333,390.8783843706578,2431.1642099614974,l3,DMNT,77,1,1,1,1
550.2785513548354,3.1292742056228158,1.4401958279891756,4.709007075068774,3.2688112470795985,0.48327442303599316,373.6601102060881,342.9044000821722,5.0,355.25051773437497,2431.1642099614974,l3,DMNT,77,1,1,1,1
550.2785513548354,3.1292742056228158,1.4401958279891756,4.709007075068774,3.2688112470795985,0.48327442303599316,353.10545276521395,340.7357885283974,5.166666667,360.2561010440953,2431.1642099614974,l3,DMNT,77,1,1,1,1
550.2785513548354,3.1292742056228158,1.4401958279891756,4.709007075068774,3.2688112470795985,0.48327442303599316,332.9678606897306,313.2842105970731,5.333333333,299.23991047187496,2431.1642099614974,l3,DMNT,77,1,1,1,1
550.2785513548354,3.1292742056228158,1.4401958279891756,4.709007075068774,3.2688112470795985,0.48327442303599316,313.36348569207127,289.0878724386705,5.5,310.0503456065953,2431.1642099614974,l3,DMNT,77,1,1,1,1
550.2785513548354,3.1292742056228158,1.4401958279891756,4.709007075068774,3.2688112470795985,0.48327442303599316,294.38196952393423,269.10843373769524,5.666666667,270.94541114062497,2431.1642099614974,l3,DMNT,77,1,1,1,1
550.2785513548354,3.1292742056228158,1.4401958279891756,4.709007075068774,3.2688112470795985,0.48327442303599316,276.09044095865056,269.15016855204226,5.833333333,285.9533776406249,2431.1642099614974,l3,DMNT,77,1,1,1,1
550.2785513548354,3.1292742056228158,1.4401958279891756,4.709007075068774,3.2688112470795985,0.48327442303599316,258.5370036597851,253.20250618916293,6.0,257.7634347,2431.1642099614974,l3,DMNT,77,1,1,1,1
550.2785513548354,3.1292742056228158,1.4401958279891756,4.709007075068774,3.2688112470795985,0.48327442303599316,241.75377280639873,236.478909421861,6.166666667,262.1777709390625,2431.1642099614974,l3,DMNT,77,1,1,1,1
550.2785513548354,3.1292742056228158,1.4401958279891756,4.709007075068774,3.2688112470795985,0.48327442303599316,225.75951021467847,220.24511299658135,6.333333333,217.49572821562498,2431.1642099614974,l3,DMNT,77,1,1,1,1
550.2785513548354,3.1292742056228158,1.4401958279891756,4.709007075068774,3.2688112470795985,0.48327442303599316,210.56190574993144,194.1517407947396,6.5,197.97188012499998,2431.1642099614974,l3,DMNT,77,1,1,1,1
550.2785513548354,3.1292742056228158,1.4401958279891756,4.709007075068774,3.2688112470795985,0.48327442303599316,196.159547774307,206.58122421276855,6.666666667,212.4583259163156,2431.1642099614974,l3,DMNT,77,1,1,1,1
550.2785513548354,3.1292742056228158,1.4401958279891756,4.709007075068774,3.2688112470795985,0.48327442303599316,182.54361850739946,183.74910254527347,6.833333333,200.74461188281248,2431.1642099614974,l3,DMNT,77,1,1,1,1
550.2785513548354,3.1292742056228158,1.4401958279891756,4.709007075068774,3.2688112470795985,0.48327442303599316,169.69934884783592,180.28674011426443,7.0,183.07076343437498,2431.1642099614974,l3,DMNT,77,1,1,1,1
550.2785513548354,3.1292742056228158,1.4401958279891756,4.709007075068774,3.2688112470795985,0.48327442303599316,157.60726318305623,160.75445617931416,7.166666667,151.21006013749997,2431.1642099614974,l3,DMNT,77,1,1,1,1
550.2785513548354,3.1292742056228158,1.4401958279891756,4.709007075068774,3.2688112470795985,0.48327442303599316,146.24423927791733,162.767809886708,7.333333333,153.88272468124995,2431.1642099614974,l3,DMNT,77,1,1,1,1
550.2785513548354,3.1292742056228158,1.4401958279891756,4.709007075068774,3.2688112470795985,0.48327442303599316,135.5844076206709,159.2495127348232,7.5,152.58402064531248,2431.1642099614974,l3,DMNT,77,1,1,1,1
550.2785513548354,3.1292742056228158,1.4401958279891756,4.709007075068774,3.2688112470795985,0.48327442303599316,125.59991156366573,152.1975612539659,7.666666667,151.16511803281247,2431.1642099614974,l3,DMNT,77,1,1,1,1
550.2785513548354,3.1292742056228158,1.4401958279891756,4.709007075068774,3.2688112470795985,0.48327442303599316,116.26154542180421,135.85532645034218,7.833333333,115.7945609347203,2431.1642099614974,l3,DMNT,77,1,1,1,1
550.2785513548354,3.1292742056228158,1.4401958279891756,4.709007075068774,3.2688112470795985,0.48327442303599316,107.5392874397356,131.98795513321664,8.0,124.3119819315953,2431.1642099614974,l3,DMNT,77,1,1,1,1
550.2785513548354,3.1292742056228158,1.4401958279891756,4.709007075068774,3.2688112470795985,0.48327442303599316,99.4027423001361,119.81407248392033,8.166666667,100.23763992812496,2431.1642099614974,l3,DMNT,77,1,1,1,1
550.2785513548354,3.1292742056228158,1.4401958279891756,4.709007075068774,3.2688112470795985,0.48327442303599316,91.82150469273583,107.7907468216558,8.333333333,89.02367934843748,2431.1642099614974,l3,DMNT,77,1,1,1,1
550.2785513548354,3.1292742056228158,1.4401958279891756,4.709007075068774,3.2688112470795985,0.48327442303599316,84.7654555107944,112.08936288148587,8.5,104.63796614565778,2431.1642099614974,l3,DMNT,77,1,1,1,1
550.2785513548354,3.1292742056228158,1.4401958279891756,4.709007075068774,3.2688112470795985,0.48327442303599316,78.20500062071235,105.69200920289512,8.666666667,105.54162801562498,2431.1642099614974,l3,DMNT,77,1,1,1,1
550.2785513548354,3.1292742056228158,1.4401958279891756,4.709007075068774,3.2688112470795985,0.48327442303599316,72.1112597927485,92.34406628307653,8.833333333,78.61581972847029,2431.1642099614974,l3,DMNT,77,1,1,1,1
550.2785513548354,3.1292742056228158,1.4401958279891756,4.709007075068774,3.2688112470795985,0.48327442303599316,66.45621360078309,84.12557177884906,9.0,70.34154555815778,2431.1642099614974,l3,DMNT,77,1,1,1,1
550.2785513548354,3.1292742056228158,1.4401958279891756,4.709007075068774,3.2688112470795985,0.48327442303599316,61.21281493824699,78.86109249339847,9.166666667,66.84324441753279,2431.1642099614974,l3,DMNT,77,1,1,1,1
1491.453514630674,3.057569003181787,1.5638697724176696,4.81023604797897,3.2463662755613,0.5398857972346774,5.4751163450513355e-15,0.5119237024110319,-0.666666667,30.452051475195343,6647.169867961022,l3,DMNT,90,1,1,1,1
1491.453514630674,3.057569003181787,1.5638697724176696,4.81023604797897,3.2463662755613,0.5398857972346774,2.6358400370737165e-14,-3.074177412901662,-0.5,27.585150514453154,6647.169867961022,l3,DMNT,90,1,1,1,1
1491.453514630674,3.057569003181787,1.5638697724176696,4.81023604797897,3.2463662755613,0.5398857972346774,1.2689506919763504e-13,-6.078298723746334,-0.333333333,24.703312291250207,6647.169867961022,l3,DMNT,90,1,1,1,1
1491.453514630674,3.057569003181787,1.5638697724176696,4.81023604797897,3.2463662755613,0.5398857972346774,6.109004296609792e-13,3.337366034163381,-0.166666667,35.744338577734396,6647.169867961022,l3,DMNT,90,1,1,1,1
1491.453514630674,3.057569003181787,1.5638697724176696,4.81023604797897,3.2463662755613,0.5398857972346774,2.941007094934278e-12,2.9804122346452573,0.0,23.390952334414084,6647.169867961022,l3,DMNT,90,1,1,1,1
1491.453514630674,3.057569003181787,1.5638697724176696,4.81023604797897,3.2463662755613,0.5398857972346774,1.4158637719481464e-11,5.986481366574065,0.166666667,28.305956668789097,6647.169867961022,l3,DMNT,90,1,1,1,1
1491.453514630674,3.057569003181787,1.5638697724176696,4.81023604797897,3.2463662755613,0.5398857972346774,6.816250916337032e-11,-4.32018973364468,0.333333333,24.99438070609396,6647.169867961022,l3,DMNT,90,1,1,1,1
1491.453514630674,3.057569003181787,1.5638697724176696,4.81023604797897,3.2463662755613,0.5398857972346774,3.2814275787500036e-10,2.776255226022947,0.5,29.30002343621117,6647.169867961022,l3,DMNT,90,1,1,1,1
1491.453514630674,3.057569003181787,1.5638697724176696,4.81023604797897,3.2463662755613,0.5398857972346774,1.5795879769776432e-09,8.39386866520491,0.666666667,40.27419509535179,6647.169867961022,l3,DMNT,90,1,1,1,1
1491.453514630674,3.057569003181787,1.5638697724176696,4.81023604797897,3.2463662755613,0.5398857972346774,7.600338088795265e-09,20.379386325452117,0.833333333,42.23517060390628,6647.169867961022,l3,DMNT,90,1,1,1,1
1491.453514630674,3.057569003181787,1.5638697724176696,4.81023604797897,3.2463662755613,0.5398857972346774,3.6484471961041404e-08,37.24307720563847,1.0,56.59085066562504,6647.169867961022,l3,DMNT,90,1,1,1,1
1491.453514630674,3.057569003181787,1.5638697724176696,4.81023604797897,3.2463662755613,0.5398857972346774,1.7301035954576735e-07,48.83308395010408,1.166666667,60.73691712230492,6647.169867961022,l3,DMNT,90,1,1,1,1
1491.453514630674,3.057569003181787,1.5638697724176696,4.81023604797897,3.2463662755613,0.5398857972346774,7.716469163823373e-07,120.24096792151013,1.333333333,104.6819637496094,6647.169867961022,l3,DMNT,90,1,1,1,1
1491.453514630674,3.057569003181787,1.5638697724176696,4.81023604797897,3.2463662755613,0.5398857972346774,2.673682752467593e-06,245.6834653613475,1.5,210.68268354687507,6647.169867961022,l3,DMNT,90,1,1,1,1
1491.453514630674,3.057569003181787,1.5638697724176696,4.81023604797897,3.2463662755613,0.5398857972346774,248.25592838573436,384.3483292561789,1.666666667,323.22699071933596,6647.169867961022,l3,DMNT,90,1,1,1,1
1491.453514630674,3.057569003181787,1.5638697724176696,4.81023604797897,3.2463662755613,0.5398857972346774,652.6816181891032,576.4323567795248,1.833333333,581.5956615117188,6647.169867961022,l3,DMNT,90,1,1,1,1
1491.453514630674,3.057569003181787,1.5638697724176696,4.81023604797897,3.2463662755613,0.5398857972346774,942.9934558944384,847.7979928170029,2.0,765.7451611667968,6647.169867961022,l3,DMNT,90,1,1,1,1
1491.453514630674,3.057569003181787,1.5638697724176696,4.81023604797897,3.2463662755613,0.5398857972346774,1141.455321233456,1029.9512510929737,2.166666667,981.2882084340629,6647.169867961022,l3,DMNT,90,1,1,1,1
1491.453514630674,3.057569003181787,1.5638697724176696,4.81023604797897,3.2463662755613,0.5398857972346774,1280.4443643490201,1289.704835872405,2.333333333,1239.0170847707031,6647.169867961022,l3,DMNT,90,1,1,1,1
1491.453514630674,3.057569003181787,1.5638697724176696,4.81023604797897,3.2463662755613,0.5398857972346774,1376.5424858355993,1431.5469295969374,2.5,1392.9575512896877,6647.169867961022,l3,DMNT,90,1,1,1,1
1491.453514630674,3.057569003181787,1.5638697724176696,4.81023604797897,3.2463662755613,0.5398857972346774,1439.3502809828406,1480.7446943886982,2.666666667,1604.3917081438674,6647.169867961022,l3,DMNT,90,1,1,1,1
1491.453514630674,3.057569003181787,1.5638697724176696,4.81023604797897,3.2463662755613,0.5398857972346774,1475.5941193468452,1649.1540591678313,2.833333333,1630.2278843311333,6647.169867961022,l3,DMNT,90,1,1,1,1
1491.453514630674,3.057569003181787,1.5638697724176696,4.81023604797897,3.2463662755613,0.5398857972346774,1490.483936698974,1547.8594158606536,3.0,1655.2635014904297,6647.169867961022,l3,DMNT,90,1,1,1,1
1491.453514630674,3.057569003181787,1.5638697724176696,4.81023604797897,3.2463662755613,0.5398857972346774,1488.223018155411,1582.8301427289482,3.166666667,1653.6837685457426,6647.169867961022,l3,DMNT,90,1,1,1,1
1491.453514630674,3.057569003181787,1.5638697724176696,4.81023604797897,3.2463662755613,0.5398857972346774,1472.2605304135993,1488.0069679397839,3.333333333,1432.6843404816407,6647.169867961022,l3,DMNT,90,1,1,1,1
1491.453514630674,3.057569003181787,1.5638697724176696,4.81023604797897,3.2463662755613,0.5398857972346774,1445.449575223961,1439.6050568125272,3.5,1423.3579570711331,6647.169867961022,l3,DMNT,90,1,1,1,1
1491.453514630674,3.057569003181787,1.5638697724176696,4.81023604797897,3.2463662755613,0.5398857972346774,1410.1597547819295,1395.9581068060645,3.666666667,1449.2385144924222,6647.169867961022,l3,DMNT,90,1,1,1,1
1491.453514630674,3.057569003181787,1.5638697724176696,4.81023604797897,3.2463662755613,0.5398857972346774,1368.362618465139,1293.0858938042343,3.833333333,1351.42429603793,6647.169867961022,l3,DMNT,90,1,1,1,1
1491.453514630674,3.057569003181787,1.5638697724176696,4.81023604797897,3.2463662755613,0.5398857972346774,1321.6988340122778,1262.9697074983078,4.0,1212.5286562440238,6647.169867961022,l3,DMNT,90,1,1,1,1
1491.453514630674,3.057569003181787,1.5638697724176696,4.81023604797897,3.2463662755613,0.5398857972346774,1271.5321916915254,1258.3195284083572,4.166666667,1270.328131408008,6647.169867961022,l3,DMNT,90,1,1,1,1
1491.453514630674,3.057569003181787,1.5638697724176696,4.81023604797897,3.2463662755613,0.5398857972346774,1218.9937140468598,1169.2848541039014,4.333333333,1198.2939416103518,6647.169867961022,l3,DMNT,90,1,1,1,1
1491.453514630674,3.057569003181787,1.5638697724176696,4.81023604797897,3.2463662755613,0.5398857972346774,1165.018113993792,1096.498192909851,4.5,1044.0062913532036,6647.169867961022,l3,DMNT,90,1,1,1,1
1491.453514630674,3.057569003181787,1.5638697724176696,4.81023604797897,3.2463662755613,0.5398857972346774,1110.3742043795633,1113.796014074415,4.666666667,1127.6939181023831,6647.169867961022,l3,DMNT,90,1,1,1,1
1491.453514630674,3.057569003181787,1.5638697724176696,4.81023604797897,3.2463662755613,0.5398857972346774,1055.6904336612076,1037.2933041386798,4.833333333,1077.300727741055,6647.169867961022,l3,DMNT,90,1,1,1,1
1491.453514630674,3.057569003181787,1.5638697724176696,4.81023604797897,3.2463662755613,0.5398857972346774,1001.4764452074012,958.9722856559911,5.0,836.6220613964844,6647.169867961022,l3,DMNT,90,1,1,1,1
1491.453514630674,3.057569003181787,1.5638697724176696,4.81023604797897,3.2463662755613,0.5398857972346774,948.1413568801911,912.3288086528985,5.166666667,939.9301372432034,6647.169867961022,l3,DMNT,90,1,1,1,1
1491.453514630674,3.057569003181787,1.5638697724176696,4.81023604797897,3.2463662755613,0.5398857972346774,896.0093028101686,881.4302048679615,5.333333333,869.5563077074219,6647.169867961022,l3,DMNT,90,1,1,1,1
1491.453514630674,3.057569003181787,1.5638697724176696,4.81023604797897,3.2463662755613,0.5398857972346774,845.3326800725403,782.6319466959669,5.5,747.9012298447659,6647.169867961022,l3,DMNT,90,1,1,1,1
1491.453514630674,3.057569003181787,1.5638697724176696,4.81023604797897,3.2463662755613,0.5398857972346774,796.3034604416197,782.3525352978365,5.666666667,798.9154106503906,6647.169867961022,l3,DMNT,90,1,1,1,1
1491.453514630674,3.057569003181787,1.5638697724176696,4.81023604797897,3.2463662755613,0.5398857972346774,749.0628554758483,734.7529251042176,5.833333333,714.7690027128907,6647.169867961022,l3,DMNT,90,1,1,1,1
1491.453514630674,3.057569003181787,1.5638697724176696,4.81023604797897,3.2463662755613,0.5398857972346774,703.7095818694944,678.4928602527198,6.0,650.9175900875,6647.169867961022,l3,DMNT,90,1,1,1,1
1491.453514630674,3.057569003181787,1.5638697724176696,4.81023604797897,3.2463662755613,0.5398857972346774,660.3069333816145,662.6293911306263,6.166666667,648.0713396056641,6647.169867961022,l3,DMNT,90,1,1,1,1
1491.453514630674,3.057569003181787,1.5638697724176696,4.81023604797897,3.2463662755613,0.5398857972346774,618.8888259397233,592.1086397571822,6.333333333,531.9833207222656,6647.169867961022,l3,DMNT,90,1,1,1,1
1491.453514630674,3.057569003181787,1.5638697724176696,4.81023604797897,3.2463662755613,0.5398857972346774,579.4649640697578,554.5767989591832,6.5,566.514181578125,6647.169867961022,l3,DMNT,90,1,1,1,1
1491.453514630674,3.057569003181787,1.5638697724176696,4.81023604797897,3.2463662755613,0.5398857972346774,542.025254207371,544.9554805233788,6.666666667,511.9963378164848,6647.169867961022,l3,DMNT,90,1,1,1,1
1491.453514630674,3.057569003181787,1.5638697724176696,4.81023604797897,3.2463662755613,0.5398857972346774,506.54356590010224,514.063400292477,6.833333333,505.53528252050785,6647.169867961022,l3,DMNT,90,1,1,1,1
1491.453514630674,3.057569003181787,1.5638697724176696,4.81023604797897,3.2463662755613,0.5398857972346774,472.98093373014143,504.10451416303755,7.0,491.7085253589844,6647.169867961022,l3,DMNT,90,1,1,1,1
1491.453514630674,3.057569003181787,1.5638697724176696,4.81023604797897,3.2463662755613,0.5398857972346774,441.2882791581277,446.559956555615,7.166666667,433.84293123593756,6647.169867961022,l3,DMNT,90,1,1,1,1
1491.453514630674,3.057569003181787,1.5638697724176696,4.81023604797897,3.2463662755613,0.5398857972346774,411.40871519080474,452.9471205937407,7.333333333,437.4860731007813,6647.169867961022,l3,DMNT,90,1,1,1,1
1491.453514630674,3.057569003181787,1.5638697724176696,4.81023604797897,3.2463662755613,0.5398857972346774,383.279493563962,446.58479657986476,7.5,416.4591451470704,6647.169867961022,l3,DMNT,90,1,1,1,1
1491.453514630674,3.057569003181787,1.5638697724176696,4.81023604797897,3.2463662755613,0.5398857972346774,356.8336454601456,435.1682273831269,7.666666667,409.95725666425784,6647.169867961022,l3,DMNT,90,1,1,1,1
1491.453514630674,3.057569003181787,1.5638697724176696,4.81023604797897,3.2463662755613,0.5398857972346774,332.00135545864543,359.7494774315875,7.833333333,359.886963362344,6647.169867961022,l3,DMNT,90,1,1,1,1
1491.453514630674,3.057569003181787,1.5638697724176696,4.81023604797897,3.2463662755613,0.5398857972346774,308.71110768342663,349.86100801544893,8.0,320.5763754478908,6647.169867961022,l3,DMNT,90,1,1,1,1
1491.453514630674,3.057569003181787,1.5638697724176696,4.81023604797897,3.2463662755613,0.5398857972346774,286.8906373973148,338.29118308747684,8.166666667,340.2299300925782,6647.169867961022,l3,DMNT,90,1,1,1,1
1491.453514630674,3.057569003181787,1.5638697724176696,4.81023604797897,3.2463662755613,0.5398857972346774,266.4677131946527,307.8281117674784,8.333333333,314.1289162740235,6647.169867961022,l3,DMNT,90,1,1,1,1
1491.453514630674,3.057569003181787,1.5638697724176696,4.81023604797897,3.2463662755613,0.5398857972346774,247.3707754328879,292.2663814167089,8.5,314.9532566504299,6647.169867961022,l3,DMNT,90,1,1,1,1
1491.453514630674,3.057569003181787,1.5638697724176696,4.81023604797897,3.2463662755613,0.5398857972346774,229.52945268243025,295.8337106983841,8.666666667,305.7070986972657,6647.169867961022,l3,DMNT,90,1,1,1,1
1491.453514630674,3.057569003181787,1.5638697724176696,4.81023604797897,3.2463662755613,0.5398857972346774,212.87497207456815,263.0603313724812,8.833333333,278.08038763343774,6647.169867961022,l3,DMNT,90,1,1,1,1
1491.453514630674,3.057569003181787,1.5638697724176696,4.81023604797897,3.2463662755613,0.5398857972346774,197.3404804700349,239.68302912960448,9.0,264.69505273324245,6647.169867961022,l3,DMNT,90,1,1,1,1
1491.453514630674,3.057569003181787,1.5638697724176696,4.81023604797897,3.2463662755613,0.5398857972346774,182.86129071976674,233.906680285197,9.166666667,258.8647058328518,6647.169867961022,l3,DMNT,90,1,1,1,1
282.0412598871128,2.2882562967720794,1.6317020430920404,4.454006616204621,2.822304573112581,0.7673694540501143,1.2162774831824284e-10,-1.8794174809950466,-0.666666667,-1.9285979738281214,1065.382661857674,l4,DMNT,72,1,1,1,1
282.0412598871128,2.2882562967720794,1.6317020430920404,4.454006616204621,2.822304573112581,0.7673694540501143,5.96259623776934e-10,0.7096478603953971,-0.5,3.764853236718753,1065.382661857674,l4,DMNT,72,1,1,1,1
282.0412598871128,2.2882562967720794,1.6317020430920404,4.454006616204621,2.822304573112581,0.7673694540501143,2.923062731807265e-09,1.2995638370685114,-0.333333333,0.29656928147617423,1065.382661857674,l4,DMNT,72,1,1,1,1
282.0412598871128,2.2882562967720794,1.6317020430920404,4.454006616204621,2.822304573112581,0.7673694540501143,1.4329824165246655e-08,0.36146593079542466,-0.166666667,2.904715516406254,1065.382661857674,l4,DMNT,72,1,1,1,1
282.0412598871128,2.2882562967720794,1.6317020430920404,4.454006616204621,2.822304573112581,0.7673694540501143,7.024955340782845e-08,0.19740272647230128,0.0,1.873970421484378,1065.382661857674,l4,DMNT,72,1,1,1,1
282.0412598871128,2.2882562967720794,1.6317020430920404,4.454006616204621,2.822304573112581,0.7673694540501143,3.443865247853349e-07,0.5980892789061496,0.166666667,5.666499627734377,1065.382661857674,l4,DMNT,72,1,1,1,1
282.0412598871128,2.2882562967720794,1.6317020430920404,4.454006616204621,2.822304573112581,0.7673694540501143,1.688293979006161e-06,4.066816845460596,0.333333333,11.000688670538674,1065.382661857674,l4,DMNT,72,1,1,1,1
282.0412598871128,2.2882562967720794,1.6317020430920404,4.454006616204621,2.822304573112581,0.7673694540501143,8.276496234630918e-06,2.237662632666117,0.5,9.824954816241801,1065.382661857674,l4,DMNT,72,1,1,1,1
282.0412598871128,2.2882562967720794,1.6317020430920404,4.454006616204621,2.822304573112581,0.7673694540501143,4.05720143913415e-05,2.654827510850391,0.666666667,4.836355181085549,1065.382661857674,l4,DMNT,72,1,1,1,1
282.0412598871128,2.2882562967720794,1.6317020430920404,4.454006616204621,2.822304573112581,0.7673694540501143,0.0001988424979495547,3.915768472221954,0.833333333,9.105554323437506,1065.382661857674,l4,DMNT,72,1,1,1,1
282.0412598871128,2.2882562967720794,1.6317020430920404,4.454006616204621,2.822304573112581,0.7673694540501143,0.0009733671262042973,8.1438601468938,1.0,22.242630793750003,1065.382661857674,l4,DMNT,72,1,1,1,1
282.0412598871128,2.2882562967720794,1.6317020430920404,4.454006616204621,2.822304573112581,0.7673694540501143,0.004735124167071327,20.32712634139525,1.166666667,24.482359892804304,1065.382661857674,l4,DMNT,72,1,1,1,1
282.0412598871128,2.2882562967720794,1.6317020430920404,4.454006616204621,2.822304573112581,0.7673694540501143,0.022306202295041558,31.020093616343402,1.333333333,41.94299454765626,1065.382661857674,l4,DMNT,72,1,1,1,1
282.0412598871128,2.2882562967720794,1.6317020430920404,4.454006616204621,2.822304573112581,0.7673694540501143,0.09060915803309659,77.06997386151829,1.5,81.07374728125001,1065.382661857674,l4,DMNT,72,1,1,1,1
282.0412598871128,2.2882562967720794,1.6317020430920404,4.454006616204621,2.822304573112581,0.7673694540501143,90.6028678162746,111.05211197051973,1.666666667,118.74189424101563,1065.382661857674,l4,DMNT,72,1,1,1,1
282.0412598871128,2.2882562967720794,1.6317020430920404,4.454006616204621,2.822304573112581,0.7673694540501143,214.6947556723778,158.38583966395078,1.833333333,183.5524555703125,1065.382661857674,l4,DMNT,72,1,1,1,1
282.0412598871128,2.2882562967720794,1.6317020430920404,4.454006616204621,2.822304573112581,0.7673694540501143,263.76465583717714,224.4908725746676,2.0,217.42777365078126,1065.382661857674,l4,DMNT,72,1,1,1,1
282.0412598871128,2.2882562967720794,1.6317020430920404,4.454006616204621,2.822304573112581,0.7673694540501143,279.04403657557833,286.14610849190075,2.166666667,322.42716867232735,1065.382661857674,l4,DMNT,72,1,1,1,1
282.0412598871128,2.2882562967720794,1.6317020430920404,4.454006616204621,2.822304573112581,0.7673694540501143,281.5959535847798,304.1743373236341,2.333333333,333.77502197421876,1065.382661857674,l4,DMNT,72,1,1,1,1
282.0412598871128,2.2882562967720794,1.6317020430920404,4.454006616204621,2.822304573112581,0.7673694540501143,278.34324145816186,327.7491227763982,2.5,326.909587458125,1065.382661857674,l4,DMNT,72,1,1,1,1
282.0412598871128,2.2882562967720794,1.6317020430920404,4.454006616204621,2.822304573112581,0.7673694540501143,271.85444371024374,312.6357729892338,2.666666667,324.8646808621793,1065.382661857674,l4,DMNT,72,1,1,1,1
282.0412598871128,2.2882562967720794,1.6317020430920404,4.454006616204621,2.822304573112581,0.7673694540501143,263.38103466205825,278.6395812690088,2.833333333,309.1370112297492,1065.382661857674,l4,DMNT,72,1,1,1,1
282.0412598871128,2.2882562967720794,1.6317020430920404,4.454006616204621,2.822304573112581,0.7673694540501143,253.66814566234802,239.60297918120176,3.0,170.26365216757813,1065.382661857674,l4,DMNT,72,1,1,1,1
282.0412598871128,2.2882562967720794,1.6317020430920404,4.454006616204621,2.822304573112581,0.7673694540501143,243.2078812737284,264.38398227553,3.166666667,296.3451182334293,1065.382661857674,l4,DMNT,72,1,1,1,1
282.0412598871128,2.2882562967720794,1.6317020430920404,4.454006616204621,2.822304573112581,0.7673694540501143,232.34193785601516,237.03785134352603,3.333333333,238.71018523984378,1065.382661857674,l4,DMNT,72,1,1,1,1
282.0412598871128,2.2882562967720794,1.6317020430920404,4.454006616204621,2.822304573112581,0.7673694540501143,221.31374272055683,214.40152943418622,3.5,235.84461813577306,1065.382661857674,l4,DMNT,72,1,1,1,1
282.0412598871128,2.2882562967720794,1.6317020430920404,4.454006616204621,2.822304573112581,0.7673694540501143,210.29900584438604,178.09486023683812,3.666666667,16.222170738507426,1065.382661857674,l4,DMNT,72,1,1,1,1
282.0412598871128,2.2882562967720794,1.6317020430920404,4.454006616204621,2.822304573112581,0.7673694540501143,199.42515468866023,163.75489939309554,3.833333333,32.2475041865543,1065.382661857674,l4,DMNT,72,1,1,1,1
282.0412598871128,2.2882562967720794,1.6317020430920404,4.454006616204621,2.822304573112581,0.7673694540501143,188.7843515093722,182.6206270797316,4.0,220.935553857093,1065.382661857674,l4,DMNT,72,1,1,1,1
282.0412598871128,2.2882562967720794,1.6317020430920404,4.454006616204621,2.822304573112581,0.7673694540501143,178.44253797052227,158.40899281973503,4.166666667,181.17529422304688,1065.382661857674,l4,DMNT,72,1,1,1,1
282.0412598871128,2.2882562967720794,1.6317020430920404,4.454006616204621,2.822304573112581,0.7673694540501143,168.44589893874252,159.303796814098,4.333333333,181.48075353710936,1065.382661857674,l4,DMNT,72,1,1,1,1
282.0412598871128,2.2882562967720794,1.6317020430920404,4.454006616204621,2.822304573112581,0.7673694540501143,158.82558869710365,158.27145469141234,4.5,163.9566965371711,1065.382661857674,l4,DMNT,72,1,1,1,1
282.0412598871128,2.2882562967720794,1.6317020430920404,4.454006616204621,2.822304573112581,0.7673694540501143,149.60125235432756,156.87753030309807,4.666666667,142.00809232327308,1065.382661857674,l4,DMNT,72,1,1,1,1
282.0412598871128,2.2882562967720794,1.6317020430920404,4.454006616204621,2.822304573112581,0.7673694540501143,140.78368949818346,128.3959484459771,4.833333333,137.68621640530432,1065.382661857674,l4,DMNT,72,1,1,1,1
282.0412598871128,2.2882562967720794,1.6317020430920404,4.454006616204621,2.822304573112581,0.7673694540501143,132.3768951539456,138.82350236388464,5.0,143.91540962890625,1065.382661857674,l4,DMNT,72,1,1,1,1
282.0412598871128,2.2882562967720794,1.6317020430920404,4.454006616204621,2.822304573112581,0.7673694540501143,124.37964044196599,127.78472845048938,5.166666667,134.5363711431949,1065.382661857674,l4,DMNT,72,1,1,1,1
282.0412598871128,2.2882562967720794,1.6317020430920404,4.454006616204621,2.822304573112581,0.7673694540501143,116.78670638584103,115.86905588023481,5.333333333,134.30892769453126,1065.382661857674,l4,DMNT,72,1,1,1,1
282.0412598871128,2.2882562967720794,1.6317020430920404,4.454006616204621,2.822304573112581,0.7673694540501143,109.58985380936777,115.43808846243947,5.5,118.37575375256993,1065.382661857674,l4,DMNT,72,1,1,1,1
282.0412598871128,2.2882562967720794,1.6317020430920404,4.454006616204621,2.822304573112581,0.7673694540501143,102.77859007666211,100.83770349751494,5.666666667,106.40332065234377,1065.382661857674,l4,DMNT,72,1,1,1,1
282.0412598871128,2.2882562967720794,1.6317020430920404,4.454006616204621,2.822304573112581,0.7673694540501143,96.34077681516112,100.7064798831663,5.833333333,109.40812902734376,1065.382661857674,l4,DMNT,72,1,1,1,1
282.0412598871128,2.2882562967720794,1.6317020430920404,4.454006616204621,2.822304573112581,0.7673694540501143,90.26311301320388,96.35536399741372,6.0,98.26848132500001,1065.382661857674,l4,DMNT,72,1,1,1,1
282.0412598871128,2.2882562967720794,1.6317020430920404,4.454006616204621,2.822304573112581,0.7673694540501143,84.53151971055952,76.30501952652541,6.166666667,32.25440210898438,1065.382661857674,l4,DMNT,72,1,1,1,1
282.0412598871128,2.2882562967720794,1.6317020430920404,4.454006616204621,2.822304573112581,0.7673694540501143,79.13144561186715,88.79503869038554,6.333333333,102.70324388359376,1065.382661857674,l4,DMNT,72,1,1,1,1
282.0412598871128,2.2882562967720794,1.6317020430920404,4.454006616204621,2.822304573112581,0.7673694540501143,74.04810963691817,76.33650673008161,6.5,80.05186746875,1065.382661857674,l4,DMNT,72,1,1,1,1
282.0412598871128,2.2882562967720794,1.6317020430920404,4.454006616204621,2.822304573112581,0.7673694540501143,69.26669294371965,79.82079018711453,6.666666667,87.5614160168586,1065.382661857674,l4,DMNT,72,1,1,1,1
282.0412598871128,2.2882562967720794,1.6317020430920404,4.454006616204621,2.822304573112581,0.7673694540501143,64.77248959016453,67.68218426510705,6.833333333,69.82710249804688,1065.382661857674,l4,DMNT,72,1,1,1,1
282.0412598871128,2.2882562967720794,1.6317020430920404,4.454006616204621,2.822304573112581,0.7673694540501143,60.551023950647554,67.69222017904161,7.0,84.02133820390625,1065.382661857674,l4,DMNT,72,1,1,1,1
282.0412598871128,2.2882562967720794,1.6317020430920404,4.454006616204621,2.822304573112581,0.7673694540501143,56.58814134381702,64.00659379543833,7.166666667,68.94898121562501,1065.382661857674,l4,DMNT,72,1,1,1,1
282.0412598871128,2.2882562967720794,1.6317020430920404,4.454006616204621,2.822304573112581,0.7673694540501143,52.870076440080894,64.75140832729008,7.333333333,64.84614570468752,1065.382661857674,l4,DMNT,72,1,1,1,1
282.0412598871128,2.2882562967720794,1.6317020430920404,4.454006616204621,2.822304573112581,0.7673694540501143,49.38350382741972,55.95030566967878,7.5,47.30293405742188,1065.382661857674,l4,DMNT,72,1,1,1,1
282.0412598871128,2.2882562967720794,1.6317020430920404,4.454006616204621,2.822304573112581,0.7673694540501143,46.115574243724275,50.124219609663236,7.666666667,59.774780960546885,1065.382661857674,l4,DMNT,72,1,1,1,1
282.0412598871128,2.2882562967720794,1.6317020430920404,4.454006616204621,2.822304573112581,0.7673694540501143,43.05393880926818,47.08160035596883,7.833333333,54.37970460803867,1065.382661857674,l4,DMNT,72,1,1,1,1
282.0412598871128,2.2882562967720794,1.6317020430920404,4.454006616204621,2.822304573112581,0.7673694540501143,40.186763732189256,52.277581614365786,8.0,56.64922217131993,1065.382661857674,l4,DMNT,72,1,1,1,1
282.0412598871128,2.2882562967720794,1.6317020430920404,4.454006616204621,2.822304573112581,0.7673694540501143,37.502737466907256,44.013159220094956,8.166666667,38.290864705468756,1065.382661857674,l4,DMNT,72,1,1,1,1
282.0412598871128,2.2882562967720794,1.6317020430920404,4.454006616204621,2.822304573112581,0.7673694540501143,34.99107151548307,37.259505325533304,8.333333333,-2.1151434308593697,1065.382661857674,l4,DMNT,72,1,1,1,1
282.0412598871128,2.2882562967720794,1.6317020430920404,4.454006616204621,2.822304573112581,0.7673694540501143,32.6414963155616,39.984593355840786,8.5,46.4490134615543,1065.382661857674,l4,DMNT,72,1,1,1,1
282.0412598871128,2.2882562967720794,1.6317020430920404,4.454006616204621,2.822304573112581,0.7673694540501143,30.444253360953915,36.816672022226925,8.666666667,46.39677893359375,1065.382661857674,l4,DMNT,72,1,1,1,1
282.0412598871128,2.2882562967720794,1.6317020430920404,4.454006616204621,2.822304573112581,0.7673694540501143,28.390084139818402,34.49598116257681,8.833333333,40.57609553460118,1065.382661857674,l4,DMNT,72,1,1,1,1
282.0412598871128,2.2882562967720794,1.6317020430920404,4.454006616204621,2.822304573112581,0.7673694540501143,26.470216752871963,17.732943286409817,9.0,-4.1969926315707,1065.382661857674,l4,DMNT,72,1,1,1,1
282.0412598871128,2.2882562967720794,1.6317020430920404,4.454006616204621,2.822304573112581,0.7673694540501143,24.676350884762556,25.639976244468947,9.166666667,27.995409206085547,1065.382661857674,l4,DMNT,72,1,1,1,1
409.29544051737463,2.4005228463631303,1.624409212363844,4.406295697193118,2.7818864848292746,0.7210117529123706,3.157391714150631e-11,-3.8947711342686784,-0.666666667,-10.020676542968765,1550.1038330023791,l4,DMNT,78,1,1,1,1
409.29544051737463,2.4005228463631303,1.624409212363844,4.406295697193118,2.7818864848292746,0.7210117529123706,1.5383868478786872e-10,1.0123087647505518,-0.5,-9.456839179687513,1550.1038330023791,l4,DMNT,78,1,1,1,1
409.29544051737463,2.4005228463631303,1.624409212363844,4.406295697193118,2.7818864848292746,0.7210117529123706,7.495535248991682e-10,4.5837735619037066,-0.333333333,-1.7683706090429752,1550.1038330023791,l4,DMNT,78,1,1,1,1
409.29544051737463,2.4005228463631303,1.624409212363844,4.406295697193118,2.7818864848292746,0.7210117529123706,3.652075392936227e-09,-0.22318316736381583,-0.166666667,-8.936769101562515,1550.1038330023791,l4,DMNT,78,1,1,1,1
409.29544051737463,2.4005228463631303,1.624409212363844,4.406295697193118,2.7818864848292746,0.7210117529123706,1.77941315539525e-08,0.7180452219617752,0.0,-5.5026653710937605,1550.1038330023791,l4,DMNT,78,1,1,1,1
409.29544051737463,2.4005228463631303,1.624409212363844,4.406295697193118,2.7818864848292746,0.7210117529123706,8.669892772052073e-08,-0.07514650545654078,0.166666667,-6.717886933593768,1550.1038330023791,l4,DMNT,78,1,1,1,1
409.29544051737463,2.4005228463631303,1.624409212363844,4.406295697193118,2.7818864848292746,0.7210117529123706,4.2242532331652534e-07,10.364865721380676,0.333333333,2.4538721253320244,1550.1038330023791,l4,DMNT,78,1,1,1,1
409.29544051737463,2.4005228463631303,1.624409212363844,4.406295697193118,2.7818864848292746,0.7210117529123706,2.0581756205990045e-06,3.1842039404563707,0.5,-15.677624290449236,1550.1038330023791,l4,DMNT,78,1,1,1,1
409.29544051737463,2.4005228463631303,1.624409212363844,4.406295697193118,2.7818864848292746,0.7210117529123706,1.0027556574848032e-05,4.013061390878933,0.666666667,-1.8554555113867348,1550.1038330023791,l4,DMNT,78,1,1,1,1
409.29544051737463,2.4005228463631303,1.624409212363844,4.406295697193118,2.7818864848292746,0.7210117529123706,4.884307922869195e-05,3.5031799227732456,0.833333333,-8.158270859375016,1550.1038330023791,l4,DMNT,78,1,1,1,1
409.29544051737463,2.4005228463631303,1.624409212363844,4.406295697193118,2.7818864848292746,0.7210117529123706,0.00023760569911370651,8.413751235760511,1.0,-7.76331843750002,1550.1038330023791,l4,DMNT,78,1,1,1,1
409.29544051737463,2.4005228463631303,1.624409212363844,4.406295697193118,2.7818864848292746,0.7210117529123706,0.0011481381669842714,29.26372743580602,1.166666667,8.693446558925768,1550.1038330023791,l4,DMNT,78,1,1,1,1
409.29544051737463,2.4005228463631303,1.624409212363844,4.406295697193118,2.7818864848292746,0.7210117529123706,0.005359866860513297,42.13608991637868,1.333333333,31.67604308593748,1550.1038330023791,l4,DMNT,78,1,1,1,1
409.29544051737463,2.4005228463631303,1.624409212363844,4.406295697193118,2.7818864848292746,0.7210117529123706,0.021376005254007978,108.84750597625494,1.5,84.45177968749998,1550.1038330023791,l4,DMNT,78,1,1,1,1
409.29544051737463,2.4005228463631303,1.624409212363844,4.406295697193118,2.7818864848292746,0.7210117529123706,115.59545049884098,162.53126981144794,1.666666667,131.06651974609372,1550.1038330023791,l4,DMNT,78,1,1,1,1
409.29544051737463,2.4005228463631303,1.624409212363844,4.406295697193118,2.7818864848292746,0.7210117529123706,290.82590245520254,229.73508461187163,1.833333333,205.68450742187497,1550.1038330023791,l4,DMNT,78,1,1,1,1
409.29544051737463,2.4005228463631303,1.624409212363844,4.406295697193118,2.7818864848292746,0.7210117529123706,368.76945483699615,327.4656659457432,2.0,291.3508273046875,1550.1038330023791,l4,DMNT,78,1,1,1,1
409.29544051737463,2.4005228463631303,1.624409212363844,4.406295697193118,2.7818864848292746,0.7210117529123706,398.56967543533983,427.65264147831476,2.166666667,411.9234714381641,1550.1038330023791,l4,DMNT,78,1,1,1,1
409.29544051737463,2.4005228463631303,1.624409212363844,4.406295697193118,2.7818864848292746,0.7210117529123706,408.3252521174684,447.78401405366276,2.333333333,426.4952664453125,1550.1038330023791,l4,DMNT,78,1,1,1,1
409.29544051737463,2.4005228463631303,1.624409212363844,4.406295697193118,2.7818864848292746,0.7210117529123706,408.03347726669256,483.552564923968,2.5,462.06396746875,1550.1038330023791,l4,DMNT,78,1,1,1,1
409.29544051737463,2.4005228463631303,1.624409212363844,4.406295697193118,2.7818864848292746,0.7210117529123706,401.7403604612692,462.46381825199484,2.666666667,480.2670082151758,1550.1038330023791,l4,DMNT,78,1,1,1,1
409.29544051737463,2.4005228463631303,1.624409212363844,4.406295697193118,2.7818864848292746,0.7210117529123706,391.55893017847797,412.7489428204353,2.833333333,461.0935120826953,1550.1038330023791,l4,DMNT,78,1,1,1,1
409.29544051737463,2.4005228463631303,1.624409212363844,4.406295697193118,2.7818864848292746,0.7210117529123706,378.80492212197845,354.42543556263615,3.0,294.9925181054687,1550.1038330023791,l4,DMNT,78,1,1,1,1
409.29544051737463,2.4005228463631303,1.624409212363844,4.406295697193118,2.7818864848292746,0.7210117529123706,364.37395698848366,387.2512658842562,3.166666667,366.5126414026758,1550.1038330023791,l4,DMNT,78,1,1,1,1
409.29544051737463,2.4005228463631303,1.624409212363844,4.406295697193118,2.7818864848292746,0.7210117529123706,348.90298328681695,343.1174720423943,3.333333333,347.0438500390625,1550.1038330023791,l4,DMNT,78,1,1,1,1
409.29544051737463,2.4005228463631303,1.624409212363844,4.406295697193118,2.7818864848292746,0.7210117529123706,332.85566299208256,310.2007632991896,3.5,251.26966581673824,1550.1038330023791,l4,DMNT,78,1,1,1,1
409.29544051737463,2.4005228463631303,1.624409212363844,4.406295697193118,2.7818864848292746,0.7210117529123706,316.5738269925747,259.1086847972918,3.666666667,325.1082351331445,1550.1038330023791,l4,DMNT,78,1,1,1,1
409.29544051737463,2.4005228463631303,1.624409212363844,4.406295697193118,2.7818864848292746,0.7210117529123706,300.3109208008582,236.8128450901733,3.833333333,312.42975312142573,1550.1038330023791,l4,DMNT,78,1,1,1,1
409.29544051737463,2.4005228463631303,1.624409212363844,4.406295697193118,2.7818864848292746,0.7210117529123706,284.2548197625921,267.9794770744521,4.0,285.6672952467578,1550.1038330023791,l4,DMNT,78,1,1,1,1
409.29544051737463,2.4005228463631303,1.624409212363844,4.406295697193118,2.7818864848292746,0.7210117529123706,268.54394250810924,226.00014639098455,4.166666667,271.75528423828126,1550.1038330023791,l4,DMNT,78,1,1,1,1
409.29544051737463,2.4005228463631303,1.624409212363844,4.406295697193118,2.7818864848292746,0.7210117529123706,253.27893972443823,228.9090905568094,4.333333333,217.78181572265623,1550.1038330023791,l4,DMNT,78,1,1,1,1
409.29544051737463,2.4005228463631303,1.624409212363844,4.406295697193118,2.7818864848292746,0.7210117529123706,238.5313587490493,230.84642355963413,4.5,226.84546522722655,1550.1038330023791,l4,DMNT,78,1,1,1,1
409.29544051737463,2.4005228463631303,1.624409212363844,4.406295697193118,2.7818864848292746,0.7210117529123706,224.35018134084157,226.58991927026184,4.666666667,261.9009189417382,1550.1038330023791,l4,DMNT,78,1,1,1,1
409.29544051737463,2.4005228463631303,1.624409212363844,4.406295697193118,2.7818864848292746,0.7210117529123706,210.76682720829055,181.8279878911632,4.833333333,214.23889843392573,1550.1038330023791,l4,DMNT,78,1,1,1,1
409.29544051737463,2.4005228463631303,1.624409212363844,4.406295697193118,2.7818864848292746,0.7210117529123706,197.79902954944998,198.51210731518162,5.0,211.23959277343747,1550.1038330023791,l4,DMNT,78,1,1,1,1
409.29544051737463,2.4005228463631303,1.624409212363844,4.406295697193118,2.7818864848292746,0.7210117529123706,185.45386674435437,186.9934065258946,5.166666667,194.4069739612695,1550.1038330023791,l4,DMNT,78,1,1,1,1
409.29544051737463,2.4005228463631303,1.624409212363844,4.406295697193118,2.7818864848292746,0.7210117529123706,173.7301513497373,164.36646209263526,5.333333333,154.7541963671875,1550.1038330023791,l4,DMNT,78,1,1,1,1
409.29544051737463,2.4005228463631303,1.624409212363844,4.406295697193118,2.7818864848292746,0.7210117529123706,162.6203248383696,168.0914846305117,5.5,167.6695216175195,1550.1038330023791,l4,DMNT,78,1,1,1,1
409.29544051737463,2.4005228463631303,1.624409212363844,4.406295697193118,2.7818864848292746,0.7210117529123706,152.11196802654018,140.0962666639134,5.666666667,148.43063691406246,1550.1038330023791,l4,DMNT,78,1,1,1,1
409.29544051737463,2.4005228463631303,1.624409212363844,4.406295697193118,2.7818864848292746,0.7210117529123706,142.18900821321213,145.66001015335388,5.833333333,159.2881431640625,1550.1038330023791,l4,DMNT,78,1,1,1,1
409.29544051737463,2.4005228463631303,1.624409212363844,4.406295697193118,2.7818864848292746,0.7210117529123706,132.83268647353694,140.97688747333854,6.0,146.84114874999997,1550.1038330023791,l4,DMNT,78,1,1,1,1
409.29544051737463,2.4005228463631303,1.624409212363844,4.406295697193118,2.7818864848292746,0.7210117529123706,124.022333947005,107.7477276664166,6.166666667,129.1880327539062,1550.1038330023791,l4,DMNT,78,1,1,1,1
409.29544051737463,2.4005228463631303,1.624409212363844,4.406295697193118,2.7818864848292746,0.7210117529123706,115.73599376586309,129.82751732882892,6.333333333,137.4985091015625,1550.1038330023791,l4,DMNT,78,1,1,1,1
409.29544051737463,2.4005228463631303,1.624409212363844,4.406295697193118,2.7818864848292746,0.7210117529123706,107.95091890625581,107.61564336563765,6.5,120.93393281249999,1550.1038330023791,l4,DMNT,78,1,1,1,1
409.29544051737463,2.4005228463631303,1.624409212363844,4.406295697193118,2.7818864848292746,0.7210117529123706,100.64396987474271,117.85972078978405,6.666666667,129.83051530535155,1550.1038330023791,l4,DMNT,78,1,1,1,1
409.29544051737463,2.4005228463631303,1.624409212363844,4.406295697193118,2.7818864848292746,0.7210117529123706,93.79193014730947,96.34253306810126,6.833333333,103.97617548828123,1550.1038330023791,l4,DMNT,78,1,1,1,1
409.29544051737463,2.4005228463631303,1.624409212363844,4.406295697193118,2.7818864848292746,0.7210117529123706,87.37175500055777,96.47809645268784,7.0,106.74032902343748,1550.1038330023791,l4,DMNT,78,1,1,1,1
409.29544051737463,2.4005228463631303,1.624409212363844,4.406295697193118,2.7818864848292746,0.7210117529123706,81.36076627611743,91.82319514438409,7.166666667,91.43097609374999,1550.1038330023791,l4,DMNT,78,1,1,1,1
409.29544051737463,2.4005228463631303,1.624409212363844,4.406295697193118,2.7818864848292746,0.7210117529123706,75.73680228626293,92.79253552880135,7.333333333,99.33133382812498,1550.1038330023791,l4,DMNT,78,1,1,1,1
409.29544051737463,2.4005228463631303,1.624409212363844,4.406295697193118,2.7818864848292746,0.7210117529123706,70.47833140493131,79.3282728636949,7.5,78.20976564453123,1550.1038330023791,l4,DMNT,78,1,1,1,1
409.29544051737463,2.4005228463631303,1.624409212363844,4.406295697193118,2.7818864848292746,0.7210117529123706,65.56453624491601,69.80958364723216,7.666666667,75.42521986328123,1550.1038330023791,l4,DMNT,78,1,1,1,1
409.29544051737463,2.4005228463631303,1.624409212363844,4.406295697193118,2.7818864848292746,0.7210117529123706,60.975373283918195,69.26870761696354,7.833333333,72.67160775033202,1550.1038330023791,l4,DMNT,78,1,1,1,1
409.29544051737463,2.4005228463631303,1.624409212363844,4.406295697193118,2.7818864848292746,0.7210117529123706,56.691612795488595,77.00780519428343,8.0,73.07719693001953,1550.1038330023791,l4,DMNT,78,1,1,1,1
409.29544051737463,2.4005228463631303,1.624409212363844,4.406295697193118,2.7818864848292746,0.7210117529123706,52.69486300692827,62.26889235895397,8.166666667,64.08846363281248,1550.1038330023791,l4,DMNT,78,1,1,1,1
409.29544051737463,2.4005228463631303,1.624409212363844,4.406295697193118,2.7818864848292746,0.7210117529123706,48.96758106807352,52.11232401618798,8.333333333,65.03683771484373,1550.1038330023791,l4,DMNT,78,1,1,1,1
409.29544051737463,2.4005228463631303,1.624409212363844,4.406295697193118,2.7818864848292746,0.7210117529123706,45.493073665752256,59.40043435051376,8.5,49.42029437142577,1550.1038330023791,l4,DMNT,78,1,1,1,1
409.29544051737463,2.4005228463631303,1.624409212363844,4.406295697193118,2.7818864848292746,0.7210117529123706,42.25548955766142,52.24387055518217,8.666666667,53.72616660156248,1550.1038330023791,l4,DMNT,78,1,1,1,1
409.29544051737463,2.4005228463631303,1.624409212363844,4.406295697193118,2.7818864848292746,0.7210117529123706,39.23980537436511,48.567333521170625,8.833333333,44.77485610970702,1550.1038330023791,l4,DMNT,78,1,1,1,1
409.29544051737463,2.4005228463631303,1.624409212363844,4.406295697193118,2.7818864848292746,0.7210117529123706,36.4318063717637,23.807835299645056,9.0,18.231260152675762,1550.1038330023791,l4,DMNT,78,1,1,1,1
409.29544051737463,2.4005228463631303,1.624409212363844,4.406295697193118,2.7818864848292746,0.7210117529123706,33.8180634640021,34.65949191594919,9.166666667,39.378698238613254,1550.1038330023791,l4,DMNT,78,1,1,1,1
425.0315361721952,2.3337704280057197,1.6238925221661276,4.373384457574663,2.7494919354085354,0.7418148797973783,7.77810731730395e-11,-3.732852925052084,-0.666666667,-2.050641654882826,1580.1703294433657,l4,DMNT,80,1,1,1,1
425.0315361721952,2.3337704280057197,1.6238925221661276,4.373384457574663,2.7494919354085354,0.7418148797973783,3.794982511730611e-10,1.0422542363293203,-0.5,-1.0580878113281376,1580.1703294433657,l4,DMNT,80,1,1,1,1
425.0315361721952,2.3337704280057197,1.6238925221661276,4.373384457574663,2.7494919354085354,0.7418148797973783,1.8515934078649518e-09,4.09630400763145,-0.333333333,2.7324689075701096,1580.1703294433657,l4,DMNT,80,1,1,1,1
425.0315361721952,2.3337704280057197,1.6238925221661276,4.373384457574663,2.7494919354085354,0.7418148797973783,9.034028660459173e-09,-0.06115585886752406,-0.166666667,-4.691048093359388,1580.1703294433657,l4,DMNT,80,1,1,1,1
425.0315361721952,2.3337704280057197,1.6238925221661276,4.373384457574663,2.7494919354085354,0.7418148797973783,4.407753317172039e-08,0.6397007455866994,0.0,-1.3025317853515723,1580.1703294433657,l4,DMNT,80,1,1,1,1
425.0315361721952,2.3337704280057197,1.6238925221661276,4.373384457574663,2.7494919354085354,0.7418148797973783,2.1505669328622306e-07,0.13449876286365914,0.166666667,-6.89525574472658,1580.1703294433657,l4,DMNT,80,1,1,1,1
425.0315361721952,2.3337704280057197,1.6238925221661276,4.373384457574663,2.7494919354085354,0.7418148797973783,1.0492716350365137e-06,9.62981094388972,0.333333333,2.891604836476361,1580.1703294433657,l4,DMNT,80,1,1,1,1
425.0315361721952,2.3337704280057197,1.6238925221661276,4.373384457574663,2.7494919354085354,0.7418148797973783,5.11940098704409e-06,3.2801110139325367,0.5,-5.2717773914533375,1580.1703294433657,l4,DMNT,80,1,1,1,1
425.0315361721952,2.3337704280057197,1.6238925221661276,4.373384457574663,2.7494919354085354,0.7418148797973783,2.497643601392143e-05,4.080115981697691,0.666666667,-2.6837306699689627,1580.1703294433657,l4,DMNT,80,1,1,1,1
425.0315361721952,2.3337704280057197,1.6238925221661276,4.373384457574663,2.7494919354085354,0.7418148797973783,0.00012182501326375166,4.081971814131133,0.833333333,-0.5148281976562661,1580.1703294433657,l4,DMNT,80,1,1,1,1
425.0315361721952,2.3337704280057197,1.6238925221661276,4.373384457574663,2.7494919354085354,0.7418148797973783,0.0005934518720353929,9.393402589897782,1.0,5.62662895937498,1580.1703294433657,l4,DMNT,80,1,1,1,1
425.0315361721952,2.3337704280057197,1.6238925221661276,4.373384457574663,2.7494919354085354,0.7418148797973783,0.0028714616829076003,30.067531578108238,1.166666667,23.597004506202918,1580.1703294433657,l4,DMNT,80,1,1,1,1
425.0315361721952,2.3337704280057197,1.6238925221661276,4.373384457574663,2.7494919354085354,0.7418148797973783,0.013420490694377783,43.86361844616559,1.333333333,53.5479886097656,1580.1703294433657,l4,DMNT,80,1,1,1,1
425.0315361721952,2.3337704280057197,1.6238925221661276,4.373384457574663,2.7494919354085354,0.7418148797973783,0.053549175258797294,112.31325706723334,1.5,125.52769332812497,1580.1703294433657,l4,DMNT,80,1,1,1,1
425.0315361721952,2.3337704280057197,1.6238925221661276,4.373384457574663,2.7494919354085354,0.7418148797973783,134.22908692808392,166.39485782026182,1.666666667,171.31011449160155,1580.1703294433657,l4,DMNT,80,1,1,1,1
425.0315361721952,2.3337704280057197,1.6238925221661276,4.373384457574663,2.7494919354085354,0.7418148797973783,316.2550360146718,235.65699449787454,1.833333333,278.6848077070312,1580.1703294433657,l4,DMNT,80,1,1,1,1
425.0315361721952,2.3337704280057197,1.6238925221661276,4.373384457574663,2.7494919354085354,0.7418148797973783,392.1836861325544,335.4923369514402,2.0,350.8752913800781,1580.1703294433657,l4,DMNT,80,1,1,1,1
425.0315361721952,2.3337704280057197,1.6238925221661276,4.373384457574663,2.7494919354085354,0.7418148797973783,418.3397335766338,435.84766151081914,2.166666667,437.95383052607775,1580.1703294433657,l4,DMNT,80,1,1,1,1
425.0315361721952,2.3337704280057197,1.6238925221661276,4.373384457574663,2.7494919354085354,0.7418148797973783,424.6791383560495,457.8485474944814,2.333333333,455.83800018242187,1580.1703294433657,l4,DMNT,80,1,1,1,1
425.0315361721952,2.3337704280057197,1.6238925221661276,4.373384457574663,2.7494919354085354,0.7418148797973783,421.4635963145908,494.1859013794219,2.5,520.8637789978125,1580.1703294433657,l4,DMNT,80,1,1,1,1
425.0315361721952,2.3337704280057197,1.6238925221661276,4.373384457574663,2.7494919354085354,0.7418148797973783,412.71536467216157,472.3666488910453,2.666666667,423.4369832471404,1580.1703294433657,l4,DMNT,80,1,1,1,1
425.0315361721952,2.3337704280057197,1.6238925221661276,4.373384457574663,2.7494919354085354,0.7418148797973783,400.4837741249349,421.46097627269535,2.833333333,433.0412863243199,1580.1703294433657,l4,DMNT,80,1,1,1,1
425.0315361721952,2.3337704280057197,1.6238925221661276,4.373384457574663,2.7494919354085354,0.7418148797973783,386.02258247314467,362.0159793838066,3.0,411.4063463142578,1580.1703294433657,l4,DMNT,80,1,1,1,1
425.0315361721952,2.3337704280057197,1.6238925221661276,4.373384457574663,2.7494919354085354,0.7418148797973783,370.1734256079995,396.3877994301922,3.166666667,356.9952555202654,1580.1703294433657,l4,DMNT,80,1,1,1,1
425.0315361721952,2.3337704280057197,1.6238925221661276,4.373384457574663,2.7494919354085354,0.7418148797973783,353.5273601044241,352.1192611947522,3.333333333,342.37625040898433,1580.1703294433657,l4,DMNT,80,1,1,1,1
425.0315361721952,2.3337704280057197,1.6238925221661276,4.373384457574663,2.7494919354085354,0.7418148797973783,336.50928325449956,318.37273833286895,3.5,328.12187363549975,1580.1703294433657,l4,DMNT,80,1,1,1,1
425.0315361721952,2.3337704280057197,1.6238925221661276,4.373384457574663,2.7494919354085354,0.7418148797973783,319.4283304521235,265.61133984266155,3.666666667,318.4334416282732,1580.1703294433657,l4,DMNT,80,1,1,1,1
425.0315361721952,2.3337704280057197,1.6238925221661276,4.373384457574663,2.7494919354085354,0.7418148797973783,302.5103689638979,243.07652178978788,3.833333333,253.7156752155779,1580.1703294433657,l4,DMNT,80,1,1,1,1
425.0315361721952,2.3337704280057197,1.6238925221661276,4.373384457574663,2.7494919354085354,0.7418148797973783,285.9199995910854,274.19322505515674,4.0,219.60806055205427,1580.1703294433657,l4,DMNT,80,1,1,1,1
425.0315361721952,2.3337704280057197,1.6238925221661276,4.373384457574663,2.7494919354085354,0.7418148797973783,269.7759866680558,232.67150637728358,4.166666667,209.12531422480467,1580.1703294433657,l4,DMNT,80,1,1,1,1
425.0315361721952,2.3337704280057197,1.6238925221661276,4.373384457574663,2.7494919354085354,0.7418148797973783,254.1623757477387,235.2938848220207,4.333333333,241.7214818662109,1580.1703294433657,l4,DMNT,80,1,1,1,1
425.0315361721952,2.3337704280057197,1.6238925221661276,4.373384457574663,2.7494919354085354,0.7418148797973783,239.13668137040264,236.51034160957485,4.5,229.4950159975621,1580.1703294433657,l4,DMNT,80,1,1,1,1
425.0315361721952,2.3337704280057197,1.6238925221661276,4.373384457574663,2.7494919354085354,0.7418148797973783,224.7360261619302,232.64561370508991,4.666666667,230.5632838542498,1580.1703294433657,l4,DMNT,80,1,1,1,1
425.0315361721952,2.3337704280057197,1.6238925221661276,4.373384457574663,2.7494919354085354,0.7418148797973783,210.98181023634478,187.50410708425827,4.833333333,181.1577566374529,1580.1703294433657,l4,DMNT,80,1,1,1,1
425.0315361721952,2.3337704280057197,1.6238925221661276,4.373384457574663,2.7494919354085354,0.7418148797973783,197.88330600153506,204.26838236935478,5.0,190.42060383789058,1580.1703294433657,l4,DMNT,80,1,1,1,1
425.0315361721952,2.3337704280057197,1.6238925221661276,4.373384457574663,2.7494919354085354,0.7418148797973783,185.44045336917932,191.4444990700016,5.166666667,197.96280415874196,1580.1703294433657,l4,DMNT,80,1,1,1,1
425.0315361721952,2.3337704280057197,1.6238925221661276,4.373384457574663,2.7494919354085354,0.7418148797973783,173.6460490424804,169.43348676545838,5.333333333,173.51783946445312,1580.1703294433657,l4,DMNT,80,1,1,1,1
425.0315361721952,2.3337704280057197,1.6238925221661276,4.373384457574663,2.7494919354085354,0.7418148797973783,162.487472242325,172.2782796858705,5.5,194.56539811967946,1580.1703294433657,l4,DMNT,80,1,1,1,1
425.0315361721952,2.3337704280057197,1.6238925221661276,4.373384457574663,2.7494919354085354,0.7418148797973783,151.94805181781723,145.09144430487854,5.666666667,123.64576099023435,1580.1703294433657,l4,DMNT,80,1,1,1,1
425.0315361721952,2.3337704280057197,1.6238925221661276,4.373384457574663,2.7494919354085354,0.7418148797973783,142.0081516452554,149.5072827915838,5.833333333,145.17511142773435,1580.1703294433657,l4,DMNT,80,1,1,1,1
425.0315361721952,2.3337704280057197,1.6238925221661276,4.373384457574663,2.7494919354085354,0.7418148797973783,132.6460343657988,144.3380738474198,6.0,154.4150814125,1580.1703294433657,l4,DMNT,80,1,1,1,1
425.0315361721952,2.3337704280057197,1.6238925221661276,4.373384457574663,2.7494919354085354,0.7418148797973783,123.83854947997652,111.18293706573675,6.166666667,120.8577921833984,1580.1703294433657,l4,DMNT,80,1,1,1,1
425.0315361721952,2.3337704280057197,1.6238925221661276,4.373384457574663,2.7494919354085354,0.7418148797973783,115.56168009273713,132.94243995914775,6.333333333,120.59481679335937,1580.1703294433657,l4,DMNT,80,1,1,1,1
425.0315361721952,2.3337704280057197,1.6238925221661276,4.373384457574663,2.7494919354085354,0.7418148797973783,107.79097662746926,111.08733969812255,6.5,103.65508654687497,1580.1703294433657,l4,DMNT,80,1,1,1,1
425.0315361721952,2.3337704280057197,1.6238925221661276,4.373384457574663,2.7494919354085354,0.7418148797973783,100.5018997694319,120.43070150117977,6.666666667,122.73453131553086,1580.1703294433657,l4,DMNT,80,1,1,1,1
425.0315361721952,2.3337704280057197,1.6238925221661276,4.373384457574663,2.7494919354085354,0.7418148797973783,93.67008916680469,99.23643437109233,6.833333333,95.95904361230467,1580.1703294433657,l4,DMNT,80,1,1,1,1
425.0315361721952,2.3337704280057197,1.6238925221661276,4.373384457574663,2.7494919354085354,0.7418148797973783,87.27157235471094,99.34833608139377,7.0,97.3376063753906,1580.1703294433657,l4,DMNT,80,1,1,1,1
425.0315361721952,2.3337704280057197,1.6238925221661276,4.373384457574663,2.7494919354085354,0.7418148797973783,81.28292544701017,94.418368612543,7.166666667,67.18410370156248,1580.1703294433657,l4,DMNT,80,1,1,1,1
425.0315361721952,2.3337704280057197,1.6238925221661276,4.373384457574663,2.7494919354085354,0.7418148797973783,75.6813939615474,95.4376052787449,7.333333333,94.89399818046873,1580.1703294433657,l4,DMNT,80,1,1,1,1
425.0315361721952,2.3337704280057197,1.6238925221661276,4.373384457574663,2.7494919354085354,0.7418148797973783,70.44498160336039,81.78302221683558,7.5,74.72761654824217,1580.1703294433657,l4,DMNT,80,1,1,1,1
425.0315361721952,2.3337704280057197,1.6238925221661276,4.373384457574663,2.7494919354085354,0.7418148797973783,65.55251329253622,72.2586673433079,7.666666667,69.82414121855467,1580.1703294433657,l4,DMNT,80,1,1,1,1
425.0315361721952,2.3337704280057197,1.6238925221661276,4.373384457574663,2.7494919354085354,0.7418148797973783,60.9836767785164,70.83481704750413,7.833333333,74.09571843022636,1580.1703294433657,l4,DMNT,80,1,1,1,1
425.0315361721952,2.3337704280057197,1.6238925221661276,4.373384457574663,2.7494919354085354,0.7418148797973783,56.719047247911355,78.72797306271568,8.0,79.91730964155448,1580.1703294433657,l4,DMNT,80,1,1,1,1
425.0315361721952,2.3337704280057197,1.6238925221661276,4.373384457574663,2.7494919354085354,0.7418148797973783,52.74009846346797,64.22663499726568,8.166666667,48.557910735546855,1580.1703294433657,l4,DMNT,80,1,1,1,1
425.0315361721952,2.3337704280057197,1.6238925221661276,4.373384457574663,2.7494919354085354,0.7418148797973783,49.02920269156061,53.88917405343804,8.333333333,66.12823862441405,1580.1703294433657,l4,DMNT,80,1,1,1,1
425.0315361721952,2.3337704280057197,1.6238925221661276,4.373384457574663,2.7494919354085354,0.7418148797973783,45.569621969536065,60.61661765239203,8.5,65.50851510307791,1580.1703294433657,l4,DMNT,80,1,1,1,1
425.0315361721952,2.3337704280057197,1.6238925221661276,4.373384457574663,2.7494919354085354,0.7418148797973783,42.345492743568975,53.85044163648944,8.666666667,53.91836981835935,1580.1703294433657,l4,DMNT,80,1,1,1,1
425.0315361721952,2.3337704280057197,1.6238925221661276,4.373384457574663,2.7494919354085354,0.7418148797973783,39.34180501916677,50.148800164865,8.833333333,48.8195967528826,1580.1703294433657,l4,DMNT,80,1,1,1,1
425.0315361721952,2.3337704280057197,1.6238925221661276,4.373384457574663,2.7494919354085354,0.7418148797973783,36.54437752643344,24.85096313455061,9.0,48.94187883276541,1580.1703294433657,l4,DMNT,80,1,1,1,1
425.0315361721952,2.3337704280057197,1.6238925221661276,4.373384457574663,2.7494919354085354,0.7418148797973783,33.939830075490924,36.120879867808725,9.166666667,44.70020409253104,1580.1703294433657,l4,DMNT,80,1,1,1,1
185.99908902496168,2.4586584173408563,1.4452405493392149,4.155661450350249,2.710420901011034,0.6261031385850002,8.359429054467903e-13,-1.97417526185777,-0.666666667,-3.85912124765625,696.9478281315335,l4,DMNT,84,1,1,1,1
185.99908902496168,2.4586584173408563,1.4452405493392149,4.155661450350249,2.710420901011034,0.6261031385850002,4.011877544704121e-12,0.46218054179110357,-0.5,4.136763073437498,696.9478281315335,l4,DMNT,84,1,1,1,1
185.99908902496168,2.4586584173408563,1.4452405493392149,4.155661450350249,2.710420901011034,0.6261031385850002,1.9253900151573814e-11,2.5339370986060024,-0.333333333,3.9429288628523436,696.9478281315335,l4,DMNT,84,1,1,1,1
185.99908902496168,2.4586584173408563,1.4452405493392149,4.155661450350249,2.710420901011034,0.6261031385850002,9.24037782960835e-11,-0.2212759200350316,-0.166666667,1.0622692328125005,696.9478281315335,l4,DMNT,84,1,1,1,1
185.99908902496168,2.4586584173408563,1.4452405493392149,4.155661450350249,2.710420901011034,0.6261031385850002,4.434662735951839e-10,0.39840854768625533,0.0,-0.28268925703125003,696.9478281315335,l4,DMNT,84,1,1,1,1
185.99908902496168,2.4586584173408563,1.4452405493392149,4.155661450350249,2.710420901011034,0.6261031385850002,2.1282893091659124e-09,-0.18433356787380006,0.166666667,0.7964799554687474,696.9478281315335,l4,DMNT,84,1,1,1,1
185.99908902496168,2.4586584173408563,1.4452405493392149,4.155661450350249,2.710420901011034,0.6261031385850002,1.0214014966352797e-08,5.469494800910526,0.333333333,3.0385492409773436,696.9478281315335,l4,DMNT,84,1,1,1,1
185.99908902496168,2.4586584173408563,1.4452405493392149,4.155661450350249,2.710420901011034,0.6261031385850002,4.90162284539314e-08,1.4524051654293837,0.5,3.4093788323835916,696.9478281315335,l4,DMNT,84,1,1,1,1
185.99908902496168,2.4586584173408563,1.4452405493392149,4.155661450350249,2.710420901011034,0.6261031385850002,2.3516060664836957e-07,1.8685796346930301,0.666666667,0.31370496207109255,696.9478281315335,l4,DMNT,84,1,1,1,1
185.99908902496168,2.4586584173408563,1.4452405493392149,4.155661450350249,2.710420901011034,0.6261031385850002,1.1265785333290843e-06,1.2625794371139598,0.833333333,0.8048794468750007,696.9478281315335,l4,DMNT,84,1,1,1,1
185.99908902496168,2.4586584173408563,1.4452405493392149,4.155661450350249,2.710420901011034,0.6261031385850002,5.356198144928655e-06,3.3230961901079095,1.0,5.617380787499998,696.9478281315335,l4,DMNT,84,1,1,1,1
185.99908902496168,2.4586584173408563,1.4452405493392149,4.155661450350249,2.710420901011034,0.6261031385850002,2.4494192388264614e-05,13.402372402445081,1.166666667,26.482396585508596,696.9478281315335,l4,DMNT,84,1,1,1,1
185.99908902496168,2.4586584173408563,1.4452405493392149,4.155661450350249,2.710420901011034,0.6261031385850002,9.407948299745889e-05,18.893752097906763,1.333333333,17.2803092953125,696.9478281315335,l4,DMNT,84,1,1,1,1
185.99908902496168,2.4586584173408563,1.4452405493392149,4.155661450350249,2.710420901011034,0.6261031385850002,36.29308291997323,49.51318673199202,1.5,75.3521185625,696.9478281315335,l4,DMNT,84,1,1,1,1
185.99908902496168,2.4586584173408563,1.4452405493392149,4.155661450350249,2.710420901011034,0.6261031385850002,107.81997972941656,74.86229966983363,1.666666667,109.68440018203125,696.9478281315335,l4,DMNT,84,1,1,1,1
185.99908902496168,2.4586584173408563,1.4452405493392149,4.155661450350249,2.710420901011034,0.6261031385850002,148.50373490864237,105.49003999766595,1.833333333,95.58701714062501,696.9478281315335,l4,DMNT,84,1,1,1,1
185.99908902496168,2.4586584173408563,1.4452405493392149,4.155661450350249,2.710420901011034,0.6261031385850002,169.40581331874677,150.6596917530725,2.0,194.8891099015625,696.9478281315335,l4,DMNT,84,1,1,1,1
185.99908902496168,2.4586584173408563,1.4452405493392149,4.155661450350249,2.710420901011034,0.6261031385850002,180.20857253452948,198.37406108736224,2.166666667,214.6715059444547,696.9478281315335,l4,DMNT,84,1,1,1,1
185.99908902496168,2.4586584173408563,1.4452405493392149,4.155661450350249,2.710420901011034,0.6261031385850002,185.04908579877926,206.66112804209405,2.333333333,216.4265613484375,696.9478281315335,l4,DMNT,84,1,1,1,1
185.99908902496168,2.4586584173408563,1.4452405493392149,4.155661450350249,2.710420901011034,0.6261031385850002,185.9042448705797,223.33560727874178,2.5,227.64005859625001,696.9478281315335,l4,DMNT,84,1,1,1,1
185.99908902496168,2.4586584173408563,1.4452405493392149,4.155661450350249,2.710420901011034,0.6261031385850002,183.9475993288183,213.78447318117958,2.666666667,219.37460348425859,696.9478281315335,l4,DMNT,84,1,1,1,1
185.99908902496168,2.4586584173408563,1.4452405493392149,4.155661450350249,2.710420901011034,0.6261031385850002,179.97698042344695,190.89208511124585,2.833333333,123.10519175929844,696.9478281315335,l4,DMNT,84,1,1,1,1
185.99908902496168,2.4586584173408563,1.4452405493392149,4.155661450350249,2.710420901011034,0.6261031385850002,174.5710436081929,163.84045611696956,3.0,181.59456123515625,696.9478281315335,l4,DMNT,84,1,1,1,1
185.99908902496168,2.4586584173408563,1.4452405493392149,4.155661450350249,2.710420901011034,0.6261031385850002,168.16268077673325,178.41762539535048,3.166666667,182.1891444667586,696.9478281315335,l4,DMNT,84,1,1,1,1
185.99908902496168,2.4586584173408563,1.4452405493392149,4.155661450350249,2.710420901011034,0.6261031385850002,161.08102093499497,157.44168742617927,3.333333333,151.4187638796875,696.9478281315335,l4,DMNT,84,1,1,1,1
185.99908902496168,2.4586584173408563,1.4452405493392149,4.155661450350249,2.710420901011034,0.6261031385850002,153.57846344645856,142.31372593859913,3.5,147.4846192714461,696.9478281315335,l4,DMNT,84,1,1,1,1
185.99908902496168,2.4586584173408563,1.4452405493392149,4.155661450350249,2.710420901011034,0.6261031385850002,145.84927755161084,119.10282927095444,3.666666667,142.98486477691483,696.9478281315335,l4,DMNT,84,1,1,1,1
185.99908902496168,2.4586584173408563,1.4452405493392149,4.155661450350249,2.710420901011034,0.6261031385850002,138.04294588092782,108.6271341394751,3.833333333,123.51484037300861,696.9478281315335,l4,DMNT,84,1,1,1,1
185.99908902496168,2.4586584173408563,1.4452405493392149,4.155661450350249,2.710420901011034,0.6261031385850002,130.2740245437217,123.5428209978315,4.0,112.05553761398593,696.9478281315335,l4,DMNT,84,1,1,1,1
185.99908902496168,2.4586584173408563,1.4452405493392149,4.155661450350249,2.710420901011034,0.6261031385850002,122.62959458301921,103.17583967301614,4.166666667,114.72208754609375,696.9478281315335,l4,DMNT,84,1,1,1,1
185.99908902496168,2.4586584173408563,1.4452405493392149,4.155661450350249,2.710420901011034,0.6261031385850002,115.17499209877604,104.76772560932488,4.333333333,90.15530257421875,696.9478281315335,l4,DMNT,84,1,1,1,1
185.99908902496168,2.4586584173408563,1.4452405493392149,4.155661450350249,2.710420901011034,0.6261031385850002,107.95827663429039,106.20342630492361,4.5,104.23442707414219,696.9478281315335,l4,DMNT,84,1,1,1,1
185.99908902496168,2.4586584173408563,1.4452405493392149,4.155661450350249,2.710420901011034,0.6261031385850002,101.01375481291196,103.8936155952128,4.666666667,91.9171196464461,696.9478281315335,l4,DMNT,84,1,1,1,1
185.99908902496168,2.4586584173408563,1.4452405493392149,4.155661450350249,2.710420901011034,0.6261031385850002,94.36478283330057,82.79123737846352,4.833333333,66.28613281050859,696.9478281315335,l4,DMNT,84,1,1,1,1
185.99908902496168,2.4586584173408563,1.4452405493392149,4.155661450350249,2.710420901011034,0.6261031385850002,88.02601114417945,90.70017592968561,5.0,83.0235842578125,696.9478281315335,l4,DMNT,84,1,1,1,1
185.99908902496168,2.4586584173408563,1.4452405493392149,4.155661450350249,2.710420901011034,0.6261031385850002,82.00519227452233,86.12535257907683,5.166666667,75.79559718628984,696.9478281315335,l4,DMNT,84,1,1,1,1
185.99908902496168,2.4586584173408563,1.4452405493392149,4.155661450350249,2.710420901011034,0.6261031385850002,76.3046420619562,74.88587850292984,5.333333333,62.5817491890625,696.9478281315335,l4,DMNT,84,1,1,1,1
185.99908902496168,2.4586584173408563,1.4452405493392149,4.155661450350249,2.710420901011034,0.6261031385850002,70.9224243148836,77.28800055801105,5.5,67.81365040503984,696.9478281315335,l4,DMNT,84,1,1,1,1
185.99908902496168,2.4586584173408563,1.4452405493392149,4.155661450350249,2.710420901011034,0.6261031385850002,65.85331318971829,63.34912884387509,5.666666667,68.9735883046875,696.9478281315335,l4,DMNT,84,1,1,1,1
185.99908902496168,2.4586584173408563,1.4452405493392149,4.155661450350249,2.710420901011034,0.6261031385850002,61.089575052745225,66.81878187265528,5.833333333,48.916169054687494,696.9478281315335,l4,DMNT,84,1,1,1,1
185.99908902496168,2.4586584173408563,1.4452405493392149,4.155661450350249,2.710420901011034,0.6261031385850002,56.621603767040604,64.92724133385695,6.0,51.61349785,696.9478281315335,l4,DMNT,84,1,1,1,1
185.99908902496168,2.4586584173408563,1.4452405493392149,4.155661450350249,2.710420901011034,0.6261031385850002,52.43843646999639,49.009742945488085,6.166666667,56.17044611796875,696.9478281315335,l4,DMNT,84,1,1,1,1
185.99908902496168,2.4586584173408563,1.4452405493392149,4.155661450350249,2.710420901011034,0.6261031385850002,48.52817095090062,59.77851978459421,6.333333333,56.64973796718749,696.9478281315335,l4,DMNT,84,1,1,1,1
185.99908902496168,2.4586584173408563,1.4452405493392149,4.155661450350249,2.710420901011034,0.6261031385850002,44.878302449165375,48.92082951682734,6.5,39.863366937500004,696.9478281315335,l4,DMNT,84,1,1,1,1
185.99908902496168,2.4586584173408563,1.4452405493392149,4.155661450350249,2.710420901011034,0.6261031385850002,41.47599432776647,54.44994754160663,6.666666667,56.02081683351719,696.9478281315335,l4,DMNT,84,1,1,1,1
185.99908902496168,2.4586584173408563,1.4452405493392149,4.155661450350249,2.710420901011034,0.6261031385850002,38.308293894532994,43.94791543349128,6.833333333,48.32085449609375,696.9478281315335,l4,DMNT,84,1,1,1,1
185.99908902496168,2.4586584173408563,1.4452405493392149,4.155661450350249,2.710420901011034,0.6261031385850002,35.362303228452994,44.029403367994455,7.0,26.722052607812504,696.9478281315335,l4,DMNT,84,1,1,1,1
185.99908902496168,2.4586584173408563,1.4452405493392149,4.155661450350249,2.710420901011034,0.6261031385850002,32.62531307693908,42.00183142425987,7.166666667,44.80512963125,696.9478281315335,l4,DMNT,84,1,1,1,1
185.99908902496168,2.4586584173408563,1.4452405493392149,4.155661450350249,2.710420901011034,0.6261031385850002,30.084906040477605,42.429285918361224,7.333333333,42.482083809375,696.9478281315335,l4,DMNT,84,1,1,1,1
185.99908902496168,2.4586584173408563,1.4452405493392149,4.155661450350249,2.710420901011034,0.6261031385850002,27.729034679120712,36.135698187523275,7.5,35.29241281484375,696.9478281315335,l4,DMNT,84,1,1,1,1
185.99908902496168,2.4586584173408563,1.4452405493392149,4.155661450350249,2.710420901011034,0.6261031385850002,25.546079162742593,31.595073804278083,7.666666667,33.92896982109375,696.9478281315335,l4,DMNT,84,1,1,1,1
185.99908902496168,2.4586584173408563,1.4452405493392149,4.155661450350249,2.710420901011034,0.6261031385850002,23.52488794394405,31.962413908532632,7.833333333,26.274291115977345,696.9478281315335,l4,DMNT,84,1,1,1,1
185.99908902496168,2.4586584173408563,1.4452405493392149,4.155661450350249,2.710420901011034,0.6261031385850002,21.654804735963634,35.54824870673231,8.0,34.06789844253984,696.9478281315335,l4,DMNT,84,1,1,1,1
185.99908902496168,2.4586584173408563,1.4452405493392149,4.155661450350249,2.710420901011034,0.6261031385850002,19.925684479896468,28.34292802916002,8.166666667,33.0500020109375,696.9478281315335,l4,DMNT,84,1,1,1,1
185.99908902496168,2.4586584173408563,1.4452405493392149,4.155661450350249,2.710420901011034,0.6261031385850002,18.32790024691956,23.621898704452995,8.333333333,31.065400838281253,696.9478281315335,l4,DMNT,84,1,1,1,1
185.99908902496168,2.4586584173408563,1.4452405493392149,4.155661450350249,2.710420901011034,0.6261031385850002,16.852343003064536,27.498787733835638,8.5,21.00364532300859,696.9478281315335,l4,DMNT,84,1,1,1,1
185.99908902496168,2.4586584173408563,1.4452405493392149,4.155661450350249,2.710420901011034,0.6261031385850002,15.490415799331657,23.805345621701857,8.666666667,25.0960248671875,696.9478281315335,l4,DMNT,84,1,1,1,1
185.99908902496168,2.4586584173408563,1.4452405493392149,4.155661450350249,2.710420901011034,0.6261031385850002,14.234023456882992,22.0677923129004,8.833333333,22.397906169102342,696.9478281315335,l4,DMNT,84,1,1,1,1
185.99908902496168,2.4586584173408563,1.4452405493392149,4.155661450350249,2.710420901011034,0.6261031385850002,13.075558877257743,10.627932618277269,9.0,8.534018716758593,696.9478281315335,l4,DMNT,84,1,1,1,1
185.99908902496168,2.4586584173408563,1.4452405493392149,4.155661450350249,2.710420901011034,0.6261031385850002,12.007886879819898,15.512655091862921,9.166666667,1.2644354120710908,696.9478281315335,l4,DMNT,84,1,1,1,1
739.8877857864727,2.4607265018693862,1.6177612947451299,4.427189866706142,2.809428571961012,0.6999513653640045,2.4199369733576478e-11,-2.9061551931404104,-0.666666667,12.323640933007825,2845.69650003584,l4,DMNT,85,1,1,1,1
739.8877857864727,2.4607265018693862,1.6177612947451299,4.427189866706142,2.809428571961012,0.6999513653640045,1.1771173759339884e-10,1.9439904931288208,-0.5,6.240021192578136,2845.69650003584,l4,DMNT,85,1,1,1,1
739.8877857864727,2.4607265018693862,1.6177612947451299,4.427189866706142,2.809428571961012,0.6999513653640045,5.725790914872431e-10,-1.4902810819221237,-0.333333333,13.386695718908014,2845.69650003584,l4,DMNT,85,1,1,1,1
739.8877857864727,2.4607265018693862,1.6177612947451299,4.427189866706142,2.809428571961012,0.6999513653640045,2.7851666771792458e-09,2.3566969319847146,-0.166666667,10.901264387109386,2845.69650003584,l4,DMNT,85,1,1,1,1
739.8877857864727,2.4607265018693862,1.6177612947451299,4.427189866706142,2.809428571961012,0.6999513653640045,1.3547740613922772e-08,-0.2674821346170173,0.0,9.430377950976574,2845.69650003584,l4,DMNT,85,1,1,1,1
739.8877857864727,2.4607265018693862,1.6177612947451299,4.427189866706142,2.809428571961012,0.6999513653640045,6.589954454290524e-08,3.355851158632303,0.166666667,6.463004470351576,2845.69650003584,l4,DMNT,85,1,1,1,1
739.8877857864727,2.4607265018693862,1.6177612947451299,4.427189866706142,2.809428571961012,0.6999513653640045,3.2055104294645854e-07,2.701396938302708,0.333333333,12.155993327501765,2845.69650003584,l4,DMNT,85,1,1,1,1
739.8877857864727,2.4607265018693862,1.6177612947451299,4.427189866706142,2.809428571961012,0.6999513653640045,1.5592221081862327e-06,6.146332754750169,0.5,13.29155640230646,2845.69650003584,l4,DMNT,85,1,1,1,1
739.8877857864727,2.4607265018693862,1.6177612947451299,4.427189866706142,2.809428571961012,0.6999513653640045,7.583987702789738e-06,6.857134671074609,0.666666667,16.988691737072084,2845.69650003584,l4,DMNT,85,1,1,1,1
739.8877857864727,2.4607265018693862,1.6177612947451299,4.427189866706142,2.809428571961012,0.6999513653640045,3.687867249703058e-05,14.584532819161787,0.833333333,24.118878560156265,2845.69650003584,l4,DMNT,85,1,1,1,1
739.8877857864727,2.4607265018693862,1.6177612947451299,4.427189866706142,2.809428571961012,0.6999513653640045,0.00017908565918010048,28.246350149255584,1.0,22.578468490625017,2845.69650003584,l4,DMNT,85,1,1,1,1
739.8877857864727,2.4607265018693862,1.6177612947451299,4.427189866706142,2.809428571961012,0.6999513653640045,0.0008634374679094406,55.21604571207875,1.166666667,44.12746654215021,2845.69650003584,l4,DMNT,85,1,1,1,1
739.8877857864727,2.4607265018693862,1.6177612947451299,4.427189866706142,2.809428571961012,0.6999513653640045,0.004012681172648537,88.92830910676996,1.333333333,65.2714784339844,2845.69650003584,l4,DMNT,85,1,1,1,1
739.8877857864727,2.4607265018693862,1.6177612947451299,4.427189866706142,2.809428571961012,0.6999513653640045,0.015790513306259798,213.2490536422679,1.5,126.19658942187502,2845.69650003584,l4,DMNT,85,1,1,1,1
739.8877857864727,2.4607265018693862,1.6177612947451299,4.427189866706142,2.809428571961012,0.6999513653640045,202.6811075248258,296.74842738035096,1.666666667,201.97658444277346,2845.69650003584,l4,DMNT,85,1,1,1,1
739.8877857864727,2.4607265018693862,1.6177612947451299,4.427189866706142,2.809428571961012,0.6999513653640045,508.4705144485355,427.0653465696448,1.833333333,355.3608129804687,2845.69650003584,l4,DMNT,85,1,1,1,1
739.8877857864727,2.4607265018693862,1.6177612947451299,4.427189866706142,2.809428571961012,0.6999513653640045,652.0514959410407,601.8918727498913,2.0,484.8408489386719,2845.69650003584,l4,DMNT,85,1,1,1,1
739.8877857864727,2.4607265018693862,1.6177612947451299,4.427189866706142,2.809428571961012,0.6999513653640045,711.9538831449248,748.2331015381134,2.166666667,632.1442273518785,2845.69650003584,l4,DMNT,85,1,1,1,1
739.8877857864727,2.4607265018693862,1.6177612947451299,4.427189866706142,2.809428571961012,0.6999513653640045,735.2910951746724,807.9788940284982,2.333333333,739.7871144988281,2845.69650003584,l4,DMNT,85,1,1,1,1
739.8877857864727,2.4607265018693862,1.6177612947451299,4.427189866706142,2.809428571961012,0.6999513653640045,739.4449784032624,868.6331436115019,2.5,862.0188053571876,2845.69650003584,l4,DMNT,85,1,1,1,1
739.8877857864727,2.4607265018693862,1.6177612947451299,4.427189866706142,2.809428571961012,0.6999513653640045,731.7522209029564,826.3410781142321,2.666666667,846.1609669862127,2845.69650003584,l4,DMNT,85,1,1,1,1
739.8877857864727,2.4607265018693862,1.6177612947451299,4.427189866706142,2.809428571961012,0.6999513653640045,716.1753806618954,735.4226832228065,2.833333333,838.1538455817614,2845.69650003584,l4,DMNT,85,1,1,1,1
739.8877857864727,2.4607265018693862,1.6177612947451299,4.427189866706142,2.809428571961012,0.6999513653640045,695.2382357467455,633.3144258459765,3.0,761.4287282576172,2845.69650003584,l4,DMNT,85,1,1,1,1
739.8877857864727,2.4607265018693862,1.6177612947451299,4.427189866706142,2.809428571961012,0.6999513653640045,670.6869290569117,705.903001932966,3.166666667,725.7854481030878,2845.69650003584,l4,DMNT,85,1,1,1,1
739.8877857864727,2.4607265018693862,1.6177612947451299,4.427189866706142,2.809428571961012,0.6999513653640045,643.7802331294945,640.4362618174465,3.333333333,670.4438846472656,2845.69650003584,l4,DMNT,85,1,1,1,1
739.8877857864727,2.4607265018693862,1.6177612947451299,4.427189866706142,2.809428571961012,0.6999513653640045,615.4460247753068,579.5544401095517,3.5,609.9008401441033,2845.69650003584,l4,DMNT,85,1,1,1,1
739.8877857864727,2.4607265018693862,1.6177612947451299,4.427189866706142,2.809428571961012,0.6999513653640045,586.3769176964421,478.75359831480085,3.666666667,572.993501466955,2845.69650003584,l4,DMNT,85,1,1,1,1
739.8877857864727,2.4607265018693862,1.6177612947451299,4.427189866706142,2.809428571961012,0.6999513653640045,557.0931328198366,442.85586195641474,3.833333333,563.0532892827752,2845.69650003584,l4,DMNT,85,1,1,1,1
739.8877857864727,2.4607265018693862,1.6177612947451299,4.427189866706142,2.809428571961012,0.6999513653640045,527.985812638488,486.6895645220586,4.0,507.13723811027694,2845.69650003584,l4,DMNT,85,1,1,1,1
739.8877857864727,2.4607265018693862,1.6177612947451299,4.427189866706142,2.809428571961012,0.6999513653640045,499.34788925961425,434.1004593347937,4.166666667,304.3881865783203,2845.69650003584,l4,DMNT,85,1,1,1,1
739.8877857864727,2.4607265018693862,1.6177612947451299,4.427189866706142,2.809428571961012,0.6999513653640045,471.3966642462933,433.53234161458926,4.333333333,438.0486502744141,2845.69650003584,l4,DMNT,85,1,1,1,1
739.8877857864727,2.4607265018693862,1.6177612947451299,4.427189866706142,2.809428571961012,0.6999513653640045,444.2906779423596,424.39369553018327,4.5,448.6935439366441,2845.69650003584,l4,DMNT,85,1,1,1,1
739.8877857864727,2.4607265018693862,1.6177612947451299,4.427189866706142,2.809428571961012,0.6999513653640045,418.1425321204334,424.7698085807695,4.666666667,446.1111144253533,2845.69650003584,l4,DMNT,85,1,1,1,1
739.8877857864727,2.4607265018693862,1.6177612947451299,4.427189866706142,2.809428571961012,0.6999513653640045,393.02877242918237,354.356432362649,4.833333333,345.67673711090026,2845.69650003584,l4,DMNT,85,1,1,1,1
739.8877857864727,2.4607265018693862,1.6177612947451299,4.427189866706142,2.809428571961012,0.6999513653640045,368.99759420548094,379.588064624161,5.0,378.1577947558594,2845.69650003584,l4,DMNT,85,1,1,1,1
739.8877857864727,2.4607265018693862,1.6177612947451299,4.427189866706142,2.809428571961012,0.6999513653640045,346.0749091829302,341.5107214728215,5.166666667,356.08149684898615,2845.69650003584,l4,DMNT,85,1,1,1,1
739.8877857864727,2.4607265018693862,1.6177612947451299,4.427189866706142,2.809428571961012,0.6999513653640045,324.26915610279326,319.26853185697166,5.333333333,325.2904803042969,2845.69650003584,l4,DMNT,85,1,1,1,1
739.8877857864727,2.4607265018693862,1.6177612947451299,4.427189866706142,2.809428571961012,0.6999513653640045,303.57513946912275,310.0576825103878,5.5,302.55711151304865,2845.69650003584,l4,DMNT,85,1,1,1,1
739.8877857864727,2.4607265018693862,1.6177612947451299,4.427189866706142,2.809428571961012,0.6999513653640045,283.97710822174196,283.30407681955745,5.666666667,266.08789116601565,2845.69650003584,l4,DMNT,85,1,1,1,1
739.8877857864727,2.4607265018693862,1.6177612947451299,4.427189866706142,2.809428571961012,0.6999513653640045,265.4512314000299,272.30379812389185,5.833333333,288.13146972851564,2845.69650003584,l4,DMNT,85,1,1,1,1
739.8877857864727,2.4607265018693862,1.6177612947451299,4.427189866706142,2.809428571961012,0.6999513653640045,247.96759432067375,257.5592623537015,6.0,258.6990607875,2845.69650003584,l4,DMNT,85,1,1,1,1
739.8877857864727,2.4607265018693862,1.6177612947451299,4.427189866706142,2.809428571961012,0.6999513653640045,231.49181087905208,211.16837803639487,6.166666667,230.06688848222657,2845.69650003584,l4,DMNT,85,1,1,1,1
739.8877857864727,2.4607265018693862,1.6177612947451299,4.427189866706142,2.809428571961012,0.6999513653640045,215.98632421557627,237.5129816124126,6.333333333,215.61401931289066,2845.69650003584,l4,DMNT,85,1,1,1,1
739.8877857864727,2.4607265018693862,1.6177612947451299,4.427189866706142,2.809428571961012,0.6999513653640045,201.41145558054126,211.58217061831658,6.5,218.082696703125,2845.69650003584,l4,DMNT,85,1,1,1,1
739.8877857864727,2.4607265018693862,1.6177612947451299,4.427189866706142,2.809428571961012,0.6999513653640045,187.72624888433117,211.37393586075325,6.666666667,182.8746027311754,2845.69650003584,l4,DMNT,85,1,1,1,1
739.8877857864727,2.4607265018693862,1.6177612947451299,4.427189866706142,2.809428571961012,0.6999513653640045,174.8891468209547,185.87902119346506,6.833333333,152.4257965908203,2845.69650003584,l4,DMNT,85,1,1,1,1
739.8877857864727,2.4607265018693862,1.6177612947451299,4.427189866706142,2.809428571961012,0.6999513653640045,162.85852986363383,185.68219013551536,7.0,195.3052204183594,2845.69650003584,l4,DMNT,85,1,1,1,1
739.8877857864727,2.4607265018693862,1.6177612947451299,4.427189866706142,2.809428571961012,0.6999513653640045,151.59314335255632,174.46584046753483,7.166666667,192.83234987343752,2845.69650003584,l4,DMNT,85,1,1,1,1
739.8877857864727,2.4607265018693862,1.6177612947451299,4.427189866706142,2.809428571961012,0.6999513653640045,141.0524314111525,176.67950381065205,7.333333333,163.46304853203128,2845.69650003584,l4,DMNT,85,1,1,1,1
739.8877857864727,2.4607265018693862,1.6177612947451299,4.427189866706142,2.809428571961012,0.6999513653640045,131.19679497817938,154.24082787246368,7.5,174.04984147988284,2845.69650003584,l4,DMNT,85,1,1,1,1
739.8877857864727,2.4607265018693862,1.6177612947451299,4.427189866706142,2.809428571961012,0.6999513653640045,121.98778798759598,140.5077767693975,7.666666667,100.84763888457033,2845.69650003584,l4,DMNT,85,1,1,1,1
739.8877857864727,2.4607265018693862,1.6177612947451299,4.427189866706142,2.809428571961012,0.6999513653640045,113.38826175647993,125.13892225499784,7.833333333,127.60250223375178,2845.69650003584,l4,DMNT,85,1,1,1,1
739.8877857864727,2.4607265018693862,1.6177612947451299,4.427189866706142,2.809428571961012,0.6999513653640045,105.36246749838364,138.7746226391282,8.0,148.55498444117364,2845.69650003584,l4,DMNT,85,1,1,1,1
739.8877857864727,2.4607265018693862,1.6177612947451299,4.427189866706142,2.809428571961012,0.6999513653640045,97.87612501629818,121.58175577063082,8.166666667,145.47665989570316,2845.69650003584,l4,DMNT,85,1,1,1,1
739.8877857864727,2.4607265018693862,1.6177612947451299,4.427189866706142,2.809428571961012,0.6999513653640045,90.89646302473191,104.03852546105153,8.333333333,122.10625818496095,2845.69650003584,l4,DMNT,85,1,1,1,1
739.8877857864727,2.4607265018693862,1.6177612947451299,4.427189866706142,2.809428571961012,0.6999513653640045,84.39223693693219,105.21500045262025,8.5,115.09118479527521,2845.69650003584,l4,DMNT,85,1,1,1,1
739.8877857864727,2.4607265018693862,1.6177612947451299,4.427189866706142,2.809428571961012,0.6999513653640045,78.33372882897234,101.41264320361377,8.666666667,59.42562108789064,2845.69650003584,l4,DMNT,85,1,1,1,1
739.8877857864727,2.4607265018693862,1.6177612947451299,4.427189866706142,2.809428571961012,0.6999513653640045,72.69273249761201,95.72957571525156,8.833333333,97.12566754859552,2845.69650003584,l4,DMNT,85,1,1,1,1
739.8877857864727,2.4607265018693862,1.6177612947451299,4.427189866706142,2.809428571961012,0.6999513653640045,67.44252709967262,51.353802649864406,9.0,86.3859557905877,2845.69650003584,l4,DMNT,85,1,1,1,1
739.8877857864727,2.4607265018693862,1.6177612947451299,4.427189866706142,2.809428571961012,0.6999513653640045,62.55784215310664,73.81624911882327,9.166666667,99.72733837457208,2845.69650003584,l4,DMNT,85,1,1,1,1
