R_peak_fit,t_peak_fit,t_onset_fit,t_mean_fit,R_peak2_fit,t_peak2_fit,t_onset2_fit,t_mean2_fit,R_peak3_fit,t_peak3_fit,t_onset3_fit,t_mean3_fit,fitted_emission1,fitted_emission2,fitted_emission3,fitted_emission,prior,time,emission,integral1,integral2,integral3,duration1,duration2,duration3,shape1,shape2,shape3,Type,comp,Channel_number,intensity1,intensity2,intensity3,Totalbio,Leaf3,d1_time,d2_time,d3_time,dt1,dt2
20.653805853107635,2.850994006669432,3.675640475279551e-13,3.1479721506065914,56.14747218093009,5.692044595370997,4.499295252068647,6.435750401586479,69.11247908090648,9.715143761180052,7.500000000002022,10.304243440455044,1.7200758491795702e-98,4.10575660121014e-35,8.374115388911525e-67,4.10575660121014e-35,0.32842654245037295,-1.0,1.1923820168185029,48.05283045161432,139.53877694702658,202.32253772278494,3.1479721506062237,1.9364551495178324,2.804243440453022,0.09433950801628548,0.38405527047742943,0.2100743718526179,j,DMNT,24,4,4,4,2.4,0.7,10.5,14.25,18.0,3.75,3.75
20.653805853107635,2.850994006669432,3.675640475279551e-13,3.1479721506065914,56.14747218093009,5.692044595370997,4.499295252068647,6.435750401586479,69.11247908090648,9.715143761180052,7.500000000002022,10.304243440455044,4.709057420988954e-97,3.110896647538482e-33,5.318665706154868e-65,3.110896647538482e-33,-0.5249491109687887,-0.5,-1.1724001160285118,48.05283045161432,139.53877694702658,202.32253772278494,3.1479721506062237,1.9364551495178324,2.804243440453022,0.09433950801628548,0.38405527047742943,0.2100743718526179,j,DMNT,24,4,4,4,2.4,0.7,10.5,14.25,18.0,3.75,3.75
20.653805853107635,2.850994006669432,3.675640475279551e-13,3.1479721506065914,56.14747218093009,5.692044595370997,4.499295252068647,6.435750401586479,69.11247908090648,9.715143761180052,7.500000000002022,10.304243440455044,6.5328628318708775e-96,2.35709977274682e-31,3.3780529142558653e-63,2.35709977274682e-31,0.2925766304764774,0.0,0.44510207207014996,48.05283045161432,139.53877694702658,202.32253772278494,3.1479721506062237,1.9364551495178324,2.804243440453022,0.09433950801628548,0.38405527047742943,0.2100743718526179,j,DMNT,24,4,4,4,2.4,0.7,10.5,14.25,18.0,3.75,3.75
20.653805853107635,2.850994006669432,3.675640475279551e-13,3.1479721506065914,56.14747218093009,5.692044595370997,4.499295252068647,6.435750401586479,69.11247908090648,9.715143761180052,7.500000000002022,10.304243440455044,0.0031064527683764584,1.785954330266571e-29,2.145508313919291e-61,0.0031064527683764584,0.2862419656686219,0.5,0.050938958609913154,48.05283045161432,139.53877694702658,202.32253772278494,3.1479721506062237,1.9364551495178324,2.804243440453022,0.09433950801628548,0.38405527047742943,0.2100743718526179,j,DMNT,24,4,4,4,2.4,0.7,10.5,14.25,18.0,3.75,3.75
20.653805853107635,2.850994006669432,3.675640475279551e-13,3.1479721506065914,56.14747218093009,5.692044595370997,4.499295252068647,6.435750401586479,69.11247908090648,9.715143761180052,7.500000000002022,10.304243440455044,0.45067556652263857,1.3532023152676776e-27,1.3626802308722347e-59,0.45067556652263857,1.8746096244612898,1.0,-0.9967544025989633,48.05283045161432,139.53877694702658,202.32253772278494,3.1479721506062237,1.9364551495178324,2.804243440453022,0.09433950801628548,0.38405527047742943,0.2100743718526179,j,DMNT,24,4,4,4,2.4,0.7,10.5,14.25,18.0,3.75,3.75
20.653805853107635,2.850994006669432,3.675640475279551e-13,3.1479721506065914,56.14747218093009,5.692044595370997,4.499295252068647,6.435750401586479,69.11247908090648,9.715143761180052,7.500000000002022,10.304243440455044,4.1036721095540925,1.0253098161655166e-25,8.654813405117645e-58,4.1036721095540925,13.44442045998387,1.5,11.657599643304335,48.05283045161432,139.53877694702658,202.32253772278494,3.1479721506062237,1.9364551495178324,2.804243440453022,0.09433950801628548,0.38405527047742943,0.2100743718526179,j,DMNT,24,4,4,4,2.4,0.7,10.5,14.25,18.0,3.75,3.75
20.653805853107635,2.850994006669432,3.675640475279551e-13,3.1479721506065914,56.14747218093009,5.692044595370997,4.499295252068647,6.435750401586479,69.11247908090648,9.715143761180052,7.500000000002022,10.304243440455044,12.06137904346145,7.76868475060888e-24,5.496945899733052e-56,12.06137904346145,16.587924349340305,2.0,9.052730994596015,48.05283045161432,139.53877694702658,202.32253772278494,3.1479721506062237,1.9364551495178324,2.804243440453022,0.09433950801628548,0.38405527047742943,0.2100743718526179,j,DMNT,24,4,4,4,2.4,0.7,10.5,14.25,18.0,3.75,3.75
20.653805853107635,2.850994006669432,3.675640475279551e-13,3.1479721506065914,56.14747218093009,5.692044595370997,4.499295252068647,6.435750401586479,69.11247908090648,9.715143761180052,7.500000000002022,10.304243440455044,19.078535767784444,5.886265953880936e-22,3.491284307380308e-54,19.078535767784444,24.5670189076575,2.5,16.13925095956928,48.05283045161432,139.53877694702658,202.32253772278494,3.1479721506062237,1.9364551495178324,2.804243440453022,0.09433950801628548,0.38405527047742943,0.2100743718526179,j,DMNT,24,4,4,4,2.4,0.7,10.5,14.25,18.0,3.75,3.75
20.653805853107635,2.850994006669432,3.675640475279551e-13,3.1479721506065914,56.14747218093009,5.692044595370997,4.499295252068647,6.435750401586479,69.11247908090648,9.715143761180052,7.500000000002022,10.304243440455044,20.3937327231562,4.459971985162505e-20,2.2174251552215497e-52,20.3937327231562,15.191223568095875,3.0,23.118140768545658,48.05283045161432,139.53877694702658,202.32253772278494,3.1479721506062237,1.9364551495178324,2.804243440453022,0.09433950801628548,0.38405527047742943,0.2100743718526179,j,DMNT,24,4,4,4,2.4,0.7,10.5,14.25,18.0,3.75,3.75
20.653805853107635,2.850994006669432,3.675640475279551e-13,3.1479721506065914,56.14747218093009,5.692044595370997,4.499295252068647,6.435750401586479,69.11247908090648,9.715143761180052,7.500000000002022,10.304243440455044,11.130933940450655,2.543197191900466e-16,8.94492034067152e-49,11.130933940450655,9.832839507526833,4.0,16.308334322371117,48.05283045161432,139.53877694702658,202.32253772278494,3.1479721506062237,1.9364551495178324,2.804243440453022,0.09433950801628548,0.38405527047742943,0.2100743718526179,j,DMNT,24,4,4,4,2.4,0.7,10.5,14.25,18.0,3.75,3.75
20.653805853107635,2.850994006669432,3.675640475279551e-13,3.1479721506065914,56.14747218093009,5.692044595370997,4.499295252068647,6.435750401586479,69.11247908090648,9.715143761180052,7.500000000002022,10.304243440455044,6.40334911340347,0.000929110767253624,5.681201995760434e-47,6.4042782241707235,9.622638286850602,4.5,-1.7278984824533865,48.05283045161432,139.53877694702658,202.32253772278494,3.1479721506062237,1.9364551495178324,2.804243440453022,0.09433950801628548,0.38405527047742943,0.2100743718526179,j,DMNT,24,4,4,4,2.4,0.7,10.5,14.25,18.0,3.75,3.75
20.653805853107635,2.850994006669432,3.675640475279551e-13,3.1479721506065914,56.14747218093009,5.692044595370997,4.499295252068647,6.435750401586479,69.11247908090648,9.715143761180052,7.500000000002022,10.304243440455044,3.2695680428201985,35.15468399954186,3.6083111852248203e-45,38.424252042362056,30.052439873580656,5.0,38.99617394128281,48.05283045161432,139.53877694702658,202.32253772278494,3.1479721506062237,1.9364551495178324,2.804243440453022,0.09433950801628548,0.38405527047742943,0.2100743718526179,j,DMNT,24,4,4,4,2.4,0.7,10.5,14.25,18.0,3.75,3.75
20.653805853107635,2.850994006669432,3.675640475279551e-13,3.1479721506065914,56.14747218093009,5.692044595370997,4.499295252068647,6.435750401586479,69.11247908090648,9.715143761180052,7.500000000002022,10.304243440455044,0.6490120544697153,53.637479500503495,1.4555641784489471e-41,54.28649155497321,50.077638521421115,6.0,51.10329973078161,48.05283045161432,139.53877694702658,202.32253772278494,3.1479721506062237,1.9364551495178324,2.804243440453022,0.09433950801628548,0.38405527047742943,0.2100743718526179,j,DMNT,24,4,4,4,2.4,0.7,10.5,14.25,18.0,3.75,3.75
20.653805853107635,2.850994006669432,3.675640475279551e-13,3.1479721506065914,56.14747218093009,5.692044595370997,4.499295252068647,6.435750401586479,69.11247908090648,9.715143761180052,7.500000000002022,10.304243440455044,0.25988435261908205,43.42925917708553,9.244331887911397e-40,43.68914352970461,46.398061916708784,6.5,47.42239849098502,48.05283045161432,139.53877694702658,202.32253772278494,3.1479721506062237,1.9364551495178324,2.804243440453022,0.09433950801628548,0.38405527047742943,0.2100743718526179,j,DMNT,24,4,4,4,2.4,0.7,10.5,14.25,18.0,3.75,3.75
20.653805853107635,2.850994006669432,3.675640475279551e-13,3.1479721506065914,56.14747218093009,5.692044595370997,4.499295252068647,6.435750401586479,69.11247908090648,9.715143761180052,7.500000000002022,10.304243440455044,0.09830241957281738,31.70858175068648,5.832336331741417e-38,31.8068841702593,36.97786862669628,7.0,35.48263210826045,48.05283045161432,139.53877694702658,202.32253772278494,3.1479721506062237,1.9364551495178324,2.804243440453022,0.09433950801628548,0.38405527047742943,0.2100743718526179,j,DMNT,24,4,4,4,2.4,0.7,10.5,14.25,18.0,3.75,3.75
20.653805853107635,2.850994006669432,3.675640475279551e-13,3.1479721506065914,56.14747218093009,5.692044595370997,4.499295252068647,6.435750401586479,69.11247908090648,9.715143761180052,7.500000000002022,10.304243440455044,0.03540154684295433,21.684744799201102,1.8646303857850707e-36,21.720146346044057,21.097023133653792,7.5,14.250114549983861,48.05283045161432,139.53877694702658,202.32253772278494,3.1479721506062237,1.9364551495178324,2.804243440453022,0.09433950801628548,0.38405527047742943,0.2100743718526179,j,DMNT,24,4,4,4,2.4,0.7,10.5,14.25,18.0,3.75,3.75
20.653805853107635,2.850994006669432,3.675640475279551e-13,3.1479721506065914,56.14747218093009,5.692044595370997,4.499295252068647,6.435750401586479,69.11247908090648,9.715143761180052,7.500000000002022,10.304243440455044,0.012215438088759816,14.174888058805715,4.681102987950369,18.868206484844844,21.17551765366859,8.0,21.501341635819827,48.05283045161432,139.53877694702658,202.32253772278494,3.1479721506062237,1.9364551495178324,2.804243440453022,0.09433950801628548,0.38405527047742943,0.2100743718526179,j,DMNT,24,4,4,4,2.4,0.7,10.5,14.25,18.0,3.75,3.75
20.653805853107635,2.850994006669432,3.675640475279551e-13,3.1479721506065914,56.14747218093009,5.692044595370997,4.499295252068647,6.435750401586479,69.11247908090648,9.715143761180052,7.500000000002022,10.304243440455044,0.004059550034640983,8.964562474327417,27.325929805259822,36.29455182962188,29.813097852345273,8.5,35.67260476769693,48.05283045161432,139.53877694702658,202.32253772278494,3.1479721506062237,1.9364551495178324,2.804243440453022,0.09433950801628548,0.38405527047742943,0.2100743718526179,j,DMNT,24,4,4,4,2.4,0.7,10.5,14.25,18.0,3.75,3.75
20.653805853107635,2.850994006669432,3.675640475279551e-13,3.1479721506065914,56.14747218093009,5.692044595370997,4.499295252068647,6.435750401586479,69.11247908090648,9.715143761180052,7.500000000002022,10.304243440455044,0.0013049543600602246,5.528068801958283,53.718955595799805,59.24832935211815,59.26172634667226,9.0,61.894815394086024,48.05283045161432,139.53877694702658,202.32253772278494,3.1479721506062237,1.9364551495178324,2.804243440453022,0.09433950801628548,0.38405527047742943,0.2100743718526179,j,DMNT,24,4,4,4,2.4,0.7,10.5,14.25,18.0,3.75,3.75
20.653805853107635,2.850994006669432,3.675640475279551e-13,3.1479721506065914,56.14747218093009,5.692044595370997,4.499295252068647,6.435750401586479,69.11247908090648,9.715143761180052,7.500000000002022,10.304243440455044,0.0004072160117271905,3.34170415778253,67.81348099982385,71.1555923736181,71.60481821276792,9.5,64.50362129201814,48.05283045161432,139.53877694702658,202.32253772278494,3.1479721506062237,1.9364551495178324,2.804243440453022,0.09433950801628548,0.38405527047742943,0.2100743718526179,j,DMNT,24,4,4,4,2.4,0.7,10.5,14.25,18.0,3.75,3.75
20.653805853107635,2.850994006669432,3.675640475279551e-13,3.1479721506065914,56.14747218093009,5.692044595370997,4.499295252068647,6.435750401586479,69.11247908090648,9.715143761180052,7.500000000002022,10.304243440455044,0.00012373404850561507,1.9877616240475946,67.15993201579678,69.14781737389288,75.34648691984569,10.0,73.29559066225669,48.05283045161432,139.53877694702658,202.32253772278494,3.1479721506062237,1.9364551495178324,2.804243440453022,0.09433950801628548,0.38405527047742943,0.2100743718526179,j,DMNT,24,4,4,4,2.4,0.7,10.5,14.25,18.0,3.75,3.75
20.653805853107635,2.850994006669432,3.675640475279551e-13,3.1479721506065914,56.14747218093009,5.692044595370997,4.499295252068647,6.435750401586479,69.11247908090648,9.715143761180052,7.500000000002022,10.304243440455044,3.670434410447989e-05,1.166760791748451,57.04799845297797,58.21479594907053,58.42779102980152,10.5,60.93941820538471,48.05283045161432,139.53877694702658,202.32253772278494,3.1479721506062237,1.9364551495178324,2.804243440453022,0.09433950801628548,0.38405527047742943,0.2100743718526179,j,DMNT,24,4,4,4,2.4,0.7,10.5,14.25,18.0,3.75,3.75
20.653805853107635,2.850994006669432,3.675640475279551e-13,3.1479721506065914,56.14747218093009,5.692044595370997,4.499295252068647,6.435750401586479,69.11247908090648,9.715143761180052,7.500000000002022,10.304243440455044,1.0653220967626537e-05,0.6772463791982541,43.58793965336681,44.26519668578603,38.77849529302079,11.0,42.290105496895244,48.05283045161432,139.53877694702658,202.32253772278494,3.1479721506062237,1.9364551495178324,2.804243440453022,0.09433950801628548,0.38405527047742943,0.2100743718526179,j,DMNT,24,4,4,4,2.4,0.7,10.5,14.25,18.0,3.75,3.75
20.653805853107635,2.850994006669432,3.675640475279551e-13,3.1479721506065914,56.14747218093009,5.692044595370997,4.499295252068647,6.435750401586479,69.11247908090648,9.715143761180052,7.500000000002022,10.304243440455044,3.0312473374379444e-06,0.3893846311299143,30.819110605115785,31.208498267493038,27.234766337046175,11.5,32.78561990367881,48.05283045161432,139.53877694702658,202.32253772278494,3.1479721506062237,1.9364551495178324,2.804243440453022,0.09433950801628548,0.38405527047742943,0.2100743718526179,j,DMNT,24,4,4,4,2.4,0.7,10.5,14.25,18.0,3.75,3.75
20.653805853107635,2.850994006669432,3.675640475279551e-13,3.1479721506065914,56.14747218093009,5.692044595370997,4.499295252068647,6.435750401586479,69.11247908090648,9.715143761180052,7.500000000002022,10.304243440455044,8.469797126114463e-07,0.22204902978495722,20.537904421185523,20.75995429795019,17.479923325745848,12.0,16.87076665274313,48.05283045161432,139.53877694702658,202.32253772278494,3.1479721506062237,1.9364551495178324,2.804243440453022,0.09433950801628548,0.38405527047742943,0.2100743718526179,j,DMNT,24,4,4,4,2.4,0.7,10.5,14.25,18.0,3.75,3.75
20.653805853107635,2.850994006669432,3.675640475279551e-13,3.1479721506065914,56.14747218093009,5.692044595370997,4.499295252068647,6.435750401586479,69.11247908090648,9.715143761180052,7.500000000002022,10.304243440455044,2.3274486064540044e-07,0.12572365638378638,13.061878942223188,13.187602831351835,10.559766086826674,12.5,12.298354551850537,48.05283045161432,139.53877694702658,202.32253772278494,3.1479721506062237,1.9364551495178324,2.804243440453022,0.09433950801628548,0.38405527047742943,0.2100743718526179,j,DMNT,24,4,4,4,2.4,0.7,10.5,14.25,18.0,3.75,3.75
20.653805853107635,2.850994006669432,3.675640475279551e-13,3.1479721506065914,56.14747218093009,5.692044595370997,4.499295252068647,6.435750401586479,69.11247908090648,9.715143761180052,7.500000000002022,10.304243440455044,6.298122119901872e-08,0.07073909608405275,7.9991263457919155,8.069865504857189,8.392935671237089,13.0,7.567075080090527,48.05283045161432,139.53877694702658,202.32253772278494,3.1479721506062237,1.9364551495178324,2.804243440453022,0.09433950801628548,0.38405527047742943,0.2100743718526179,j,DMNT,24,4,4,4,2.4,0.7,10.5,14.25,18.0,3.75,3.75
20.653805853107635,2.850994006669432,3.675640475279551e-13,3.1479721506065914,56.14747218093009,5.692044595370997,4.499295252068647,6.435750401586479,69.11247908090648,9.715143761180052,7.500000000002022,10.304243440455044,1.6802348358692323e-08,0.03958112500655301,4.748179868351414,4.787761010160316,5.449387302785429,13.5,6.353139713967251,48.05283045161432,139.53877694702658,202.32253772278494,3.1479721506062237,1.9364551495178324,2.804243440453022,0.09433950801628548,0.38405527047742943,0.2100743718526179,j,DMNT,24,4,4,4,2.4,0.7,10.5,14.25,18.0,3.75,3.75
20.653805853107635,2.850994006669432,3.675640475279551e-13,3.1479721506065914,56.14747218093009,5.692044595370997,4.499295252068647,6.435750401586479,69.11247908090648,9.715143761180052,7.500000000002022,10.304243440455044,4.423905626229048e-09,0.022037586415602987,2.7455644077161288,2.7676019985556373,3.7010318946175227,14.0,3.254572523660519,48.05283045161432,139.53877694702658,202.32253772278494,3.1479721506062237,1.9364551495178324,2.804243440453022,0.09433950801628548,0.38405527047742943,0.2100743718526179,j,DMNT,24,4,4,4,2.4,0.7,10.5,14.25,18.0,3.75,3.75
20.653805853107635,2.850994006669432,3.675640475279551e-13,3.1479721506065914,56.14747218093009,5.692044595370997,4.499295252068647,6.435750401586479,69.11247908090648,9.715143761180052,7.500000000002022,10.304243440455044,1.1505895616870216e-09,0.012215412011455248,1.5525458538366117,1.5647612669986566,1.4283633229044257,14.5,1.7966405029521753,48.05283045161432,139.53877694702658,202.32253772278494,3.1479721506062237,1.9364551495178324,2.804243440453022,0.09433950801628548,0.38405527047742943,0.2100743718526179,j,DMNT,24,4,4,4,2.4,0.7,10.5,14.25,18.0,3.75,3.75
20.653805853107635,2.850994006669432,3.675640475279551e-13,3.1479721506065914,56.14747218093009,5.692044595370997,4.499295252068647,6.435750401586479,69.11247908090648,9.715143761180052,7.500000000002022,10.304243440455044,2.9585205183311325e-10,0.006743866773765618,0.8612000758555142,0.8679439429251319,1.5522988522276415,15.0,2.5276527011325545,48.05283045161432,139.53877694702658,202.32253772278494,3.1479721506062237,1.9364551495178324,2.804243440453022,0.09433950801628548,0.38405527047742943,0.2100743718526179,j,DMNT,24,4,4,4,2.4,0.7,10.5,14.25,18.0,3.75,3.75
20.653805853107635,2.850994006669432,3.675640475279551e-13,3.1479721506065914,56.14747218093009,5.692044595370997,4.499295252068647,6.435750401586479,69.11247908090648,9.715143761180052,7.500000000002022,10.304243440455044,7.526510732944676e-11,0.0037096151599842675,0.46977460968426993,0.4734842249195193,2.6922453141258202,15.5,2.980939806517032,48.05283045161432,139.53877694702658,202.32253772278494,3.1479721506062237,1.9364551495178324,2.804243440453022,0.09433950801628548,0.38405527047742943,0.2100743718526179,j,DMNT,24,4,4,4,2.4,0.7,10.5,14.25,18.0,3.75,3.75
20.653805853107635,2.850994006669432,3.675640475279551e-13,3.1479721506065914,56.14747218093009,5.692044595370997,4.499295252068647,6.435750401586479,69.11247908090648,9.715143761180052,7.500000000002022,10.304243440455044,1.8957108453938758e-11,0.002033800466527758,0.25251283516931555,0.2545466356548004,1.6051989638630286,16.0,2.1472132072586043,48.05283045161432,139.53877694702658,202.32253772278494,3.1479721506062237,1.9364551495178324,2.804243440453022,0.09433950801628548,0.38405527047742943,0.2100743718526179,j,DMNT,24,4,4,4,2.4,0.7,10.5,14.25,18.0,3.75,3.75
20.653805853107635,2.850994006669432,3.675640475279551e-13,3.1479721506065914,56.14747218093009,5.692044595370997,4.499295252068647,6.435750401586479,69.11247908090648,9.715143761180052,7.500000000002022,10.304243440455044,4.730172714121446e-12,0.0011116551236634304,0.13397288556071052,0.1350845406891041,1.1878495372607851,16.5,1.4727286751148727,48.05283045161432,139.53877694702658,202.32253772278494,3.1479721506062237,1.9364551495178324,2.804243440453022,0.09433950801628548,0.38405527047742943,0.2100743718526179,j,DMNT,24,4,4,4,2.4,0.7,10.5,14.25,18.0,3.75,3.75
20.653805853107635,2.850994006669432,3.675640475279551e-13,3.1479721506065914,56.14747218093009,5.692044595370997,4.499295252068647,6.435750401586479,69.11247908090648,9.715143761180052,7.500000000002022,10.304243440455044,1.1699078284600266e-12,0.0006059288963118583,0.07025905700614098,0.07086498590362274,0.6255668319602523,17.0,2.2096269703669855,48.05283045161432,139.53877694702658,202.32253772278494,3.1479721506062237,1.9364551495178324,2.804243440453022,0.09433950801628548,0.38405527047742943,0.2100743718526179,j,DMNT,24,4,4,4,2.4,0.7,10.5,14.25,18.0,3.75,3.75
20.653805853107635,2.850994006669432,3.675640475279551e-13,3.1479721506065914,56.14747218093009,5.692044595370997,4.499295252068647,6.435750401586479,69.11247908090648,9.715143761180052,7.500000000002022,10.304243440455044,2.8695786477662304e-13,0.00032942614109638573,0.036463452050281786,0.03679287819166513,0.7246554624218893,17.5,1.159396752971325,48.05283045161432,139.53877694702658,202.32253772278494,3.1479721506062237,1.9364551495178324,2.804243440453022,0.09433950801628548,0.38405527047742943,0.2100743718526179,j,DMNT,24,4,4,4,2.4,0.7,10.5,14.25,18.0,3.75,3.75
20.653805853107635,2.850994006669432,3.675640475279551e-13,3.1479721506065914,56.14747218093009,5.692044595370997,4.499295252068647,6.435750401586479,69.11247908090648,9.715143761180052,7.500000000002022,10.304243440455044,6.983606685928043e-14,0.00017867486010453198,0.018746730195337596,0.018925405055511966,0.34643671818377175,18.0,0.13372875946546947,48.05283045161432,139.53877694702658,202.32253772278494,3.1479721506062237,1.9364551495178324,2.804243440453022,0.09433950801628548,0.38405527047742943,0.2100743718526179,j,DMNT,24,4,4,4,2.4,0.7,10.5,14.25,18.0,3.75,3.75
20.653805853107635,2.850994006669432,3.675640475279551e-13,3.1479721506065914,56.14747218093009,5.692044595370997,4.499295252068647,6.435750401586479,69.11247908090648,9.715143761180052,7.500000000002022,10.304243440455044,1.687031414703729e-14,9.669696505277502e-05,0.009556217545444499,0.009652914510514145,1.2231898890211506,18.5,-0.16831047853665293,48.05283045161432,139.53877694702658,202.32253772278494,3.1479721506062237,1.9364551495178324,2.804243440453022,0.09433950801628548,0.38405527047742943,0.2100743718526179,j,DMNT,24,4,4,4,2.4,0.7,10.5,14.25,18.0,3.75,3.75
20.653805853107635,2.850994006669432,3.675640475279551e-13,3.1479721506065914,56.14747218093009,5.692044595370997,4.499295252068647,6.435750401586479,69.11247908090648,9.715143761180052,7.500000000002022,10.304243440455044,4.046876920564661e-15,5.2224386021315194e-05,0.0048335807887683975,0.004885805174793759,1.0893961650730724,19.0,1.1482340469344678,48.05283045161432,139.53877694702658,202.32253772278494,3.1479721506062237,1.9364551495178324,2.804243440453022,0.09433950801628548,0.38405527047742943,0.2100743718526179,j,DMNT,24,4,4,4,2.4,0.7,10.5,14.25,18.0,3.75,3.75
20.653805853107635,2.850994006669432,3.675640475279551e-13,3.1479721506065914,56.14747218093009,5.692044595370997,4.499295252068647,6.435750401586479,69.11247908090648,9.715143761180052,7.500000000002022,10.304243440455044,9.643363604291394e-16,2.8151739038002777e-05,0.002427515310898311,0.002455667049937278,0.8307336597647165,19.5,2.3003210512077854,48.05283045161432,139.53877694702658,202.32253772278494,3.1479721506062237,1.9364551495178324,2.804243440453022,0.09433950801628548,0.38405527047742943,0.2100743718526179,j,DMNT,24,4,4,4,2.4,0.7,10.5,14.25,18.0,3.75,3.75
20.653805853107635,2.850994006669432,3.675640475279551e-13,3.1479721506065914,56.14747218093009,5.692044595370997,4.499295252068647,6.435750401586479,69.11247908090648,9.715143761180052,7.500000000002022,10.304243440455044,2.283468757119996e-16,1.5148263355616197e-05,0.0012112041965968818,0.0012263524599527263,0.08090494188070796,20.0,-1.30133540041492,48.05283045161432,139.53877694702658,202.32253772278494,3.1479721506062237,1.9364551495178324,2.804243440453022,0.09433950801628548,0.38405527047742943,0.2100743718526179,j,DMNT,24,4,4,4,2.4,0.7,10.5,14.25,18.0,3.75,3.75
20.653805853107635,2.850994006669432,3.675640475279551e-13,3.1479721506065914,56.14747218093009,5.692044595370997,4.499295252068647,6.435750401586479,69.11247908090648,9.715143761180052,7.500000000002022,10.304243440455044,5.374709805380731e-17,8.137581846446514e-06,0.0006007002266067498,0.0006088378084532501,1.2102050382412695,20.5,0.9507601056943195,48.05283045161432,139.53877694702658,202.32253772278494,3.1479721506062237,1.9364551495178324,2.804243440453022,0.09433950801628548,0.38405527047742943,0.2100743718526179,j,DMNT,24,4,4,4,2.4,0.7,10.5,14.25,18.0,3.75,3.75
20.653805853107635,2.850994006669432,3.675640475279551e-13,3.1479721506065914,56.14747218093009,5.692044595370997,4.499295252068647,6.435750401586479,69.11247908090648,9.715143761180052,7.500000000002022,10.304243440455044,1.25786496036914e-17,4.364629933463762e-06,0.0002962652353161588,0.00030062986524963514,0.7190233145497194,21.0,0.30202778518736473,48.05283045161432,139.53877694702658,202.32253772278494,3.1479721506062237,1.9364551495178324,2.804243440453022,0.09433950801628548,0.38405527047742943,0.2100743718526179,j,DMNT,24,4,4,4,2.4,0.7,10.5,14.25,18.0,3.75,3.75
20.653805853107635,2.850994006669432,3.675640475279551e-13,3.1479721506065914,56.14747218093009,5.692044595370997,4.499295252068647,6.435750401586479,69.11247908090648,9.715143761180052,7.500000000002022,10.304243440455044,2.927850097107995e-18,2.3375432264872912e-06,0.00014536569849742307,0.0001477032417239133,1.0144021871787925,21.5,0.8407719295989344,48.05283045161432,139.53877694702658,202.32253772278494,3.1479721506062237,1.9364551495178324,2.804243440453022,0.09433950801628548,0.38405527047742943,0.2100743718526179,j,DMNT,24,4,4,4,2.4,0.7,10.5,14.25,18.0,3.75,3.75
20.653805853107635,2.850994006669432,3.675640475279551e-13,3.1479721506065914,56.14747218093009,5.692044595370997,4.499295252068647,6.435750401586479,69.11247908090648,9.715143761180052,7.500000000002022,10.304243440455044,6.779664262529281e-19,1.2501701917503711e-06,7.098374268675806e-05,7.223391287850911e-05,1.2301801326762543,22.0,1.6048826377685912,48.05283045161432,139.53877694702658,202.32253772278494,3.1479721506062237,1.9364551495178324,2.804243440453022,0.09433950801628548,0.38405527047742943,0.2100743718526179,j,DMNT,24,4,4,4,2.4,0.7,10.5,14.25,18.0,3.75,3.75
20.653805853107635,2.850994006669432,3.675640475279551e-13,3.1479721506065914,56.14747218093009,5.692044595370997,4.499295252068647,6.435750401586479,69.11247908090648,9.715143761180052,7.500000000002022,10.304243440455044,1.5621166163403485e-19,6.677437874498254e-07,3.4507453166988045e-05,3.517519695443803e-05,0.8480104522744045,22.5,1.08605702412689,48.05283045161432,139.53877694702658,202.32253772278494,3.1479721506062237,1.9364551495178324,2.804243440453022,0.09433950801628548,0.38405527047742943,0.2100743718526179,j,DMNT,24,4,4,4,2.4,0.7,10.5,14.25,18.0,3.75,3.75
21.10423005704024,1.2092302830683406,1.2092279422800565,3.2641588444037812,49.975040013299875,5.740485726091032,4.822990981747547,6.840959688654146,55.19972434461706,9.75378286976562,7.511939088038881,10.152931067802426,1.572948626300766e-08,5.805242711004163e-30,2.1920178369917218e-82,1.572948626300766e-08,0.29294045756607745,-1.0,1.414545056545912,43.36838205997512,138.59390610751066,132.84141824346403,2.0549309021237248,2.017968706906599,2.6409919797635446,0.9999988608919737,0.5453374766400919,0.15113571002685963,j,DMNT,41,4,4,4,2.12,0.61,10.5,14.25,18.0,3.75,3.75
21.10423005704024,1.2092302830683406,1.2092279422800565,3.2641588444037812,49.975040013299875,5.740485726091032,4.822990981747547,6.840959688654146,55.19972434461706,9.75378286976562,7.511939088038881,10.152931067802426,1.8302714320953562e-06,5.469797263331572e-28,9.295866617691744e-81,1.8302714320953562e-06,-0.4447697116083942,-0.5,0.2554780996891999,43.36838205997512,138.59390610751066,132.84141824346403,2.0549309021237248,2.017968706906599,2.6409919797635446,0.9999988608919737,0.5453374766400919,0.15113571002685963,j,DMNT,41,4,4,4,2.12,0.61,10.5,14.25,18.0,3.75,3.75
21.10423005704024,1.2092302830683406,1.2092279422800565,3.2641588444037812,49.975040013299875,5.740485726091032,4.822990981747547,6.840959688654146,55.19972434461706,9.75378286976562,7.511939088038881,10.152931067802426,0.00021296785814748907,5.153734923991551e-26,3.9421730387243097e-79,0.00021296785814748907,0.23667921090645716,0.0,-0.0568915745666716,43.36838205997512,138.59390610751066,132.84141824346403,2.0549309021237248,2.017968706906599,2.6409919797635446,0.9999988608919737,0.5453374766400919,0.15113571002685963,j,DMNT,41,4,4,4,2.12,0.61,10.5,14.25,18.0,3.75,3.75
21.10423005704024,1.2092302830683406,1.2092279422800565,3.2641588444037812,49.975040013299875,5.740485726091032,4.822990981747547,6.840959688654146,55.19972434461706,9.75378286976562,7.511939088038881,10.152931067802426,0.0247603346107369,4.8559356751354824e-24,1.6717890764125268e-77,0.0247603346107369,0.251321905553357,0.5,2.0320962596252303,43.36838205997512,138.59390610751066,132.84141824346403,2.0549309021237248,2.017968706906599,2.6409919797635446,0.9999988608919737,0.5453374766400919,0.15113571002685963,j,DMNT,41,4,4,4,2.12,0.61,10.5,14.25,18.0,3.75,3.75
21.10423005704024,1.2092302830683406,1.2092279422800565,3.2641588444037812,49.975040013299875,5.740485726091032,4.822990981747547,6.840959688654146,55.19972434461706,9.75378286976562,7.511939088038881,10.152931067802426,2.5667401254966107,4.575344217119876e-22,7.089690606063989e-76,2.5667401254966107,1.5789508907678682,1.0,3.1254756107031048,43.36838205997512,138.59390610751066,132.84141824346403,2.0549309021237248,2.017968706906599,2.6409919797635446,0.9999988608919737,0.5453374766400919,0.15113571002685963,j,DMNT,41,4,4,4,2.12,0.61,10.5,14.25,18.0,3.75,3.75
21.10423005704024,1.2092302830683406,1.2092279422800565,3.2641588444037812,49.975040013299875,5.740485726091032,4.822990981747547,6.840959688654146,55.19972434461706,9.75378286976562,7.511939088038881,10.152931067802426,17.371424212379612,4.310966228881964e-20,3.0065822057871167e-74,17.371424212379612,11.16297527350245,1.5,15.910098766025799,43.36838205997512,138.59390610751066,132.84141824346403,2.0549309021237248,2.017968706906599,2.6409919797635446,0.9999988608919737,0.5453374766400919,0.15113571002685963,j,DMNT,41,4,4,4,2.12,0.61,10.5,14.25,18.0,3.75,3.75
21.10423005704024,1.2092302830683406,1.2092279422800565,3.2641588444037812,49.975040013299875,5.740485726091032,4.822990981747547,6.840959688654146,55.19972434461706,9.75378286976562,7.511939088038881,10.152931067802426,14.357953136149694,4.061864844400565e-18,1.2750255353067194e-72,14.357953136149694,13.778911691372258,2.0,14.941377148545918,43.36838205997512,138.59390610751066,132.84141824346403,2.0549309021237248,2.017968706906599,2.6409919797635446,0.9999988608919737,0.5453374766400919,0.15113571002685963,j,DMNT,41,4,4,4,2.12,0.61,10.5,14.25,18.0,3.75,3.75
21.10423005704024,1.2092302830683406,1.2092279422800565,3.2641588444037812,49.975040013299875,5.740485726091032,4.822990981747547,6.840959688654146,55.19972434461706,9.75378286976562,7.511939088038881,10.152931067802426,11.261079146906177,3.827157332459299e-16,5.407103496305628e-71,11.261079146906177,20.405469112675,2.5,20.01597212375073,43.36838205997512,138.59390610751066,132.84141824346403,2.0549309021237248,2.017968706906599,2.6409919797635446,0.9999988608919737,0.5453374766400919,0.15113571002685963,j,DMNT,41,4,4,4,2.12,0.61,10.5,14.25,18.0,3.75,3.75
21.10423005704024,1.2092302830683406,1.2092279422800565,3.2641588444037812,49.975040013299875,5.740485726091032,4.822990981747547,6.840959688654146,55.19972434461706,9.75378286976562,7.511939088038881,10.152931067802426,8.828965331257429,3.606011926446115e-14,2.2930339361970082e-69,8.828965331257464,12.597680726423658,3.0,-1.0437183250128694,43.36838205997512,138.59390610751066,132.84141824346403,2.0549309021237248,2.017968706906599,2.6409919797635446,0.9999988608919737,0.5453374766400919,0.15113571002685963,j,DMNT,41,4,4,4,2.12,0.61,10.5,14.25,18.0,3.75,3.75
21.10423005704024,1.2092302830683406,1.2092279422800565,3.2641588444037812,49.975040013299875,5.740485726091032,4.822990981747547,6.840959688654146,55.19972434461706,9.75378286976562,7.511939088038881,10.152931067802426,5.427091914138246,3.2004652000231027e-10,4.123842610953105e-66,5.427091914458292,8.117459806363751,4.0,-1.2897623155250497,43.36838205997512,138.59390610751066,132.84141824346403,2.0549309021237248,2.017968706906599,2.6409919797635446,0.9999988608919737,0.5453374766400919,0.15113571002685963,j,DMNT,41,4,4,4,2.12,0.61,10.5,14.25,18.0,3.75,3.75
21.10423005704024,1.2092302830683406,1.2092279422800565,3.2641588444037812,49.975040013299875,5.740485726091032,4.822990981747547,6.840959688654146,55.19972434461706,9.75378286976562,7.511939088038881,10.152931067802426,4.254963390718619,2.9015476122271848e-08,1.7488311553331186e-64,4.2549634197340955,7.914810829542298,4.5,13.148222869634699,43.36838205997512,138.59390610751066,132.84141824346403,2.0549309021237248,2.017968706906599,2.6409919797635446,0.9999988608919737,0.5453374766400919,0.15113571002685963,j,DMNT,41,4,4,4,2.12,0.61,10.5,14.25,18.0,3.75,3.75
21.10423005704024,1.2092302830683406,1.2092279422800565,3.2641588444037812,49.975040013299875,5.740485726091032,4.822990981747547,6.840959688654146,55.19972434461706,9.75378286976562,7.511939088038881,10.152931067802426,3.3359879031147117,21.227015238307377,7.416409156118913e-63,24.56300314142209,24.810298667013797,5.0,24.664010594749758,43.36838205997512,138.59390610751066,132.84141824346403,2.0549309021237248,2.017968706906599,2.6409919797635446,0.9999988608919737,0.5453374766400919,0.15113571002685963,j,DMNT,41,4,4,4,2.12,0.61,10.5,14.25,18.0,3.75,3.75
21.10423005704024,1.2092302830683406,1.2092279422800565,3.2641588444037812,49.975040013299875,5.740485726091032,4.822990981747547,6.840959688654146,55.19972434461706,9.75378286976562,7.511939088038881,10.152931067802426,2.050603629237515,48.58740236055216,1.3337829551056905e-59,50.638005989789676,41.540441330530214,6.0,50.158719070120945,43.36838205997512,138.59390610751066,132.84141824346403,2.0549309021237248,2.017968706906599,2.6409919797635446,0.9999988608919737,0.5453374766400919,0.15113571002685963,j,DMNT,41,4,4,4,2.12,0.61,10.5,14.25,18.0,3.75,3.75
21.10423005704024,1.2092302830683406,1.2092279422800565,3.2641588444037812,49.975040013299875,5.740485726091032,4.822990981747547,6.840959688654146,55.19972434461706,9.75378286976562,7.511939088038881,10.152931067802426,1.6077197250386102,41.43769988058706,5.656054468986667e-58,43.045419605625675,38.47505383043254,6.5,43.50211361685808,43.36838205997512,138.59390610751066,132.84141824346403,2.0549309021237248,2.017968706906599,2.6409919797635446,0.9999988608919737,0.5453374766400919,0.15113571002685963,j,DMNT,41,4,4,4,2.12,0.61,10.5,14.25,18.0,3.75,3.75
21.10423005704024,1.2092302830683406,1.2092279422800565,3.2641588444037812,49.975040013299875,5.740485726091032,4.822990981747547,6.840959688654146,55.19972434461706,9.75378286976562,7.511939088038881,10.152931067802426,1.2604886927003551,32.70062554137802,2.384447029768511e-56,33.96111423407837,30.673490075506436,7.0,35.55917517616866,43.36838205997512,138.59390610751066,132.84141824346403,2.0549309021237248,2.017968706906599,2.6409919797635446,0.9999988608919737,0.5453374766400919,0.15113571002685963,j,DMNT,41,4,4,4,2.12,0.61,10.5,14.25,18.0,3.75,3.75
21.10423005704024,1.2092302830683406,1.2092279422800565,3.2641588444037812,49.975040013299875,5.740485726091032,4.822990981747547,6.840959688654146,55.19972434461706,9.75378286976562,7.511939088038881,10.152931067802426,0.9882516872421193,24.665760416696713,5.3894535109808936e-55,25.654012103938832,17.523257493935567,7.5,23.946793819797836,43.36838205997512,138.59390610751066,132.84141824346403,2.0549309021237248,2.017968706906599,2.6409919797635446,0.9999988608919737,0.5453374766400919,0.15113571002685963,j,DMNT,41,4,4,4,2.12,0.61,10.5,14.25,18.0,3.75,3.75
21.10423005704024,1.2092302830683406,1.2092279422800565,3.2641588444037812,49.975040013299875,5.740485726091032,4.822990981747547,6.840959688654146,55.19972434461706,9.75378286976562,7.511939088038881,10.152931067802426,0.7748117027486552,18.062425153240362,0.8471381613756339,19.68437501736465,17.581739186645294,8.0,18.26876489430327,43.36838205997512,138.59390610751066,132.84141824346403,2.0549309021237248,2.017968706906599,2.6409919797635446,0.9999988608919737,0.5453374766400919,0.15113571002685963,j,DMNT,41,4,4,4,2.12,0.61,10.5,14.25,18.0,3.75,3.75
21.10423005704024,1.2092302830683406,1.2092279422800565,3.2641588444037812,49.975040013299875,5.740485726091032,4.822990981747547,6.840959688654146,55.19972434461706,9.75378286976562,7.511939088038881,10.152931067802426,0.6074699175816229,12.953178599490498,12.811503889150924,26.372152406223044,24.724870897543266,8.5,29.869751623104897,43.36838205997512,138.59390610751066,132.84141824346403,2.0549309021237248,2.017968706906599,2.6409919797635446,0.9999988608919737,0.5453374766400919,0.15113571002685963,j,DMNT,41,4,4,4,2.12,0.61,10.5,14.25,18.0,3.75,3.75
21.10423005704024,1.2092302830683406,1.2092279422800565,3.2641588444037812,49.975040013299875,5.740485726091032,4.822990981747547,6.840959688654146,55.19972434461706,9.75378286976562,7.511939088038881,10.152931067802426,0.4762701666428784,9.14573995741492,36.511482541318856,46.13349266537665,49.07832434910438,9.0,41.11599022831622,43.36838205997512,138.59390610751066,132.84141824346403,2.0549309021237248,2.017968706906599,2.6409919797635446,0.9999988608919737,0.5453374766400919,0.15113571002685963,j,DMNT,41,4,4,4,2.12,0.61,10.5,14.25,18.0,3.75,3.75
21.10423005704024,1.2092302830683406,1.2092279422800565,3.2641588444037812,49.975040013299875,5.740485726091032,4.822990981747547,6.840959688654146,55.19972434461706,9.75378286976562,7.511939088038881,10.152931067802426,0.37340659019068223,6.380219316531983,53.09063653385471,59.84426244057738,59.35696618934491,9.5,62.926478174464265,43.36838205997512,138.59390610751066,132.84141824346403,2.0549309021237248,2.017968706906599,2.6409919797635446,0.9999988608919737,0.5453374766400919,0.15113571002685963,j,DMNT,41,4,4,4,2.12,0.61,10.5,14.25,18.0,3.75,3.75
21.10423005704024,1.2092302830683406,1.2092279422800565,3.2641588444037812,49.975040013299875,5.740485726091032,4.822990981747547,6.840959688654146,55.19972434461706,9.75378286976562,7.511939088038881,10.152931067802426,0.29275921689980733,4.408494820000419,53.48366499982438,58.1849190367246,62.42916571443648,10.0,60.06740766731849,43.36838205997512,138.59390610751066,132.84141824346403,2.0549309021237248,2.017968706906599,2.6409919797635446,0.9999988608919737,0.5453374766400919,0.15113571002685963,j,DMNT,41,4,4,4,2.12,0.61,10.5,14.25,18.0,3.75,3.75
21.10423005704024,1.2092302830683406,1.2092279422800565,3.2641588444037812,49.975040013299875,5.740485726091032,4.822990981747547,6.840959688654146,55.19972434461706,9.75378286976562,7.511939088038881,10.152931067802426,0.22952985034266576,3.0223986776319913,42.74364816659744,45.995576694572094,48.45576303445211,10.5,44.21004461032443,43.36838205997512,138.59390610751066,132.84141824346403,2.0549309021237248,2.017968706906599,2.6409919797635446,0.9999988608919737,0.5453374766400919,0.15113571002685963,j,DMNT,41,4,4,4,2.12,0.61,10.5,14.25,18.0,3.75,3.75
21.10423005704024,1.2092302830683406,1.2092279422800565,3.2641588444037812,49.975040013299875,5.740485726091032,4.822990981747547,6.840959688654146,55.19972434461706,9.75378286976562,7.511939088038881,10.152931067802426,0.17995659566985583,2.0587020286039603,29.123812597142408,31.362471221416225,32.116304729237164,11.0,27.623009044902425,43.36838205997512,138.59390610751066,132.84141824346403,2.0549309021237248,2.017968706906599,2.6409919797635446,0.9999988608919737,0.5453374766400919,0.15113571002685963,j,DMNT,41,4,4,4,2.12,0.61,10.5,14.25,18.0,3.75,3.75
21.10423005704024,1.2092302830683406,1.2092279422800565,3.2641588444037812,49.975040013299875,5.740485726091032,4.822990981747547,6.840959688654146,55.19972434461706,9.75378286976562,7.511939088038881,10.152931067802426,0.14109004201590533,1.3946171693153118,17.65960019730093,19.195307408632146,22.582187666524927,11.5,21.238499200839126,43.36838205997512,138.59390610751066,132.84141824346403,2.0549309021237248,2.017968706906599,2.6409919797635446,0.9999988608919737,0.5453374766400919,0.15113571002685963,j,DMNT,41,4,4,4,2.12,0.61,10.5,14.25,18.0,3.75,3.75
21.10423005704024,1.2092302830683406,1.2092279422800565,3.2641588444037812,49.975040013299875,5.740485726091032,4.822990981747547,6.840959688654146,55.19972434461706,9.75378286976562,7.511939088038881,10.152931067802426,0.1106177844071682,0.9403302258776107,9.796416029587588,10.847364039872367,14.451732864659137,12.0,12.605769545283344,43.36838205997512,138.59390610751066,132.84141824346403,2.0549309021237248,2.017968706906599,2.6409919797635446,0.9999988608919737,0.5453374766400919,0.15113571002685963,j,DMNT,41,4,4,4,2.12,0.61,10.5,14.25,18.0,3.75,3.75
21.10423005704024,1.2092302830683406,1.2092279422800565,3.2641588444037812,49.975040013299875,5.740485726091032,4.822990981747547,6.840959688654146,55.19972434461706,9.75378286976562,7.511939088038881,10.152931067802426,0.08672684494496807,0.6314575274941313,5.066284296841624,5.784468669280723,8.713840807042226,12.5,5.615557730644969,43.36838205997512,138.59390610751066,132.84141824346403,2.0549309021237248,2.017968706906599,2.6409919797635446,0.9999988608919737,0.5453374766400919,0.15113571002685963,j,DMNT,41,4,4,4,2.12,0.61,10.5,14.25,18.0,3.75,3.75
21.10423005704024,1.2092302830683406,1.2092279422800565,3.2641588444037812,49.975040013299875,5.740485726091032,4.822990981747547,6.840959688654146,55.19972434461706,9.75378286976562,7.511939088038881,10.152931067802426,0.06799580788568453,0.4225408704446074,2.4755891270285897,2.9661258053588817,6.9246728227293035,13.0,4.6732276288774495,43.36838205997512,138.59390610751066,132.84141824346403,2.0549309021237248,2.017968706906599,2.6409919797635446,0.9999988608919737,0.5453374766400919,0.15113571002685963,j,DMNT,41,4,4,4,2.12,0.61,10.5,14.25,18.0,3.75,3.75
21.10423005704024,1.2092302830683406,1.2092279422800565,3.2641588444037812,49.975040013299875,5.740485726091032,4.822990981747547,6.840959688654146,55.19972434461706,9.75378286976562,7.511939088038881,10.152931067802426,0.05331025109331935,0.28186227224460675,1.154346580722109,1.489519104060035,4.493391730277581,13.5,3.4169429609875666,43.36838205997512,138.59390610751066,132.84141824346403,2.0549309021237248,2.017968706906599,2.6409919797635446,0.9999988608919737,0.5453374766400919,0.15113571002685963,j,DMNT,41,4,4,4,2.12,0.61,10.5,14.25,18.0,3.75,3.75
21.10423005704024,1.2092302830683406,1.2092279422800565,3.2641588444037812,49.975040013299875,5.740485726091032,4.822990981747547,6.840959688654146,55.19972434461706,9.75378286976562,7.511939088038881,10.152931067802426,0.041796442378458414,0.18749983399394077,0.5175204223481424,0.7468166987205416,3.033765173834964,14.0,1.5215865532737418,43.36838205997512,138.59390610751066,132.84141824346403,2.0549309021237248,2.017968706906599,2.6409919797635446,0.9999988608919737,0.5453374766400919,0.15113571002685963,j,DMNT,41,4,4,4,2.12,0.61,10.5,14.25,18.0,3.75,3.75
21.10423005704024,1.2092302830683406,1.2092279422800565,3.2641588444037812,49.975040013299875,5.740485726091032,4.822990981747547,6.840959688654146,55.19972434461706,9.75378286976562,7.511939088038881,10.152931067802426,0.03276935592358463,0.12441948030265966,0.22438251044633892,0.3815713466725832,1.1726096918833067,14.5,1.7897722495616133,43.36838205997512,138.59390610751066,132.84141824346403,2.0549309021237248,2.017968706906599,2.6409919797635446,0.9999988608919737,0.5453374766400919,0.15113571002685963,j,DMNT,41,4,4,4,2.12,0.61,10.5,14.25,18.0,3.75,3.75
21.10423005704024,1.2092302830683406,1.2092279422800565,3.2641588444037812,49.975040013299875,5.740485726091032,4.822990981747547,6.840959688654146,55.19972434461706,9.75378286976562,7.511939088038881,10.152931067802426,0.025691915981529003,0.082377373969574,0.09452153099974835,0.20259082095085135,1.268503620789528,15.0,-0.20589657904186454,43.36838205997512,138.59390610751066,132.84141824346403,2.0549309021237248,2.017968706906599,2.6409919797635446,0.9999988608919737,0.5453374766400919,0.15113571002685963,j,DMNT,41,4,4,4,2.12,0.61,10.5,14.25,18.0,3.75,3.75
21.10423005704024,1.2092302830683406,1.2092279422800565,3.2641588444037812,49.975040013299875,5.740485726091032,4.822990981747547,6.840959688654146,55.19972434461706,9.75378286976562,7.511939088038881,10.152931067802426,0.02014304301104235,0.0544317697128562,0.03883045559657789,0.11340526832047645,2.25180581565182,15.5,2.1567752482796356,43.36838205997512,138.59390610751066,132.84141824346403,2.0549309021237248,2.017968706906599,2.6409919797635446,0.9999988608919737,0.5453374766400919,0.15113571002685963,j,DMNT,41,4,4,4,2.12,0.61,10.5,14.25,18.0,3.75,3.75
21.10423005704024,1.2092302830683406,1.2092279422800565,3.2641588444037812,49.975040013299875,5.740485726091032,4.822990981747547,6.840959688654146,55.19972434461706,9.75378286976562,7.511939088038881,10.152931067802426,0.015792601122870144,0.03590062768328473,0.01560409725985535,0.06729732606601022,1.3133231068003077,16.0,2.245864571747594,43.36838205997512,138.59390610751066,132.84141824346403,2.0549309021237248,2.017968706906599,2.6409919797635446,0.9999988608919737,0.5453374766400919,0.15113571002685963,j,DMNT,41,4,4,4,2.12,0.61,10.5,14.25,18.0,3.75,3.75
21.10423005704024,1.2092302830683406,1.2092279422800565,3.2641588444037812,49.975040013299875,5.740485726091032,4.822990981747547,6.840959688654146,55.19972434461706,9.75378286976562,7.511939088038881,10.152931067802426,0.012381756309834027,0.02363884785328697,0.006149305029164327,0.042169909192285325,0.9683413478004559,16.5,0.40236988004064356,43.36838205997512,138.59390610751066,132.84141824346403,2.0549309021237248,2.017968706906599,2.6409919797635446,0.9999988608919737,0.5453374766400919,0.15113571002685963,j,DMNT,41,4,4,4,2.12,0.61,10.5,14.25,18.0,3.75,3.75
21.10423005704024,1.2092302830683406,1.2092279422800565,3.2641588444037812,49.975040013299875,5.740485726091032,4.822990981747547,6.840959688654146,55.19972434461706,9.75378286976562,7.511939088038881,10.152931067802426,0.00970757685428226,0.01554125501582251,0.0023815141748189045,0.027630346044923676,0.500965011317384,17.0,1.3426396264516192,43.36838205997512,138.59390610751066,132.84141824346403,2.0549309021237248,2.017968706906599,2.6409919797635446,0.9999988608919737,0.5453374766400919,0.15113571002685963,j,DMNT,41,4,4,4,2.12,0.61,10.5,14.25,18.0,3.75,3.75
21.10423005704024,1.2092302830683406,1.2092279422800565,3.2641588444037812,49.975040013299875,5.740485726091032,4.822990981747547,6.840959688654146,55.19972434461706,9.75378286976562,7.511939088038881,10.152931067802426,0.007610959698768212,0.010203164284792702,0.0009080232195479014,0.018722147203108816,0.5847604156054207,17.5,-0.3196554568125949,43.36838205997512,138.59390610751066,132.84141824346403,2.0549309021237248,2.017968706906599,2.6409919797635446,0.9999988608919737,0.5453374766400919,0.15113571002685963,j,DMNT,41,4,4,4,2.12,0.61,10.5,14.25,18.0,3.75,3.75
21.10423005704024,1.2092302830683406,1.2092279422800565,3.2641588444037812,49.975040013299875,5.740485726091032,4.822990981747547,6.840959688654146,55.19972434461706,9.75378286976562,7.511939088038881,10.152931067802426,0.005967164447277404,0.006689905239937121,0.0003413660800090797,0.012998435767223605,0.23539677858106978,18.0,0.6435505313340586,43.36838205997512,138.59390610751066,132.84141824346403,2.0549309021237248,2.017968706906599,2.6409919797635446,0.9999988608919737,0.5453374766400919,0.15113571002685963,j,DMNT,41,4,4,4,2.12,0.61,10.5,14.25,18.0,3.75,3.75
21.10423005704024,1.2092302830683406,1.2092279422800565,3.2641588444037812,49.975040013299875,5.740485726091032,4.822990981747547,6.840959688654146,55.19972434461706,9.75378286976562,7.511939088038881,10.152931067802426,0.004678391807886144,0.0043811018056188365,0.00012670498387981865,0.0091861985973848,1.0466135431985295,18.5,1.9572874003201726,43.36838205997512,138.59390610751066,132.84141824346403,2.0549309021237248,2.017968706906599,2.6409919797635446,0.9999988608919737,0.5453374766400919,0.15113571002685963,j,DMNT,41,4,4,4,2.12,0.61,10.5,14.25,18.0,3.75,3.75
21.10423005704024,1.2092302830683406,1.2092279422800565,3.2641588444037812,49.975040013299875,5.740485726091032,4.822990981747547,6.840959688654146,55.19972434461706,9.75378286976562,7.511939088038881,10.152931067802426,0.0036679649238132842,0.0028659096124653838,4.6484811443872575e-05,0.00658035934772254,0.9334010670549686,19.0,1.5197602822375376,43.36838205997512,138.59390610751066,132.84141824346403,2.0549309021237248,2.017968706906599,2.6409919797635446,0.9999988608919737,0.5453374766400919,0.15113571002685963,j,DMNT,41,4,4,4,2.12,0.61,10.5,14.25,18.0,3.75,3.75
21.10423005704024,1.2092302830683406,1.2092279422800565,3.2641588444037812,49.975040013299875,5.740485726091032,4.822990981747547,6.840959688654146,55.19972434461706,9.75378286976562,7.511939088038881,10.152931067802426,0.0028757674052729137,0.0018727981553404512,1.6873432110185066e-05,0.0047654389927235495,0.6947114917303712,19.5,0.6966259292221477,43.36838205997512,138.59390610751066,132.84141824346403,2.0549309021237248,2.017968706906599,2.6409919797635446,0.9999988608919737,0.5453374766400919,0.15113571002685963,j,DMNT,41,4,4,4,2.12,0.61,10.5,14.25,18.0,3.75,3.75
21.10423005704024,1.2092302830683406,1.2092279422800565,3.2641588444037812,49.975040013299875,5.740485726091032,4.822990981747547,6.840959688654146,55.19972434461706,9.75378286976562,7.511939088038881,10.152931067802426,0.002254666643210471,0.0012226411153094983,6.065251977728793e-06,0.0034833730104976974,0.03984094583178499,20.0,-0.18827043312001113,43.36838205997512,138.59390610751066,132.84141824346403,2.0549309021237248,2.017968706906599,2.6409919797635446,0.9999988608919737,0.5453374766400919,0.15113571002685963,j,DMNT,41,4,4,4,2.12,0.61,10.5,14.25,18.0,3.75,3.75
21.10423005704024,1.2092302830683406,1.2092279422800565,3.2641588444037812,49.975040013299875,5.740485726091032,4.822990981747547,6.840959688654146,55.19972434461706,9.75378286976562,7.511939088038881,10.152931067802426,0.0017677096063414472,0.0007974690214442364,2.1606323369961833e-06,0.00256733926012268,1.0115447358633203,20.5,1.708976255227492,43.36838205997512,138.59390610751066,132.84141824346403,2.0549309021237248,2.017968706906599,2.6409919797635446,0.9999988608919737,0.5453374766400919,0.15113571002685963,j,DMNT,41,4,4,4,2.12,0.61,10.5,14.25,18.0,3.75,3.75
21.10423005704024,1.2092302830683406,1.2092279422800565,3.2641588444037812,49.975040013299875,5.740485726091032,4.822990981747547,6.840959688654146,55.19972434461706,9.75378286976562,7.511939088038881,10.152931067802426,0.0013859242825849838,0.0005197088856040569,7.632999357245655e-07,0.0019063964681247654,0.5791892958314913,21.0,1.5355079746205624,43.36838205997512,138.59390610751066,132.84141824346403,2.0549309021237248,2.017968706906599,2.6409919797635446,0.9999988608919737,0.5453374766400919,0.15113571002685963,j,DMNT,41,4,4,4,2.12,0.61,10.5,14.25,18.0,3.75,3.75
21.10423005704024,1.2092302830683406,1.2092279422800565,3.2641588444037812,49.975040013299875,5.740485726091032,4.822990981747547,6.840959688654146,55.19972434461706,9.75378286976562,7.511939088038881,10.152931067802426,0.0010865959594104746,0.00033842340959688426,2.675810373650206e-07,0.0014252869500447239,0.8690219899880646,21.5,0.5462741573731289,43.36838205997512,138.59390610751066,132.84141824346403,2.0549309021237248,2.017968706906599,2.6409919797635446,0.9999988608919737,0.5453374766400919,0.15113571002685963,j,DMNT,41,4,4,4,2.12,0.61,10.5,14.25,18.0,3.75,3.75
21.10423005704024,1.2092302830683406,1.2092279422800565,3.2641588444037812,49.975040013299875,5.740485726091032,4.822990981747547,6.840959688654146,55.19972434461706,9.75378286976562,7.511939088038881,10.152931067802426,0.0008519157886375075,0.00022020898449761966,9.313155449072557e-08,0.0010722179046896178,1.0511189424534848,22.0,1.7909499618712807,43.36838205997512,138.59390610751066,132.84141824346403,2.0549309021237248,2.017968706906599,2.6409919797635446,0.9999988608919737,0.5453374766400919,0.15113571002685963,j,DMNT,41,4,4,4,2.12,0.61,10.5,14.25,18.0,3.75,3.75
21.10423005704024,1.2092302830683406,1.2092279422800565,3.2641588444037812,49.975040013299875,5.740485726091032,4.822990981747547,6.840959688654146,55.19972434461706,9.75378286976562,7.511939088038881,10.152931067802426,0.0006679212306710034,0.00014318672082242896,3.219818909210009e-08,0.0008111401496825244,0.672629708370214,22.5,0.9922068060021587,43.36838205997512,138.59390610751066,132.84141824346403,2.0549309021237248,2.017968706906599,2.6409919797635446,0.9999988608919737,0.5453374766400919,0.15113571002685963,j,DMNT,41,4,4,4,2.12,0.61,10.5,14.25,18.0,3.75,3.75
21.3301845194371,2.2867807021091817,0.0,2.551363582842317,37.013250935641594,5.848305877526882,3.75,6.413512475323383,59.320240014823334,9.746000016316563,7.5,10.212820337350127,7.024788437164183e-88,7.620378635907023e-53,1.1271529441488818e-75,7.620378635907023e-53,0.3228205423088276,-1.0,-0.4737041906543035,41.9916726941452,103.32624472826711,154.9116408607165,2.551363582842317,2.663512475323383,2.712820337350127,0.10370253871789599,0.21220347305783804,0.1720793355189724,j,DMNT,43,4,4,4,2.4,0.67,10.5,14.25,18.0,3.75,3.75
21.3301845194371,2.2867807021091817,0.0,2.551363582842317,37.013250935641594,5.848305877526882,3.75,6.413512475323383,59.320240014823334,9.746000016316563,7.5,10.212820337350127,1.5649250810159808e-86,4.669367364382081e-51,5.731824731425936e-74,4.669367364382081e-51,-0.4464569142506074,-0.5,-1.3039717759681186,41.9916726941452,103.32624472826711,154.9116408607165,2.551363582842317,2.663512475323383,2.712820337350127,0.10370253871789599,0.21220347305783804,0.1720793355189724,j,DMNT,43,4,4,4,2.4,0.67,10.5,14.25,18.0,3.75,3.75
21.3301845194371,2.2867807021091817,0.0,2.551363582842317,37.013250935641594,5.848305877526882,3.75,6.413512475323383,59.320240014823334,9.746000016316563,7.5,10.212820337350127,1.7665950865728105e-85,2.8611428152429768e-49,2.914761028867644e-72,2.8611428152429768e-49,0.21574615032968558,0.0,0.6430034583609874,41.9916726941452,103.32624472826711,154.9116408607165,2.551363582842317,2.663512475323383,2.712820337350127,0.10370253871789599,0.21220347305783804,0.1720793355189724,j,DMNT,43,4,4,4,2.4,0.67,10.5,14.25,18.0,3.75,3.75
21.3301845194371,2.2867807021091817,0.0,2.551363582842317,37.013250935641594,5.848305877526882,3.75,6.413512475323383,59.320240014823334,9.746000016316563,7.5,10.212820337350127,0.035677797063549205,1.7531578842265183e-47,1.482221151813205e-70,0.035677797063549205,0.2695531145197255,0.5,-0.941641924464996,41.9916726941452,103.32624472826711,154.9116408607165,2.551363582842317,2.663512475323383,2.712820337350127,0.10370253871789599,0.21220347305783804,0.1720793355189724,j,DMNT,43,4,4,4,2.4,0.67,10.5,14.25,18.0,3.75,3.75
21.3301845194371,2.2867807021091817,0.0,2.551363582842317,37.013250935641594,5.848305877526882,3.75,6.413512475323383,59.320240014823334,9.746000016316563,7.5,10.212820337350127,2.169557804119882,1.0742429740478123e-45,7.537425954044572e-69,2.169557804119882,1.56692634648631,1.0,2.1821915914407186,41.9916726941452,103.32624472826711,154.9116408607165,2.551363582842317,2.663512475323383,2.712820337350127,0.10370253871789599,0.21220347305783804,0.1720793355189724,j,DMNT,43,4,4,4,2.4,0.67,10.5,14.25,18.0,3.75,3.75
21.3301845194371,2.2867807021091817,0.0,2.551363582842317,37.013250935641594,5.848305877526882,3.75,6.413512475323383,59.320240014823334,9.746000016316563,7.5,10.212820337350127,10.905010683342175,6.582396129186069e-44,3.8329496204534326e-67,10.905010683342175,10.761088234010229,1.5,12.25675359031364,41.9916726941452,103.32624472826711,154.9116408607165,2.551363582842317,2.663512475323383,2.712820337350127,0.10370253871789599,0.21220347305783804,0.1720793355189724,j,DMNT,43,4,4,4,2.4,0.67,10.5,14.25,18.0,3.75,3.75
21.3301845194371,2.2867807021091817,0.0,2.551363582842317,37.013250935641594,5.848305877526882,3.75,6.413512475323383,59.320240014823334,9.746000016316563,7.5,10.212820337350127,19.803959441333724,4.0333461586357116e-42,1.9491405796233027e-65,19.803959441333724,13.294537110050785,2.0,17.445148834305474,41.9916726941452,103.32624472826711,154.9116408607165,2.551363582842317,2.663512475323383,2.712820337350127,0.10370253871789599,0.21220347305783804,0.1720793355189724,j,DMNT,43,4,4,4,2.4,0.67,10.5,14.25,18.0,3.75,3.75
21.3301845194371,2.2867807021091817,0.0,2.551363582842317,37.013250935641594,5.848305877526882,3.75,6.413512475323383,59.320240014823334,9.746000016316563,7.5,10.212820337350127,20.588586898201054,2.4714133129944375e-40,9.91181563895645e-64,20.588586898201054,19.685431894813,2.5,22.683612799837242,41.9916726941452,103.32624472826711,154.9116408607165,2.551363582842317,2.663512475323383,2.712820337350127,0.10370253871789599,0.21220347305783804,0.1720793355189724,j,DMNT,43,4,4,4,2.4,0.67,10.5,14.25,18.0,3.75,3.75
21.3301845194371,2.2867807021091817,0.0,2.551363582842317,37.013250935641594,5.848305877526882,3.75,6.413512475323383,59.320240014823334,9.746000016316563,7.5,10.212820337350127,15.040834401551127,1.5135206752532569e-38,5.040379862167181e-62,15.040834401551127,12.112875135884675,3.0,14.514913420384573,41.9916726941452,103.32624472826711,154.9116408607165,2.551363582842317,2.663512475323383,2.712820337350127,0.10370253871789599,0.21220347305783804,0.1720793355189724,j,DMNT,43,4,4,4,2.4,0.67,10.5,14.25,18.0,3.75,3.75
21.3301845194371,2.2867807021091817,0.0,2.551363582842317,37.013250935641594,5.848305877526882,3.75,6.413512475323383,59.320240014823334,9.746000016316563,7.5,10.212820337350127,4.127454982145477,0.33439016293420043,1.3034169736412966e-58,4.461845145079677,7.731896654302875,4.0,3.607469768608727,41.9916726941452,103.32624472826711,154.9116408607165,2.551363582842317,2.663512475323383,2.712820337350127,0.10370253871789599,0.21220347305783804,0.1720793355189724,j,DMNT,43,4,4,4,2.4,0.67,10.5,14.25,18.0,3.75,3.75
21.3301845194371,2.2867807021091817,0.0,2.551363582842317,37.013250935641594,5.848305877526882,3.75,6.413512475323383,59.320240014823334,9.746000016316563,7.5,10.212820337350127,1.7261417021522527,8.818130857922233,6.628166730752022e-57,10.544272560074486,7.48046887269431,4.5,10.600562620138824,41.9916726941452,103.32624472826711,154.9116408607165,2.551363582842317,2.663512475323383,2.712820337350127,0.10370253871789599,0.21220347305783804,0.1720793355189724,j,DMNT,43,4,4,4,2.4,0.67,10.5,14.25,18.0,3.75,3.75
21.3301845194371,2.2867807021091817,0.0,2.551363582842317,37.013250935641594,5.848305877526882,3.75,6.413512475323383,59.320240014823334,9.746000016316563,7.5,10.212820337350127,0.6483977069545903,24.26768518336404,3.370570976018021e-55,24.91608289031863,23.633021667972216,5.0,25.322122245378043,41.9916726941452,103.32624472826711,154.9116408607165,2.551363582842317,2.663512475323383,2.712820337350127,0.10370253871789599,0.21220347305783804,0.1720793355189724,j,DMNT,43,4,4,4,2.4,0.67,10.5,14.25,18.0,3.75,3.75
21.3301845194371,2.2867807021091817,0.0,2.551363582842317,37.013250935641594,5.848305877526882,3.75,6.413512475323383,59.320240014823334,9.746000016316563,7.5,10.212820337350127,0.07157666756046677,36.67217311322019,8.716124969336802e-52,36.743749780780654,39.96640923959364,6.0,35.306007309178035,41.9916726941452,103.32624472826711,154.9116408607165,2.551363582842317,2.663512475323383,2.712820337350127,0.10370253871789599,0.21220347305783804,0.1720793355189724,j,DMNT,43,4,4,4,2.4,0.67,10.5,14.25,18.0,3.75,3.75
21.3301845194371,2.2867807021091817,0.0,2.551363582842317,37.013250935641594,5.848305877526882,3.75,6.413512475323383,59.320240014823334,9.746000016316563,7.5,10.212820337350127,0.02160248804118578,31.892393596399273,4.432144560059396e-50,31.91399608444046,36.99102312159729,6.5,32.25997976012049,41.9916726941452,103.32624472826711,154.9116408607165,2.551363582842317,2.663512475323383,2.712820337350127,0.10370253871789599,0.21220347305783804,0.1720793355189724,j,DMNT,43,4,4,4,2.4,0.67,10.5,14.25,18.0,3.75,3.75
21.3301845194371,2.2867807021091817,0.0,2.551363582842317,37.013250935641594,5.848305877526882,3.75,6.413512475323383,59.320240014823334,9.746000016316563,7.5,10.212820337350127,0.0061938330477923145,24.48147153189742,2.238861596905491e-48,24.48766536494521,29.510398548926318,7.0,28.99333727225654,41.9916726941452,103.32624472826711,154.9116408607165,2.551363582842317,2.663512475323383,2.712820337350127,0.10370253871789599,0.21220347305783804,0.1720793355189724,j,DMNT,43,4,4,4,2.4,0.67,10.5,14.25,18.0,3.75,3.75
21.3301845194371,2.2867807021091817,0.0,2.551363582842317,37.013250935641594,5.848305877526882,3.75,6.413512475323383,59.320240014823334,9.746000016316563,7.5,10.212820337350127,0.001699085425114227,17.193651078584928,5.730912033936277e-47,17.19535016401004,16.904893579769578,7.5,10.803183452064804,41.9916726941452,103.32624472826711,154.9116408607165,2.551363582842317,2.663512475323383,2.712820337350127,0.10370253871789599,0.21220347305783804,0.1720793355189724,j,DMNT,43,4,4,4,2.4,0.67,10.5,14.25,18.0,3.75,3.75
21.3301845194371,2.2867807021091817,0.0,2.551363582842317,37.013250935641594,5.848305877526882,3.75,6.413512475323383,59.320240014823334,9.746000016316563,7.5,10.212820337350127,0.00044848830149348646,11.297380141562178,1.801223717299397,13.099052347163068,16.94792219563731,8.0,16.55800193935402,41.9916726941452,103.32624472826711,154.9116408607165,2.551363582842317,2.663512475323383,2.712820337350127,0.10370253871789599,0.21220347305783804,0.1720793355189724,j,DMNT,43,4,4,4,2.4,0.67,10.5,14.25,18.0,3.75,3.75
21.3301845194371,2.2867807021091817,0.0,2.551363582842317,37.013250935641594,5.848305877526882,3.75,6.413512475323383,59.320240014823334,9.746000016316563,7.5,10.212820337350127,0.00011444474136407457,7.048812042939148,17.44373653345677,24.492663021137282,23.77662325408146,8.5,23.550292097029075,41.9916726941452,103.32624472826711,154.9116408607165,2.551363582842317,2.663512475323383,2.712820337350127,0.10370253871789599,0.21220347305783804,0.1720793355189724,j,DMNT,43,4,4,4,2.4,0.67,10.5,14.25,18.0,3.75,3.75
21.3301845194371,2.2867807021091817,0.0,2.551363582842317,37.013250935641594,5.848305877526882,3.75,6.413512475323383,59.320240014823334,9.746000016316563,7.5,10.212820337350127,2.834195691644628e-05,4.219777823964969,42.04553363914781,46.2653398050697,47.057950154858844,9.0,45.824417094799415,41.9916726941452,103.32624472826711,154.9116408607165,2.551363582842317,2.663512475323383,2.712820337350127,0.10370253871789599,0.21220347305783804,0.1720793355189724,j,DMNT,43,4,4,4,2.4,0.67,10.5,14.25,18.0,3.75,3.75
21.3301845194371,2.2867807021091817,0.0,2.551363582842317,37.013250935641594,5.848305877526882,3.75,6.413512475323383,59.320240014823334,9.746000016316563,7.5,10.212820337350127,6.833776148341149e-06,2.4421507988394118,57.50055232077838,59.942709953393944,57.02653570151934,9.5,58.08771466268107,41.9916726941452,103.32624472826711,154.9116408607165,2.551363582842317,2.663512475323383,2.712820337350127,0.10370253871789599,0.21220347305783804,0.1720793355189724,j,DMNT,43,4,4,4,2.4,0.67,10.5,14.25,18.0,3.75,3.75
21.3301845194371,2.2867807021091817,0.0,2.551363582842317,37.013250935641594,5.848305877526882,3.75,6.413512475323383,59.320240014823334,9.746000016316563,7.5,10.212820337350127,1.6087163415757927e-06,1.374098098269746,57.646134540791664,59.02023424777775,59.91925652043408,10.0,64.98686600060144,41.9916726941452,103.32624472826711,154.9116408607165,2.551363582842317,2.663512475323383,2.712820337350127,0.10370253871789599,0.21220347305783804,0.1720793355189724,j,DMNT,43,4,4,4,2.4,0.67,10.5,14.25,18.0,3.75,3.75
21.3301845194371,2.2867807021091817,0.0,2.551363582842317,37.013250935641594,5.848305877526882,3.75,6.413512475323383,59.320240014823334,9.746000016316563,7.5,10.212820337350127,3.7059748539112083e-07,0.7549377066291124,47.486529043430174,48.24146712065677,46.597126696485525,10.5,46.844554981852895,41.9916726941452,103.32624472826711,154.9116408607165,2.551363582842317,2.663512475323383,2.712820337350127,0.10370253871789599,0.21220347305783804,0.1720793355189724,j,DMNT,43,4,4,4,2.4,0.67,10.5,14.25,18.0,3.75,3.75
21.3301845194371,2.2867807021091817,0.0,2.551363582842317,37.013250935641594,5.848305877526882,3.75,6.413512475323383,59.320240014823334,9.746000016316563,7.5,10.212820337350127,8.371518687586695e-08,0.40638109551884716,34.15917334470169,34.565554523935724,30.797049337675713,11.0,28.30405774069476,41.9916726941452,103.32624472826711,154.9116408607165,2.551363582842317,2.663512475323383,2.712820337350127,0.10370253871789599,0.21220347305783804,0.1720793355189724,j,DMNT,43,4,4,4,2.4,0.67,10.5,14.25,18.0,3.75,3.75
21.3301845194371,2.2867807021091817,0.0,2.551363582842317,37.013250935641594,5.848305877526882,3.75,6.413512475323383,59.320240014823334,9.746000016316563,7.5,10.212820337350127,1.8575591648702538e-08,0.21491616926229512,22.251540591123796,22.466456778961682,21.707339744748403,11.5,23.212965140824235,41.9916726941452,103.32624472826711,154.9116408607165,2.551363582842317,2.663512475323383,2.712820337350127,0.10370253871789599,0.21220347305783804,0.1720793355189724,j,DMNT,43,4,4,4,2.4,0.67,10.5,14.25,18.0,3.75,3.75
21.3301845194371,2.2867807021091817,0.0,2.551363582842317,37.013250935641594,5.848305877526882,3.75,6.413512475323383,59.320240014823334,9.746000016316563,7.5,10.212820337350127,4.054886542908503e-09,0.11191279778941228,13.437128760850019,13.549041562694319,13.807897661131134,12.0,15.32462397532576,41.9916726941452,103.32624472826711,154.9116408607165,2.551363582842317,2.663512475323383,2.712820337350127,0.10370253871789599,0.21220347305783804,0.1720793355189724,j,DMNT,43,4,4,4,2.4,0.67,10.5,14.25,18.0,3.75,3.75
21.3301845194371,2.2867807021091817,0.0,2.551363582842317,37.013250935641594,5.848305877526882,3.75,6.413512475323383,59.320240014823334,9.746000016316563,7.5,10.212820337350127,8.719517270288928e-10,0.05748537668037657,7.643563913416906,7.701049290969234,8.292464925048222,12.5,9.055835298293271,41.9916726941452,103.32624472826711,154.9116408607165,2.551363582842317,2.663512475323383,2.712820337350127,0.10370253871789599,0.21220347305783804,0.1720793355189724,j,DMNT,43,4,4,4,2.4,0.67,10.5,14.25,18.0,3.75,3.75
21.3301845194371,2.2867807021091817,0.0,2.551363582842317,37.013250935641594,5.848305877526882,3.75,6.413512475323383,59.320240014823334,9.746000016316563,7.5,10.212820337350127,1.8492499690975816e-10,0.02917170024351187,4.142714968091447,4.171886668519884,6.587587748381798,13.0,8.729903330369629,41.9916726941452,103.32624472826711,154.9116408607165,2.551363582842317,2.663512475323383,2.712820337350127,0.10370253871789599,0.21220347305783804,0.1720793355189724,j,DMNT,43,4,4,4,2.4,0.67,10.5,14.25,18.0,3.75,3.75
21.3301845194371,2.2867807021091817,0.0,2.551363582842317,37.013250935641594,5.848305877526882,3.75,6.413512475323383,59.320240014823334,9.746000016316563,7.5,10.212820337350127,3.872059620519406e-11,0.014643615709422925,2.1574154261502074,2.172059041898351,4.269301712035709,13.5,2.5380809804468383,41.9916726941452,103.32624472826711,154.9116408607165,2.551363582842317,2.663512475323383,2.712820337350127,0.10370253871789599,0.21220347305783804,0.1720793355189724,j,DMNT,43,4,4,4,2.4,0.67,10.5,14.25,18.0,3.75,3.75
21.3301845194371,2.2867807021091817,0.0,2.551363582842317,37.013250935641594,5.848305877526882,3.75,6.413512475323383,59.320240014823334,9.746000016316563,7.5,10.212820337350127,8.01190804638521e-12,0.007279293215568025,1.0864791751126546,1.0937584683362345,2.84636112029257,14.0,2.504213499904931,41.9916726941452,103.32624472826711,154.9116408607165,2.551363582842317,2.663512475323383,2.712820337350127,0.10370253871789599,0.21220347305783804,0.1720793355189724,j,DMNT,43,4,4,4,2.4,0.67,10.5,14.25,18.0,3.75,3.75
21.3301845194371,2.2867807021091817,0.0,2.551363582842317,37.013250935641594,5.848305877526882,3.75,6.413512475323383,59.320240014823334,9.746000016316563,7.5,10.212820337350127,1.6396044012414324e-12,0.0035866500593118578,0.5317510400504409,0.5353376901113924,1.1037789841985268,14.5,-1.3081456052036926,41.9916726941452,103.32624472826711,154.9116408607165,2.551363582842317,2.663512475323383,2.712820337350127,0.10370253871789599,0.21220347305783804,0.1720793355189724,j,DMNT,43,4,4,4,2.4,0.67,10.5,14.25,18.0,3.75,3.75
21.3301845194371,2.2867807021091817,0.0,2.551363582842317,37.013250935641594,5.848305877526882,3.75,6.413512475323383,59.320240014823334,9.746000016316563,7.5,10.212820337350127,3.321056699587916e-13,0.0017530612092032827,0.25392603950220377,0.25567910071173916,1.1822392062666944,15.0,1.682460140565471,41.9916726941452,103.32624472826711,154.9116408607165,2.551363582842317,2.663512475323383,2.712820337350127,0.10370253871789599,0.21220347305783804,0.1720793355189724,j,DMNT,43,4,4,4,2.4,0.67,10.5,14.25,18.0,3.75,3.75
21.3301845194371,2.2867807021091817,0.0,2.551363582842317,37.013250935641594,5.848305877526882,3.75,6.413512475323383,59.320240014823334,9.746000016316563,7.5,10.212820337350127,6.662550722007972e-14,0.0008505840102869562,0.11868578959415789,0.11953637360451147,2.203523720133118,15.5,1.3777893540382904,41.9916726941452,103.32624472826711,154.9116408607165,2.551363582842317,2.663512475323383,2.712820337350127,0.10370253871789599,0.21220347305783804,0.1720793355189724,j,DMNT,43,4,4,4,2.4,0.67,10.5,14.25,18.0,3.75,3.75
21.3301845194371,2.2867807021091817,0.0,2.551363582842317,37.013250935641594,5.848305877526882,3.75,6.413512475323383,59.320240014823334,9.746000016316563,7.5,10.212820337350127,1.3246367800301739e-14,0.00040993518050464085,0.05443924314683083,0.054849178327348716,1.2272322769310038,16.0,1.3656921537468056,41.9916726941452,103.32624472826711,154.9116408607165,2.551363582842317,2.663512475323383,2.712820337350127,0.10370253871789599,0.21220347305783804,0.1720793355189724,j,DMNT,43,4,4,4,2.4,0.67,10.5,14.25,18.0,3.75,3.75
21.3301845194371,2.2867807021091817,0.0,2.551363582842317,37.013250935641594,5.848305877526882,3.75,6.413512475323383,59.320240014823334,9.746000016316563,7.5,10.212820337350127,2.611473855873375e-15,0.00019634727571491272,0.024557421253501216,0.02475376852921874,0.897754717956589,16.5,2.0183294461599823,41.9916726941452,103.32624472826711,154.9116408607165,2.551363582842317,2.663512475323383,2.712820337350127,0.10370253871789599,0.21220347305783804,0.1720793355189724,j,DMNT,43,4,4,4,2.4,0.67,10.5,14.25,18.0,3.75,3.75
21.3301845194371,2.2867807021091817,0.0,2.551363582842317,37.013250935641594,5.848305877526882,3.75,6.413512475323383,59.320240014823334,9.746000016316563,7.5,10.212820337350127,5.107709005534149e-16,9.350894394063903e-05,0.010914261770459566,0.011007770714400716,0.44618988576487184,17.0,-0.7269038327681562,41.9916726941452,103.32624472826711,154.9116408607165,2.551363582842317,2.663512475323383,2.712820337350127,0.10370253871789599,0.21220347305783804,0.1720793355189724,j,DMNT,43,4,4,4,2.4,0.67,10.5,14.25,18.0,3.75,3.75
21.3301845194371,2.2867807021091817,0.0,2.551363582842317,37.013250935641594,5.848305877526882,3.75,6.413512475323383,59.320240014823334,9.746000016316563,7.5,10.212820337350127,9.915580711348422e-17,4.42979758649394e-05,0.0047864092090688475,0.004830707184933886,0.530002615430555,17.5,-0.5790641428398144,41.9916726941452,103.32624472826711,154.9116408607165,2.551363582842317,2.663512475323383,2.712820337350127,0.10370253871789599,0.21220347305783804,0.1720793355189724,j,DMNT,43,4,4,4,2.4,0.67,10.5,14.25,18.0,3.75,3.75
21.3301845194371,2.2867807021091817,0.0,2.551363582842317,37.013250935641594,5.848305877526882,3.75,6.413512475323383,59.320240014823334,9.746000016316563,7.5,10.212820337350127,1.9113699455111546e-17,2.088243961396086e-05,0.0020739341892815955,0.0020948166288955756,0.12276627346950542,18.0,0.696295003617216,41.9916726941452,103.32624472826711,154.9116408607165,2.551363582842317,2.663512475323383,2.712820337350127,0.10370253871789599,0.21220347305783804,0.1720793355189724,j,DMNT,43,4,4,4,2.4,0.67,10.5,14.25,18.0,3.75,3.75
21.3301845194371,2.2867807021091817,0.0,2.551363582842317,37.013250935641594,5.848305877526882,3.75,6.413512475323383,59.320240014823334,9.746000016316563,7.5,10.212820337350127,3.659939812255669e-18,9.799239747525186e-06,0.0008888666670907379,0.0008986659068382667,1.070787888183095,18.5,1.0550486841873303,41.9916726941452,103.32624472826711,154.9116408607165,2.551363582842317,2.663512475323383,2.712820337350127,0.10370253871789599,0.21220347305783804,0.1720793355189724,j,DMNT,43,4,4,4,2.4,0.67,10.5,14.25,18.0,3.75,3.75
21.3301845194371,2.2867807021091817,0.0,2.551363582842317,37.013250935641594,5.848305877526882,3.75,6.413512475323383,59.320240014823334,9.746000016316563,7.5,10.212820337350127,6.964024374812556e-19,4.5787800382559665e-06,0.00037718692989504216,0.00038176570993329884,0.957418221781661,19.0,2.4692289074902596,41.9916726941452,103.32624472826711,154.9116408607165,2.551363582842317,2.663512475323383,2.712820337350127,0.10370253871789599,0.21220347305783804,0.1720793355189724,j,DMNT,43,4,4,4,2.4,0.67,10.5,14.25,18.0,3.75,3.75
21.3301845194371,2.2867807021091817,0.0,2.551363582842317,37.013250935641594,5.848305877526882,3.75,6.413512475323383,59.320240014823334,9.746000016316563,7.5,10.212820337350127,1.3171834960524204e-19,2.1309490006331454e-06,0.00015860723321442155,0.00016073818221505482,0.6796177762807707,19.5,1.9855974023294891,41.9916726941452,103.32624472826711,154.9116408607165,2.551363582842317,2.663512475323383,2.712820337350127,0.10370253871789599,0.21220347305783804,0.1720793355189724,j,DMNT,43,4,4,4,2.4,0.67,10.5,14.25,18.0,3.75,3.75
21.3301845194371,2.2867807021091817,0.0,2.551363582842317,37.013250935641594,5.848305877526882,3.75,6.413512475323383,59.320240014823334,9.746000016316563,7.5,10.212820337350127,2.4772145480847708e-20,9.880311087479223e-07,6.613914405459617e-05,6.712717516334411e-05,-0.016056874223844275,20.0,0.10517779974216435,41.9916726941452,103.32624472826711,154.9116408607165,2.551363582842317,2.663512475323383,2.712820337350127,0.10370253871789599,0.21220347305783804,0.1720793355189724,j,DMNT,43,4,4,4,2.4,0.67,10.5,14.25,18.0,3.75,3.75
21.3301845194371,2.2867807021091817,0.0,2.551363582842317,37.013250935641594,5.848305877526882,3.75,6.413512475323383,59.320240014823334,9.746000016316563,7.5,10.212820337350127,4.633767451472591e-21,4.5650025097478097e-07,2.7368327536126916e-05,2.7824827787101702e-05,0.9885452163364608,20.5,1.455555743660609,41.9916726941452,103.32624472826711,154.9116408607165,2.551363582842317,2.663512475323383,2.712820337350127,0.10370253871789599,0.21220347305783804,0.1720793355189724,j,DMNT,43,4,4,4,2.4,0.67,10.5,14.25,18.0,3.75,3.75
21.3301845194371,2.2867807021091817,0.0,2.551363582842317,37.013250935641594,5.848305877526882,3.75,6.413512475323383,59.320240014823334,9.746000016316563,7.5,10.212820337350127,8.623255043500972e-22,2.1022004004113899e-07,1.124461702671375e-05,1.1454837066754889e-05,0.5228477511864298,21.0,-0.04124787885985137,41.9916726941452,103.32624472826711,154.9116408607165,2.551363582842317,2.663512475323383,2.712820337350127,0.10370253871789599,0.21220347305783804,0.1720793355189724,j,DMNT,43,4,4,4,2.4,0.67,10.5,14.25,18.0,3.75,3.75
21.3301845194371,2.2867807021091817,0.0,2.551363582842317,37.013250935641594,5.848305877526882,3.75,6.413512475323383,59.320240014823334,9.746000016316563,7.5,10.212820337350127,1.596907414747716e-22,9.650549651336948e-08,4.589578928731938e-06,4.686084425245308e-06,0.8911468778655623,21.5,1.0097121899991308,41.9916726941452,103.32624472826711,154.9116408607165,2.551363582842317,2.663512475323383,2.712820337350127,0.10370253871789599,0.21220347305783804,0.1720793355189724,j,DMNT,43,4,4,4,2.4,0.67,10.5,14.25,18.0,3.75,3.75
21.3301845194371,2.2867807021091817,0.0,2.551363582842317,37.013250935641594,5.848305877526882,3.75,6.413512475323383,59.320240014823334,9.746000016316563,7.5,10.212820337350127,2.9434565441655676e-23,4.41723116118701e-08,1.8618047143192785e-06,1.9059770259311486e-06,1.072541181591391,22.0,1.1157387320874268,41.9916726941452,103.32624472826711,154.9116408607165,2.551363582842317,2.663512475323383,2.712820337350127,0.10370253871789599,0.21220347305783804,0.1720793355189724,j,DMNT,43,4,4,4,2.4,0.67,10.5,14.25,18.0,3.75,3.75
21.3301845194371,2.2867807021091817,0.0,2.551363582842317,37.013250935641594,5.848305877526882,3.75,6.413512475323383,59.320240014823334,9.746000016316563,7.5,10.212820337350127,5.4012736344916485e-24,2.016218253080456e-08,7.509471557427524e-07,7.71109338273557e-07,0.5856848565774073,22.5,0.9983115756381717,41.9916726941452,103.32624472826711,154.9116408607165,2.551363582842317,2.663512475323383,2.712820337350127,0.10370253871789599,0.21220347305783804,0.1720793355189724,j,DMNT,43,4,4,4,2.4,0.67,10.5,14.25,18.0,3.75,3.75
21.98012110803374,1.1950877955736934,1.1950875301398796,6.779836069654017,42.99266056254776,6.025286636991931,4.381872302949682,6.779836069653973,92.753241873809,9.605865459461963,8.026020428880189,10.191135612403254,9.540816460352221e-09,1.1318162976951172e-40,1.2830600015726696e-57,9.540816460352221e-09,0.12708966373478625,-1.0,1.513637091751559,122.75354426591069,124.65442201068504,230.54342280077182,5.584748539514138,2.397963766704291,2.1651151835230653,0.9999999524716625,0.3146625662735006,0.27031825253238595,j,DMNT,59,4,4,4,2.69,0.76,10.5,14.25,18.0,3.75,3.75
21.98012110803374,1.1950877955736934,1.1950875301398796,6.779836069654017,42.99266056254776,6.025286636991931,4.381872302949682,6.779836069653973,92.753241873809,9.605865459461963,8.026020428880189,10.191135612403254,1.2947196593407848e-06,8.658932816503581e-39,8.103989100924456e-56,1.2947196593407848e-06,-0.526348000557106,-0.5,0.9252418646420032,122.75354426591069,124.65442201068504,230.54342280077182,5.584748539514138,2.397963766704291,2.1651151835230653,0.9999999524716625,0.3146625662735006,0.27031825253238595,j,DMNT,59,4,4,4,2.69,0.76,10.5,14.25,18.0,3.75,3.75
21.98012110803374,1.1950877955736934,1.1950875301398796,6.779836069654017,42.99266056254776,6.025286636991931,4.381872302949682,6.779836069653973,92.753241873809,9.605865459461963,8.026020428880189,10.191135612403254,0.00017569652770063786,6.624495306650868e-37,5.1185945526634595e-54,0.00017569652770063786,0.447458869634602,0.0,1.4680541674528076,122.75354426591069,124.65442201068504,230.54342280077182,5.584748539514138,2.397963766704291,2.1651151835230653,0.9999999524716625,0.3146625662735006,0.27031825253238595,j,DMNT,59,4,4,4,2.69,0.76,10.5,14.25,18.0,3.75,3.75
21.98012110803374,1.1950877955736934,1.1950875301398796,6.779836069654017,42.99266056254776,6.025286636991931,4.381872302949682,6.779836069653973,92.753241873809,9.605865459461963,8.026020428880189,10.191135612403254,0.023819927466520518,5.068053881212516e-35,3.232976978160947e-52,0.023819927466520518,0.16569508325645238,0.5,1.4123069715873904,122.75354426591069,124.65442201068504,230.54342280077182,5.584748539514138,2.397963766704291,2.1651151835230653,0.9999999524716625,0.3146625662735006,0.27031825253238595,j,DMNT,59,4,4,4,2.69,0.76,10.5,14.25,18.0,3.75,3.75
21.98012110803374,1.1950877955736934,1.1950875301398796,6.779836069654017,42.99266056254776,6.025286636991931,4.381872302949682,6.779836069653973,92.753241873809,9.605865459461963,8.026020428880189,10.191135612403254,2.8328490389015584,3.877302187396186e-33,2.0419941516719505e-50,2.8328490389015584,2.0075386487598803,1.0,1.8484113184976123,122.75354426591069,124.65442201068504,230.54342280077182,5.584748539514138,2.397963766704291,2.1651151835230653,0.9999999524716625,0.3146625662735006,0.27031825253238595,j,DMNT,59,4,4,4,2.69,0.76,10.5,14.25,18.0,3.75,3.75
21.98012110803374,1.1950877955736934,1.1950875301398796,6.779836069654017,42.99266056254776,6.025286636991931,4.381872302949682,6.779836069653973,92.753241873809,9.605865459461963,8.026020428880189,10.191135612403254,19.870387067287094,2.9663205255398798e-31,1.289752492402337e-48,19.870387067287094,16.614859950878213,1.5,22.05522389531242,122.75354426591069,124.65442201068504,230.54342280077182,5.584748539514138,2.397963766704291,2.1651151835230653,0.9999999524716625,0.3146625662735006,0.27031825253238595,j,DMNT,59,4,4,4,2.69,0.76,10.5,14.25,18.0,3.75,3.75
21.98012110803374,1.1950877955736934,1.1950875301398796,6.779836069654017,42.99266056254776,6.025286636991931,4.381872302949682,6.779836069653973,92.753241873809,9.605865459461963,8.026020428880189,10.191135612403254,19.023841016587202,2.2693762401210647e-29,8.14625982300695e-47,19.023841016587202,20.41892026299082,2.0,23.411900047226787,122.75354426591069,124.65442201068504,230.54342280077182,5.584748539514138,2.397963766704291,2.1651151835230653,0.9999999524716625,0.3146625662735006,0.27031825253238595,j,DMNT,59,4,4,4,2.69,0.76,10.5,14.25,18.0,3.75,3.75
21.98012110803374,1.1950877955736934,1.1950875301398796,6.779836069654017,42.99266056254776,6.025286636991931,4.381872302949682,6.779836069653973,92.753241873809,9.605865459461963,8.026020428880189,10.191135612403254,17.400181448632193,1.7361807130278524e-27,5.1452933407657203e-45,17.400181448632193,30.259444447988933,2.5,22.248675195720885,122.75354426591069,124.65442201068504,230.54342280077182,5.584748539514138,2.397963766704291,2.1651151835230653,0.9999999524716625,0.3146625662735006,0.27031825253238595,j,DMNT,59,4,4,4,2.69,0.76,10.5,14.25,18.0,3.75,3.75
21.98012110803374,1.1950877955736934,1.1950875301398796,6.779836069654017,42.99266056254776,6.025286636991931,4.381872302949682,6.779836069653973,92.753241873809,9.605865459461963,8.026020428880189,10.191135612403254,15.910085830861119,1.328259479719625e-25,3.249840311716931e-43,15.910085830861119,18.989351769150332,3.0,2.969511442036722,122.75354426591069,124.65442201068504,230.54342280077182,5.584748539514138,2.397963766704291,2.1651151835230653,0.9999999524716625,0.3146625662735006,0.27031825253238595,j,DMNT,59,4,4,4,2.69,0.76,10.5,14.25,18.0,3.75,3.75
21.98012110803374,1.1950877955736934,1.1950875301398796,6.779836069654017,42.99266056254776,6.025286636991931,4.381872302949682,6.779836069653973,92.753241873809,9.605865459461963,8.026020428880189,10.191135612403254,13.301730938421507,7.6072570121426475e-22,1.2964798915242492e-39,13.301730938421507,12.795724030782447,4.0,12.204700256413544,122.75354426591069,124.65442201068504,230.54342280077182,5.584748539514138,2.397963766704291,2.1651151835230653,0.9999999524716625,0.3146625662735006,0.27031825253238595,j,DMNT,59,4,4,4,2.69,0.76,10.5,14.25,18.0,3.75,3.75
21.98012110803374,1.1950877955736934,1.1950875301398796,6.779836069654017,42.99266056254776,6.025286636991931,4.381872302949682,6.779836069653973,92.753241873809,9.605865459461963,8.026020428880189,10.191135612403254,12.162587360657593,0.8030432111235659,8.188751030818538e-38,12.965630571781158,12.922962492878403,4.5,11.576430286767241,122.75354426591069,124.65442201068504,230.54342280077182,5.584748539514138,2.397963766704291,2.1651151835230653,0.9999999524716625,0.3146625662735006,0.27031825253238595,j,DMNT,59,4,4,4,2.69,0.76,10.5,14.25,18.0,3.75,3.75
21.98012110803374,1.1950877955736934,1.1950875301398796,6.779836069654017,42.99266056254776,6.025286636991931,4.381872302949682,6.779836069653973,92.753241873809,9.605865459461963,8.026020428880189,10.191135612403254,11.120998599922846,19.84665783119559,5.172131390783888e-36,30.967656431118435,39.099560660443764,5.0,32.002608312767954,122.75354426591069,124.65442201068504,230.54342280077182,5.584748539514138,2.397963766704291,2.1651151835230653,0.9999999524716625,0.3146625662735006,0.27031825253238595,j,DMNT,59,4,4,4,2.69,0.76,10.5,14.25,18.0,3.75,3.75
21.98012110803374,1.1950877955736934,1.1950875301398796,6.779836069654017,42.99266056254776,6.025286636991931,4.381872302949682,6.779836069653973,92.753241873809,9.605865459461963,8.026020428880189,10.191135612403254,9.297783123957391,42.98145856895309,2.063351946753294e-32,52.279241692910475,62.42802912104785,6.0,50.72967766250961,122.75354426591069,124.65442201068504,230.54342280077182,5.584748539514138,2.397963766704291,2.1651151835230653,0.9999999524716625,0.3146625662735006,0.27031825253238595,j,DMNT,59,4,4,4,2.69,0.76,10.5,14.25,18.0,3.75,3.75
21.98012110803374,1.1950877955736934,1.1950875301398796,6.779836069654017,42.99266056254776,6.025286636991931,4.381872302949682,6.779836069653973,92.753241873809,9.605865459461963,8.026020428880189,10.191135612403254,8.501532595977654,39.82831968928078,1.3032420736930984e-30,48.32985228525844,58.021307240276194,6.5,46.62060151919056,122.75354426591069,124.65442201068504,230.54342280077182,5.584748539514138,2.397963766704291,2.1651151835230653,0.9999999524716625,0.3146625662735006,0.27031825253238595,j,DMNT,59,4,4,4,2.69,0.76,10.5,14.25,18.0,3.75,3.75
21.98012110803374,1.1950877955736934,1.1950875301398796,6.779836069654017,42.99266056254776,6.025286636991931,4.381872302949682,6.779836069653973,92.753241873809,9.605865459461963,8.026020428880189,10.191135612403254,7.773471964901599,32.57383944224891,8.231175795308218e-29,40.347311407150514,46.1032794413791,7.0,45.504730235436085,122.75354426591069,124.65442201068504,230.54342280077182,5.584748539514138,2.397963766704291,2.1651151835230653,0.9999999524716625,0.3146625662735006,0.27031825253238595,j,DMNT,59,4,4,4,2.69,0.76,10.5,14.25,18.0,3.75,3.75
21.98012110803374,1.1950877955736934,1.1950875301398796,6.779836069654017,42.99266056254776,6.025286636991931,4.381872302949682,6.779836069653973,92.753241873809,9.605865459461963,8.026020428880189,10.191135612403254,7.107761534233734,24.569845716817788,5.172243536823121e-27,31.677607251051523,25.985653729813524,7.5,32.39780136820404,122.75354426591069,124.65442201068504,230.54342280077182,5.584748539514138,2.397963766704291,2.1651151835230653,0.9999999524716625,0.3146625662735006,0.27031825253238595,j,DMNT,59,4,4,4,2.69,0.76,10.5,14.25,18.0,3.75,3.75
21.98012110803374,1.1950877955736934,1.1950875301398796,6.779836069654017,42.99266056254776,6.025286636991931,4.381872302949682,6.779836069653973,92.753241873809,9.605865459461963,8.026020428880189,10.191135612403254,6.4990617114837335,17.510394807032927,1.8543352453627714e-25,24.00945651851666,26.174777709936656,8.0,19.67455136382259,122.75354426591069,124.65442201068504,230.54342280077182,5.584748539514138,2.397963766704291,2.1651151835230653,0.9999999524716625,0.3146625662735006,0.27031825253238595,j,DMNT,59,4,4,4,2.69,0.76,10.5,14.25,18.0,3.75,3.75
21.98012110803374,1.1950877955736934,1.1950875301398796,6.779836069654017,42.99266056254776,6.025286636991931,4.381872302949682,6.779836069653973,92.753241873809,9.605865459461963,8.026020428880189,10.191135612403254,5.942490179977602,11.966045467878311,23.592963600791855,41.50149924864777,37.244332980263316,8.5,41.994578904648996,122.75354426591069,124.65442201068504,230.54342280077182,5.584748539514138,2.397963766704291,2.1651151835230653,0.9999999524716625,0.3146625662735006,0.27031825253238595,j,DMNT,59,4,4,4,2.69,0.76,10.5,14.25,18.0,3.75,3.75
21.98012110803374,1.1950877955736934,1.1950875301398796,6.779836069654017,42.99266056254776,6.025286636991931,4.381872302949682,6.779836069653973,92.753241873809,9.605865459461963,8.026020428880189,10.191135612403254,5.433582738389875,7.916945715720853,70.76915323445188,84.11968168856261,74.98527844266614,9.0,83.0634070386792,122.75354426591069,124.65442201068504,230.54342280077182,5.584748539514138,2.397963766704291,2.1651151835230653,0.9999999524716625,0.3146625662735006,0.27031825253238595,j,DMNT,59,4,4,4,2.69,0.76,10.5,14.25,18.0,3.75,3.75
21.98012110803374,1.1950877955736934,1.1950875301398796,6.779836069654017,42.99266056254776,6.025286636991931,4.381872302949682,6.779836069653973,92.753241873809,9.605865459461963,8.026020428880189,10.191135612403254,4.968257493909578,5.105181906110169,92.16649275519082,102.23993215521057,89.82483673907493,9.5,102.5315244718764,122.75354426591069,124.65442201068504,230.54342280077182,5.584748539514138,2.397963766704291,2.1651151835230653,0.9999999524716625,0.3146625662735006,0.27031825253238595,j,DMNT,59,4,4,4,2.69,0.76,10.5,14.25,18.0,3.75,3.75
21.98012110803374,1.1950877955736934,1.1950875301398796,6.779836069654017,42.99266056254776,6.025286636991931,4.381872302949682,6.779836069653973,92.753241873809,9.605865459461963,8.026020428880189,10.191135612403254,4.542782121846006,3.2239926840779742,86.29141797816513,94.0581927840891,94.92413850089562,10.0,95.89972590529155,122.75354426591069,124.65442201068504,230.54342280077182,5.584748539514138,2.397963766704291,2.1651151835230653,0.9999999524716625,0.3146625662735006,0.27031825253238595,j,DMNT,59,4,4,4,2.69,0.76,10.5,14.25,18.0,3.75,3.75
21.98012110803374,1.1950877955736934,1.1950875301398796,6.779836069654017,42.99266056254776,6.025286636991931,4.381872302949682,6.779836069653973,92.753241873809,9.605865459461963,8.026020428880189,10.191135612403254,4.153743929072462,2.0010364464572743,67.55025779738278,73.70503817291252,72.99313435181975,10.5,72.67142327687317,122.75354426591069,124.65442201068504,230.54342280077182,5.584748539514138,2.397963766704291,2.1651151835230653,0.9999999524716625,0.3146625662735006,0.27031825253238595,j,DMNT,59,4,4,4,2.69,0.76,10.5,14.25,18.0,3.75,3.75
21.98012110803374,1.1950877955736934,1.1950875301398796,6.779836069654017,42.99266056254776,6.025286636991931,4.381872302949682,6.779836069653973,92.753241873809,9.605865459461963,8.026020428880189,10.191135612403254,3.798022481193513,1.2239882221566398,47.249480121787485,52.27149082513764,49.04778329967131,11.0,51.48044896095243,122.75354426591069,124.65442201068504,230.54342280077182,5.584748539514138,2.397963766704291,2.1651151835230653,0.9999999524716625,0.3146625662735006,0.27031825253238595,j,DMNT,59,4,4,4,2.69,0.76,10.5,14.25,18.0,3.75,3.75
21.98012110803374,1.1950877955736934,1.1950875301398796,6.779836069654017,42.99266056254776,6.025286636991931,4.381872302949682,6.779836069653973,92.753241873809,9.605865459461963,8.026020428880189,10.191135612403254,3.472764573883412,0.739409473665185,30.58815178367513,34.80032583122373,34.083844522683975,11.5,32.39195065111502,122.75354426591069,124.65442201068504,230.54342280077182,5.584748539514138,2.397963766704291,2.1651151835230653,0.9999999524716625,0.3146625662735006,0.27031825253238595,j,DMNT,59,4,4,4,2.69,0.76,10.5,14.25,18.0,3.75,3.75
21.98012110803374,1.1950877955736934,1.1950875301398796,6.779836069654017,42.99266056254776,6.025286636991931,4.381872302949682,6.779836069653973,92.753241873809,9.605865459461963,8.026020428880189,10.191135612403254,3.1753613476449893,0.4418899009642529,18.714143449576536,22.33139469818578,22.454614772621667,12.0,23.75285128364805,122.75354426591069,124.65442201068504,230.54342280077182,5.584748539514138,2.397963766704291,2.1651151835230653,0.9999999524716625,0.3146625662735006,0.27031825253238595,j,DMNT,59,4,4,4,2.69,0.76,10.5,14.25,18.0,3.75,3.75
21.98012110803374,1.1950877955736934,1.1950875301398796,6.779836069654017,42.99266056254776,6.025286636991931,4.381872302949682,6.779836069653973,92.753241873809,9.605865459461963,8.026020428880189,10.191135612403254,2.903427362429952,0.2616132401127536,10.966807330066832,14.131847932609539,13.79304358310169,12.5,16.043238671371153,122.75354426591069,124.65442201068504,230.54342280077182,5.584748539514138,2.397963766704291,2.1651151835230653,0.9999999524716625,0.3146625662735006,0.27031825253238595,j,DMNT,59,4,4,4,2.69,0.76,10.5,14.25,18.0,3.75,3.75
21.98012110803374,1.1950877955736934,1.1950875301398796,6.779836069654017,42.99266056254776,6.025286636991931,4.381872302949682,6.779836069653973,92.753241873809,9.605865459461963,8.026020428880189,10.191135612403254,2.6547814642810543,0.1536067777669065,6.212357927895019,9.02074616994298,10.97808428410076,13.0,8.700643360385296,122.75354426591069,124.65442201068504,230.54342280077182,5.584748539514138,2.397963766704291,2.1651151835230653,0.9999999524716625,0.3146625662735006,0.27031825253238595,j,DMNT,59,4,4,4,2.69,0.76,10.5,14.25,18.0,3.75,3.75
21.98012110803374,1.1950877955736934,1.1950875301398796,6.779836069654017,42.99266056254776,6.025286636991931,4.381872302949682,6.779836069653973,92.753241873809,9.605865459461963,8.026020428880189,10.191135612403254,2.427429290530021,0.08953065862426367,3.4239419596769953,5.94090190883128,7.164696361132061,13.5,8.696347117554659,122.75354426591069,124.65442201068504,230.54342280077182,5.584748539514138,2.397963766704291,2.1651151835230653,0.9999999524716625,0.3146625662735006,0.27031825253238595,j,DMNT,59,4,4,4,2.69,0.76,10.5,14.25,18.0,3.75,3.75
21.98012110803374,1.1950877955736934,1.1950875301398796,6.779836069654017,42.99266056254776,6.025286636991931,4.381872302949682,6.779836069653973,92.753241873809,9.605865459461963,8.026020428880189,10.191135612403254,2.219547273227636,0.05184234224031867,1.844906877586552,4.116296493054507,5.113558367568553,14.0,4.998222889644151,122.75354426591069,124.65442201068504,230.54342280077182,5.584748539514138,2.397963766704291,2.1651151835230653,0.9999999524716625,0.3146625662735006,0.27031825253238595,j,DMNT,59,4,4,4,2.69,0.76,10.5,14.25,18.0,3.75,3.75
21.98012110803374,1.1950877955736934,1.1950875301398796,6.779836069654017,42.99266056254776,6.025286636991931,4.381872302949682,6.779836069653973,92.753241873809,9.605865459461963,8.026020428880189,10.191135612403254,2.0294680124994713,0.029842674638765474,0.9753971748074807,3.0347078619457175,1.9490856981568259,14.5,2.2585128167714923,122.75354426591069,124.65442201068504,230.54342280077182,5.584748539514138,2.397963766704291,2.1651151835230653,0.9999999524716625,0.3146625662735006,0.27031825253238595,j,DMNT,59,4,4,4,2.69,0.76,10.5,14.25,18.0,3.75,3.75
21.98012110803374,1.1950877955736934,1.1950875301398796,6.779836069654017,42.99266056254776,6.025286636991931,4.381872302949682,6.779836069653973,92.753241873809,9.605865459461963,8.026020428880189,10.191135612403254,1.8556669025086732,0.017087487131994174,0.5074286461191112,2.3801830357597784,2.198739452086478,15.0,2.6511338007587297,122.75354426591069,124.65442201068504,230.54342280077182,5.584748539514138,2.397963766704291,2.1651151835230653,0.9999999524716625,0.3146625662735006,0.27031825253238595,j,DMNT,59,4,4,4,2.69,0.76,10.5,14.25,18.0,3.75,3.75
21.98012110803374,1.1950877955736934,1.1950875301398796,6.779836069654017,42.99266056254776,6.025286636991931,4.381872302949682,6.779836069653973,92.753241873809,9.605865459461963,8.026020428880189,10.191135612403254,1.696749902754229,0.009736859348602503,0.2603316912898572,1.9668184533926887,3.101025085259614,15.5,4.329857828108664,122.75354426591069,124.65442201068504,230.54342280077182,5.584748539514138,2.397963766704291,2.1651151835230653,0.9999999524716625,0.3146625662735006,0.27031825253238595,j,DMNT,59,4,4,4,2.69,0.76,10.5,14.25,18.0,3.75,3.75
21.98012110803374,1.1950877955736934,1.1950875301398796,6.779836069654017,42.99266056254776,6.025286636991931,4.381872302949682,6.779836069653973,92.753241873809,9.605865459461963,8.026020428880189,10.191135612403254,1.5514423566196873,0.005523885039471075,0.13195343951199567,1.688919681171154,2.2517791259738944,16.0,2.1806281018819473,122.75354426591069,124.65442201068504,230.54342280077182,5.584748539514138,2.397963766704291,2.1651151835230653,0.9999999524716625,0.3146625662735006,0.27031825253238595,j,DMNT,59,4,4,4,2.69,0.76,10.5,14.25,18.0,3.75,3.75
21.98012110803374,1.1950877955736934,1.1950875301398796,6.779836069654017,42.99266056254776,6.025286636991931,4.381872302949682,6.779836069653973,92.753241873809,9.605865459461963,8.026020428880189,10.191135612403254,1.418578767487184,0.0031211657601698914,0.06617531765075427,1.4878752508981081,1.7147318988748648,16.5,2.788625141943255,122.75354426591069,124.65442201068504,230.54342280077182,5.584748539514138,2.397963766704291,2.1651151835230653,0.9999999524716625,0.3146625662735006,0.27031825253238595,j,DMNT,59,4,4,4,2.69,0.76,10.5,14.25,18.0,3.75,3.75
21.98012110803374,1.1950877955736934,1.1950875301398796,6.779836069654017,42.99266056254776,6.025286636991931,4.381872302949682,6.779836069653973,92.753241873809,9.605865459461963,8.026020428880189,10.191135612403254,1.2970934504121088,0.0017570225780458423,0.03287629340465444,1.3317267663948091,1.0268665255359308,17.0,1.923237678683762,122.75354426591069,124.65442201068504,230.54342280077182,5.584748539514138,2.397963766704291,2.1651151835230653,0.9999999524716625,0.3146625662735006,0.27031825253238595,j,DMNT,59,4,4,4,2.69,0.76,10.5,14.25,18.0,3.75,3.75
21.98012110803374,1.1950877955736934,1.1950875301398796,6.779836069654017,42.99266056254776,6.025286636991931,4.381872302949682,6.779836069653973,92.753241873809,9.605865459461963,8.026020428880189,10.191135612403254,1.1860119843765535,0.0009857151984287971,0.016196633198984144,1.2031943327739665,1.1283800937709696,17.5,2.8427228299259863,122.75354426591069,124.65442201068504,230.54342280077182,5.584748539514138,2.397963766704291,2.1651151835230653,0.9999999524716625,0.3146625662735006,0.27031825253238595,j,DMNT,59,4,4,4,2.69,0.76,10.5,14.25,18.0,3.75,3.75
21.98012110803374,1.1950877955736934,1.1950875301398796,6.779836069654017,42.99266056254776,6.025286636991931,4.381872302949682,6.779836069653973,92.753241873809,9.605865459461963,8.026020428880189,10.191135612403254,1.0844433965609828,0.0005512522762555546,0.007919483021557374,1.0929141318587958,1.1471992927926415,18.0,2.0737150452309163,122.75354426591069,124.65442201068504,230.54342280077182,5.584748539514138,2.397963766704291,2.1651151835230653,0.9999999524716625,0.3146625662735006,0.27031825253238595,j,DMNT,59,4,4,4,2.69,0.76,10.5,14.25,18.0,3.75,3.75
21.98012110803374,1.1950877955736934,1.1950875301398796,6.779836069654017,42.99266056254776,6.025286636991931,4.381872302949682,6.779836069653973,92.753241873809,9.605865459461963,8.026020428880189,10.191135612403254,0.9915730159450377,0.00030737841360990617,0.0038460871663025913,0.9957264815249502,1.0849524431128097,18.5,1.7089814923075934,122.75354426591069,124.65442201068504,230.54342280077182,5.584748539514138,2.397963766704291,2.1651151835230653,0.9999999524716625,0.3146625662735006,0.27031825253238595,j,DMNT,59,4,4,4,2.69,0.76,10.5,14.25,18.0,3.75,3.75
21.98012110803374,1.1950877955736934,1.1950875301398796,6.779836069654017,42.99266056254776,6.025286636991931,4.381872302949682,6.779836069653973,92.753241873809,9.605865459461963,8.026020428880189,10.191135612403254,0.906655938916973,0.00017092641891585267,0.0018563798309227991,0.9086832451668116,0.9488248556148088,19.0,1.6576871148159473,122.75354426591069,124.65442201068504,230.54342280077182,5.584748539514138,2.397963766704291,2.1651151835230653,0.9999999524716625,0.3146625662735006,0.27031825253238595,j,DMNT,59,4,4,4,2.69,0.76,10.5,14.25,18.0,3.75,3.75
21.98012110803374,1.1950877955736934,1.1950875301398796,6.779836069654017,42.99266056254776,6.025286636991931,4.381872302949682,6.779836069653973,92.753241873809,9.605865459461963,8.026020428880189,10.191135612403254,0.8290110544800872,9.480642070392314e-05,0.000891001433285363,0.8299968623340764,0.9584053751589723,19.5,1.6321660240389586,122.75354426591069,124.65442201068504,230.54342280077182,5.584748539514138,2.397963766704291,2.1651151835230653,0.9999999524716625,0.3146625662735006,0.27031825253238595,j,DMNT,59,4,4,4,2.69,0.76,10.5,14.25,18.0,3.75,3.75
21.98012110803374,1.1950877955736934,1.1950875301398796,6.779836069654017,42.99266056254776,6.025286636991931,4.381872302949682,6.779836069653973,92.753241873809,9.605865459461963,8.026020428880189,10.191135612403254,0.7580155811329672,5.2460340489286474e-05,0.0004254629023739118,0.7584935043758304,0.47609696739374197,20.0,2.200038508613856,122.75354426591069,124.65442201068504,230.54342280077182,5.584748539514138,2.397963766704291,2.1651151835230653,0.9999999524716625,0.3146625662735006,0.27031825253238595,j,DMNT,59,4,4,4,2.69,0.76,10.5,14.25,18.0,3.75,3.75
21.98012110803374,1.1950877955736934,1.1950875301398796,6.779836069654017,42.99266056254776,6.025286636991931,4.381872302949682,6.779836069653973,92.753241873809,9.605865459461963,8.026020428880189,10.191135612403254,0.6931000716044587,2.8963731410698666e-05,0.000202208354257512,0.693331243690127,1.4031956648084027,20.5,1.9351291224886988,122.75354426591069,124.65442201068504,230.54342280077182,5.584748539514138,2.397963766704291,2.1651151835230653,0.9999999524716625,0.3146625662735006,0.27031825253238595,j,DMNT,59,4,4,4,2.69,0.76,10.5,14.25,18.0,3.75,3.75
21.98012110803374,1.1950877955736934,1.1950875301398796,6.779836069654017,42.99266056254776,6.025286636991931,4.381872302949682,6.779836069653973,92.753241873809,9.605865459461963,8.026020428880189,10.191135612403254,0.633743845376864,1.5957587801099552e-05,9.5686671269066e-05,0.6338554896359342,1.1337345500918288,21.0,2.460682116205065,122.75354426591069,124.65442201068504,230.54342280077182,5.584748539514138,2.397963766704291,2.1651151835230653,0.9999999524716625,0.3146625662735006,0.27031825253238595,j,DMNT,59,4,4,4,2.69,0.76,10.5,14.25,18.0,3.75,3.75
21.98012110803374,1.1950877955736934,1.1950875301398796,6.779836069654017,42.99266056254776,6.025286636991931,4.381872302949682,6.779836069653973,92.753241873809,9.605865459461963,8.026020428880189,10.191135612403254,0.5794708123621267,8.774518595838516e-06,4.509842294754735e-05,0.5795246853036701,0.8852032422969489,21.5,2.1153671401597443,122.75354426591069,124.65442201068504,230.54342280077182,5.584748539514138,2.397963766704291,2.1651151835230653,0.9999999524716625,0.3146625662735006,0.27031825253238595,j,DMNT,59,4,4,4,2.69,0.76,10.5,14.25,18.0,3.75,3.75
21.98012110803374,1.1950877955736934,1.1950875301398796,6.779836069654017,42.99266056254776,6.025286636991931,4.381872302949682,6.779836069653973,92.753241873809,9.605865459461963,8.026020428880189,10.191135612403254,0.5298456542331593,4.815839612847371e-06,2.1176580204735946e-05,0.5298716466529769,1.111465538381113,22.0,0.4194878503683491,122.75354426591069,124.65442201068504,230.54342280077182,5.584748539514138,2.397963766704291,2.1651151835230653,0.9999999524716625,0.3146625662735006,0.27031825253238595,j,DMNT,59,4,4,4,2.69,0.76,10.5,14.25,18.0,3.75,3.75
21.98012110803374,1.1950877955736934,1.1950875301398796,6.779836069654017,42.99266056254776,6.025286636991931,4.381872302949682,6.779836069653973,92.753241873809,9.605865459461963,8.026020428880189,10.191135612403254,0.48447033278117263,2.6385090189072194e-06,9.909425364405294e-06,0.4844828807155559,1.481132363218927,22.5,2.677071356840576,122.75354426591069,124.65442201068504,230.54342280077182,5.584748539514138,2.397963766704291,2.1651151835230653,0.9999999524716625,0.3146625662735006,0.27031825253238595,j,DMNT,59,4,4,4,2.69,0.76,10.5,14.25,18.0,3.75,3.75
26.632724183673794,2.598407567990482,0.0,2.8438262561121883,51.204372083688384,6.1305397664038015,4.367352174109974,6.979676654571627,67.81516390226457,9.786616483676932,8.259615761035018,10.418444396328868,1.5237858124953874e-107,5.891718934209975e-40,2.6263317882551608e-56,5.891718934209975e-40,0.45882771273556777,-1.0,0.775608749366901,53.73165405863516,163.4321384877533,172.7941005015601,2.8438262561121883,2.6123244804616528,2.1588286352938493,0.08629876301135905,0.3250503122865368,0.2926716379069774,j,DMNT,67,4,4,4,2.76,0.8,10.5,14.25,18.0,3.75,3.75
26.632724183673794,2.598407567990482,0.0,2.8438262561121883,51.204372083688384,6.1305397664038015,4.367352174109974,6.979676654571627,67.81516390226457,9.786616483676932,8.259615761035018,10.418444396328868,2.9288451538045225e-106,4.852744387653459e-38,1.7666113334961625e-54,4.852744387653459e-38,-0.5909500667618286,-0.5,-0.6138557676324918,53.73165405863516,163.4321384877533,172.7941005015601,2.8438262561121883,2.6123244804616528,2.1588286352938493,0.08629876301135905,0.3250503122865368,0.2926716379069774,j,DMNT,67,4,4,4,2.76,0.8,10.5,14.25,18.0,3.75,3.75
26.632724183673794,2.598407567990482,0.0,2.8438262561121883,51.204372083688384,6.1305397664038015,4.367352174109974,6.979676654571627,67.81516390226457,9.786616483676932,8.259615761035018,10.418444396328868,2.8526734661064285e-105,3.9969876966067265e-36,1.1883173396421885e-52,3.9969876966067265e-36,0.2613548683452085,0.0,-1.610177634490018,53.73165405863516,163.4321384877533,172.7941005015601,2.8438262561121883,2.6123244804616528,2.1588286352938493,0.08629876301135905,0.3250503122865368,0.2926716379069774,j,DMNT,67,4,4,4,2.76,0.8,10.5,14.25,18.0,3.75,3.75
26.632724183673794,2.598407567990482,0.0,2.8438262561121883,51.204372083688384,6.1305397664038015,4.367352174109974,6.979676654571627,67.81516390226457,9.786616483676932,8.259615761035018,10.418444396328868,0.0036130817071089606,3.29213932789703e-34,7.99325846562819e-51,0.0036130817071089606,0.37566802021059376,0.5,0.38115940544440297,53.73165405863516,163.4321384877533,172.7941005015601,2.8438262561121883,2.6123244804616528,2.1588286352938493,0.08629876301135905,0.3250503122865368,0.2926716379069774,j,DMNT,67,4,4,4,2.76,0.8,10.5,14.25,18.0,3.75,3.75
26.632724183673794,2.598407567990482,0.0,2.8438262561121883,51.204372083688384,6.1305397664038015,4.367352174109974,6.979676654571627,67.81516390226457,9.786616483676932,8.259615761035018,10.418444396328868,0.7297465012905348,2.7115873695301665e-32,5.376693477987553e-49,0.7297465012905348,2.0537271699883086,1.0,1.56194192432475,53.73165405863516,163.4321384877533,172.7941005015601,2.8438262561121883,2.6123244804616528,2.1588286352938493,0.08629876301135905,0.3250503122865368,0.2926716379069774,j,DMNT,67,4,4,4,2.76,0.8,10.5,14.25,18.0,3.75,3.75
26.632724183673794,2.598407567990482,0.0,2.8438262561121883,51.204372083688384,6.1305397664038015,4.367352174109974,6.979676654571627,67.81516390226457,9.786616483676932,8.259615761035018,10.418444396328868,6.962758077501398,2.233412784291165e-30,3.6166518173464243e-47,6.962758077501398,13.75160908663697,1.5,10.0756419919304,53.73165405863516,163.4321384877533,172.7941005015601,2.8438262561121883,2.6123244804616528,2.1588286352938493,0.08629876301135905,0.3250503122865368,0.2926716379069774,j,DMNT,67,4,4,4,2.76,0.8,10.5,14.25,18.0,3.75,3.75
26.632724183673794,2.598407567990482,0.0,2.8438262561121883,51.204372083688384,6.1305397664038015,4.367352174109974,6.979676654571627,67.81516390226457,9.786616483676932,8.259615761035018,10.418444396328868,19.089126319806063,1.839561845149771e-28,2.4327535913040126e-45,19.089126319806063,17.002548607350484,2.0,13.214251898319596,53.73165405863516,163.4321384877533,172.7941005015601,2.8438262561121883,2.6123244804616528,2.1588286352938493,0.08629876301135905,0.3250503122865368,0.2926716379069774,j,DMNT,67,4,4,4,2.76,0.8,10.5,14.25,18.0,3.75,3.75
26.632724183673794,2.598407567990482,0.0,2.8438262561121883,51.204372083688384,6.1305397664038015,4.367352174109974,6.979676654571627,67.81516390226457,9.786616483676932,8.259615761035018,10.418444396328868,26.426053284501265,1.515164496238891e-26,1.6364002770786304e-43,26.426053284501265,25.172877926097158,2.5,33.57649598413807,53.73165405863516,163.4321384877533,172.7941005015601,2.8438262561121883,2.6123244804616528,2.1588286352938493,0.08629876301135905,0.3250503122865368,0.2926716379069774,j,DMNT,67,4,4,4,2.76,0.8,10.5,14.25,18.0,3.75,3.75
26.632724183673794,2.598407567990482,0.0,2.8438262561121883,51.204372083688384,6.1305397664038015,4.367352174109974,6.979676654571627,67.81516390226457,9.786616483676932,8.259615761035018,10.418444396328868,23.745020668441764,1.2479715462069452e-24,1.100730413632912e-41,23.745020668441764,15.443188791834935,3.0,18.852272269389054,53.73165405863516,163.4321384877533,172.7941005015601,2.8438262561121883,2.6123244804616528,2.1588286352938493,0.08629876301135905,0.3250503122865368,0.2926716379069774,j,DMNT,67,4,4,4,2.76,0.8,10.5,14.25,18.0,3.75,3.75
26.632724183673794,2.598407567990482,0.0,2.8438262561121883,51.204372083688384,6.1305397664038015,4.367352174109974,6.979676654571627,67.81516390226457,9.786616483676932,8.259615761035018,10.418444396328868,8.48738620645934,8.25673236610238e-21,4.980395251814345e-38,8.48738620645934,9.773471086705383,4.0,10.82435154712246,53.73165405863516,163.4321384877533,172.7941005015601,2.8438262561121883,2.6123244804616528,2.1588286352938493,0.08629876301135905,0.3250503122865368,0.2926716379069774,j,DMNT,67,4,4,4,2.76,0.8,10.5,14.25,18.0,3.75,3.75
26.632724183673794,2.598407567990482,0.0,2.8438262561121883,51.204372083688384,6.1305397664038015,4.367352174109974,6.979676654571627,67.81516390226457,9.786616483676932,8.259615761035018,10.418444396328868,3.850843328012534,1.2821224612941842,3.3500804188152665e-36,5.132965789306718,9.387813732129887,4.5,4.0826412166185175,53.73165405863516,163.4321384877533,172.7941005015601,2.8438262561121883,2.6123244804616528,2.1588286352938493,0.08629876301135905,0.3250503122865368,0.2926716379069774,j,DMNT,67,4,4,4,2.76,0.8,10.5,14.25,18.0,3.75,3.75
26.632724183673794,2.598407567990482,0.0,2.8438262561121883,51.204372083688384,6.1305397664038015,4.367352174109974,6.979676654571627,67.81516390226457,9.786616483676932,8.259615761035018,10.418444396328868,1.5318527364334094,23.038167173377314,2.2534434005897163e-34,24.570019909810725,29.874785829798583,5.0,25.688665488734333,53.73165405863516,163.4321384877533,172.7941005015601,2.8438262561121883,2.6123244804616528,2.1588286352938493,0.08629876301135905,0.3250503122865368,0.2926716379069774,j,DMNT,67,4,4,4,2.76,0.8,10.5,14.25,18.0,3.75,3.75
26.632724183673794,2.598407567990482,0.0,2.8438262561121883,51.204372083688384,6.1305397664038015,4.367352174109974,6.979676654571627,67.81516390226457,9.786616483676932,8.259615761035018,10.418444396328868,0.1794543792004288,50.89865456243144,1.0195992290031849e-30,51.07810894163187,50.983317024354704,6.0,47.499365111625366,53.73165405863516,163.4321384877533,172.7941005015601,2.8438262561121883,2.6123244804616528,2.1588286352938493,0.08629876301135905,0.3250503122865368,0.2926716379069774,j,DMNT,67,4,4,4,2.76,0.8,10.5,14.25,18.0,3.75,3.75
26.632724183673794,2.598407567990482,0.0,2.8438262561121883,51.204372083688384,6.1305397664038015,4.367352174109974,6.979676654571627,67.81516390226457,9.786616483676932,8.259615761035018,10.418444396328868,0.054600916123874105,49.19290280233451,6.858369992818043e-29,49.24750371845838,47.15767394002593,6.5,53.4955863384865,53.73165405863516,163.4321384877533,172.7941005015601,2.8438262561121883,2.6123244804616528,2.1588286352938493,0.08629876301135905,0.3250503122865368,0.2926716379069774,j,DMNT,67,4,4,4,2.76,0.8,10.5,14.25,18.0,3.75,3.75
26.632724183673794,2.598407567990482,0.0,2.8438262561121883,51.204372083688384,6.1305397664038015,4.367352174109974,6.979676654571627,67.81516390226457,9.786616483676932,8.259615761035018,10.418444396328868,0.01560116186561258,42.27810849328896,4.6132912362457236e-27,42.29370965515457,37.64408708011918,7.0,42.60431239809823,53.73165405863516,163.4321384877533,172.7941005015601,2.8438262561121883,2.6123244804616528,2.1588286352938493,0.08629876301135905,0.3250503122865368,0.2926716379069774,j,DMNT,67,4,4,4,2.76,0.8,10.5,14.25,18.0,3.75,3.75
26.632724183673794,2.598407567990482,0.0,2.8438262561121883,51.204372083688384,6.1305397664038015,4.367352174109974,6.979676654571627,67.81516390226457,9.786616483676932,8.259615761035018,10.418444396328868,0.00422273581276238,33.666604902637346,3.1015989378160613e-25,33.670827638450106,21.617196994581487,7.5,31.375744339949065,53.73165405863516,163.4321384877533,172.7941005015601,2.8438262561121883,2.6123244804616528,2.1588286352938493,0.08629876301135905,0.3250503122865368,0.2926716379069774,j,DMNT,67,4,4,4,2.76,0.8,10.5,14.25,18.0,3.75,3.75
26.632724183673794,2.598407567990482,0.0,2.8438262561121883,51.204372083688384,6.1305397664038015,4.367352174109974,6.979676654571627,67.81516390226457,9.786616483676932,8.259615761035018,10.418444396328868,0.0010903076782436884,25.410439680910763,1.942516481547666e-23,25.411529988589006,21.656865071470804,8.0,26.391544342788954,53.73165405863516,163.4321384877533,172.7941005015601,2.8438262561121883,2.6123244804616528,2.1588286352938493,0.08629876301135905,0.3250503122865368,0.2926716379069774,j,DMNT,67,4,4,4,2.76,0.8,10.5,14.25,18.0,3.75,3.75
26.632724183673794,2.598407567990482,0.0,2.8438262561121883,51.204372083688384,6.1305397664038015,4.367352174109974,6.979676654571627,67.81516390226457,9.786616483676932,8.259615761035018,10.418444396328868,0.0002700893747286086,18.43218325573417,5.465077240273289,23.89753058538219,30.317616121688467,8.5,22.39826297987249,53.73165405863516,163.4321384877533,172.7941005015601,2.8438262561121883,2.6123244804616528,2.1588286352938493,0.08629876301135905,0.3250503122865368,0.2926716379069774,j,DMNT,67,4,4,4,2.76,0.8,10.5,14.25,18.0,3.75,3.75
26.632724183673794,2.598407567990482,0.0,2.8438262561121883,51.204372083688384,6.1305397664038015,4.367352174109974,6.979676654571627,67.81516390226457,9.786616483676932,8.259615761035018,10.418444396328868,6.449525350400198e-05,12.967115340968935,40.92178708301332,53.888966919235756,59.84487370214882,9.0,56.99060453739054,53.73165405863516,163.4321384877533,172.7941005015601,2.8438262561121883,2.6123244804616528,2.1588286352938493,0.08629876301135905,0.3250503122865368,0.2926716379069774,j,DMNT,67,4,4,4,2.76,0.8,10.5,14.25,18.0,3.75,3.75
26.632724183673794,2.598407567990482,0.0,2.8438262561121883,51.204372083688384,6.1305397664038015,4.367352174109974,6.979676654571627,67.81516390226457,9.786616483676932,8.259615761035018,10.418444396328868,1.4905076688926807e-05,8.903146803174566,64.58601412079919,73.48917582905045,72.65269159655851,9.5,69.67101198448512,53.73165405863516,163.4321384877533,172.7941005015601,2.8438262561121883,2.6123244804616528,2.1588286352938493,0.08629876301135905,0.3250503122865368,0.2926716379069774,j,DMNT,67,4,4,4,2.76,0.8,10.5,14.25,18.0,3.75,3.75
26.632724183673794,2.598407567990482,0.0,2.8438262561121883,51.204372083688384,6.1305397664038015,4.367352174109974,6.979676654571627,67.81516390226457,9.786616483676932,8.259615761035018,10.418444396328868,3.344919880135259e-06,5.993010369041219,66.36567219129152,72.35868590525263,76.27028686620918,10.0,71.72633228795934,53.73165405863516,163.4321384877533,172.7941005015601,2.8438262561121883,2.6123244804616528,2.1588286352938493,0.08629876301135905,0.3250503122865368,0.2926716379069774,j,DMNT,67,4,4,4,2.76,0.8,10.5,14.25,18.0,3.75,3.75
26.632724183673794,2.598407567990482,0.0,2.8438262561121883,51.204372083688384,6.1305397664038015,4.367352174109974,6.979676654571627,67.81516390226457,9.786616483676932,8.259615761035018,10.418444396328868,7.310169291234441e-07,3.9683728107115814,55.37715157967982,59.34552512140833,59.41588080598555,10.5,63.59008386264251,53.73165405863516,163.4321384877533,172.7941005015601,2.8438262561121883,2.6123244804616528,2.1588286352938493,0.08629876301135905,0.3250503122865368,0.2926716379069774,j,DMNT,67,4,4,4,2.76,0.8,10.5,14.25,18.0,3.75,3.75
26.632724183673794,2.598407567990482,0.0,2.8438262561121883,51.204372083688384,6.1305397664038015,4.367352174109974,6.979676654571627,67.81516390226457,9.786616483676932,8.259615761035018,10.418444396328868,1.5596625577913225e-07,2.591584913931219,40.84066364037259,43.432248710270066,39.16870228728523,11.0,43.69883942046582,53.73165405863516,163.4321384877533,172.7941005015601,2.8438262561121883,2.6123244804616528,2.1588286352938493,0.08629876301135905,0.3250503122865368,0.2926716379069774,j,DMNT,67,4,4,4,2.76,0.8,10.5,14.25,18.0,3.75,3.75
26.632724183673794,2.598407567990482,0.0,2.8438262561121883,51.204372083688384,6.1305397664038015,4.367352174109974,6.979676654571627,67.81516390226457,9.786616483676932,8.259615761035018,10.418444396328868,3.2555449964660105e-08,1.6725498505971337,27.75355365764798,29.426103540800565,27.668962781161298,11.5,28.983396025505048,53.73165405863516,163.4321384877533,172.7941005015601,2.8438262561121883,2.6123244804616528,2.1588286352938493,0.08629876301135905,0.3250503122865368,0.2926716379069774,j,DMNT,67,4,4,4,2.76,0.8,10.5,14.25,18.0,3.75,3.75
26.632724183673794,2.598407567990482,0.0,2.8438262561121883,51.204372083688384,6.1305397664038015,4.367352174109974,6.979676654571627,67.81516390226457,9.786616483676932,8.259615761035018,10.418444396328868,6.660646130048263e-09,1.0684405147710034,17.793106739379223,18.861547260810873,17.503369390228315,12.0,17.585659977696572,53.73165405863516,163.4321384877533,172.7941005015601,2.8438262561121883,2.6123244804616528,2.1588286352938493,0.08629876301135905,0.3250503122865368,0.2926716379069774,j,DMNT,67,4,4,4,2.76,0.8,10.5,14.25,18.0,3.75,3.75
26.632724183673794,2.598407567990482,0.0,2.8438262561121883,51.204372083688384,6.1305397664038015,4.367352174109974,6.979676654571627,67.81516390226457,9.786616483676932,8.259615761035018,10.418444396328868,1.3378861793777515e-09,0.6764620584984297,10.920932210708832,11.597394270545148,10.473367657488637,12.5,5.058489120506258,53.73165405863516,163.4321384877533,172.7941005015601,2.8438262561121883,2.6123244804616528,2.1588286352938493,0.08629876301135905,0.3250503122865368,0.2926716379069774,j,DMNT,67,4,4,4,2.76,0.8,10.5,14.25,18.0,3.75,3.75
26.632724183673794,2.598407567990482,0.0,2.8438262561121883,51.204372083688384,6.1305397664038015,4.367352174109974,6.979676654571627,67.81516390226457,9.786616483676932,8.259615761035018,10.418444396328868,2.6421594812151434e-10,0.4249339583795294,6.479953812022467,6.904887770666212,8.317499153044285,13.0,9.360716849488572,53.73165405863516,163.4321384877533,172.7941005015601,2.8438262561121883,2.6123244804616528,2.1588286352938493,0.08629876301135905,0.3250503122865368,0.2926716379069774,j,DMNT,67,4,4,4,2.76,0.8,10.5,14.25,18.0,3.75,3.75
26.632724183673794,2.598407567990482,0.0,2.8438262561121883,51.204372083688384,6.1305397664038015,4.367352174109974,6.979676654571627,67.81516390226457,9.786616483676932,8.259615761035018,10.418444396328868,5.136790373195979e-11,0.26507521869575645,3.7423249550473323,4.007400173794457,5.384160753965661,13.5,5.431869358968376,53.73165405863516,163.4321384877533,172.7941005015601,2.8438262561121883,2.6123244804616528,2.1588286352938493,0.08629876301135905,0.3250503122865368,0.2926716379069774,j,DMNT,67,4,4,4,2.76,0.8,10.5,14.25,18.0,3.75,3.75
26.632724183673794,2.598407567990482,0.0,2.8438262561121883,51.204372083688384,6.1305397664038015,4.367352174109974,6.979676654571627,67.81516390226457,9.786616483676932,8.259615761035018,10.418444396328868,9.842668080977829e-12,0.1643273014612163,2.1140348883955564,2.2783621898666153,3.5475635497205085,14.0,5.366065775768837,53.73165405863516,163.4321384877533,172.7941005015601,2.8438262561121883,2.6123244804616528,2.1588286352938493,0.08629876301135905,0.3250503122865368,0.2926716379069774,j,DMNT,67,4,4,4,2.76,0.8,10.5,14.25,18.0,3.75,3.75
26.632724183673794,2.598407567990482,0.0,2.8438262561121883,51.204372083688384,6.1305397664038015,4.367352174109974,6.979676654571627,67.81516390226457,9.786616483676932,8.259615761035018,10.418444396328868,1.8606517460294458e-12,0.10130183986325425,1.1724365045010046,1.2737383443661194,1.3798820873453344,14.5,2.298305355592943,53.73165405863516,163.4321384877533,172.7941005015601,2.8438262561121883,2.6123244804616528,2.1588286352938493,0.08629876301135905,0.3250503122865368,0.2926716379069774,j,DMNT,67,4,4,4,2.76,0.8,10.5,14.25,18.0,3.75,3.75
26.632724183673794,2.598407567990482,0.0,2.8438262561121883,51.204372083688384,6.1305397664038015,4.367352174109974,6.979676654571627,67.81516390226457,9.786616483676932,8.259615761035018,10.418444396328868,3.4733344758914794e-13,0.06213358788187282,0.6401866597382291,0.7023202476204492,1.4641013011036115,15.0,1.4706844267751595,53.73165405863516,163.4321384877533,172.7941005015601,2.8438262561121883,2.6123244804616528,2.1588286352938493,0.08629876301135905,0.3250503122865368,0.2926716379069774,j,DMNT,67,4,4,4,2.76,0.8,10.5,14.25,18.0,3.75,3.75
26.632724183673794,2.598407567990482,0.0,2.8438262561121883,51.204372083688384,6.1305397664038015,4.367352174109974,6.979676654571627,67.81516390226457,9.786616483676932,8.259615761035018,10.418444396328868,6.407907201526895e-14,0.03793491831741583,0.3449311220870652,0.38286604040454514,2.8534314239854526,15.5,1.623942677307227,53.73165405863516,163.4321384877533,172.7941005015601,2.8438262561121883,2.6123244804616528,2.1588286352938493,0.08629876301135905,0.3250503122865368,0.2926716379069774,j,DMNT,67,4,4,4,2.76,0.8,10.5,14.25,18.0,3.75,3.75
26.632724183673794,2.598407567990482,0.0,2.8438262561121883,51.204372083688384,6.1305397664038015,4.367352174109974,6.979676654571627,67.81516390226457,9.786616483676932,8.259615761035018,10.418444396328868,1.1692262705475009e-14,0.023063805767271687,0.183713358892411,0.20677716465969437,1.5236495188102794,16.0,1.3050524233283736,53.73165405863516,163.4321384877533,172.7941005015601,2.8438262561121883,2.6123244804616528,2.1588286352938493,0.08629876301135905,0.3250503122865368,0.2926716379069774,j,DMNT,67,4,4,4,2.76,0.8,10.5,14.25,18.0,3.75,3.75
26.632724183673794,2.598407567990482,0.0,2.8438262561121883,51.204372083688384,6.1305397664038015,4.367352174109974,6.979676654571627,67.81516390226457,9.786616483676932,8.259615761035018,10.418444396328868,2.1114866128202394e-15,0.013968674580717991,0.09686352685815591,0.11083220143887601,1.1061461951778755,16.5,1.6920076254667877,53.73165405863516,163.4321384877533,172.7941005015601,2.8438262561121883,2.6123244804616528,2.1588286352938493,0.08629876301135905,0.3250503122865368,0.2926716379069774,j,DMNT,67,4,4,4,2.76,0.8,10.5,14.25,18.0,3.75,3.75
26.632724183673794,2.598407567990482,0.0,2.8438262561121883,51.204372083688384,6.1305397664038015,4.367352174109974,6.979676654571627,67.81516390226457,9.786616483676932,8.259615761035018,10.418444396328868,3.7761896026692193e-16,0.008430368649502695,0.050618397990584846,0.059048766640087916,0.527921763522637,17.0,0.882052578427788,53.73165405863516,163.4321384877533,172.7941005015601,2.8438262561121883,2.6123244804616528,2.1588286352938493,0.08629876301135905,0.3250503122865368,0.2926716379069774,j,DMNT,67,4,4,4,2.76,0.8,10.5,14.25,18.0,3.75,3.75
26.632724183673794,2.598407567990482,0.0,2.8438262561121883,51.204372083688384,6.1305397664038015,4.367352174109974,6.979676654571627,67.81516390226457,9.786616483676932,8.259615761035018,10.418444396328868,6.691752727886514e-17,0.005071356064529521,0.026243156123133916,0.031314512187663505,0.6385091308675972,17.5,0.14336603198161635,53.73165405863516,163.4321384877533,172.7941005015601,2.8438262561121883,2.6123244804616528,2.1588286352938493,0.08629876301135905,0.3250503122865368,0.2926716379069774,j,DMNT,67,4,4,4,2.76,0.8,10.5,14.25,18.0,3.75,3.75
26.632724183673794,2.598407567990482,0.0,2.8438262561121883,51.204372083688384,6.1305397664038015,4.367352174109974,6.979676654571627,67.81516390226457,9.786616483676932,8.259615761035018,10.418444396328868,1.175630501748158e-17,0.0030415397569596887,0.013509711278865666,0.016551251035825366,0.03724352879446435,18.0,-0.8193110080710433,53.73165405863516,163.4321384877533,172.7941005015601,2.8438262561121883,2.6123244804616528,2.1588286352938493,0.08629876301135905,0.3250503122865368,0.2926716379069774,j,DMNT,67,4,4,4,2.76,0.8,10.5,14.25,18.0,3.75,3.75
26.632724183673794,2.598407567990482,0.0,2.8438262561121883,51.204372083688384,6.1305397664038015,4.367352174109974,6.979676654571627,67.81516390226457,9.786616483676932,8.259615761035018,10.418444396328868,2.0485778589856813e-18,0.0018190683099511106,0.006910455474162809,0.008729523784113923,1.4392555162444343,18.5,0.9254846431531742,53.73165405863516,163.4321384877533,172.7941005015601,2.8438262561121883,2.6123244804616528,2.1588286352938493,0.08629876301135905,0.3250503122865368,0.2926716379069774,j,DMNT,67,4,4,4,2.76,0.8,10.5,14.25,18.0,3.75,3.75
26.632724183673794,2.598407567990482,0.0,2.8438262561121883,51.204372083688384,6.1305397664038015,4.367352174109974,6.979676654571627,67.81516390226457,9.786616483676932,8.259615761035018,10.418444396328868,3.5422083674000635e-19,0.0010851132354098626,0.003514487735134189,0.004599600970544052,1.2895210355478421,19.0,1.7451071790968553,53.73165405863516,163.4321384877533,172.7941005015601,2.8438262561121883,2.6123244804616528,2.1588286352938493,0.08629876301135905,0.3250503122865368,0.2926716379069774,j,DMNT,67,4,4,4,2.76,0.8,10.5,14.25,18.0,3.75,3.75
26.632724183673794,2.598407567990482,0.0,2.8438262561121883,51.204372083688384,6.1305397664038015,4.367352174109974,6.979676654571627,67.81516390226457,9.786616483676932,8.259615761035018,10.418444396328868,6.080094245007767e-20,0.0006457249520325339,0.0017780346388106382,0.0024237595908431723,0.8797682234176969,19.5,1.651170549376778,53.73165405863516,163.4321384877533,172.7941005015601,2.8438262561121883,2.6123244804616528,2.1588286352938493,0.08629876301135905,0.3250503122865368,0.2926716379069774,j,DMNT,67,4,4,4,2.76,0.8,10.5,14.25,18.0,3.75,3.75
26.632724183673794,2.598407567990482,0.0,2.8438262561121883,51.204372083688384,6.1305397664038015,4.367352174109974,6.979676654571627,67.81516390226457,9.786616483676932,8.259615761035018,10.418444396328868,1.0363880767540703e-20,0.00038338493187863726,0.0008952400612147463,0.0012786249930933835,-0.08312974916438565,20.0,-1.3340024087420783,53.73165405863516,163.4321384877533,172.7941005015601,2.8438262561121883,2.6123244804616528,2.1588286352938493,0.08629876301135905,0.3250503122865368,0.2926716379069774,j,DMNT,67,4,4,4,2.76,0.8,10.5,14.25,18.0,3.75,3.75
26.632724183673794,2.598407567990482,0.0,2.8438262561121883,51.204372083688384,6.1305397664038015,4.367352174109974,6.979676654571627,67.81516390226457,9.786616483676932,8.259615761035018,10.418444396328868,1.754929834204495e-21,0.0002271430796878131,0.0004487798648664029,0.000675922944554216,1.278567724327565,20.5,0.4416939000454242,53.73165405863516,163.4321384877533,172.7941005015601,2.8438262561121883,2.6123244804616528,2.1588286352938493,0.08629876301135905,0.3250503122865368,0.2926716379069774,j,DMNT,67,4,4,4,2.76,0.8,10.5,14.25,18.0,3.75,3.75
26.632724183673794,2.598407567990482,0.0,2.8438262561121883,51.204372083688384,6.1305397664038015,4.367352174109974,6.979676654571627,67.81516390226457,9.786616483676932,8.259615761035018,10.418444396328868,2.952982827246261e-22,0.00013430659296596067,0.00022406519398947774,0.00035837178695543844,0.6273180476177405,21.0,-0.3372050372062485,53.73165405863516,163.4321384877533,172.7941005015601,2.8438262561121883,2.6123244804616528,2.1588286352938493,0.08629876301135905,0.3250503122865368,0.2926716379069774,j,DMNT,67,4,4,4,2.76,0.8,10.5,14.25,18.0,3.75,3.75
26.632724183673794,2.598407567990482,0.0,2.8438262561121883,51.204372083688384,6.1305397664038015,4.367352174109974,6.979676654571627,67.81516390226457,9.786616483676932,8.259615761035018,10.418444396328868,4.9391780325401645e-23,7.926470586641193e-05,0.00011145449772369548,0.0001907192035901074,1.2000004326727496,21.5,-0.03465861412989946,53.73165405863516,163.4321384877533,172.7941005015601,2.8438262561121883,2.6123244804616528,2.1588286352938493,0.08629876301135905,0.3250503122865368,0.2926716379069774,j,DMNT,67,4,4,4,2.76,0.8,10.5,14.25,18.0,3.75,3.75
26.632724183673794,2.598407567990482,0.0,2.8438262561121883,51.204372083688384,6.1305397664038015,4.367352174109974,6.979676654571627,67.81516390226457,9.786616483676932,8.259615761035018,10.418444396328868,8.214117890627742e-24,4.669753792597302e-05,5.524881041256737e-05,0.00010194634833854039,1.4385237166538452,22.0,1.0535541451666235,53.73165405863516,163.4321384877533,172.7941005015601,2.8438262561121883,2.6123244804616528,2.1588286352938493,0.08629876301135905,0.3250503122865368,0.2926716379069774,j,DMNT,67,4,4,4,2.76,0.8,10.5,14.25,18.0,3.75,3.75
26.632724183673794,2.598407567990482,0.0,2.8438262561121883,51.204372083688384,6.1305397664038015,4.367352174109974,6.979676654571627,67.81516390226457,9.786616483676932,8.259615761035018,10.418444396328868,1.3585996148574236e-24,2.746519599831475e-05,2.729967619633689e-05,5.4764872194651646e-05,0.6763565875576063,22.5,0.12197777305701774,53.73165405863516,163.4321384877533,172.7941005015601,2.8438262561121883,2.6123244804616528,2.1588286352938493,0.08629876301135905,0.3250503122865368,0.2926716379069774,j,DMNT,67,4,4,4,2.76,0.8,10.5,14.25,18.0,3.75,3.75
24.462238890108868,2.6786722047684917,1.412740513347964,6.190569865989043,43.06522634434674,6.025320801755784,3.75,6.190569865988975,72.28377395592864,9.695521028660995,7.509257862947111,10.137341124047033,5.289392941088289e-13,7.277902027841789e-144,1.7909515966287362e-76,5.289392941088289e-13,0.3633003796378874,-1.0,-0.610468199502513,158.40991720725748,66.59405772705043,181.09593905797504,4.7778293526410796,2.4405698659889747,2.6280832610999223,0.735040413128035,0.06770921272775275,0.16811495355787362,j,DMNT,90,4,4,4,2.48,0.73,10.5,14.25,18.0,3.75,3.75
24.462238890108868,2.6786722047684917,1.412740513347964,6.190569865989043,43.06522634434674,6.025320801755784,3.75,6.190569865988975,72.28377395592864,9.695521028660995,7.509257862947111,10.137341124047033,6.808420284224222e-11,5.24104969941574e-143,8.571816431481008e-75,6.808420284224222e-11,-0.5533184582429869,-0.5,-1.3573437841417053,158.40991720725748,66.59405772705043,181.09593905797504,4.7778293526410796,2.4405698659889747,2.6280832610999223,0.735040413128035,0.06770921272775275,0.16811495355787362,j,DMNT,90,4,4,4,2.48,0.73,10.5,14.25,18.0,3.75,3.75
24.462238890108868,2.6786722047684917,1.412740513347964,6.190569865989043,43.06522634434674,6.025320801755784,3.75,6.190569865988975,72.28377395592864,9.695521028660995,7.509257862947111,10.137341124047033,8.763681164250654e-09,3.77424728261851e-142,4.1026255021809714e-73,8.763681164250654e-09,0.2951284250226822,0.0,-0.6772489127855111,158.40991720725748,66.59405772705043,181.09593905797504,4.7778293526410796,2.4405698659889747,2.6280832610999223,0.735040413128035,0.06770921272775275,0.16811495355787362,j,DMNT,90,4,4,4,2.48,0.73,10.5,14.25,18.0,3.75,3.75
24.462238890108868,2.6786722047684917,1.412740513347964,6.190569865989043,43.06522634434674,6.025320801755784,3.75,6.190569865988975,72.28377395592864,9.695521028660995,7.509257862947111,10.137341124047033,1.1279250248362504e-06,2.7179560140292497e-141,1.9635903481705237e-71,1.1279250248362504e-06,0.3119419753856164,0.5,-0.9801836491259135,158.40991720725748,66.59405772705043,181.09593905797504,4.7778293526410796,2.4405698659889747,2.6280832610999223,0.735040413128035,0.06770921272775275,0.16811495355787362,j,DMNT,90,4,4,4,2.48,0.73,10.5,14.25,18.0,3.75,3.75
24.462238890108868,2.6786722047684917,1.412740513347964,6.190569865989043,43.06522634434674,6.025320801755784,3.75,6.190569865988975,72.28377395592864,9.695521028660995,7.509257862947111,10.137341124047033,0.00014289628840454598,1.9572869345922287e-140,9.398096544222118e-70,0.00014289628840454598,1.9646644821072345,1.0,1.3317356867737369,158.40991720725748,66.59405772705043,181.09593905797504,4.7778293526410796,2.4405698659889747,2.6280832610999223,0.735040413128035,0.06770921272775275,0.16811495355787362,j,DMNT,90,4,4,4,2.48,0.73,10.5,14.25,18.0,3.75,3.75
24.462238890108868,2.6786722047684917,1.412740513347964,6.190569865989043,43.06522634434674,6.025320801755784,3.75,6.190569865988975,72.28377395592864,9.695521028660995,7.509257862947111,10.137341124047033,9.20237004926296,1.4095048352187054e-139,4.498098024204048e-68,9.20237004926296,13.90164800586279,1.5,9.40114800060881,158.40991720725748,66.59405772705043,181.09593905797504,4.7778293526410796,2.4405698659889747,2.6280832610999223,0.735040413128035,0.06770921272775275,0.16811495355787362,j,DMNT,90,4,4,4,2.48,0.73,10.5,14.25,18.0,3.75,3.75
24.462238890108868,2.6786722047684917,1.412740513347964,6.190569865989043,43.06522634434674,6.025320801755784,3.75,6.190569865988975,72.28377395592864,9.695521028660995,7.509257862947111,10.137341124047033,22.436588803261703,1.0150294247494627e-138,2.1528706095052183e-66,22.436588803261703,17.158962080567193,2.0,19.50161632051203,158.40991720725748,66.59405772705043,181.09593905797504,4.7778293526410796,2.4405698659889747,2.6280832610999223,0.735040413128035,0.06770921272775275,0.16811495355787362,j,DMNT,90,4,4,4,2.48,0.73,10.5,14.25,18.0,3.75,3.75
24.462238890108868,2.6786722047684917,1.412740513347964,6.190569865989043,43.06522634434674,6.025320801755784,3.75,6.190569865988975,72.28377395592864,9.695521028660995,7.509257862947111,10.137341124047033,24.3648913982571,7.309524021704981e-138,1.0304025915690274e-64,24.3648913982571,25.41118147272206,2.5,25.60966265226228,158.40991720725748,66.59405772705043,181.09593905797504,4.7778293526410796,2.4405698659889747,2.6280832610999223,0.735040413128035,0.06770921272775275,0.16811495355787362,j,DMNT,90,4,4,4,2.48,0.73,10.5,14.25,18.0,3.75,3.75
24.462238890108868,2.6786722047684917,1.412740513347964,6.190569865989043,43.06522634434674,6.025320801755784,3.75,6.190569865988975,72.28377395592864,9.695521028660995,7.509257862947111,10.137341124047033,24.219836915280087,5.2609315845785885e-137,4.931692113889643e-63,24.219836915280087,15.689465337718486,3.0,29.627516596777056,158.40991720725748,66.59405772705043,181.09593905797504,4.7778293526410796,2.4405698659889747,2.6280832610999223,0.735040413128035,0.06770921272775275,0.16811495355787362,j,DMNT,90,4,4,4,2.48,0.73,10.5,14.25,18.0,3.75,3.75
24.462238890108868,2.6786722047684917,1.412740513347964,6.190569865989043,43.06522634434674,6.025320801755784,3.75,6.190569865988975,72.28377395592864,9.695521028660995,7.509257862947111,10.137341124047033,21.726824320621393,5.208724368979691e-07,1.1297282334952294e-59,21.72682484149383,10.112285193208635,4.0,19.32843005678767,158.40991720725748,66.59405772705043,181.09593905797504,4.7778293526410796,2.4405698659889747,2.6280832610999223,0.735040413128035,0.06770921272775275,0.16811495355787362,j,DMNT,90,4,4,4,2.48,0.73,10.5,14.25,18.0,3.75,3.75
24.462238890108868,2.6786722047684917,1.412740513347964,6.190569865989043,43.06522634434674,6.025320801755784,3.75,6.190569865988975,72.28377395592864,9.695521028660995,7.509257862947111,10.137341124047033,20.082802766313268,0.10143630499703779,5.40708249916428e-58,20.184239071310305,9.861926497665932,4.5,16.573775706051574,158.40991720725748,66.59405772705043,181.09593905797504,4.7778293526410796,2.4405698659889747,2.6280832610999223,0.735040413128035,0.06770921272775275,0.16811495355787362,j,DMNT,90,4,4,4,2.48,0.73,10.5,14.25,18.0,3.75,3.75
24.462238890108868,2.6786722047684917,1.412740513347964,6.190569865989043,43.06522634434674,6.025320801755784,3.75,6.190569865988975,72.28377395592864,9.695521028660995,7.509257862947111,10.137341124047033,18.38617203778006,5.584903523628575,2.587926926633457e-56,23.971075561408636,30.90739298651244,5.0,25.370430600558716,158.40991720725748,66.59405772705043,181.09593905797504,4.7778293526410796,2.4405698659889747,2.6280832610999223,0.735040413128035,0.06770921272775275,0.16811495355787362,j,DMNT,90,4,4,4,2.48,0.73,10.5,14.25,18.0,3.75,3.75
24.462238890108868,2.6786722047684917,1.412740513347964,6.190569865989043,43.06522634434674,6.025320801755784,3.75,6.190569865988975,72.28377395592864,9.695521028660995,7.509257862947111,10.137341124047033,15.112011317826616,43.02825028455712,5.928296480170948e-53,58.14026160238373,51.734762701812336,6.0,57.11325608189212,158.40991720725748,66.59405772705043,181.09593905797504,4.7778293526410796,2.4405698659889747,2.6280832610999223,0.735040413128035,0.06770921272775275,0.16811495355787362,j,DMNT,90,4,4,4,2.48,0.73,10.5,14.25,18.0,3.75,3.75
24.462238890108868,2.6786722047684917,1.412740513347964,6.190569865989043,43.06522634434674,6.025320801755784,3.75,6.190569865988975,72.28377395592864,9.695521028660995,7.509257862947111,10.137341124047033,13.60462230433902,33.08777117429725,2.8372726807510556e-51,46.692393478636276,47.918039206747615,6.5,47.875666960596575,158.40991720725748,66.59405772705043,181.09593905797504,4.7778293526410796,2.4405698659889747,2.6280832610999223,0.735040413128035,0.06770921272775275,0.16811495355787362,j,DMNT,90,4,4,4,2.48,0.73,10.5,14.25,18.0,3.75,3.75
24.462238890108868,2.6786722047684917,1.412740513347964,6.190569865989043,43.06522634434674,6.025320801755784,3.75,6.190569865988975,72.28377395592864,9.695521028660995,7.509257862947111,10.137341124047033,12.204812227107869,16.016224175500263,1.3497356379689839e-49,28.22103640260813,38.20099711294179,7.0,29.871071979931624,158.40991720725748,66.59405772705043,181.09593905797504,4.7778293526410796,2.4405698659889747,2.6280832610999223,0.735040413128035,0.06770921272775275,0.16811495355787362,j,DMNT,90,4,4,4,2.48,0.73,10.5,14.25,18.0,3.75,3.75
24.462238890108868,2.6786722047684917,1.412740513347964,6.190569865989043,43.06522634434674,6.025320801755784,3.75,6.190569865988975,72.28377395592864,9.695521028660995,7.509257862947111,10.137341124047033,10.917343218433206,5.574639029069161,3.400205450244175e-48,16.491982247502367,21.821920167541126,7.5,9.955865270647626,158.40991720725748,66.59405772705043,181.09593905797504,4.7778293526410796,2.4405698659889747,2.6280832610999223,0.735040413128035,0.06770921272775275,0.16811495355787362,j,DMNT,90,4,4,4,2.48,0.73,10.5,14.25,18.0,3.75,3.75
24.462238890108868,2.6786722047684917,1.412740513347964,6.190569865989043,43.06522634434674,6.025320801755784,3.75,6.190569865988975,72.28377395592864,9.695521028660995,7.509257862947111,10.137341124047033,9.741885913424523,1.5156858083925806,2.050106488243073,13.307678210060178,21.895227877217437,8.0,19.22808870782498,158.40991720725748,66.59405772705043,181.09593905797504,4.7778293526410796,2.4405698659889747,2.6280832610999223,0.735040413128035,0.06770921272775275,0.16811495355787362,j,DMNT,90,4,4,4,2.48,0.73,10.5,14.25,18.0,3.75,3.75
24.462238890108868,2.6786722047684917,1.412740513347964,6.190569865989043,43.06522634434674,6.025320801755784,3.75,6.190569865988975,72.28377395592864,9.695521028660995,7.509257862947111,10.137341124047033,8.674901552857305,0.34014012130777405,21.539487682239734,30.554529356404814,30.792913473455872,8.5,25.541683185827672,158.40991720725748,66.59405772705043,181.09593905797504,4.7778293526410796,2.4405698659889747,2.6280832610999223,0.735040413128035,0.06770921272775275,0.16811495355787362,j,DMNT,90,4,4,4,2.48,0.73,10.5,14.25,18.0,3.75,3.75
24.462238890108868,2.6786722047684917,1.412740513347964,6.190569865989043,43.06522634434674,6.025320801755784,3.75,6.190569865988975,72.28377395592864,9.695521028660995,7.509257862947111,10.137341124047033,7.710897819026539,0.06547542956668727,52.45792389040498,60.2342971389982,61.12826383314615,9.0,66.45409114471006,158.40991720725748,66.59405772705043,181.09593905797504,4.7778293526410796,2.4405698659889747,2.6280832610999223,0.735040413128035,0.06770921272775275,0.16811495355787362,j,DMNT,90,4,4,4,2.48,0.73,10.5,14.25,18.0,3.75,3.75
24.462238890108868,2.6786722047684917,1.412740513347964,6.190569865989043,43.06522634434674,6.025320801755784,3.75,6.190569865988975,72.28377395592864,9.695521028660995,7.509257862947111,10.137341124047033,6.843275044521838,0.011117641449247045,70.77786396764084,77.63225665361193,73.9265289055402,9.5,69.66592601975911,158.40991720725748,66.59405772705043,181.09593905797504,4.7778293526410796,2.4405698659889747,2.6280832610999223,0.735040413128035,0.06770921272775275,0.16811495355787362,j,DMNT,90,4,4,4,2.48,0.73,10.5,14.25,18.0,3.75,3.75
24.462238890108868,2.6786722047684917,1.412740513347964,6.190569865989043,43.06522634434674,6.025320801755784,3.75,6.190569865988975,72.28377395592864,9.695521028660995,7.509257862947111,10.137341124047033,6.06489796124679,0.0017004315052404797,69.17557607237211,75.24217446512414,77.75493165043619,10.0,81.70454772668356,158.40991720725748,66.59405772705043,181.09593905797504,4.7778293526410796,2.4405698659889747,2.6280832610999223,0.735040413128035,0.06770921272775275,0.16811495355787362,j,DMNT,90,4,4,4,2.48,0.73,10.5,14.25,18.0,3.75,3.75
24.462238890108868,2.6786722047684917,1.412740513347964,6.190569865989043,43.06522634434674,6.025320801755784,3.75,6.190569865988975,72.28377395592864,9.695521028660995,7.509257862947111,10.137341124047033,5.3684802241293,0.00023807390610511658,55.1586568205701,60.527375118605505,60.34797264292817,10.5,62.256613828253194,158.40991720725748,66.59405772705043,181.09593905797504,4.7778293526410796,2.4405698659889747,2.6280832610999223,0.735040413128035,0.06770921272775275,0.16811495355787362,j,DMNT,90,4,4,4,2.48,0.73,10.5,14.25,18.0,3.75,3.75
24.462238890108868,2.6786722047684917,1.412740513347964,6.190569865989043,43.06522634434674,6.025320801755784,3.75,6.190569865988975,72.28377395592864,9.695521028660995,7.509257862947111,10.137341124047033,4.746839570730732,3.090032407022064e-05,38.22556662169338,42.97243709274818,40.0015260788861,11.0,38.1886720424513,158.40991720725748,66.59405772705043,181.09593905797504,4.7778293526410796,2.4405698659889747,2.6280832610999223,0.735040413128035,0.06770921272775275,0.16811495355787362,j,DMNT,90,4,4,4,2.48,0.73,10.5,14.25,18.0,3.75,3.75
24.462238890108868,2.6786722047684917,1.412740513347964,6.190569865989043,43.06522634434674,6.025320801755784,3.75,6.190569865988975,72.28377395592864,9.695521028660995,7.509257862947111,10.137341124047033,4.193062851466762,3.7558215985852315e-06,23.90809817909408,28.10116478638244,28.124676237613148,11.5,23.40714478957736,158.40991720725748,66.59405772705043,181.09593905797504,4.7778293526410796,2.4405698659889747,2.6280832610999223,0.735040413128035,0.06770921272775275,0.16811495355787362,j,DMNT,90,4,4,4,2.48,0.73,10.5,14.25,18.0,3.75,3.75
24.462238890108868,2.6786722047684917,1.412740513347964,6.190569865989043,43.06522634434674,6.025320801755784,3.75,6.190569865988975,72.28377395592864,9.695521028660995,7.509257862947111,10.137341124047033,3.700608008274986,4.310274726747798e-07,13.827194614541698,17.527803053844156,18.00169756250051,12.0,20.067975655216827,158.40991720725748,66.59405772705043,181.09593905797504,4.7778293526410796,2.4405698659889747,2.6280832610999223,0.735040413128035,0.06770921272775275,0.16811495355787362,j,DMNT,90,4,4,4,2.48,0.73,10.5,14.25,18.0,3.75,3.75
24.462238890108868,2.6786722047684917,1.412740513347964,6.190569865989043,43.06522634434674,6.025320801755784,3.75,6.190569865988975,72.28377395592864,9.695521028660995,7.509257862947111,10.137341124047033,3.263361950365253,4.702188935650665e-08,7.518235941855929,10.78159793924307,10.855496561603962,12.5,14.591928942131847,158.40991720725748,66.59405772705043,181.09593905797504,4.7778293526410796,2.4405698659889747,2.6280832610999223,0.735040413128035,0.06770921272775275,0.16811495355787362,j,DMNT,90,4,4,4,2.48,0.73,10.5,14.25,18.0,3.75,3.75
24.462238890108868,2.6786722047684917,1.412740513347964,6.190569865989043,43.06522634434674,6.025320801755784,3.75,6.190569865988975,72.28377395592864,9.695521028660995,7.509257862947111,10.137341124047033,2.875667727848307,4.903851550788731e-09,3.8888285973715186,6.764496330123677,8.626660428972489,13.0,11.814375415201539,158.40991720725748,66.59405772705043,181.09593905797504,4.7778293526410796,2.4405698659889747,2.6280832610999223,0.735040413128035,0.06770921272775275,0.16811495355787362,j,DMNT,90,4,4,4,2.48,0.73,10.5,14.25,18.0,3.75,3.75
24.462238890108868,2.6786722047684917,1.412740513347964,6.190569865989043,43.06522634434674,6.025320801755784,3.75,6.190569865988975,72.28377395592864,9.695521028660995,7.509257862947111,10.137341124047033,2.5323305528067297,4.912209766367304e-10,1.9303092110329942,4.462639764330945,5.5979744290036955,13.5,5.19793044890031,158.40991720725748,66.59405772705043,181.09593905797504,4.7778293526410796,2.4405698659889747,2.6280832610999223,0.735040413128035,0.06770921272775275,0.16811495355787362,j,DMNT,90,4,4,4,2.48,0.73,10.5,14.25,18.0,3.75,3.75
24.462238890108868,2.6786722047684917,1.412740513347964,6.190569865989043,43.06522634434674,6.025320801755784,3.75,6.190569865988975,72.28377395592864,9.695521028660995,7.509257862947111,10.137341124047033,2.228609505865191,4.745366529341528e-11,0.9255771869804026,3.154186692893047,3.7808098369883094,14.0,5.722436466234222,158.40991720725748,66.59405772705043,181.09593905797504,4.7778293526410796,2.4405698659889747,2.6280832610999223,0.735040413128035,0.06770921272775275,0.16811495355787362,j,DMNT,90,4,4,4,2.48,0.73,10.5,14.25,18.0,3.75,3.75
24.462238890108868,2.6786722047684917,1.412740513347964,6.190569865989043,43.06522634434674,6.025320801755784,3.75,6.190569865988975,72.28377395592864,9.695521028660995,7.509257862947111,10.137341124047033,1.9601998350507432,4.436254711215306e-12,0.43093125521305,2.3911310902682295,1.4611896773182282,14.5,-0.08261876835707094,158.40991720725748,66.59405772705043,181.09593905797504,4.7778293526410796,2.4405698659889747,2.6280832610999223,0.735040413128035,0.06770921272775275,0.16811495355787362,j,DMNT,90,4,4,4,2.48,0.73,10.5,14.25,18.0,3.75,3.75
24.462238890108868,2.6786722047684917,1.412740513347964,6.190569865989043,43.06522634434674,6.025320801755784,3.75,6.190569865988975,72.28377395592864,9.695521028660995,7.509257862947111,10.137341124047033,1.7232093653960385,4.025435232150175e-13,0.19560577088303768,1.9188151362794788,1.5811110750674113,15.0,0.7788266986169483,158.40991720725748,66.59405772705043,181.09593905797504,4.7778293526410796,2.4405698659889747,2.6280832610999223,0.735040413128035,0.06770921272775275,0.16811495355787362,j,DMNT,90,4,4,4,2.48,0.73,10.5,14.25,18.0,3.75,3.75
24.462238890108868,2.6786722047684917,1.412740513347964,6.190569865989043,43.06522634434674,6.025320801755784,3.75,6.190569865988975,72.28377395592864,9.695521028660995,7.509257862947111,10.137341124047033,1.5141315325269151,3.554557518486471e-14,0.08684785515413862,1.6009793876810892,2.8030292841350977,15.5,3.3540244694129004,158.40991720725748,66.59405772705043,181.09593905797504,4.7778293526410796,2.4405698659889747,2.6280832610999223,0.735040413128035,0.06770921272775275,0.16811495355787362,j,DMNT,90,4,4,4,2.48,0.73,10.5,14.25,18.0,3.75,3.75
24.462238890108868,2.6786722047684917,1.412740513347964,6.190569865989043,43.06522634434674,6.025320801755784,3.75,6.190569865988975,72.28377395592864,9.695521028660995,7.509257862947111,10.137341124047033,1.3298168218738566,3.0614018099220456e-15,0.037818641820223334,1.367635463694083,1.6368626077150874,16.0,1.1881933009029626,158.40991720725748,66.59405772705043,181.09593905797504,4.7778293526410796,2.4405698659889747,2.6280832610999223,0.735040413128035,0.06770921272775275,0.16811495355787362,j,DMNT,90,4,4,4,2.48,0.73,10.5,14.25,18.0,3.75,3.75
24.462238890108868,2.6786722047684917,1.412740513347964,6.190569865989043,43.06522634434674,6.025320801755784,3.75,6.190569865988975,72.28377395592864,9.695521028660995,7.509257862947111,10.137341124047033,1.1674438609241629,2.576823091348511e-16,0.016187788188110036,1.1836316491122731,1.2071322234313144,16.5,1.7163645487187478,158.40991720725748,66.59405772705043,181.09593905797504,4.7778293526410796,2.4405698659889747,2.6280832610999223,0.735040413128035,0.06770921272775275,0.16811495355787362,j,DMNT,90,4,4,4,2.48,0.73,10.5,14.25,18.0,3.75,3.75
24.462238890108868,2.6786722047684917,1.412740513347964,6.190569865989043,43.06522634434674,6.025320801755784,3.75,6.190569865988975,72.28377395592864,9.695521028660995,7.509257862947111,10.137341124047033,1.024491021296116,2.1234674667684916e-17,0.0068235808534954845,1.0313146021496116,0.6251256722469667,17.0,1.5865355125010963,158.40991720725748,66.59405772705043,181.09593905797504,4.7778293526410796,2.4405698659889747,2.6280832610999223,0.735040413128035,0.06770921272775275,0.16811495355787362,j,DMNT,90,4,4,4,2.48,0.73,10.5,14.25,18.0,3.75,3.75
24.462238890108868,2.6786722047684917,1.412740513347964,6.190569865989043,43.06522634434674,6.025320801755784,3.75,6.190569865988975,72.28377395592864,9.695521028660995,7.509257862947111,10.137341124047033,0.898709101951246,1.715873728328047e-18,0.0028370323189147394,0.9015461342701607,0.7293708519722055,17.5,-0.3272295012601272,158.40991720725748,66.59405772705043,181.09593905797504,4.7778293526410796,2.4405698659889747,2.6280832610999223,0.735040413128035,0.06770921272775275,0.16811495355787362,j,DMNT,90,4,4,4,2.48,0.73,10.5,14.25,18.0,3.75,3.75
24.462238890108868,2.6786722047684917,1.412740513347964,6.190569865989043,43.06522634434674,6.025320801755784,3.75,6.190569865988975,72.28377395592864,9.695521028660995,7.509257862947111,10.137341124047033,0.7880954568406131,1.3614842090943393e-19,0.0011650027509338546,0.789260459591547,0.2968172692336728,18.0,-0.4463584240612226,158.40991720725748,66.59405772705043,181.09593905797504,4.7778293526410796,2.4405698659889747,2.6280832610999223,0.735040413128035,0.06770921272775275,0.16811495355787362,j,DMNT,90,4,4,4,2.48,0.73,10.5,14.25,18.0,3.75,3.75
24.462238890108868,2.6786722047684917,1.412740513347964,6.190569865989043,43.06522634434674,6.025320801755784,3.75,6.190569865988975,72.28377395592864,9.695521028660995,7.509257862947111,10.137341124047033,0.6908697795149514,1.062119337802894e-20,0.0004730449281738538,0.6913428244431253,1.3011128870785535,18.5,-0.4023835881664146,158.40991720725748,66.59405772705043,181.09593905797504,4.7778293526410796,2.4405698659889747,2.6280832610999223,0.735040413128035,0.06770921272775275,0.16811495355787362,j,DMNT,90,4,4,4,2.48,0.73,10.5,14.25,18.0,3.75,3.75
24.462238890108868,2.6786722047684917,1.412740513347964,6.190569865989043,43.06522634434674,6.025320801755784,3.75,6.190569865988975,72.28377395592864,9.695521028660995,7.509257862947111,10.137341124047033,0.6054516488977545,8.155652134297754e-22,0.00019011903692595645,0.6056417679346805,1.1602763637655575,19.0,-0.4030056937108509,158.40991720725748,66.59405772705043,181.09593905797504,4.7778293526410796,2.4405698659889747,2.6280832610999223,0.735040413128035,0.06770921272775275,0.16811495355787362,j,DMNT,90,4,4,4,2.48,0.73,10.5,14.25,18.0,3.75,3.75
24.462238890108868,2.6786722047684917,1.412740513347964,6.190569865989043,43.06522634434674,6.025320801755784,3.75,6.190569865988975,72.28377395592864,9.695521028660995,7.509257862947111,10.137341124047033,0.5304398635778077,6.17038737515044e-23,7.569653283704729e-05,0.5305155601106447,0.8647350378959533,19.5,0.5722466862021425,158.40991720725748,66.59405772705043,181.09593905797504,4.7778293526410796,2.4405698659889747,2.6280832610999223,0.735040413128035,0.06770921272775275,0.16811495355787362,j,DMNT,90,4,4,4,2.48,0.73,10.5,14.25,18.0,3.75,3.75
24.462238890108868,2.6786722047684917,1.412740513347964,6.190569865989043,43.06522634434674,6.025320801755784,3.75,6.190569865988975,72.28377395592864,9.695521028660995,7.509257862947111,10.137341124047033,0.46459353849242796,4.604013666537813e-24,2.988040016823161e-05,0.4646234188925962,0.051503787349817864,20.0,0.45375222025215023,158.40991720725748,66.59405772705043,181.09593905797504,4.7778293526410796,2.4405698659889747,2.6280832610999223,0.735040413128035,0.06770921272775275,0.16811495355787362,j,DMNT,90,4,4,4,2.48,0.73,10.5,14.25,18.0,3.75,3.75
24.462238890108868,2.6786722047684917,1.412740513347964,6.190569865989043,43.06522634434674,6.025320801755784,3.75,6.190569865988975,72.28377395592864,9.695521028660995,7.509257862947111,10.137341124047033,0.4068149016798454,3.3907574998712868e-25,1.1701742355223333e-05,0.4068266034222006,1.2591750735712284,20.5,2.4705150106010274,158.40991720725748,66.59405772705043,181.09593905797504,4.7778293526410796,2.4405698659889747,2.6280832610999223,0.735040413128035,0.06770921272775275,0.16811495355787362,j,DMNT,90,4,4,4,2.48,0.73,10.5,14.25,18.0,3.75,3.75
24.462238890108868,2.6786722047684917,1.412740513347964,6.190569865989043,43.06522634434674,6.025320801755784,3.75,6.190569865988975,72.28377395592864,9.695521028660995,7.509257862947111,10.137341124047033,0.35613370533995037,2.466755266288382e-26,4.54913401687128e-06,0.35613825447396724,0.7224968156819924,21.0,1.0844795843575963,158.40991720725748,66.59405772705043,181.09593905797504,4.7778293526410796,2.4405698659889747,2.6280832610999223,0.735040413128035,0.06770921272775275,0.16811495355787362,j,DMNT,90,4,4,4,2.48,0.73,10.5,14.25,18.0,3.75,3.75
24.462238890108868,2.6786722047684917,1.412740513347964,6.190569865989043,43.06522634434674,6.025320801755784,3.75,6.190569865988975,72.28377395592864,9.695521028660995,7.509257862947111,10.137341124047033,0.3116931513531479,1.773900614002512e-27,1.7565193862284063e-06,0.3116949078725341,1.0802532487959415,21.5,-0.8492741621658648,158.40991720725748,66.59405772705043,181.09593905797504,4.7778293526410796,2.4405698659889747,2.6280832610999223,0.735040413128035,0.06770921272775275,0.16811495355787362,j,DMNT,90,4,4,4,2.48,0.73,10.5,14.25,18.0,3.75,3.75
24.462238890108868,2.6786722047684917,1.412740513347964,6.190569865989043,43.06522634434674,6.025320801755784,3.75,6.190569865988975,72.28377395592864,9.695521028660995,7.509257862947111,10.137341124047033,0.2727372241116486,1.261785914303674e-28,6.739546562475558e-07,0.27273789806630483,1.3068164059156218,22.0,1.3369909323626645,158.40991720725748,66.59405772705043,181.09593905797504,4.7778293526410796,2.4405698659889747,2.6280832610999223,0.735040413128035,0.06770921272775275,0.16811495355787362,j,DMNT,90,4,4,4,2.48,0.73,10.5,14.25,18.0,3.75,3.75
24.462238890108868,2.6786722047684917,1.412740513347964,6.190569865989043,43.06522634434674,6.025320801755784,3.75,6.190569865988975,72.28377395592864,9.695521028660995,7.509257862947111,10.137341124047033,0.23859932109733528,8.882840628557944e-30,2.5706816560362244e-07,0.2385995781655009,0.8398375979975212,22.5,1.0544183978524493,158.40991720725748,66.59405772705043,181.09593905797504,4.7778293526410796,2.4405698659889747,2.6280832610999223,0.735040413128035,0.06770921272775275,0.16811495355787362,j,DMNT,90,4,4,4,2.48,0.73,10.5,14.25,18.0,3.75,3.75
